{
  "type": "FeatureCollection",
  "name": "drone_outlines_a_brito_rci_20260528_thermal",
  "features": [
    {
      "type": "Feature",
      "properties": {
        "id_cuartel": "c00014",
        "nom_cuartel": "3",
        "cultivo": "Limones",
        "nom_predio": "El resguardo",
        "propietario": "Alejandra Brito",
        "superficie": "4.59707",
        "predio_id": "a_brito_rci",
        "raster_key": "a_brito_rci_20260528_thermal",
        "fuente": "drone_webp_alpha"
      },
      "geometry": {
        "type": "Polygon",
        "coordinates": [
          [
            [
              -71.20555671795164,
              -32.76216181971678
            ],
            [
              -71.20555671795164,
              -32.762162808503604
            ],
            [
              -71.20555902323326,
              -32.762162808503604
            ],
            [
              -71.20555902323326,
              -32.762163797290434
            ],
            [
              -71.20556017587408,
              -32.762163797290434
            ],
            [
              -71.20556017587408,
              -32.762164786077264
            ],
            [
              -71.20556248115571,
              -32.762164786077264
            ],
            [
              -71.20556248115571,
              -32.76216577486409
            ],
            [
              -71.20556363379652,
              -32.76216577486409
            ],
            [
              -71.20556363379652,
              -32.76216676365092
            ],
            [
              -71.20556593907814,
              -32.76216676365092
            ],
            [
              -71.20556593907814,
              -32.76216775243775
            ],
            [
              -71.20556709171896,
              -32.76216775243775
            ],
            [
              -71.20556709171896,
              -32.76216874122457
            ],
            [
              -71.20556939700057,
              -32.76216874122457
            ],
            [
              -71.20556939700057,
              -32.7621697300114
            ],
            [
              -71.2055705496414,
              -32.7621697300114
            ],
            [
              -71.2055705496414,
              -32.76217071879823
            ],
            [
              -71.2055717022822,
              -32.76217071879823
            ],
            [
              -71.2055717022822,
              -32.762171707585054
            ],
            [
              -71.20557400756383,
              -32.762171707585054
            ],
            [
              -71.20557400756383,
              -32.762172696371884
            ],
            [
              -71.20557516020465,
              -32.762172696371884
            ],
            [
              -71.20557516020465,
              -32.762173685158714
            ],
            [
              -71.20557746548627,
              -32.762173685158714
            ],
            [
              -71.20557746548627,
              -32.762174673945545
            ],
            [
              -71.20557861812708,
              -32.762174673945545
            ],
            [
              -71.20557861812708,
              -32.76217566273237
            ],
            [
              -71.2055809234087,
              -32.76217566273237
            ],
            [
              -71.2055809234087,
              -32.7621766515192
            ],
            [
              -71.20558207604951,
              -32.7621766515192
            ],
            [
              -71.20558207604951,
              -32.76217764030603
            ],
            [
              -71.20558438133114,
              -32.76217764030603
            ],
            [
              -71.20558438133114,
              -32.76217862909285
            ],
            [
              -71.20558553397196,
              -32.76217862909285
            ],
            [
              -71.20558553397196,
              -32.76217961787968
            ],
            [
              -71.20558783925358,
              -32.76217961787968
            ],
            [
              -71.20558783925358,
              -32.76218060666651
            ],
            [
              -71.20558899189439,
              -32.76218060666651
            ],
            [
              -71.20558899189439,
              -32.762181595453335
            ],
            [
              -71.20559129717601,
              -32.762181595453335
            ],
            [
              -71.20559129717601,
              -32.762182584240165
            ],
            [
              -71.20559244981683,
              -32.762182584240165
            ],
            [
              -71.20559244981683,
              -32.762183573026995
            ],
            [
              -71.20559360245764,
              -32.762183573026995
            ],
            [
              -71.20559360245764,
              -32.76218456181382
            ],
            [
              -71.20559590773927,
              -32.76218456181382
            ],
            [
              -71.20559590773927,
              -32.76218555060065
            ],
            [
              -71.20559706038007,
              -32.76218555060065
            ],
            [
              -71.20559706038007,
              -32.76218653938748
            ],
            [
              -71.2055993656617,
              -32.76218653938748
            ],
            [
              -71.2055993656617,
              -32.7621875281743
            ],
            [
              -71.20560051830252,
              -32.7621875281743
            ],
            [
              -71.20560051830252,
              -32.76218851696113
            ],
            [
              -71.20560282358414,
              -32.76218851696113
            ],
            [
              -71.20560282358414,
              -32.76218950574796
            ],
            [
              -71.20560397622495,
              -32.76218950574796
            ],
            [
              -71.20560397622495,
              -32.76219049453479
            ],
            [
              -71.20560628150658,
              -32.76219049453479
            ],
            [
              -71.20560628150658,
              -32.762191483321615
            ],
            [
              -71.20560743414738,
              -32.762191483321615
            ],
            [
              -71.20560743414738,
              -32.762192472108445
            ],
            [
              -71.20560973942901,
              -32.762192472108445
            ],
            [
              -71.20560973942901,
              -32.762193460895276
            ],
            [
              -71.20561089206983,
              -32.762193460895276
            ],
            [
              -71.20561089206983,
              -32.7621944496821
            ],
            [
              -71.20561204471063,
              -32.7621944496821
            ],
            [
              -71.20561204471063,
              -32.76219543846893
            ],
            [
              -71.20561434999226,
              -32.76219543846893
            ],
            [
              -71.20561434999226,
              -32.76219642725576
            ],
            [
              -71.20561550263308,
              -32.76219642725576
            ],
            [
              -71.20561550263308,
              -32.76219741604258
            ],
            [
              -71.20561780791469,
              -32.76219741604258
            ],
            [
              -71.20561780791469,
              -32.76219840482941
            ],
            [
              -71.20561896055551,
              -32.76219840482941
            ],
            [
              -71.20561896055551,
              -32.76219939361624
            ],
            [
              -71.20562126583714,
              -32.76219939361624
            ],
            [
              -71.20562126583714,
              -32.762200382403066
            ],
            [
              -71.20562241847794,
              -32.762200382403066
            ],
            [
              -71.20562241847794,
              -32.762201371189896
            ],
            [
              -71.20562472375957,
              -32.762201371189896
            ],
            [
              -71.20562472375957,
              -32.762202359976726
            ],
            [
              -71.20562587640039,
              -32.762202359976726
            ],
            [
              -71.20562587640039,
              -32.76220334876355
            ],
            [
              -71.20562818168202,
              -32.76220334876355
            ],
            [
              -71.20562818168202,
              -32.76220433755038
            ],
            [
              -71.20562933432282,
              -32.76220433755038
            ],
            [
              -71.20562933432282,
              -32.76220532633721
            ],
            [
              -71.20563048696363,
              -32.76220532633721
            ],
            [
              -71.20563048696363,
              -32.76220631512404
            ],
            [
              -71.20563279224525,
              -32.76220631512404
            ],
            [
              -71.20563279224525,
              -32.76220730391086
            ],
            [
              -71.20563394488607,
              -32.76220730391086
            ],
            [
              -71.20563394488607,
              -32.76220829269769
            ],
            [
              -71.2056362501677,
              -32.76220829269769
            ],
            [
              -71.2056362501677,
              -32.76220928148452
            ],
            [
              -71.2056374028085,
              -32.76220928148452
            ],
            [
              -71.2056374028085,
              -32.762210270271346
            ],
            [
              -71.20563970809013,
              -32.762210270271346
            ],
            [
              -71.20563970809013,
              -32.762211259058176
            ],
            [
              -71.20564086073095,
              -32.762211259058176
            ],
            [
              -71.20564086073095,
              -32.76221224784501
            ],
            [
              -71.20564316601256,
              -32.76221224784501
            ],
            [
              -71.20564316601256,
              -32.76221323663183
            ],
            [
              -71.20564431865338,
              -32.76221323663183
            ],
            [
              -71.20564431865338,
              -32.76221422541866
            ],
            [
              -71.20564662393501,
              -32.76221422541866
            ],
            [
              -71.20564662393501,
              -32.76221521420549
            ],
            [
              -71.20564777657582,
              -32.76221521420549
            ],
            [
              -71.20564777657582,
              -32.76221620299231
            ],
            [
              -71.20564892921664,
              -32.76221620299231
            ],
            [
              -71.20564892921664,
              -32.76221719177914
            ],
            [
              -71.20565123449826,
              -32.76221719177914
            ],
            [
              -71.20565123449826,
              -32.762218180565974
            ],
            [
              -71.20565238713907,
              -32.762218180565974
            ],
            [
              -71.20565238713907,
              -32.7622191693528
            ],
            [
              -71.2056546924207,
              -32.7622191693528
            ],
            [
              -71.2056546924207,
              -32.76222015813963
            ],
            [
              -71.2056558450615,
              -32.76222015813963
            ],
            [
              -71.2056558450615,
              -32.76222114692646
            ],
            [
              -71.20565815034313,
              -32.76222114692646
            ],
            [
              -71.20565815034313,
              -32.76222213571329
            ],
            [
              -71.20565930298395,
              -32.76222213571329
            ],
            [
              -71.20565930298395,
              -32.76222312450011
            ],
            [
              -71.20566160826557,
              -32.76222312450011
            ],
            [
              -71.20566160826557,
              -32.76222411328694
            ],
            [
              -71.20566276090638,
              -32.76222411328694
            ],
            [
              -71.20566276090638,
              -32.76222510207377
            ],
            [
              -71.205665066188,
              -32.76222510207377
            ],
            [
              -71.205665066188,
              -32.762226090860594
            ],
            [
              -71.20566621882881,
              -32.762226090860594
            ],
            [
              -71.20566621882881,
              -32.762227079647424
            ],
            [
              -71.20566737146963,
              -32.762227079647424
            ],
            [
              -71.20566737146963,
              -32.762228068434254
            ],
            [
              -71.20566967675126,
              -32.762228068434254
            ],
            [
              -71.20566967675126,
              -32.76222905722108
            ],
            [
              -71.20567082939206,
              -32.76222905722108
            ],
            [
              -71.20567082939206,
              -32.76223004600791
            ],
            [
              -71.20567313467369,
              -32.76223004600791
            ],
            [
              -71.20567313467369,
              -32.76223103479474
            ],
            [
              -71.20567428731451,
              -32.76223103479474
            ],
            [
              -71.20567428731451,
              -32.76223202358156
            ],
            [
              -71.20567659259613,
              -32.76223202358156
            ],
            [
              -71.20567659259613,
              -32.76223301236839
            ],
            [
              -71.20567774523694,
              -32.76223301236839
            ],
            [
              -71.20567774523694,
              -32.76223400115522
            ],
            [
              -71.20568005051857,
              -32.76223400115522
            ],
            [
              -71.20568005051857,
              -32.762234989942044
            ],
            [
              -71.20568120315937,
              -32.762234989942044
            ],
            [
              -71.20568120315937,
              -32.762235978728874
            ],
            [
              -71.205683508441,
              -32.762235978728874
            ],
            [
              -71.205683508441,
              -32.762236967515705
            ],
            [
              -71.20568466108182,
              -32.762236967515705
            ],
            [
              -71.20568466108182,
              -32.762237956302535
            ],
            [
              -71.20568581372262,
              -32.762237956302535
            ],
            [
              -71.20568581372262,
              -32.76223894508936
            ],
            [
              -71.20568811900425,
              -32.76223894508936
            ],
            [
              -71.20568811900425,
              -32.76223993387619
            ],
            [
              -71.20568927164507,
              -32.76223993387619
            ],
            [
              -71.20568927164507,
              -32.76224092266302
            ],
            [
              -71.20569157692668,
              -32.76224092266302
            ],
            [
              -71.20569157692668,
              -32.76224191144984
            ],
            [
              -71.2056927295675,
              -32.76224191144984
            ],
            [
              -71.2056927295675,
              -32.76224290023667
            ],
            [
              -71.20569503484913,
              -32.76224290023667
            ],
            [
              -71.20569503484913,
              -32.7622438890235
            ],
            [
              -71.20569618748993,
              -32.7622438890235
            ],
            [
              -71.20569618748993,
              -32.762244877810325
            ],
            [
              -71.20569849277156,
              -32.762244877810325
            ],
            [
              -71.20569849277156,
              -32.762245866597155
            ],
            [
              -71.20569964541238,
              -32.762245866597155
            ],
            [
              -71.20569964541238,
              -32.762246855383985
            ],
            [
              -71.205701950694,
              -32.762246855383985
            ],
            [
              -71.205701950694,
              -32.76224784417081
            ],
            [
              -71.20570310333481,
              -32.76224784417081
            ],
            [
              -71.20570310333481,
              -32.76224883295764
            ],
            [
              -71.20570425597562,
              -32.76224883295764
            ],
            [
              -71.20570425597562,
              -32.76224982174447
            ],
            [
              -71.20570656125724,
              -32.76224982174447
            ],
            [
              -71.20570656125724,
              -32.76225081053129
            ],
            [
              -71.20570771389806,
              -32.76225081053129
            ],
            [
              -71.20570771389806,
              -32.76225179931812
            ],
            [
              -71.20571001917969,
              -32.76225179931812
            ],
            [
              -71.20571001917969,
              -32.76225278810495
            ],
            [
              -71.2057111718205,
              -32.76225278810495
            ],
            [
              -71.2057111718205,
              -32.76225377689178
            ],
            [
              -71.20571347710212,
              -32.76225377689178
            ],
            [
              -71.20571347710212,
              -32.762254765678605
            ],
            [
              -71.20571462974293,
              -32.762254765678605
            ],
            [
              -71.20571462974293,
              -32.762255754465436
            ],
            [
              -71.20571693502455,
              -32.762255754465436
            ],
            [
              -71.20571693502455,
              -32.762256743252266
            ],
            [
              -71.20571808766537,
              -32.762256743252266
            ],
            [
              -71.20571808766537,
              -32.76225773203909
            ],
            [
              -71.205720392947,
              -32.76225773203909
            ],
            [
              -71.205720392947,
              -32.76225872082592
            ],
            [
              -71.2057215455878,
              -32.76225872082592
            ],
            [
              -71.2057215455878,
              -32.76225970961275
            ],
            [
              -71.20572269822863,
              -32.76225970961275
            ],
            [
              -71.20572269822863,
              -32.76226069839957
            ],
            [
              -71.20572500351025,
              -32.76226069839957
            ],
            [
              -71.20572500351025,
              -32.7622616871864
            ],
            [
              -71.20572615615106,
              -32.7622616871864
            ],
            [
              -71.20572615615106,
              -32.76226267597323
            ],
            [
              -71.20572846143268,
              -32.76226267597323
            ],
            [
              -71.20572846143268,
              -32.762263664760056
            ],
            [
              -71.20572961407349,
              -32.762263664760056
            ],
            [
              -71.20572961407349,
              -32.762264653546886
            ],
            [
              -71.20573191935512,
              -32.762264653546886
            ],
            [
              -71.20573191935512,
              -32.762265642333716
            ],
            [
              -71.20573307199594,
              -32.762265642333716
            ],
            [
              -71.20573307199594,
              -32.76226663112054
            ],
            [
              -71.20573537727756,
              -32.76226663112054
            ],
            [
              -71.20573537727756,
              -32.76226761990737
            ],
            [
              -71.20573652991837,
              -32.76226761990737
            ],
            [
              -71.20573652991837,
              -32.7622686086942
            ],
            [
              -71.2057388352,
              -32.7622686086942
            ],
            [
              -71.2057388352,
              -32.76226959748103
            ],
            [
              -71.2057399878408,
              -32.76226959748103
            ],
            [
              -71.2057399878408,
              -32.76227058626785
            ],
            [
              -71.20574114048162,
              -32.76227058626785
            ],
            [
              -71.20574114048162,
              -32.76227157505468
            ],
            [
              -71.20574344576325,
              -32.76227157505468
            ],
            [
              -71.20574344576325,
              -32.76227256384151
            ],
            [
              -71.20574459840405,
              -32.76227256384151
            ],
            [
              -71.20574459840405,
              -32.762273552628336
            ],
            [
              -71.20574690368568,
              -32.762273552628336
            ],
            [
              -71.20574690368568,
              -32.76227454141517
            ],
            [
              -71.2057480563265,
              -32.76227454141517
            ],
            [
              -71.2057480563265,
              -32.762275530202
            ],
            [
              -71.20575036160812,
              -32.762275530202
            ],
            [
              -71.20575036160812,
              -32.76227651898882
            ],
            [
              -71.20575151424893,
              -32.76227651898882
            ],
            [
              -71.20575151424893,
              -32.76227750777565
            ],
            [
              -71.20575381953056,
              -32.76227750777565
            ],
            [
              -71.20575381953056,
              -32.76227849656248
            ],
            [
              -71.20575497217136,
              -32.76227849656248
            ],
            [
              -71.20575497217136,
              -32.7622794853493
            ],
            [
              -71.20575727745299,
              -32.7622794853493
            ],
            [
              -71.20575727745299,
              -32.76228047413613
            ],
            [
              -71.20575843009381,
              -32.76228047413613
            ],
            [
              -71.20575843009381,
              -32.762281462922964
            ],
            [
              -71.20575958273461,
              -32.762281462922964
            ],
            [
              -71.20575958273461,
              -32.76228245170979
            ],
            [
              -71.20576188801624,
              -32.76228245170979
            ],
            [
              -71.20576188801624,
              -32.76228344049662
            ],
            [
              -71.20576304065705,
              -32.76228344049662
            ],
            [
              -71.20576304065705,
              -32.76228442928345
            ],
            [
              -71.20576534593867,
              -32.76228442928345
            ],
            [
              -71.20576534593867,
              -32.76228541807028
            ],
            [
              -71.2057664985795,
              -32.76228541807028
            ],
            [
              -71.2057664985795,
              -32.7622864068571
            ],
            [
              -71.20576880386112,
              -32.7622864068571
            ],
            [
              -71.20576880386112,
              -32.76228739564393
            ],
            [
              -71.20576995650192,
              -32.76228739564393
            ],
            [
              -71.20576995650192,
              -32.76228838443076
            ],
            [
              -71.20577226178355,
              -32.76228838443076
            ],
            [
              -71.20577226178355,
              -32.762289373217584
            ],
            [
              -71.20577341442437,
              -32.762289373217584
            ],
            [
              -71.20577341442437,
              -32.762290362004414
            ],
            [
              -71.20577571970598,
              -32.762290362004414
            ],
            [
              -71.20577571970598,
              -32.762291350791244
            ],
            [
              -71.2057768723468,
              -32.762291350791244
            ],
            [
              -71.2057768723468,
              -32.76229233957807
            ],
            [
              -71.20577802498761,
              -32.76229233957807
            ],
            [
              -71.20577802498761,
              -32.7622933283649
            ],
            [
              -71.20578033026923,
              -32.7622933283649
            ],
            [
              -71.20578033026923,
              -32.76229431715173
            ],
            [
              -71.20578148291006,
              -32.76229431715173
            ],
            [
              -71.20578148291006,
              -32.76229530593855
            ],
            [
              -71.20578378819168,
              -32.76229530593855
            ],
            [
              -71.20578378819168,
              -32.76229629472538
            ],
            [
              -71.20578494083249,
              -32.76229629472538
            ],
            [
              -71.20578494083249,
              -32.76229728351221
            ],
            [
              -71.20578724611411,
              -32.76229728351221
            ],
            [
              -71.20578724611411,
              -32.762298272299034
            ],
            [
              -71.20578839875492,
              -32.762298272299034
            ],
            [
              -71.20578839875492,
              -32.762299261085865
            ],
            [
              -71.20579070403654,
              -32.762299261085865
            ],
            [
              -71.20579070403654,
              -32.762300249872695
            ],
            [
              -71.20579185667737,
              -32.762300249872695
            ],
            [
              -71.20579185667737,
              -32.762301238659525
            ],
            [
              -71.20579416195899,
              -32.762301238659525
            ],
            [
              -71.20579416195899,
              -32.76230222744635
            ],
            [
              -71.2057953145998,
              -32.76230222744635
            ],
            [
              -71.2057953145998,
              -32.76230321623318
            ],
            [
              -71.20579646724062,
              -32.76230321623318
            ],
            [
              -71.20579646724062,
              -32.76230420502001
            ],
            [
              -71.20579877252224,
              -32.76230420502001
            ],
            [
              -71.20579877252224,
              -32.76230519380683
            ],
            [
              -71.20579992516305,
              -32.76230519380683
            ],
            [
              -71.20579992516305,
              -32.76230618259366
            ],
            [
              -71.20580223044468,
              -32.76230618259366
            ],
            [
              -71.20580223044468,
              -32.76230717138049
            ],
            [
              -71.20580338308548,
              -32.76230717138049
            ],
            [
              -71.20580338308548,
              -32.762308160167315
            ],
            [
              -71.20580568836711,
              -32.762308160167315
            ],
            [
              -71.20580568836711,
              -32.762309148954145
            ],
            [
              -71.20580684100793,
              -32.762309148954145
            ],
            [
              -71.20580684100793,
              -32.762310137740975
            ],
            [
              -71.20580914628955,
              -32.762310137740975
            ],
            [
              -71.20580914628955,
              -32.7623111265278
            ],
            [
              -71.20581029893036,
              -32.7623111265278
            ],
            [
              -71.20581029893036,
              -32.76231211531463
            ],
            [
              -71.20581260421199,
              -32.76231211531463
            ],
            [
              -71.20581260421199,
              -32.76231310410146
            ],
            [
              -71.20581375685279,
              -32.76231310410146
            ],
            [
              -71.20581375685279,
              -32.76231409288828
            ],
            [
              -71.20581490949361,
              -32.76231409288828
            ],
            [
              -71.20581490949361,
              -32.76231508167511
            ],
            [
              -71.20581721477524,
              -32.76231508167511
            ],
            [
              -71.20581721477524,
              -32.76231607046194
            ],
            [
              -71.20581836741604,
              -32.76231607046194
            ],
            [
              -71.20581836741604,
              -32.76231705924877
            ],
            [
              -71.20582067269767,
              -32.76231705924877
            ],
            [
              -71.20582067269767,
              -32.762318048035596
            ],
            [
              -71.20582182533849,
              -32.762318048035596
            ],
            [
              -71.20582182533849,
              -32.762319036822426
            ],
            [
              -71.2058241306201,
              -32.762319036822426
            ],
            [
              -71.2058241306201,
              -32.762320025609256
            ],
            [
              -71.20582528326092,
              -32.762320025609256
            ],
            [
              -71.20582528326092,
              -32.76232101439608
            ],
            [
              -71.20582758854255,
              -32.76232101439608
            ],
            [
              -71.20582758854255,
              -32.76232200318291
            ],
            [
              -71.20582874118335,
              -32.76232200318291
            ],
            [
              -71.20582874118335,
              -32.76232299196974
            ],
            [
              -71.20583104646498,
              -32.76232299196974
            ],
            [
              -71.20583104646498,
              -32.76232398075656
            ],
            [
              -71.2058321991058,
              -32.76232398075656
            ],
            [
              -71.2058321991058,
              -32.76232496954339
            ],
            [
              -71.2058333517466,
              -32.76232496954339
            ],
            [
              -71.2058333517466,
              -32.76232595833022
            ],
            [
              -71.20583565702823,
              -32.76232595833022
            ],
            [
              -71.20583565702823,
              -32.762326947117046
            ],
            [
              -71.20583680966904,
              -32.762326947117046
            ],
            [
              -71.20583680966904,
              -32.762327935903876
            ],
            [
              -71.20583911495066,
              -32.762327935903876
            ],
            [
              -71.20583911495066,
              -32.762328924690706
            ],
            [
              -71.20584026759148,
              -32.762328924690706
            ],
            [
              -71.20584026759148,
              -32.76232991347753
            ],
            [
              -71.20584257287311,
              -32.76232991347753
            ],
            [
              -71.20584257287311,
              -32.76233090226436
            ],
            [
              -71.20584372551392,
              -32.76233090226436
            ],
            [
              -71.20584372551392,
              -32.76233189105119
            ],
            [
              -71.20584603079554,
              -32.76233189105119
            ],
            [
              -71.20584603079554,
              -32.76233287983802
            ],
            [
              -71.20584718343636,
              -32.76233287983802
            ],
            [
              -71.20584718343636,
              -32.76233386862484
            ],
            [
              -71.20584948871797,
              -32.76233386862484
            ],
            [
              -71.20584948871797,
              -32.76233485741167
            ],
            [
              -71.2058506413588,
              -32.76233485741167
            ],
            [
              -71.2058506413588,
              -32.7623358461985
            ],
            [
              -71.2058517939996,
              -32.7623358461985
            ],
            [
              -71.2058517939996,
              -32.76233683498533
            ],
            [
              -71.20585409928123,
              -32.76233683498533
            ],
            [
              -71.20585409928123,
              -32.76233782377216
            ],
            [
              -71.20585525192205,
              -32.76233782377216
            ],
            [
              -71.20585525192205,
              -32.76233881255899
            ],
            [
              -71.20585755720367,
              -32.76233881255899
            ],
            [
              -71.20585755720367,
              -32.76233980134581
            ],
            [
              -71.20585870984448,
              -32.76233980134581
            ],
            [
              -71.20585870984448,
              -32.76234079013264
            ],
            [
              -71.2058610151261,
              -32.76234079013264
            ],
            [
              -71.2058610151261,
              -32.76234177891947
            ],
            [
              -71.20586216776691,
              -32.76234177891947
            ],
            [
              -71.20586216776691,
              -32.76234276770629
            ],
            [
              -71.20586447304854,
              -32.76234276770629
            ],
            [
              -71.20586447304854,
              -32.762343756493124
            ],
            [
              -71.20586562568936,
              -32.762343756493124
            ],
            [
              -71.20586562568936,
              -32.762344745279954
            ],
            [
              -71.20586793097098,
              -32.762344745279954
            ],
            [
              -71.20586793097098,
              -32.76234573406678
            ],
            [
              -71.20586908361179,
              -32.76234573406678
            ],
            [
              -71.20586908361179,
              -32.76234672285361
            ],
            [
              -71.20587023625261,
              -32.76234672285361
            ],
            [
              -71.20587023625261,
              -32.76234771164044
            ],
            [
              -71.20587254153422,
              -32.76234771164044
            ],
            [
              -71.20587254153422,
              -32.76234870042727
            ],
            [
              -71.20587369417504,
              -32.76234870042727
            ],
            [
              -71.20587369417504,
              -32.76234968921409
            ],
            [
              -71.20587599945667,
              -32.76234968921409
            ],
            [
              -71.20587599945667,
              -32.76235067800092
            ],
            [
              -71.20587715209747,
              -32.76235067800092
            ],
            [
              -71.20587715209747,
              -32.76235166678775
            ],
            [
              -71.2058794573791,
              -32.76235166678775
            ],
            [
              -71.2058794573791,
              -32.762352655574574
            ],
            [
              -71.20588061001992,
              -32.762352655574574
            ],
            [
              -71.20588061001992,
              -32.762353644361404
            ],
            [
              -71.20588291530154,
              -32.762353644361404
            ],
            [
              -71.20588291530154,
              -32.762354633148234
            ],
            [
              -71.20588406794235,
              -32.762354633148234
            ],
            [
              -71.20588406794235,
              -32.76235562193506
            ],
            [
              -71.20588637322398,
              -32.76235562193506
            ],
            [
              -71.20588637322398,
              -32.76235661072189
            ],
            [
              -71.20588752586478,
              -32.76235661072189
            ],
            [
              -71.20588752586478,
              -32.76235759950872
            ],
            [
              -71.2058886785056,
              -32.76235759950872
            ],
            [
              -71.2058886785056,
              -32.76235858829554
            ],
            [
              -71.20589098378723,
              -32.76235858829554
            ],
            [
              -71.20589098378723,
              -32.76235957708237
            ],
            [
              -71.20589213642803,
              -32.76235957708237
            ],
            [
              -71.20589213642803,
              -32.7623605658692
            ],
            [
              -71.20589444170966,
              -32.7623605658692
            ],
            [
              -71.20589444170966,
              -32.762361554656025
            ],
            [
              -71.20589559435048,
              -32.762361554656025
            ],
            [
              -71.20589559435048,
              -32.762362543442855
            ],
            [
              -71.20589789963209,
              -32.762362543442855
            ],
            [
              -71.20589789963209,
              -32.762363532229685
            ],
            [
              -71.20589905227291,
              -32.762363532229685
            ],
            [
              -71.20589905227291,
              -32.762364521016515
            ],
            [
              -71.20590135755454,
              -32.762364521016515
            ],
            [
              -71.20590135755454,
              -32.76236550980334
            ],
            [
              -71.20590251019534,
              -32.76236550980334
            ],
            [
              -71.20590251019534,
              -32.76236649859017
            ],
            [
              -71.20590481547697,
              -32.76236649859017
            ],
            [
              -71.20590481547697,
              -32.762367487377
            ],
            [
              -71.20590596811779,
              -32.762367487377
            ],
            [
              -71.20590596811779,
              -32.76236847616382
            ],
            [
              -71.2059071207586,
              -32.76236847616382
            ],
            [
              -71.2059071207586,
              -32.76236946495065
            ],
            [
              -71.20590942604022,
              -32.76236946495065
            ],
            [
              -71.20590942604022,
              -32.76237045373748
            ],
            [
              -71.20591057868103,
              -32.76237045373748
            ],
            [
              -71.20591057868103,
              -32.762371442524305
            ],
            [
              -71.20591288396265,
              -32.762371442524305
            ],
            [
              -71.20591288396265,
              -32.762372431311135
            ],
            [
              -71.20591403660347,
              -32.762372431311135
            ],
            [
              -71.20591403660347,
              -32.762373420097965
            ],
            [
              -71.2059163418851,
              -32.762373420097965
            ],
            [
              -71.2059163418851,
              -32.76237440888479
            ],
            [
              -71.2059174945259,
              -32.76237440888479
            ],
            [
              -71.2059174945259,
              -32.76237539767162
            ],
            [
              -71.20591979980753,
              -32.76237539767162
            ],
            [
              -71.20591979980753,
              -32.76237638645845
            ],
            [
              -71.20592095244835,
              -32.76237638645845
            ],
            [
              -71.20592095244835,
              -32.76237737524527
            ],
            [
              -71.20592325772996,
              -32.76237737524527
            ],
            [
              -71.20592325772996,
              -32.7623783640321
            ],
            [
              -71.20592441037078,
              -32.7623783640321
            ],
            [
              -71.20592441037078,
              -32.76237935281893
            ],
            [
              -71.20592556301159,
              -32.76237935281893
            ],
            [
              -71.20592556301159,
              -32.76238034160576
            ],
            [
              -71.20592786829322,
              -32.76238034160576
            ],
            [
              -71.20592786829322,
              -32.762381330392586
            ],
            [
              -71.20592902093404,
              -32.762381330392586
            ],
            [
              -71.20592902093404,
              -32.762382319179416
            ],
            [
              -71.20593132621566,
              -32.762382319179416
            ],
            [
              -71.20593132621566,
              -32.762383307966246
            ],
            [
              -71.20593247885647,
              -32.762383307966246
            ],
            [
              -71.20593247885647,
              -32.76238429675307
            ],
            [
              -71.2059347841381,
              -32.76238429675307
            ],
            [
              -71.2059347841381,
              -32.7623852855399
            ],
            [
              -71.2059359367789,
              -32.7623852855399
            ],
            [
              -71.2059359367789,
              -32.76238627432673
            ],
            [
              -71.20593824206053,
              -32.76238627432673
            ],
            [
              -71.20593824206053,
              -32.76238726311355
            ],
            [
              -71.20593939470135,
              -32.76238726311355
            ],
            [
              -71.20593939470135,
              -32.76238825190038
            ],
            [
              -71.20594169998297,
              -32.76238825190038
            ],
            [
              -71.20594169998297,
              -32.76238924068721
            ],
            [
              -71.20594285262378,
              -32.76238924068721
            ],
            [
              -71.20594285262378,
              -32.762390229474036
            ],
            [
              -71.2059440052646,
              -32.762390229474036
            ],
            [
              -71.2059440052646,
              -32.762391218260866
            ],
            [
              -71.20594631054621,
              -32.762391218260866
            ],
            [
              -71.20594631054621,
              -32.7623922070477
            ],
            [
              -71.20594746318703,
              -32.7623922070477
            ],
            [
              -71.20594746318703,
              -32.76239319583452
            ],
            [
              -71.20594976846866,
              -32.76239319583452
            ],
            [
              -71.20594976846866,
              -32.76239418462135
            ],
            [
              -71.20595092110946,
              -32.76239418462135
            ],
            [
              -71.20595092110946,
              -32.76239517340818
            ],
            [
              -71.20595322639109,
              -32.76239517340818
            ],
            [
              -71.20595322639109,
              -32.76239616219501
            ],
            [
              -71.20595437903191,
              -32.76239616219501
            ],
            [
              -71.20595437903191,
              -32.76239715098183
            ],
            [
              -71.20595668431353,
              -32.76239715098183
            ],
            [
              -71.20595668431353,
              -32.76239813976866
            ],
            [
              -71.20595783695434,
              -32.76239813976866
            ],
            [
              -71.20595783695434,
              -32.762399128555494
            ],
            [
              -71.20596014223597,
              -32.762399128555494
            ],
            [
              -71.20596014223597,
              -32.76240011734232
            ],
            [
              -71.20596129487677,
              -32.76240011734232
            ],
            [
              -71.20596129487677,
              -32.76240110612915
            ],
            [
              -71.20596244751759,
              -32.76240110612915
            ],
            [
              -71.20596244751759,
              -32.76240209491598
            ],
            [
              -71.20596475279922,
              -32.76240209491598
            ],
            [
              -71.20596475279922,
              -32.7624030837028
            ],
            [
              -71.20596590544002,
              -32.7624030837028
            ],
            [
              -71.20596590544002,
              -32.76240407248963
            ],
            [
              -71.20596821072165,
              -32.76240407248963
            ],
            [
              -71.20596821072165,
              -32.76240506127646
            ],
            [
              -71.20596936336247,
              -32.76240506127646
            ],
            [
              -71.20596936336247,
              -32.762406050063284
            ],
            [
              -71.20597166864408,
              -32.762406050063284
            ],
            [
              -71.20597166864408,
              -32.762407038850114
            ],
            [
              -71.2059728212849,
              -32.762407038850114
            ],
            [
              -71.2059728212849,
              -32.762408027636944
            ],
            [
              -71.20597512656653,
              -32.762408027636944
            ],
            [
              -71.20597512656653,
              -32.76240901642377
            ],
            [
              -71.20597627920733,
              -32.76240901642377
            ],
            [
              -71.20597627920733,
              -32.7624100052106
            ],
            [
              -71.20597858448896,
              -32.7624100052106
            ],
            [
              -71.20597858448896,
              -32.76241099399743
            ],
            [
              -71.20597973712978,
              -32.76241099399743
            ],
            [
              -71.20597973712978,
              -32.76241198278426
            ],
            [
              -71.20598088977059,
              -32.76241198278426
            ],
            [
              -71.20598088977059,
              -32.76241297157108
            ],
            [
              -71.20598319505221,
              -32.76241297157108
            ],
            [
              -71.20598319505221,
              -32.76241396035791
            ],
            [
              -71.20598434769302,
              -32.76241396035791
            ],
            [
              -71.20598434769302,
              -32.76241494914474
            ],
            [
              -71.20598665297464,
              -32.76241494914474
            ],
            [
              -71.20598665297464,
              -32.762415937931564
            ],
            [
              -71.20598780561546,
              -32.762415937931564
            ],
            [
              -71.20598780561546,
              -32.762416926718394
            ],
            [
              -71.20599011089709,
              -32.762416926718394
            ],
            [
              -71.20599011089709,
              -32.762417915505225
            ],
            [
              -71.2059912635379,
              -32.762417915505225
            ],
            [
              -71.2059912635379,
              -32.76241890429205
            ],
            [
              -71.20599356881952,
              -32.76241890429205
            ],
            [
              -71.20599356881952,
              -32.76241989307888
            ],
            [
              -71.20599472146033,
              -32.76241989307888
            ],
            [
              -71.20599472146033,
              -32.76242088186571
            ],
            [
              -71.20599702674195,
              -32.76242088186571
            ],
            [
              -71.20599702674195,
              -32.76242187065253
            ],
            [
              -71.20599817938277,
              -32.76242187065253
            ],
            [
              -71.20599817938277,
              -32.76242285943936
            ],
            [
              -71.20599933202358,
              -32.76242285943936
            ],
            [
              -71.20599933202358,
              -32.76242384822619
            ],
            [
              -71.2060016373052,
              -32.76242384822619
            ],
            [
              -71.2060016373052,
              -32.762424837013015
            ],
            [
              -71.20600278994603,
              -32.762424837013015
            ],
            [
              -71.20600278994603,
              -32.762425825799845
            ],
            [
              -71.20600509522765,
              -32.762425825799845
            ],
            [
              -71.20600509522765,
              -32.762426814586675
            ],
            [
              -71.20600624786846,
              -32.762426814586675
            ],
            [
              -71.20600624786846,
              -32.762427803373505
            ],
            [
              -71.20600855315008,
              -32.762427803373505
            ],
            [
              -71.20600855315008,
              -32.76242879216033
            ],
            [
              -71.20600970579089,
              -32.76242879216033
            ],
            [
              -71.20600970579089,
              -32.76242978094716
            ],
            [
              -71.20601201107252,
              -32.76242978094716
            ],
            [
              -71.20601201107252,
              -32.76243076973399
            ],
            [
              -71.20601316371334,
              -32.76243076973399
            ],
            [
              -71.20601316371334,
              -32.76243175852081
            ],
            [
              -71.20601546899496,
              -32.76243175852081
            ],
            [
              -71.20601546899496,
              -32.76243274730764
            ],
            [
              -71.20601662163577,
              -32.76243274730764
            ],
            [
              -71.20601662163577,
              -32.76243373609447
            ],
            [
              -71.20601777427659,
              -32.76243373609447
            ],
            [
              -71.20601777427659,
              -32.762434724881295
            ],
            [
              -71.2060200795582,
              -32.762434724881295
            ],
            [
              -71.2060200795582,
              -32.762435713668125
            ],
            [
              -71.20602123219902,
              -32.762435713668125
            ],
            [
              -71.20602123219902,
              -32.762436702454956
            ],
            [
              -71.20602353748065,
              -32.762436702454956
            ],
            [
              -71.20602353748065,
              -32.76243769124178
            ],
            [
              -71.20602469012145,
              -32.76243769124178
            ],
            [
              -71.20602469012145,
              -32.76243868002861
            ],
            [
              -71.20602699540308,
              -32.76243868002861
            ],
            [
              -71.20602699540308,
              -32.76243966881544
            ],
            [
              -71.2060281480439,
              -32.76243966881544
            ],
            [
              -71.2060281480439,
              -32.76244065760226
            ],
            [
              -71.20603045332551,
              -32.76244065760226
            ],
            [
              -71.20603045332551,
              -32.76244164638909
            ],
            [
              -71.20603160596633,
              -32.76244164638909
            ],
            [
              -71.20603160596633,
              -32.76244263517592
            ],
            [
              -71.20603391124796,
              -32.76244263517592
            ],
            [
              -71.20603391124796,
              -32.76244362396275
            ],
            [
              -71.20603506388876,
              -32.76244362396275
            ],
            [
              -71.20603506388876,
              -32.762444612749576
            ],
            [
              -71.20603621652958,
              -32.762444612749576
            ],
            [
              -71.20603621652958,
              -32.762445601536406
            ],
            [
              -71.20603852181121,
              -32.762445601536406
            ],
            [
              -71.20603852181121,
              -32.762446590323236
            ],
            [
              -71.20603967445201,
              -32.762446590323236
            ],
            [
              -71.20603967445201,
              -32.76244757911006
            ],
            [
              -71.20604197973364,
              -32.76244757911006
            ],
            [
              -71.20604197973364,
              -32.76244856789689
            ],
            [
              -71.20604313237445,
              -32.76244856789689
            ],
            [
              -71.20604313237445,
              -32.76244955668372
            ],
            [
              -71.20604543765607,
              -32.76244955668372
            ],
            [
              -71.20604543765607,
              -32.76245054547054
            ],
            [
              -71.20604659029689,
              -32.76245054547054
            ],
            [
              -71.20604659029689,
              -32.76245153425737
            ],
            [
              -71.20604889557852,
              -32.76245153425737
            ],
            [
              -71.20604889557852,
              -32.7624525230442
            ],
            [
              -71.20605004821932,
              -32.7624525230442
            ],
            [
              -71.20605004821932,
              -32.762453511831026
            ],
            [
              -71.20605235350095,
              -32.762453511831026
            ],
            [
              -71.20605235350095,
              -32.76245450061786
            ],
            [
              -71.20605350614177,
              -32.76245450061786
            ],
            [
              -71.20605350614177,
              -32.76245548940469
            ],
            [
              -71.20605465878258,
              -32.76245548940469
            ],
            [
              -71.20605465878258,
              -32.76245647819151
            ],
            [
              -71.2060569640642,
              -32.76245647819151
            ],
            [
              -71.2060569640642,
              -32.76245746697834
            ],
            [
              -71.20605811670501,
              -32.76245746697834
            ],
            [
              -71.20605811670501,
              -32.76245845576517
            ],
            [
              -71.20606042198663,
              -32.76245845576517
            ],
            [
              -71.20606042198663,
              -32.762459444552
            ],
            [
              -71.20606157462746,
              -32.762459444552
            ],
            [
              -71.20606157462746,
              -32.76246043333882
            ],
            [
              -71.20606387990908,
              -32.76246043333882
            ],
            [
              -71.20606387990908,
              -32.762461422125654
            ],
            [
              -71.20606503254989,
              -32.762461422125654
            ],
            [
              -71.20606503254989,
              -32.762462410912484
            ],
            [
              -71.20606733783151,
              -32.762462410912484
            ],
            [
              -71.20606733783151,
              -32.76246339969931
            ],
            [
              -71.20606849047232,
              -32.76246339969931
            ],
            [
              -71.20606849047232,
              -32.76246438848614
            ],
            [
              -71.20607079575394,
              -32.76246438848614
            ],
            [
              -71.20607079575394,
              -32.76246537727297
            ],
            [
              -71.20607194839477,
              -32.76246537727297
            ],
            [
              -71.20607194839477,
              -32.76246636605979
            ],
            [
              -71.20607425367639,
              -32.76246636605979
            ],
            [
              -71.20607425367639,
              -32.76246735484662
            ],
            [
              -71.2060754063172,
              -32.76246735484662
            ],
            [
              -71.2060754063172,
              -32.76246834363345
            ],
            [
              -71.20607655895802,
              -32.76246834363345
            ],
            [
              -71.20607655895802,
              -32.762469332420274
            ],
            [
              -71.20607886423964,
              -32.762469332420274
            ],
            [
              -71.20607886423964,
              -32.762470321207104
            ],
            [
              -71.20608001688045,
              -32.762470321207104
            ],
            [
              -71.20608001688045,
              -32.762471309993934
            ],
            [
              -71.20608232216208,
              -32.762471309993934
            ],
            [
              -71.20608232216208,
              -32.76247229878076
            ],
            [
              -71.20608347480288,
              -32.76247229878076
            ],
            [
              -71.20608347480288,
              -32.76247328756759
            ],
            [
              -71.2060857800845,
              -32.76247328756759
            ],
            [
              -71.2060857800845,
              -32.76247427635442
            ],
            [
              -71.20608693272533,
              -32.76247427635442
            ],
            [
              -71.20608693272533,
              -32.76247526514125
            ],
            [
              -71.20608923800695,
              -32.76247526514125
            ],
            [
              -71.20608923800695,
              -32.76247625392807
            ],
            [
              -71.20609039064776,
              -32.76247625392807
            ],
            [
              -71.20609039064776,
              -32.7624772427149
            ],
            [
              -71.20609269592939,
              -32.7624772427149
            ],
            [
              -71.20609269592939,
              -32.76247823150173
            ],
            [
              -71.20609384857019,
              -32.76247823150173
            ],
            [
              -71.20609384857019,
              -32.762479220288554
            ],
            [
              -71.20609500121101,
              -32.762479220288554
            ],
            [
              -71.20609500121101,
              -32.762480209075385
            ],
            [
              -71.20609730649264,
              -32.762480209075385
            ],
            [
              -71.20609730649264,
              -32.762481197862215
            ],
            [
              -71.20609845913344,
              -32.762481197862215
            ],
            [
              -71.20609845913344,
              -32.76248218664904
            ],
            [
              -71.20610076441507,
              -32.76248218664904
            ],
            [
              -71.20610076441507,
              -32.76248317543587
            ],
            [
              -71.20610191705589,
              -32.76248317543587
            ],
            [
              -71.20610191705589,
              -32.7624841642227
            ],
            [
              -71.2061042223375,
              -32.7624841642227
            ],
            [
              -71.2061042223375,
              -32.76248515300952
            ],
            [
              -71.20610537497832,
              -32.76248515300952
            ],
            [
              -71.20610537497832,
              -32.76248614179635
            ],
            [
              -71.20610768025995,
              -32.76248614179635
            ],
            [
              -71.20610768025995,
              -32.76248713058318
            ],
            [
              -71.20610883290075,
              -32.76248713058318
            ],
            [
              -71.20610883290075,
              -32.762488119370005
            ],
            [
              -71.20611113818238,
              -32.762488119370005
            ],
            [
              -71.20611113818238,
              -32.762489108156835
            ],
            [
              -71.2061122908232,
              -32.762489108156835
            ],
            [
              -71.2061122908232,
              -32.762490096943665
            ],
            [
              -71.206113443464,
              -32.762490096943665
            ],
            [
              -71.206113443464,
              -32.762491085730495
            ],
            [
              -71.20611574874563,
              -32.762491085730495
            ],
            [
              -71.20611574874563,
              -32.76249207451732
            ],
            [
              -71.20611690138644,
              -32.76249207451732
            ],
            [
              -71.20611690138644,
              -32.76249306330415
            ],
            [
              -71.20611920666806,
              -32.76249306330415
            ],
            [
              -71.20611920666806,
              -32.76249405209098
            ],
            [
              -71.20612035930888,
              -32.76249405209098
            ],
            [
              -71.20612035930888,
              -32.7624950408778
            ],
            [
              -71.20612266459051,
              -32.7624950408778
            ],
            [
              -71.20612266459051,
              -32.76249602966463
            ],
            [
              -71.20612381723132,
              -32.76249602966463
            ],
            [
              -71.20612381723132,
              -32.76249701845146
            ],
            [
              -71.20612612251294,
              -32.76249701845146
            ],
            [
              -71.20612612251294,
              -32.762498007238285
            ],
            [
              -71.20612727515376,
              -32.762498007238285
            ],
            [
              -71.20612727515376,
              -32.762498996025116
            ],
            [
              -71.20612958043537,
              -32.762498996025116
            ],
            [
              -71.20612958043537,
              -32.762499984811946
            ],
            [
              -71.2061307330762,
              -32.762499984811946
            ],
            [
              -71.2061307330762,
              -32.76250097359877
            ],
            [
              -71.206131885717,
              -32.76250097359877
            ],
            [
              -71.206131885717,
              -32.7625019623856
            ],
            [
              -71.20613419099863,
              -32.7625019623856
            ],
            [
              -71.20613419099863,
              -32.76250295117243
            ],
            [
              -71.20613534363945,
              -32.76250295117243
            ],
            [
              -71.20613534363945,
              -32.76250393995925
            ],
            [
              -71.20613764892107,
              -32.76250393995925
            ],
            [
              -71.20613764892107,
              -32.76250492874608
            ],
            [
              -71.20613880156188,
              -32.76250492874608
            ],
            [
              -71.20613880156188,
              -32.76250591753291
            ],
            [
              -71.2061411068435,
              -32.76250591753291
            ],
            [
              -71.2061411068435,
              -32.76250690631974
            ],
            [
              -71.20614225948431,
              -32.76250690631974
            ],
            [
              -71.20614225948431,
              -32.762507895106566
            ],
            [
              -71.20614456476594,
              -32.762507895106566
            ],
            [
              -71.20614456476594,
              -32.762508883893396
            ],
            [
              -71.20614571740676,
              -32.762508883893396
            ],
            [
              -71.20614571740676,
              -32.762509872680226
            ],
            [
              -71.20614802268838,
              -32.762509872680226
            ],
            [
              -71.20614802268838,
              -32.76251086146705
            ],
            [
              -71.20614917532919,
              -32.76251086146705
            ],
            [
              -71.20614917532919,
              -32.76251185025388
            ],
            [
              -71.20615032797001,
              -32.76251185025388
            ],
            [
              -71.20615032797001,
              -32.76251283904071
            ],
            [
              -71.20615263325162,
              -32.76251283904071
            ],
            [
              -71.20615263325162,
              -32.76251382782753
            ],
            [
              -71.20615378589244,
              -32.76251382782753
            ],
            [
              -71.20615378589244,
              -32.76251481661436
            ],
            [
              -71.20615609117407,
              -32.76251481661436
            ],
            [
              -71.20615609117407,
              -32.76251580540119
            ],
            [
              -71.20615724381487,
              -32.76251580540119
            ],
            [
              -71.20615724381487,
              -32.762516794188016
            ],
            [
              -71.2061595490965,
              -32.762516794188016
            ],
            [
              -71.2061595490965,
              -32.76251778297485
            ],
            [
              -71.20616070173732,
              -32.76251778297485
            ],
            [
              -71.20616070173732,
              -32.76251877176168
            ],
            [
              -71.20616300701894,
              -32.76251877176168
            ],
            [
              -71.20616300701894,
              -32.7625197605485
            ],
            [
              -71.20616415965975,
              -32.7625197605485
            ],
            [
              -71.20616415965975,
              -32.76252074933533
            ],
            [
              -71.20616646494138,
              -32.76252074933533
            ],
            [
              -71.20616646494138,
              -32.76252173812216
            ],
            [
              -71.20616761758218,
              -32.76252173812216
            ],
            [
              -71.20616761758218,
              -32.76252272690899
            ],
            [
              -71.206168770223,
              -32.76252272690899
            ],
            [
              -71.206168770223,
              -32.762523715695814
            ],
            [
              -71.20617107550463,
              -32.762523715695814
            ],
            [
              -71.20617107550463,
              -32.762524704482644
            ],
            [
              -71.20617222814543,
              -32.762524704482644
            ],
            [
              -71.20617222814543,
              -32.762525693269474
            ],
            [
              -71.20617453342706,
              -32.762525693269474
            ],
            [
              -71.20617453342706,
              -32.7625266820563
            ],
            [
              -71.20617568606788,
              -32.7625266820563
            ],
            [
              -71.20617568606788,
              -32.76252767084313
            ],
            [
              -71.20617799134949,
              -32.76252767084313
            ],
            [
              -71.20617799134949,
              -32.76252865962996
            ],
            [
              -71.20617914399031,
              -32.76252865962996
            ],
            [
              -71.20617914399031,
              -32.76252964841678
            ],
            [
              -71.20618144927194,
              -32.76252964841678
            ],
            [
              -71.20618144927194,
              -32.76253063720361
            ],
            [
              -71.20618260191274,
              -32.76253063720361
            ],
            [
              -71.20618260191274,
              -32.76253162599044
            ],
            [
              -71.20618490719437,
              -32.76253162599044
            ],
            [
              -71.20618490719437,
              -32.762532614777264
            ],
            [
              -71.20618605983519,
              -32.762532614777264
            ],
            [
              -71.20618605983519,
              -32.762533603564094
            ],
            [
              -71.206187212476,
              -32.762533603564094
            ],
            [
              -71.206187212476,
              -32.762534592350924
            ],
            [
              -71.20618951775762,
              -32.762534592350924
            ],
            [
              -71.20618951775762,
              -32.76253558113775
            ],
            [
              -71.20619067039843,
              -32.76253558113775
            ],
            [
              -71.20619067039843,
              -32.76253656992458
            ],
            [
              -71.20619297568005,
              -32.76253656992458
            ],
            [
              -71.20619297568005,
              -32.76253755871141
            ],
            [
              -71.20619412832087,
              -32.76253755871141
            ],
            [
              -71.20619412832087,
              -32.76253854749824
            ],
            [
              -71.2061964336025,
              -32.76253854749824
            ],
            [
              -71.2061964336025,
              -32.76253953628506
            ],
            [
              -71.2061975862433,
              -32.76253953628506
            ],
            [
              -71.2061975862433,
              -32.76254052507189
            ],
            [
              -71.20619989152493,
              -32.76254052507189
            ],
            [
              -71.20619989152493,
              -32.76254151385872
            ],
            [
              -71.20620104416574,
              -32.76254151385872
            ],
            [
              -71.20620104416574,
              -32.762542502645545
            ],
            [
              -71.20620334944736,
              -32.762542502645545
            ],
            [
              -71.20620334944736,
              -32.762543491432375
            ],
            [
              -71.20620450208818,
              -32.762543491432375
            ],
            [
              -71.20620450208818,
              -32.762544480219205
            ],
            [
              -71.20620565472899,
              -32.762544480219205
            ],
            [
              -71.20620565472899,
              -32.76254546900603
            ],
            [
              -71.20620796001062,
              -32.76254546900603
            ],
            [
              -71.20620796001062,
              -32.76254645779286
            ],
            [
              -71.20620911265144,
              -32.76254645779286
            ],
            [
              -71.20620911265144,
              -32.76254744657969
            ],
            [
              -71.20621141793306,
              -32.76254744657969
            ],
            [
              -71.20621141793306,
              -32.76254843536651
            ],
            [
              -71.20621257057387,
              -32.76254843536651
            ],
            [
              -71.20621257057387,
              -32.76254942415334
            ],
            [
              -71.2062148758555,
              -32.76254942415334
            ],
            [
              -71.2062148758555,
              -32.76255041294017
            ],
            [
              -71.2062160284963,
              -32.76255041294017
            ],
            [
              -71.2062160284963,
              -32.762551401726995
            ],
            [
              -71.20621833377793,
              -32.762551401726995
            ],
            [
              -71.20621833377793,
              -32.762552390513825
            ],
            [
              -71.20621948641875,
              -32.762552390513825
            ],
            [
              -71.20621948641875,
              -32.762553379300655
            ],
            [
              -71.20622179170037,
              -32.762553379300655
            ],
            [
              -71.20622179170037,
              -32.762554368087486
            ],
            [
              -71.20622294434118,
              -32.762554368087486
            ],
            [
              -71.20622294434118,
              -32.76255535687431
            ],
            [
              -71.206224096982,
              -32.76255535687431
            ],
            [
              -71.206224096982,
              -32.76255634566114
            ],
            [
              -71.20622640226361,
              -32.76255634566114
            ],
            [
              -71.20622640226361,
              -32.76255733444797
            ],
            [
              -71.20622755490443,
              -32.76255733444797
            ],
            [
              -71.20622755490443,
              -32.76255832323479
            ],
            [
              -71.20622986018606,
              -32.76255832323479
            ],
            [
              -71.20622986018606,
              -32.76255931202162
            ],
            [
              -71.20623101282686,
              -32.76255931202162
            ],
            [
              -71.20623101282686,
              -32.76256030080845
            ],
            [
              -71.20623331810849,
              -32.76256030080845
            ],
            [
              -71.20623331810849,
              -32.762561289595276
            ],
            [
              -71.20623447074931,
              -32.762561289595276
            ],
            [
              -71.20623447074931,
              -32.762562278382106
            ],
            [
              -71.20623677603093,
              -32.762562278382106
            ],
            [
              -71.20623677603093,
              -32.762563267168936
            ],
            [
              -71.20623792867174,
              -32.762563267168936
            ],
            [
              -71.20623792867174,
              -32.76256425595576
            ],
            [
              -71.20624023395337,
              -32.76256425595576
            ],
            [
              -71.20624023395337,
              -32.76256524474259
            ],
            [
              -71.20624138659417,
              -32.76256524474259
            ],
            [
              -71.20624138659417,
              -32.76256623352942
            ],
            [
              -71.20624253923499,
              -32.76256623352942
            ],
            [
              -71.20624253923499,
              -32.76256722231624
            ],
            [
              -71.20624484451662,
              -32.76256722231624
            ],
            [
              -71.20624484451662,
              -32.76256821110307
            ],
            [
              -71.20624599715742,
              -32.76256821110307
            ],
            [
              -71.20624599715742,
              -32.7625691998899
            ],
            [
              -71.20624830243905,
              -32.7625691998899
            ],
            [
              -71.20624830243905,
              -32.76257018867673
            ],
            [
              -71.20624945507986,
              -32.76257018867673
            ],
            [
              -71.20624945507986,
              -32.762571177463556
            ],
            [
              -71.20625176036148,
              -32.762571177463556
            ],
            [
              -71.20625176036148,
              -32.762572166250386
            ],
            [
              -71.2062529130023,
              -32.762572166250386
            ],
            [
              -71.2062529130023,
              -32.76257315503722
            ],
            [
              -71.20625521828393,
              -32.76257315503722
            ],
            [
              -71.20625521828393,
              -32.76257414382404
            ],
            [
              -71.20625637092473,
              -32.76257414382404
            ],
            [
              -71.20625637092473,
              -32.76257513261087
            ],
            [
              -71.20625867620636,
              -32.76257513261087
            ],
            [
              -71.20625867620636,
              -32.7625761213977
            ],
            [
              -71.20625982884718,
              -32.7625761213977
            ],
            [
              -71.20625982884718,
              -32.76257711018452
            ],
            [
              -71.20626098148799,
              -32.76257711018452
            ],
            [
              -71.20626098148799,
              -32.76257809897135
            ],
            [
              -71.20626328676961,
              -32.76257809897135
            ],
            [
              -71.20626328676961,
              -32.76257908775818
            ],
            [
              -71.20626443941042,
              -32.76257908775818
            ],
            [
              -71.20626443941042,
              -32.76258007654501
            ],
            [
              -71.20626674469204,
              -32.76258007654501
            ],
            [
              -71.20626674469204,
              -32.76258106533184
            ],
            [
              -71.20626789733286,
              -32.76258106533184
            ],
            [
              -71.20626789733286,
              -32.76258205411867
            ],
            [
              -71.20627020261449,
              -32.76258205411867
            ],
            [
              -71.20627020261449,
              -32.76258304290549
            ],
            [
              -71.2062713552553,
              -32.76258304290549
            ],
            [
              -71.2062713552553,
              -32.76258403169232
            ],
            [
              -71.20627366053692,
              -32.76258403169232
            ],
            [
              -71.20627366053692,
              -32.76258502047915
            ],
            [
              -71.20627481317773,
              -32.76258502047915
            ],
            [
              -71.20627481317773,
              -32.76258600926598
            ],
            [
              -71.20627711845935,
              -32.76258600926598
            ],
            [
              -71.20627711845935,
              -32.762586998052804
            ],
            [
              -71.20627827110017,
              -32.762586998052804
            ],
            [
              -71.20627827110017,
              -32.762587986839634
            ],
            [
              -71.20627942374098,
              -32.762587986839634
            ],
            [
              -71.20627942374098,
              -32.762588975626464
            ],
            [
              -71.2062817290226,
              -32.762588975626464
            ],
            [
              -71.2062817290226,
              -32.76258996441329
            ],
            [
              -71.20628288166343,
              -32.76258996441329
            ],
            [
              -71.20628288166343,
              -32.76259095320012
            ],
            [
              -71.20628518694505,
              -32.76259095320012
            ],
            [
              -71.20628518694505,
              -32.76259194198695
            ],
            [
              -71.20628633958586,
              -32.76259194198695
            ],
            [
              -71.20628633958586,
              -32.76259293077377
            ],
            [
              -71.20628864486748,
              -32.76259293077377
            ],
            [
              -71.20628864486748,
              -32.7625939195606
            ],
            [
              -71.20628979750829,
              -32.7625939195606
            ],
            [
              -71.20628979750829,
              -32.76259490834743
            ],
            [
              -71.20629210278992,
              -32.76259490834743
            ],
            [
              -71.20629210278992,
              -32.762595897134254
            ],
            [
              -71.20629325543074,
              -32.762595897134254
            ],
            [
              -71.20629325543074,
              -32.762596885921084
            ],
            [
              -71.20629556071236,
              -32.762596885921084
            ],
            [
              -71.20629556071236,
              -32.762597874707915
            ],
            [
              -71.20629671335317,
              -32.762597874707915
            ],
            [
              -71.20629671335317,
              -32.76259886349474
            ],
            [
              -71.20629786599397,
              -32.76259886349474
            ],
            [
              -71.20629786599397,
              -32.76259985228157
            ],
            [
              -71.2063001712756,
              -32.76259985228157
            ],
            [
              -71.2063001712756,
              -32.7626008410684
            ],
            [
              -71.20630132391642,
              -32.7626008410684
            ],
            [
              -71.20630132391642,
              -32.76260182985523
            ],
            [
              -71.20630362919805,
              -32.76260182985523
            ],
            [
              -71.20630362919805,
              -32.76260281864205
            ],
            [
              -71.20630478183885,
              -32.76260281864205
            ],
            [
              -71.20630478183885,
              -32.76260380742888
            ],
            [
              -71.20630708712048,
              -32.76260380742888
            ],
            [
              -71.20630708712048,
              -32.76260479621571
            ],
            [
              -71.2063082397613,
              -32.76260479621571
            ],
            [
              -71.2063082397613,
              -32.762605785002535
            ],
            [
              -71.20631054504291,
              -32.762605785002535
            ],
            [
              -71.20631054504291,
              -32.762606773789365
            ],
            [
              -71.20631169768373,
              -32.762606773789365
            ],
            [
              -71.20631169768373,
              -32.762607762576195
            ],
            [
              -71.20631400296536,
              -32.762607762576195
            ],
            [
              -71.20631400296536,
              -32.76260875136302
            ],
            [
              -71.20631515560616,
              -32.76260875136302
            ],
            [
              -71.20631515560616,
              -32.76260974014985
            ],
            [
              -71.20631630824698,
              -32.76260974014985
            ],
            [
              -71.20631630824698,
              -32.76261072893668
            ],
            [
              -71.20631861352861,
              -32.76261072893668
            ],
            [
              -71.20631861352861,
              -32.7626117177235
            ],
            [
              -71.20631976616941,
              -32.7626117177235
            ],
            [
              -71.20631976616941,
              -32.76261270651033
            ],
            [
              -71.20632207145104,
              -32.76261270651033
            ],
            [
              -71.20632207145104,
              -32.76261369529716
            ],
            [
              -71.20632322409185,
              -32.76261369529716
            ],
            [
              -71.20632322409185,
              -32.762614684083985
            ],
            [
              -71.20632552937347,
              -32.762614684083985
            ],
            [
              -71.20632552937347,
              -32.762615672870815
            ],
            [
              -71.20632668201429,
              -32.762615672870815
            ],
            [
              -71.20632668201429,
              -32.762616661657646
            ],
            [
              -71.20632898729592,
              -32.762616661657646
            ],
            [
              -71.20632898729592,
              -32.762617650444476
            ],
            [
              -71.20633013993672,
              -32.762617650444476
            ],
            [
              -71.20633013993672,
              -32.7626186392313
            ],
            [
              -71.20633244521835,
              -32.7626186392313
            ],
            [
              -71.20633244521835,
              -32.76261962801813
            ],
            [
              -71.20633359785917,
              -32.76261962801813
            ],
            [
              -71.20633359785917,
              -32.76262061680496
            ],
            [
              -71.20633475049998,
              -32.76262061680496
            ],
            [
              -71.20633475049998,
              -32.76262160559178
            ],
            [
              -71.2063370557816,
              -32.76262160559178
            ],
            [
              -71.2063370557816,
              -32.76262259437861
            ],
            [
              -71.20633820842241,
              -32.76262259437861
            ],
            [
              -71.20633820842241,
              -32.76262358316544
            ],
            [
              -71.20634051370403,
              -32.76262358316544
            ],
            [
              -71.20634051370403,
              -32.762624571952266
            ],
            [
              -71.20634166634485,
              -32.762624571952266
            ],
            [
              -71.20634166634485,
              -32.762625560739096
            ],
            [
              -71.20634397162648,
              -32.762625560739096
            ],
            [
              -71.20634397162648,
              -32.762626549525926
            ],
            [
              -71.20634512426729,
              -32.762626549525926
            ],
            [
              -71.20634512426729,
              -32.76262753831275
            ],
            [
              -71.20634742954891,
              -32.76262753831275
            ],
            [
              -71.20634742954891,
              -32.76262852709958
            ],
            [
              -71.20634858218972,
              -32.76262852709958
            ],
            [
              -71.20634858218972,
              -32.76262951588641
            ],
            [
              -71.20635088747134,
              -32.76262951588641
            ],
            [
              -71.20635088747134,
              -32.76263050467323
            ],
            [
              -71.20635204011217,
              -32.76263050467323
            ],
            [
              -71.20635204011217,
              -32.76263149346006
            ],
            [
              -71.20635319275297,
              -32.76263149346006
            ],
            [
              -71.20635319275297,
              -32.76263248224689
            ],
            [
              -71.2063554980346,
              -32.76263248224689
            ],
            [
              -71.2063554980346,
              -32.76263347103372
            ],
            [
              -71.20635665067542,
              -32.76263347103372
            ],
            [
              -71.20635665067542,
              -32.762634459820546
            ],
            [
              -71.20635895595703,
              -32.762634459820546
            ],
            [
              -71.20635895595703,
              -32.76263544860738
            ],
            [
              -71.20636010859785,
              -32.76263544860738
            ],
            [
              -71.20636010859785,
              -32.76263643739421
            ],
            [
              -71.20636241387948,
              -32.76263643739421
            ],
            [
              -71.20636241387948,
              -32.76263742618103
            ],
            [
              -71.20636356652028,
              -32.76263742618103
            ],
            [
              -71.20636356652028,
              -32.76263841496786
            ],
            [
              -71.2063658718019,
              -32.76263841496786
            ],
            [
              -71.2063658718019,
              -32.76263940375469
            ],
            [
              -71.20636702444273,
              -32.76263940375469
            ],
            [
              -71.20636702444273,
              -32.76264039254151
            ],
            [
              -71.20636932972435,
              -32.76264039254151
            ],
            [
              -71.20636932972435,
              -32.76264138132834
            ],
            [
              -71.20637048236516,
              -32.76264138132834
            ],
            [
              -71.20637048236516,
              -32.762642370115174
            ],
            [
              -71.20637163500597,
              -32.762642370115174
            ],
            [
              -71.20637163500597,
              -32.762643358902
            ],
            [
              -71.20637394028759,
              -32.762643358902
            ],
            [
              -71.20637394028759,
              -32.76264434768883
            ],
            [
              -71.20637509292841,
              -32.76264434768883
            ],
            [
              -71.20637509292841,
              -32.76264533647566
            ],
            [
              -71.20637739821004,
              -32.76264533647566
            ],
            [
              -71.20637739821004,
              -32.76264632526248
            ],
            [
              -71.20637855085084,
              -32.76264632526248
            ],
            [
              -71.20637855085084,
              -32.76264731404931
            ],
            [
              -71.20638085613247,
              -32.76264731404931
            ],
            [
              -71.20638085613247,
              -32.76264830283614
            ],
            [
              -71.20638200877329,
              -32.76264830283614
            ],
            [
              -71.20638200877329,
              -32.76264929162297
            ],
            [
              -71.2063843140549,
              -32.76264929162297
            ],
            [
              -71.2063843140549,
              -32.762650280409794
            ],
            [
              -71.20638546669572,
              -32.762650280409794
            ],
            [
              -71.20638546669572,
              -32.762651269196624
            ],
            [
              -71.20638777197735,
              -32.762651269196624
            ],
            [
              -71.20638777197735,
              -32.762652257983454
            ],
            [
              -71.20638892461815,
              -32.762652257983454
            ],
            [
              -71.20638892461815,
              -32.76265324677028
            ],
            [
              -71.20639007725897,
              -32.76265324677028
            ],
            [
              -71.20639007725897,
              -32.76265423555711
            ],
            [
              -71.2063923825406,
              -32.76265423555711
            ],
            [
              -71.2063923825406,
              -32.76265522434394
            ],
            [
              -71.2063935351814,
              -32.76265522434394
            ],
            [
              -71.2063935351814,
              -32.76265621313076
            ],
            [
              -71.20639584046303,
              -32.76265621313076
            ],
            [
              -71.20639584046303,
              -32.76265720191759
            ],
            [
              -71.20639699310384,
              -32.76265720191759
            ],
            [
              -71.20639699310384,
              -32.76265819070442
            ],
            [
              -71.20639929838546,
              -32.76265819070442
            ],
            [
              -71.20639929838546,
              -32.762659179491244
            ],
            [
              -71.20640045102628,
              -32.762659179491244
            ],
            [
              -71.20640045102628,
              -32.762660168278074
            ],
            [
              -71.20640275630791,
              -32.762660168278074
            ],
            [
              -71.20640275630791,
              -32.762661157064905
            ],
            [
              -71.20640390894872,
              -32.762661157064905
            ],
            [
              -71.20640390894872,
              -32.76266214585173
            ],
            [
              -71.20640621423034,
              -32.76266214585173
            ],
            [
              -71.20640621423034,
              -32.76266313463856
            ],
            [
              -71.20640736687115,
              -32.76266313463856
            ],
            [
              -71.20640736687115,
              -32.76266412342539
            ],
            [
              -71.20640851951197,
              -32.76266412342539
            ],
            [
              -71.20640851951197,
              -32.76266511221222
            ],
            [
              -71.2064108247936,
              -32.76266511221222
            ],
            [
              -71.2064108247936,
              -32.76266610099904
            ],
            [
              -71.2064119774344,
              -32.76266610099904
            ],
            [
              -71.2064119774344,
              -32.76266708978587
            ],
            [
              -71.20641428271603,
              -32.76266708978587
            ],
            [
              -71.20641428271603,
              -32.7626680785727
            ],
            [
              -71.20641543535685,
              -32.7626680785727
            ],
            [
              -71.20641543535685,
              -32.762669067359525
            ],
            [
              -71.20641774063847,
              -32.762669067359525
            ],
            [
              -71.20641774063847,
              -32.762670056146355
            ],
            [
              -71.20641889327928,
              -32.762670056146355
            ],
            [
              -71.20641889327928,
              -32.762671044933185
            ],
            [
              -71.2064211985609,
              -32.762671044933185
            ],
            [
              -71.2064211985609,
              -32.76267203372001
            ],
            [
              -71.20642235120171,
              -32.76267203372001
            ],
            [
              -71.20642235120171,
              -32.76267302250684
            ],
            [
              -71.20642465648334,
              -32.76267302250684
            ],
            [
              -71.20642465648334,
              -32.76267401129367
            ],
            [
              -71.20642580912416,
              -32.76267401129367
            ],
            [
              -71.20642580912416,
              -32.76267500008049
            ],
            [
              -71.20642696176496,
              -32.76267500008049
            ],
            [
              -71.20642696176496,
              -32.76267598886732
            ],
            [
              -71.20642926704659,
              -32.76267598886732
            ],
            [
              -71.20642926704659,
              -32.76267697765415
            ],
            [
              -71.20643041968741,
              -32.76267697765415
            ],
            [
              -71.20643041968741,
              -32.762677966440975
            ],
            [
              -71.20643272496902,
              -32.762677966440975
            ],
            [
              -71.20643272496902,
              -32.762678955227805
            ],
            [
              -71.20643387760984,
              -32.762678955227805
            ],
            [
              -71.20643387760984,
              -32.762679944014636
            ],
            [
              -71.20643618289147,
              -32.762679944014636
            ],
            [
              -71.20643618289147,
              -32.762680932801466
            ],
            [
              -71.20643733553227,
              -32.762680932801466
            ],
            [
              -71.20643733553227,
              -32.76268192158829
            ],
            [
              -71.2064396408139,
              -32.76268192158829
            ],
            [
              -71.2064396408139,
              -32.76268291037512
            ],
            [
              -71.20644079345472,
              -32.76268291037512
            ],
            [
              -71.20644079345472,
              -32.76268389916195
            ],
            [
              -71.20644309873634,
              -32.76268389916195
            ],
            [
              -71.20644309873634,
              -32.76268488794877
            ],
            [
              -71.20644425137715,
              -32.76268488794877
            ],
            [
              -71.20644425137715,
              -32.7626858767356
            ],
            [
              -71.20644540401796,
              -32.7626858767356
            ],
            [
              -71.20644540401796,
              -32.76268686552243
            ],
            [
              -71.20644770929958,
              -32.76268686552243
            ],
            [
              -71.20644770929958,
              -32.762687854309256
            ],
            [
              -71.2064488619404,
              -32.762687854309256
            ],
            [
              -71.2064488619404,
              -32.762688843096086
            ],
            [
              -71.20645116722203,
              -32.762688843096086
            ],
            [
              -71.20645116722203,
              -32.762689831882916
            ],
            [
              -71.20645231986283,
              -32.762689831882916
            ],
            [
              -71.20645231986283,
              -32.76269082066974
            ],
            [
              -71.20645462514446,
              -32.76269082066974
            ],
            [
              -71.20645462514446,
              -32.76269180945657
            ],
            [
              -71.20645577778527,
              -32.76269180945657
            ],
            [
              -71.20645577778527,
              -32.7626927982434
            ],
            [
              -71.20645808306689,
              -32.7626927982434
            ],
            [
              -71.20645808306689,
              -32.76269378703022
            ],
            [
              -71.20645923570771,
              -32.76269378703022
            ],
            [
              -71.20645923570771,
              -32.76269477581705
            ],
            [
              -71.20646154098934,
              -32.76269477581705
            ],
            [
              -71.20646154098934,
              -32.76269576460388
            ],
            [
              -71.20646269363014,
              -32.76269576460388
            ],
            [
              -71.20646269363014,
              -32.762696753390706
            ],
            [
              -71.20646384627096,
              -32.762696753390706
            ],
            [
              -71.20646384627096,
              -32.76269774217754
            ],
            [
              -71.20646615155259,
              -32.76269774217754
            ],
            [
              -71.20646615155259,
              -32.76269873096437
            ],
            [
              -71.2064673041934,
              -32.76269873096437
            ],
            [
              -71.2064673041934,
              -32.7626997197512
            ],
            [
              -71.20646960947502,
              -32.7626997197512
            ],
            [
              -71.20646960947502,
              -32.76270070853802
            ],
            [
              -71.20647076211583,
              -32.76270070853802
            ],
            [
              -71.20647076211583,
              -32.76270169732485
            ],
            [
              -71.20647306739745,
              -32.76270169732485
            ],
            [
              -71.20647306739745,
              -32.76270268611168
            ],
            [
              -71.20647422003827,
              -32.76270268611168
            ],
            [
              -71.20647422003827,
              -32.7627036748985
            ],
            [
              -71.2064765253199,
              -32.7627036748985
            ],
            [
              -71.2064765253199,
              -32.762704663685334
            ],
            [
              -71.2064776779607,
              -32.762704663685334
            ],
            [
              -71.2064776779607,
              -32.762705652472164
            ],
            [
              -71.20647998324233,
              -32.762705652472164
            ],
            [
              -71.20647998324233,
              -32.76270664125899
            ],
            [
              -71.20648113588314,
              -32.76270664125899
            ],
            [
              -71.20648113588314,
              -32.76270763004582
            ],
            [
              -71.20648228852396,
              -32.76270763004582
            ],
            [
              -71.20648228852396,
              -32.76270861883265
            ],
            [
              -71.20648459380558,
              -32.76270861883265
            ],
            [
              -71.20648459380558,
              -32.76270960761947
            ],
            [
              -71.20648574644639,
              -32.76270960761947
            ],
            [
              -71.20648574644639,
              -32.7627105964063
            ],
            [
              -71.20648805172802,
              -32.7627105964063
            ],
            [
              -71.20648805172802,
              -32.76271158519313
            ],
            [
              -71.20648920436884,
              -32.76271158519313
            ],
            [
              -71.20648920436884,
              -32.762712573979954
            ],
            [
              -71.20649150965046,
              -32.762712573979954
            ],
            [
              -71.20649150965046,
              -32.762713562766784
            ],
            [
              -71.20649266229127,
              -32.762713562766784
            ],
            [
              -71.20649266229127,
              -32.762714551553614
            ],
            [
              -71.2064949675729,
              -32.762714551553614
            ],
            [
              -71.2064949675729,
              -32.762715540340444
            ],
            [
              -71.2064961202137,
              -32.762715540340444
            ],
            [
              -71.2064961202137,
              -32.76271652912727
            ],
            [
              -71.20649842549533,
              -32.76271652912727
            ],
            [
              -71.20649842549533,
              -32.7627175179141
            ],
            [
              -71.20649957813615,
              -32.7627175179141
            ],
            [
              -71.20649957813615,
              -32.76271850670093
            ],
            [
              -71.20650073077695,
              -32.76271850670093
            ],
            [
              -71.20650073077695,
              -32.76271949548775
            ],
            [
              -71.20650303605858,
              -32.76271949548775
            ],
            [
              -71.20650303605858,
              -32.76272048427458
            ],
            [
              -71.20650418869938,
              -32.76272048427458
            ],
            [
              -71.20650418869938,
              -32.76272147306141
            ],
            [
              -71.20650649398101,
              -32.76272147306141
            ],
            [
              -71.20650649398101,
              -32.762722461848234
            ],
            [
              -71.20650764662183,
              -32.762722461848234
            ],
            [
              -71.20650764662183,
              -32.762723450635065
            ],
            [
              -71.20650995190346,
              -32.762723450635065
            ],
            [
              -71.20650995190346,
              -32.762724439421895
            ],
            [
              -71.20651110454426,
              -32.762724439421895
            ],
            [
              -71.20651110454426,
              -32.76272542820872
            ],
            [
              -71.20651340982589,
              -32.76272542820872
            ],
            [
              -71.20651340982589,
              -32.76272641699555
            ],
            [
              -71.20651456246671,
              -32.76272641699555
            ],
            [
              -71.20651456246671,
              -32.76272740578238
            ],
            [
              -71.20651686774832,
              -32.76272740578238
            ],
            [
              -71.20651686774832,
              -32.7627283945692
            ],
            [
              -71.20651802038914,
              -32.7627283945692
            ],
            [
              -71.20651802038914,
              -32.76272938335603
            ],
            [
              -71.20651917302995,
              -32.76272938335603
            ],
            [
              -71.20651917302995,
              -32.76273037214286
            ],
            [
              -71.20652147831157,
              -32.76273037214286
            ],
            [
              -71.20652147831157,
              -32.76273136092969
            ],
            [
              -71.20652263095239,
              -32.76273136092969
            ],
            [
              -71.20652263095239,
              -32.762732349716515
            ],
            [
              -71.20652493623402,
              -32.762732349716515
            ],
            [
              -71.20652493623402,
              -32.762733338503345
            ],
            [
              -71.20652608887482,
              -32.762733338503345
            ],
            [
              -71.20652608887482,
              -32.762734327290175
            ],
            [
              -71.20652839415645,
              -32.762734327290175
            ],
            [
              -71.20652839415645,
              -32.762735316077
            ],
            [
              -71.20652954679726,
              -32.762735316077
            ],
            [
              -71.20652954679726,
              -32.76273630486383
            ],
            [
              -71.20653185207888,
              -32.76273630486383
            ],
            [
              -71.20653185207888,
              -32.76273729365066
            ],
            [
              -71.2065330047197,
              -32.76273729365066
            ],
            [
              -71.2065330047197,
              -32.76273828243748
            ],
            [
              -71.20653531000133,
              -32.76273828243748
            ],
            [
              -71.20653531000133,
              -32.76273927122431
            ],
            [
              -71.20653646264213,
              -32.76273927122431
            ],
            [
              -71.20653646264213,
              -32.76274026001114
            ],
            [
              -71.20653761528295,
              -32.76274026001114
            ],
            [
              -71.20653761528295,
              -32.762741248797965
            ],
            [
              -71.20653992056458,
              -32.762741248797965
            ],
            [
              -71.20653992056458,
              -32.762742237584796
            ],
            [
              -71.20654107320539,
              -32.762742237584796
            ],
            [
              -71.20654107320539,
              -32.762743226371626
            ],
            [
              -71.20654337848701,
              -32.762743226371626
            ],
            [
              -71.20654337848701,
              -32.76274421515845
            ],
            [
              -71.20654453112782,
              -32.76274421515845
            ],
            [
              -71.20654453112782,
              -32.76274520394528
            ],
            [
              -71.20654683640944,
              -32.76274520394528
            ],
            [
              -71.20654683640944,
              -32.76274619273211
            ],
            [
              -71.20654798905026,
              -32.76274619273211
            ],
            [
              -71.20654798905026,
              -32.76274718151894
            ],
            [
              -71.20655029433189,
              -32.76274718151894
            ],
            [
              -71.20655029433189,
              -32.76274817030576
            ],
            [
              -71.2065514469727,
              -32.76274817030576
            ],
            [
              -71.2065514469727,
              -32.76274915909259
            ],
            [
              -71.20655375225432,
              -32.76274915909259
            ],
            [
              -71.20655375225432,
              -32.76275014787942
            ],
            [
              -71.20655490489513,
              -32.76275014787942
            ],
            [
              -71.20655490489513,
              -32.762751136666246
            ],
            [
              -71.20655721017675,
              -32.762751136666246
            ],
            [
              -71.20655721017675,
              -32.762752125453076
            ],
            [
              -71.20655836281757,
              -32.762752125453076
            ],
            [
              -71.20655836281757,
              -32.762753114239906
            ],
            [
              -71.20655951545838,
              -32.762753114239906
            ],
            [
              -71.20655951545838,
              -32.76275410302673
            ],
            [
              -71.20656182074,
              -32.76275410302673
            ],
            [
              -71.20656182074,
              -32.76275509181356
            ],
            [
              -71.20656297338083,
              -32.76275509181356
            ],
            [
              -71.20656297338083,
              -32.76275608060039
            ],
            [
              -71.20656527866244,
              -32.76275608060039
            ],
            [
              -71.20656527866244,
              -32.76275706938721
            ],
            [
              -71.20656643130326,
              -32.76275706938721
            ],
            [
              -71.20656643130326,
              -32.76275805817404
            ],
            [
              -71.20656873658488,
              -32.76275805817404
            ],
            [
              -71.20656873658488,
              -32.76275904696087
            ],
            [
              -71.20656988922569,
              -32.76275904696087
            ],
            [
              -71.20656988922569,
              -32.7627600357477
            ],
            [
              -71.20657219450732,
              -32.7627600357477
            ],
            [
              -71.20657219450732,
              -32.76276102453453
            ],
            [
              -71.20657334714814,
              -32.76276102453453
            ],
            [
              -71.20657334714814,
              -32.76276201332136
            ],
            [
              -71.20657565242976,
              -32.76276201332136
            ],
            [
              -71.20657565242976,
              -32.76276300210819
            ],
            [
              -71.20657680507057,
              -32.76276300210819
            ],
            [
              -71.20657680507057,
              -32.76276399089501
            ],
            [
              -71.20657795771137,
              -32.76276399089501
            ],
            [
              -71.20657795771137,
              -32.76276497968184
            ],
            [
              -71.206580262993,
              -32.76276497968184
            ],
            [
              -71.206580262993,
              -32.76276596846867
            ],
            [
              -71.20658141563382,
              -32.76276596846867
            ],
            [
              -71.20658141563382,
              -32.762766957255494
            ],
            [
              -71.20658372091545,
              -32.762766957255494
            ],
            [
              -71.20658372091545,
              -32.762767946042324
            ],
            [
              -71.20658487355625,
              -32.762767946042324
            ],
            [
              -71.20658487355625,
              -32.762768934829154
            ],
            [
              -71.20658717883788,
              -32.762768934829154
            ],
            [
              -71.20658717883788,
              -32.76276992361598
            ],
            [
              -71.2065883314787,
              -32.76276992361598
            ],
            [
              -71.2065883314787,
              -32.76277091240281
            ],
            [
              -71.20659063676031,
              -32.76277091240281
            ],
            [
              -71.20659063676031,
              -32.76277190118964
            ],
            [
              -71.20659178940113,
              -32.76277190118964
            ],
            [
              -71.20659178940113,
              -32.76277288997646
            ],
            [
              -71.20659409468276,
              -32.76277288997646
            ],
            [
              -71.20659409468276,
              -32.76277387876329
            ],
            [
              -71.20659524732356,
              -32.76277387876329
            ],
            [
              -71.20659524732356,
              -32.76277486755012
            ],
            [
              -71.20659639996438,
              -32.76277486755012
            ],
            [
              -71.20659639996438,
              -32.762775856336944
            ],
            [
              -71.20659870524601,
              -32.762775856336944
            ],
            [
              -71.20659870524601,
              -32.762776845123774
            ],
            [
              -71.20659985788681,
              -32.762776845123774
            ],
            [
              -71.20659985788681,
              -32.762777833910604
            ],
            [
              -71.20660216316844,
              -32.762777833910604
            ],
            [
              -71.20660216316844,
              -32.762778822697435
            ],
            [
              -71.20660331580925,
              -32.762778822697435
            ],
            [
              -71.20660331580925,
              -32.76277981148426
            ],
            [
              -71.20660562109087,
              -32.76277981148426
            ],
            [
              -71.20660562109087,
              -32.76278080027109
            ],
            [
              -71.20660677373169,
              -32.76278080027109
            ],
            [
              -71.20660677373169,
              -32.76278178905792
            ],
            [
              -71.20660907901332,
              -32.76278178905792
            ],
            [
              -71.20660907901332,
              -32.76278277784474
            ],
            [
              -71.20661023165412,
              -32.76278277784474
            ],
            [
              -71.20661023165412,
              -32.76278376663157
            ],
            [
              -71.20661253693575,
              -32.76278376663157
            ],
            [
              -71.20661253693575,
              -32.7627847554184
            ],
            [
              -71.20661368957656,
              -32.7627847554184
            ],
            [
              -71.20661368957656,
              -32.762785744205225
            ],
            [
              -71.20661484221738,
              -32.762785744205225
            ],
            [
              -71.20661484221738,
              -32.762786732992055
            ],
            [
              -71.206617147499,
              -32.762786732992055
            ],
            [
              -71.206617147499,
              -32.762787721778885
            ],
            [
              -71.20661830013981,
              -32.762787721778885
            ],
            [
              -71.20661830013981,
              -32.76278871056571
            ],
            [
              -71.20662060542143,
              -32.76278871056571
            ],
            [
              -71.20662060542143,
              -32.76278969935254
            ],
            [
              -71.20662175806225,
              -32.76278969935254
            ],
            [
              -71.20662175806225,
              -32.76279068813937
            ],
            [
              -71.20662406334388,
              -32.76279068813937
            ],
            [
              -71.20662406334388,
              -32.76279167692619
            ],
            [
              -71.20662521598469,
              -32.76279167692619
            ],
            [
              -71.20662521598469,
              -32.76279266571302
            ],
            [
              -71.20662752126631,
              -32.76279266571302
            ],
            [
              -71.20662752126631,
              -32.76279365449985
            ],
            [
              -71.20662867390712,
              -32.76279365449985
            ],
            [
              -71.20662867390712,
              -32.76279464328668
            ],
            [
              -71.20663097918874,
              -32.76279464328668
            ],
            [
              -71.20663097918874,
              -32.762795632073505
            ],
            [
              -71.20663213182956,
              -32.762795632073505
            ],
            [
              -71.20663213182956,
              -32.762796620860335
            ],
            [
              -71.20663328447037,
              -32.762796620860335
            ],
            [
              -71.20663328447037,
              -32.762797609647166
            ],
            [
              -71.206635589752,
              -32.762797609647166
            ],
            [
              -71.206635589752,
              -32.76279859843399
            ],
            [
              -71.20663674239282,
              -32.76279859843399
            ],
            [
              -71.20663674239282,
              -32.76279958722082
            ],
            [
              -71.20663904767443,
              -32.76279958722082
            ],
            [
              -71.20663904767443,
              -32.76280057600765
            ],
            [
              -71.20664020031525,
              -32.76280057600765
            ],
            [
              -71.20664020031525,
              -32.76280156479447
            ],
            [
              -71.20664250559688,
              -32.76280156479447
            ],
            [
              -71.20664250559688,
              -32.7628025535813
            ],
            [
              -71.20664365823768,
              -32.7628025535813
            ],
            [
              -71.20664365823768,
              -32.76280354236813
            ],
            [
              -71.2066459635193,
              -32.76280354236813
            ],
            [
              -71.2066459635193,
              -32.762804531154956
            ],
            [
              -71.20664711616013,
              -32.762804531154956
            ],
            [
              -71.20664711616013,
              -32.762805519941786
            ],
            [
              -71.20664942144175,
              -32.762805519941786
            ],
            [
              -71.20664942144175,
              -32.762806508728616
            ],
            [
              -71.20665057408256,
              -32.762806508728616
            ],
            [
              -71.20665057408256,
              -32.76280749751544
            ],
            [
              -71.20665172672336,
              -32.76280749751544
            ],
            [
              -71.20665172672336,
              -32.76280848630227
            ],
            [
              -71.20665403200499,
              -32.76280848630227
            ],
            [
              -71.20665403200499,
              -32.7628094750891
            ],
            [
              -71.20665518464581,
              -32.7628094750891
            ],
            [
              -71.20665518464581,
              -32.76281046387593
            ],
            [
              -71.20665748992744,
              -32.76281046387593
            ],
            [
              -71.20665748992744,
              -32.76281145266275
            ],
            [
              -71.20665864256824,
              -32.76281145266275
            ],
            [
              -71.20665864256824,
              -32.76281244144958
            ],
            [
              -71.20666094784987,
              -32.76281244144958
            ],
            [
              -71.20666094784987,
              -32.76281343023641
            ],
            [
              -71.20666210049069,
              -32.76281343023641
            ],
            [
              -71.20666210049069,
              -32.762814419023236
            ],
            [
              -71.2066644057723,
              -32.762814419023236
            ],
            [
              -71.2066644057723,
              -32.762815407810066
            ],
            [
              -71.20666555841312,
              -32.762815407810066
            ],
            [
              -71.20666555841312,
              -32.7628163965969
            ],
            [
              -71.20666786369475,
              -32.7628163965969
            ],
            [
              -71.20666786369475,
              -32.76281738538372
            ],
            [
              -71.20666901633555,
              -32.76281738538372
            ],
            [
              -71.20666901633555,
              -32.76281837417055
            ],
            [
              -71.20667016897637,
              -32.76281837417055
            ],
            [
              -71.20667016897637,
              -32.76281936295738
            ],
            [
              -71.206672474258,
              -32.76281936295738
            ],
            [
              -71.206672474258,
              -32.7628203517442
            ],
            [
              -71.2066736268988,
              -32.7628203517442
            ],
            [
              -71.2066736268988,
              -32.76282134053103
            ],
            [
              -71.20667593218043,
              -32.76282134053103
            ],
            [
              -71.20667593218043,
              -32.76282232931786
            ],
            [
              -71.20667708482124,
              -32.76282232931786
            ],
            [
              -71.20667708482124,
              -32.76282331810469
            ],
            [
              -71.20667939010286,
              -32.76282331810469
            ],
            [
              -71.20667939010286,
              -32.76282430689152
            ],
            [
              -71.20668054274368,
              -32.76282430689152
            ],
            [
              -71.20668054274368,
              -32.76282529567835
            ],
            [
              -71.20668284802531,
              -32.76282529567835
            ],
            [
              -71.20668284802531,
              -32.76282628446518
            ],
            [
              -71.20668400066612,
              -32.76282628446518
            ],
            [
              -71.20668400066612,
              -32.762827273252
            ],
            [
              -71.20668630594774,
              -32.762827273252
            ],
            [
              -71.20668630594774,
              -32.76282826203883
            ],
            [
              -71.20668745858855,
              -32.76282826203883
            ],
            [
              -71.20668745858855,
              -32.76282925082566
            ],
            [
              -71.20668861122937,
              -32.76282925082566
            ],
            [
              -71.20668861122937,
              -32.762830239612484
            ],
            [
              -71.206690916511,
              -32.762830239612484
            ],
            [
              -71.206690916511,
              -32.762831228399314
            ],
            [
              -71.2066920691518,
              -32.762831228399314
            ],
            [
              -71.2066920691518,
              -32.762832217186144
            ],
            [
              -71.20669437443343,
              -32.762832217186144
            ],
            [
              -71.20669437443343,
              -32.76283320597297
            ],
            [
              -71.20669552707425,
              -32.76283320597297
            ],
            [
              -71.20669552707425,
              -32.7628341947598
            ],
            [
              -71.20669783235587,
              -32.7628341947598
            ],
            [
              -71.20669783235587,
              -32.76283518354663
            ],
            [
              -71.20669898499668,
              -32.76283518354663
            ],
            [
              -71.20669898499668,
              -32.76283617233345
            ],
            [
              -71.2067012902783,
              -32.76283617233345
            ],
            [
              -71.2067012902783,
              -32.76283716112028
            ],
            [
              -71.20670244291911,
              -32.76283716112028
            ],
            [
              -71.20670244291911,
              -32.76283814990711
            ],
            [
              -71.20670474820074,
              -32.76283814990711
            ],
            [
              -71.20670474820074,
              -32.762839138693934
            ],
            [
              -71.20670590084156,
              -32.762839138693934
            ],
            [
              -71.20670590084156,
              -32.762840127480764
            ],
            [
              -71.20670705348236,
              -32.762840127480764
            ],
            [
              -71.20670705348236,
              -32.762841116267595
            ],
            [
              -71.20670935876399,
              -32.762841116267595
            ],
            [
              -71.20670935876399,
              -32.762842105054425
            ],
            [
              -71.20671051140481,
              -32.762842105054425
            ],
            [
              -71.20671051140481,
              -32.76284309384125
            ],
            [
              -71.20671281668642,
              -32.76284309384125
            ],
            [
              -71.20671281668642,
              -32.76284408262808
            ],
            [
              -71.20671396932724,
              -32.76284408262808
            ],
            [
              -71.20671396932724,
              -32.76284507141491
            ],
            [
              -71.20671627460887,
              -32.76284507141491
            ],
            [
              -71.20671627460887,
              -32.76284606020173
            ],
            [
              -71.20671742724967,
              -32.76284606020173
            ],
            [
              -71.20671742724967,
              -32.76284704898856
            ],
            [
              -71.2067197325313,
              -32.76284704898856
            ],
            [
              -71.2067197325313,
              -32.76284803777539
            ],
            [
              -71.20672088517212,
              -32.76284803777539
            ],
            [
              -71.20672088517212,
              -32.762849026562215
            ],
            [
              -71.20672319045373,
              -32.762849026562215
            ],
            [
              -71.20672319045373,
              -32.762850015349045
            ],
            [
              -71.20672434309455,
              -32.762850015349045
            ],
            [
              -71.20672434309455,
              -32.762851004135875
            ],
            [
              -71.20672549573536,
              -32.762851004135875
            ],
            [
              -71.20672549573536,
              -32.7628519929227
            ],
            [
              -71.20672780101698,
              -32.7628519929227
            ],
            [
              -71.20672780101698,
              -32.76285298170953
            ],
            [
              -71.2067289536578,
              -32.76285298170953
            ],
            [
              -71.2067289536578,
              -32.76285397049636
            ],
            [
              -71.20673125893943,
              -32.76285397049636
            ],
            [
              -71.20673125893943,
              -32.76285495928318
            ],
            [
              -71.20673241158023,
              -32.76285495928318
            ],
            [
              -71.20673241158023,
              -32.76285594807001
            ],
            [
              -71.20673471686186,
              -32.76285594807001
            ],
            [
              -71.20673471686186,
              -32.76285693685684
            ],
            [
              -71.20673586950267,
              -32.76285693685684
            ],
            [
              -71.20673586950267,
              -32.76285792564367
            ],
            [
              -71.20673817478429,
              -32.76285792564367
            ],
            [
              -71.20673817478429,
              -32.762858914430495
            ],
            [
              -71.20673932742511,
              -32.762858914430495
            ],
            [
              -71.20673932742511,
              -32.762859903217326
            ],
            [
              -71.20674163270674,
              -32.762859903217326
            ],
            [
              -71.20674163270674,
              -32.762860892004156
            ],
            [
              -71.20674278534754,
              -32.762860892004156
            ],
            [
              -71.20674278534754,
              -32.76286188079098
            ],
            [
              -71.20674393798836,
              -32.76286188079098
            ],
            [
              -71.20674393798836,
              -32.76286286957781
            ],
            [
              -71.20674624326999,
              -32.76286286957781
            ],
            [
              -71.20674624326999,
              -32.76286385836464
            ],
            [
              -71.2067473959108,
              -32.76286385836464
            ],
            [
              -71.2067473959108,
              -32.76286484715146
            ],
            [
              -71.20674970119242,
              -32.76286484715146
            ],
            [
              -71.20674970119242,
              -32.76286583593829
            ],
            [
              -71.20675085383323,
              -32.76286583593829
            ],
            [
              -71.20675085383323,
              -32.76286682472512
            ],
            [
              -71.20675315911485,
              -32.76286682472512
            ],
            [
              -71.20675315911485,
              -32.762867813511946
            ],
            [
              -71.20675431175567,
              -32.762867813511946
            ],
            [
              -71.20675431175567,
              -32.762868802298776
            ],
            [
              -71.2067566170373,
              -32.762868802298776
            ],
            [
              -71.2067566170373,
              -32.762869791085606
            ],
            [
              -71.2067577696781,
              -32.762869791085606
            ],
            [
              -71.2067577696781,
              -32.76287077987243
            ],
            [
              -71.20676007495973,
              -32.76287077987243
            ],
            [
              -71.20676007495973,
              -32.76287176865926
            ],
            [
              -71.20676122760054,
              -32.76287176865926
            ],
            [
              -71.20676122760054,
              -32.76287275744609
            ],
            [
              -71.20676238024136,
              -32.76287275744609
            ],
            [
              -71.20676238024136,
              -32.76287374623292
            ],
            [
              -71.20676468552298,
              -32.76287374623292
            ],
            [
              -71.20676468552298,
              -32.76287473501974
            ],
            [
              -71.20676583816379,
              -32.76287473501974
            ],
            [
              -71.20676583816379,
              -32.76287572380657
            ],
            [
              -71.20676814344542,
              -32.76287572380657
            ],
            [
              -71.20676814344542,
              -32.7628767125934
            ],
            [
              -71.20676929608624,
              -32.7628767125934
            ],
            [
              -71.20676929608624,
              -32.762877701380226
            ],
            [
              -71.20677160136785,
              -32.762877701380226
            ],
            [
              -71.20677160136785,
              -32.76287869016706
            ],
            [
              -71.20677275400867,
              -32.76287869016706
            ],
            [
              -71.20677275400867,
              -32.76287967895389
            ],
            [
              -71.2067750592903,
              -32.76287967895389
            ],
            [
              -71.2067750592903,
              -32.76288066774071
            ],
            [
              -71.2067762119311,
              -32.76288066774071
            ],
            [
              -71.2067762119311,
              -32.76288165652754
            ],
            [
              -71.20677851721273,
              -32.76288165652754
            ],
            [
              -71.20677851721273,
              -32.76288264531437
            ],
            [
              -71.20677966985355,
              -32.76288264531437
            ],
            [
              -71.20677966985355,
              -32.76288363410119
            ],
            [
              -71.20678082249435,
              -32.76288363410119
            ],
            [
              -71.20678082249435,
              -32.76288462288802
            ],
            [
              -71.20678312777598,
              -32.76288462288802
            ],
            [
              -71.20678312777598,
              -32.762885611674854
            ],
            [
              -71.20678428041678,
              -32.762885611674854
            ],
            [
              -71.20678428041678,
              -32.76288660046168
            ],
            [
              -71.20678658569841,
              -32.76288660046168
            ],
            [
              -71.20678658569841,
              -32.76288758924851
            ],
            [
              -71.20678773833923,
              -32.76288758924851
            ],
            [
              -71.20678773833923,
              -32.76288857803534
            ],
            [
              -71.20679004362086,
              -32.76288857803534
            ],
            [
              -71.20679004362086,
              -32.76288956682217
            ],
            [
              -71.20679119626166,
              -32.76288956682217
            ],
            [
              -71.20679119626166,
              -32.76289055560899
            ],
            [
              -71.20679350154329,
              -32.76289055560899
            ],
            [
              -71.20679350154329,
              -32.76289154439582
            ],
            [
              -71.20679465418411,
              -32.76289154439582
            ],
            [
              -71.20679465418411,
              -32.76289253318265
            ],
            [
              -71.20679695946572,
              -32.76289253318265
            ],
            [
              -71.20679695946572,
              -32.762893521969474
            ],
            [
              -71.20679811210654,
              -32.762893521969474
            ],
            [
              -71.20679811210654,
              -32.762894510756304
            ],
            [
              -71.20679926474735,
              -32.762894510756304
            ],
            [
              -71.20679926474735,
              -32.762895499543134
            ],
            [
              -71.20680157002897,
              -32.762895499543134
            ],
            [
              -71.20680157002897,
              -32.76289648832996
            ],
            [
              -71.20680272266979,
              -32.76289648832996
            ],
            [
              -71.20680272266979,
              -32.76289747711679
            ],
            [
              -71.20680502795142,
              -32.76289747711679
            ],
            [
              -71.20680502795142,
              -32.76289846590362
            ],
            [
              -71.20680618059222,
              -32.76289846590362
            ],
            [
              -71.20680618059222,
              -32.76289945469044
            ],
            [
              -71.20680848587385,
              -32.76289945469044
            ],
            [
              -71.20680848587385,
              -32.76290044347727
            ],
            [
              -71.20680963851466,
              -32.76290044347727
            ],
            [
              -71.20680963851466,
              -32.7629014322641
            ],
            [
              -71.20681194379628,
              -32.7629014322641
            ],
            [
              -71.20681194379628,
              -32.762902421050924
            ],
            [
              -71.2068130964371,
              -32.762902421050924
            ],
            [
              -71.2068130964371,
              -32.762903409837755
            ],
            [
              -71.20681540171873,
              -32.762903409837755
            ],
            [
              -71.20681540171873,
              -32.762904398624585
            ],
            [
              -71.20681655435953,
              -32.762904398624585
            ],
            [
              -71.20681655435953,
              -32.762905387411415
            ],
            [
              -71.20681770700035,
              -32.762905387411415
            ],
            [
              -71.20681770700035,
              -32.76290637619824
            ],
            [
              -71.20682001228198,
              -32.76290637619824
            ],
            [
              -71.20682001228198,
              -32.76290736498507
            ],
            [
              -71.20682116492279,
              -32.76290736498507
            ],
            [
              -71.20682116492279,
              -32.7629083537719
            ],
            [
              -71.20682347020441,
              -32.7629083537719
            ],
            [
              -71.20682347020441,
              -32.76290934255872
            ],
            [
              -71.20682462284522,
              -32.76290934255872
            ],
            [
              -71.20682462284522,
              -32.76291033134555
            ],
            [
              -71.20682692812684,
              -32.76291033134555
            ],
            [
              -71.20682692812684,
              -32.76291132013238
            ],
            [
              -71.20682808076766,
              -32.76291132013238
            ],
            [
              -71.20682808076766,
              -32.762912308919205
            ],
            [
              -71.20683038604929,
              -32.762912308919205
            ],
            [
              -71.20683038604929,
              -32.762913297706035
            ],
            [
              -71.2068315386901,
              -32.762913297706035
            ],
            [
              -71.2068315386901,
              -32.762914286492865
            ],
            [
              -71.20683384397172,
              -32.762914286492865
            ],
            [
              -71.20683384397172,
              -32.76291527527969
            ],
            [
              -71.20683499661253,
              -32.76291527527969
            ],
            [
              -71.20683499661253,
              -32.76291626406652
            ],
            [
              -71.20683614925335,
              -32.76291626406652
            ],
            [
              -71.20683614925335,
              -32.76291725285335
            ],
            [
              -71.20683845453497,
              -32.76291725285335
            ],
            [
              -71.20683845453497,
              -32.76291824164017
            ],
            [
              -71.20683960717578,
              -32.76291824164017
            ],
            [
              -71.20683960717578,
              -32.762919230427
            ],
            [
              -71.2068419124574,
              -32.762919230427
            ],
            [
              -71.2068419124574,
              -32.76292021921383
            ],
            [
              -71.20684306509823,
              -32.76292021921383
            ],
            [
              -71.20684306509823,
              -32.76292120800066
            ],
            [
              -71.20684537037984,
              -32.76292120800066
            ],
            [
              -71.20684537037984,
              -32.762922196787486
            ],
            [
              -71.20684652302066,
              -32.762922196787486
            ],
            [
              -71.20684652302066,
              -32.762923185574316
            ],
            [
              -71.20684882830228,
              -32.762923185574316
            ],
            [
              -71.20684882830228,
              -32.762924174361146
            ],
            [
              -71.20684998094309,
              -32.762924174361146
            ],
            [
              -71.20684998094309,
              -32.76292516314797
            ],
            [
              -71.20685228622472,
              -32.76292516314797
            ],
            [
              -71.20685228622472,
              -32.7629261519348
            ],
            [
              -71.20685343886554,
              -32.7629261519348
            ],
            [
              -71.20685343886554,
              -32.76292714072163
            ],
            [
              -71.20685459150634,
              -32.76292714072163
            ],
            [
              -71.20685459150634,
              -32.76292812950845
            ],
            [
              -71.20685689678797,
              -32.76292812950845
            ],
            [
              -71.20685689678797,
              -32.76292911829528
            ],
            [
              -71.20685804942877,
              -32.76292911829528
            ],
            [
              -71.20685804942877,
              -32.76293010708211
            ],
            [
              -71.2068603547104,
              -32.76293010708211
            ],
            [
              -71.2068603547104,
              -32.762931095868936
            ],
            [
              -71.20686150735122,
              -32.762931095868936
            ],
            [
              -71.20686150735122,
              -32.762932084655766
            ],
            [
              -71.20686381263285,
              -32.762932084655766
            ],
            [
              -71.20686381263285,
              -32.762933073442596
            ],
            [
              -71.20686496527365,
              -32.762933073442596
            ],
            [
              -71.20686496527365,
              -32.76293406222942
            ],
            [
              -71.20686727055528,
              -32.76293406222942
            ],
            [
              -71.20686727055528,
              -32.76293505101625
            ],
            [
              -71.2068684231961,
              -32.76293505101625
            ],
            [
              -71.2068684231961,
              -32.76293603980308
            ],
            [
              -71.20687072847771,
              -32.76293603980308
            ],
            [
              -71.20687072847771,
              -32.76293702858991
            ],
            [
              -71.20687188111853,
              -32.76293702858991
            ],
            [
              -71.20687188111853,
              -32.76293801737673
            ],
            [
              -71.20687303375934,
              -32.76293801737673
            ],
            [
              -71.20687303375934,
              -32.76293900616356
            ],
            [
              -71.20687533904096,
              -32.76293900616356
            ],
            [
              -71.20687533904096,
              -32.76293999495039
            ],
            [
              -71.20687649168178,
              -32.76293999495039
            ],
            [
              -71.20687649168178,
              -32.76294098373722
            ],
            [
              -71.20687879696341,
              -32.76294098373722
            ],
            [
              -71.20687879696341,
              -32.76294197252405
            ],
            [
              -71.20687994960421,
              -32.76294197252405
            ],
            [
              -71.20687994960421,
              -32.76294296131088
            ],
            [
              -71.20688225488584,
              -32.76294296131088
            ],
            [
              -71.20688225488584,
              -32.7629439500977
            ],
            [
              -71.20688340752665,
              -32.7629439500977
            ],
            [
              -71.20688340752665,
              -32.76294493888453
            ],
            [
              -71.20688571280827,
              -32.76294493888453
            ],
            [
              -71.20688571280827,
              -32.76294592767136
            ],
            [
              -71.20688686544909,
              -32.76294592767136
            ],
            [
              -71.20688686544909,
              -32.76294691645818
            ],
            [
              -71.20688917073072,
              -32.76294691645818
            ],
            [
              -71.20688917073072,
              -32.762947905245014
            ],
            [
              -71.20689032337152,
              -32.762947905245014
            ],
            [
              -71.20689032337152,
              -32.762948894031844
            ],
            [
              -71.20689147601234,
              -32.762948894031844
            ],
            [
              -71.20689147601234,
              -32.76294988281867
            ],
            [
              -71.20689378129396,
              -32.76294988281867
            ],
            [
              -71.20689378129396,
              -32.7629508716055
            ],
            [
              -71.20689493393478,
              -32.7629508716055
            ],
            [
              -71.20689493393478,
              -32.76295186039233
            ],
            [
              -71.2068972392164,
              -32.76295186039233
            ],
            [
              -71.2068972392164,
              -32.76295284917916
            ],
            [
              -71.20689839185721,
              -32.76295284917916
            ],
            [
              -71.20689839185721,
              -32.76295383796598
            ],
            [
              -71.20690069713883,
              -32.76295383796598
            ],
            [
              -71.20690069713883,
              -32.76295482675281
            ],
            [
              -71.20690184977965,
              -32.76295482675281
            ],
            [
              -71.20690184977965,
              -32.76295581553964
            ],
            [
              -71.20690415506128,
              -32.76295581553964
            ],
            [
              -71.20690415506128,
              -32.762956804326464
            ],
            [
              -71.20690530770209,
              -32.762956804326464
            ],
            [
              -71.20690530770209,
              -32.762957793113294
            ],
            [
              -71.20690761298371,
              -32.762957793113294
            ],
            [
              -71.20690761298371,
              -32.762958781900124
            ],
            [
              -71.20690876562452,
              -32.762958781900124
            ],
            [
              -71.20690876562452,
              -32.76295977068695
            ],
            [
              -71.20690991826534,
              -32.76295977068695
            ],
            [
              -71.20690991826534,
              -32.76296075947378
            ],
            [
              -71.20691222354696,
              -32.76296075947378
            ],
            [
              -71.20691222354696,
              -32.76296174826061
            ],
            [
              -71.20691337618777,
              -32.76296174826061
            ],
            [
              -71.20691337618777,
              -32.76296273704743
            ],
            [
              -71.2069156814694,
              -32.76296273704743
            ],
            [
              -71.2069156814694,
              -32.76296372583426
            ],
            [
              -71.20691683411022,
              -32.76296372583426
            ],
            [
              -71.20691683411022,
              -32.76296471462109
            ],
            [
              -71.20691913939183,
              -32.76296471462109
            ],
            [
              -71.20691913939183,
              -32.762965703407914
            ],
            [
              -71.20692029203265,
              -32.762965703407914
            ],
            [
              -71.20692029203265,
              -32.762966692194745
            ],
            [
              -71.20692259731427,
              -32.762966692194745
            ],
            [
              -71.20692259731427,
              -32.762967680981575
            ],
            [
              -71.20692374995508,
              -32.762967680981575
            ],
            [
              -71.20692374995508,
              -32.762968669768405
            ],
            [
              -71.2069260552367,
              -32.762968669768405
            ],
            [
              -71.2069260552367,
              -32.76296965855523
            ],
            [
              -71.20692720787753,
              -32.76296965855523
            ],
            [
              -71.20692720787753,
              -32.76297064734206
            ],
            [
              -71.20692836051833,
              -32.76297064734206
            ],
            [
              -71.20692836051833,
              -32.76297163612889
            ],
            [
              -71.20693066579996,
              -32.76297163612889
            ],
            [
              -71.20693066579996,
              -32.76297262491571
            ],
            [
              -71.20693181844076,
              -32.76297262491571
            ],
            [
              -71.20693181844076,
              -32.76297361370254
            ],
            [
              -71.20693412372239,
              -32.76297361370254
            ],
            [
              -71.20693412372239,
              -32.76297460248937
            ],
            [
              -71.20693527636321,
              -32.76297460248937
            ],
            [
              -71.20693527636321,
              -32.762975591276195
            ],
            [
              -71.20693758164484,
              -32.762975591276195
            ],
            [
              -71.20693758164484,
              -32.762976580063025
            ],
            [
              -71.20693873428564,
              -32.762976580063025
            ],
            [
              -71.20693873428564,
              -32.762977568849855
            ],
            [
              -71.20694103956727,
              -32.762977568849855
            ],
            [
              -71.20694103956727,
              -32.76297855763668
            ],
            [
              -71.20694219220807,
              -32.76297855763668
            ],
            [
              -71.20694219220807,
              -32.76297954642351
            ],
            [
              -71.2069444974897,
              -32.76297954642351
            ],
            [
              -71.2069444974897,
              -32.76298053521034
            ],
            [
              -71.20694565013052,
              -32.76298053521034
            ],
            [
              -71.20694565013052,
              -32.76298152399716
            ],
            [
              -71.20694680277133,
              -32.76298152399716
            ],
            [
              -71.20694680277133,
              -32.76298251278399
            ],
            [
              -71.20694910805295,
              -32.76298251278399
            ],
            [
              -71.20694910805295,
              -32.76298350157082
            ],
            [
              -71.20695026069377,
              -32.76298350157082
            ],
            [
              -71.20695026069377,
              -32.76298449035765
            ],
            [
              -71.2069525659754,
              -32.76298449035765
            ],
            [
              -71.2069525659754,
              -32.762985479144476
            ],
            [
              -71.2069537186162,
              -32.762985479144476
            ],
            [
              -71.2069537186162,
              -32.762986467931306
            ],
            [
              -71.20695602389783,
              -32.762986467931306
            ],
            [
              -71.20695602389783,
              -32.762987456718136
            ],
            [
              -71.20695717653864,
              -32.762987456718136
            ],
            [
              -71.20695717653864,
              -32.76298844550496
            ],
            [
              -71.20695948182026,
              -32.76298844550496
            ],
            [
              -71.20695948182026,
              -32.76298943429179
            ],
            [
              -71.20696063446108,
              -32.76298943429179
            ],
            [
              -71.20696063446108,
              -32.76299042307862
            ],
            [
              -71.20696293974271,
              -32.76299042307862
            ],
            [
              -71.20696293974271,
              -32.76299141186544
            ],
            [
              -71.20696409238352,
              -32.76299141186544
            ],
            [
              -71.20696409238352,
              -32.76299240065227
            ],
            [
              -71.20696524502434,
              -32.76299240065227
            ],
            [
              -71.20696524502434,
              -32.7629933894391
            ],
            [
              -71.20696755030595,
              -32.7629933894391
            ],
            [
              -71.20696755030595,
              -32.762994378225926
            ],
            [
              -71.20696870294677,
              -32.762994378225926
            ],
            [
              -71.20696870294677,
              -32.762995367012756
            ],
            [
              -71.2069710082284,
              -32.762995367012756
            ],
            [
              -71.2069710082284,
              -32.76299635579959
            ],
            [
              -71.2069721608692,
              -32.76299635579959
            ],
            [
              -71.2069721608692,
              -32.76299734458641
            ],
            [
              -71.20697446615083,
              -32.76299734458641
            ],
            [
              -71.20697446615083,
              -32.76299833337324
            ],
            [
              -71.20697561879165,
              -32.76299833337324
            ],
            [
              -71.20697561879165,
              -32.76299932216007
            ],
            [
              -71.20697792407327,
              -32.76299932216007
            ],
            [
              -71.20697792407327,
              -32.7630003109469
            ],
            [
              -71.20697907671408,
              -32.7630003109469
            ],
            [
              -71.20697907671408,
              -32.76300129973372
            ],
            [
              -71.2069813819957,
              -32.76300129973372
            ],
            [
              -71.2069813819957,
              -32.76300228852055
            ],
            [
              -71.20698253463651,
              -32.76300228852055
            ],
            [
              -71.20698253463651,
              -32.763003277307384
            ],
            [
              -71.20698368727733,
              -32.763003277307384
            ],
            [
              -71.20698368727733,
              -32.76300426609421
            ],
            [
              -71.20698599255896,
              -32.76300426609421
            ],
            [
              -71.20698599255896,
              -32.76300525488104
            ],
            [
              -71.20698714519976,
              -32.76300525488104
            ],
            [
              -71.20698714519976,
              -32.76300624366787
            ],
            [
              -71.20698945048139,
              -32.76300624366787
            ],
            [
              -71.20698945048139,
              -32.76300723245469
            ],
            [
              -71.2069906031222,
              -32.76300723245469
            ],
            [
              -71.2069906031222,
              -32.76300822124152
            ],
            [
              -71.20699290840382,
              -32.76300822124152
            ],
            [
              -71.20699290840382,
              -32.76300921002835
            ],
            [
              -71.20699406104464,
              -32.76300921002835
            ],
            [
              -71.20699406104464,
              -32.763010198815174
            ],
            [
              -71.20699636632627,
              -32.763010198815174
            ],
            [
              -71.20699636632627,
              -32.763011187602004
            ],
            [
              -71.20699751896707,
              -32.763011187602004
            ],
            [
              -71.20699751896707,
              -32.763012176388834
            ],
            [
              -71.2069998242487,
              -32.763012176388834
            ],
            [
              -71.2069998242487,
              -32.76301316517566
            ],
            [
              -71.20700097688952,
              -32.76301316517566
            ],
            [
              -71.20700097688952,
              -32.76301415396249
            ],
            [
              -71.20700212953032,
              -32.76301415396249
            ],
            [
              -71.20700212953032,
              -32.76301514274932
            ],
            [
              -71.20700443481195,
              -32.76301514274932
            ],
            [
              -71.20700443481195,
              -32.76301613153615
            ],
            [
              -71.20700558745276,
              -32.76301613153615
            ],
            [
              -71.20700558745276,
              -32.76301712032297
            ],
            [
              -71.20700789273438,
              -32.76301712032297
            ],
            [
              -71.20700789273438,
              -32.7630181091098
            ],
            [
              -71.2070090453752,
              -32.7630181091098
            ],
            [
              -71.2070090453752,
              -32.76301909789663
            ],
            [
              -71.20701135065683,
              -32.76301909789663
            ],
            [
              -71.20701135065683,
              -32.763020086683454
            ],
            [
              -71.20701250329763,
              -32.763020086683454
            ],
            [
              -71.20701250329763,
              -32.763021075470284
            ],
            [
              -71.20701480857926,
              -32.763021075470284
            ],
            [
              -71.20701480857926,
              -32.763022064257115
            ],
            [
              -71.20701596122007,
              -32.763022064257115
            ],
            [
              -71.20701596122007,
              -32.76302305304394
            ],
            [
              -71.20701826650169,
              -32.76302305304394
            ],
            [
              -71.20701826650169,
              -32.76302404183077
            ],
            [
              -71.20701941914251,
              -32.76302404183077
            ],
            [
              -71.20701941914251,
              -32.7630250306176
            ],
            [
              -71.20702172442414,
              -32.7630250306176
            ],
            [
              -71.20702172442414,
              -32.76302601940442
            ],
            [
              -71.20702287706494,
              -32.76302601940442
            ],
            [
              -71.20702287706494,
              -32.76302700819125
            ],
            [
              -71.20702402970576,
              -32.76302700819125
            ],
            [
              -71.20702402970576,
              -32.76302799697808
            ],
            [
              -71.20702633498739,
              -32.76302799697808
            ],
            [
              -71.20702633498739,
              -32.763028985764905
            ],
            [
              -71.2070274876282,
              -32.763028985764905
            ],
            [
              -71.2070274876282,
              -32.763029974551735
            ],
            [
              -71.20702979290982,
              -32.763029974551735
            ],
            [
              -71.20702979290982,
              -32.763030963338565
            ],
            [
              -71.20703094555063,
              -32.763030963338565
            ],
            [
              -71.20703094555063,
              -32.763031952125395
            ],
            [
              -71.20703325083225,
              -32.763031952125395
            ],
            [
              -71.20703325083225,
              -32.76303294091222
            ],
            [
              -71.20703440347307,
              -32.76303294091222
            ],
            [
              -71.20703440347307,
              -32.76303392969905
            ],
            [
              -71.2070367087547,
              -32.76303392969905
            ],
            [
              -71.2070367087547,
              -32.76303491848588
            ],
            [
              -71.2070378613955,
              -32.76303491848588
            ],
            [
              -71.2070378613955,
              -32.7630359072727
            ],
            [
              -71.20704016667713,
              -32.7630359072727
            ],
            [
              -71.20704016667713,
              -32.76303689605953
            ],
            [
              -71.20704131931794,
              -32.76303689605953
            ],
            [
              -71.20704131931794,
              -32.76303788484636
            ],
            [
              -71.20704247195876,
              -32.76303788484636
            ],
            [
              -71.20704247195876,
              -32.763038873633185
            ],
            [
              -71.20704477724038,
              -32.763038873633185
            ],
            [
              -71.20704477724038,
              -32.763039862420015
            ],
            [
              -71.20704592988119,
              -32.763039862420015
            ],
            [
              -71.20704592988119,
              -32.763040851206846
            ],
            [
              -71.20704823516282,
              -32.763040851206846
            ],
            [
              -71.20704823516282,
              -32.76304183999367
            ],
            [
              -71.20704938780364,
              -32.76304183999367
            ],
            [
              -71.20704938780364,
              -32.7630428287805
            ],
            [
              -71.20705169308525,
              -32.7630428287805
            ],
            [
              -71.20705169308525,
              -32.76304381756733
            ],
            [
              -71.20705284572607,
              -32.76304381756733
            ],
            [
              -71.20705284572607,
              -32.76304480635415
            ],
            [
              -71.2070551510077,
              -32.76304480635415
            ],
            [
              -71.2070551510077,
              -32.76304579514098
            ],
            [
              -71.2070563036485,
              -32.76304579514098
            ],
            [
              -71.2070563036485,
              -32.76304678392781
            ],
            [
              -71.20705860893013,
              -32.76304678392781
            ],
            [
              -71.20705860893013,
              -32.76304777271464
            ],
            [
              -71.20705976157095,
              -32.76304777271464
            ],
            [
              -71.20705976157095,
              -32.763048761501466
            ],
            [
              -71.20706091421175,
              -32.763048761501466
            ],
            [
              -71.20706091421175,
              -32.763049750288296
            ],
            [
              -71.20706321949338,
              -32.763049750288296
            ],
            [
              -71.20706321949338,
              -32.763050739075126
            ],
            [
              -71.20706437213418,
              -32.763050739075126
            ],
            [
              -71.20706437213418,
              -32.76305172786195
            ],
            [
              -71.20706667741581,
              -32.76305172786195
            ],
            [
              -71.20706667741581,
              -32.76305271664878
            ],
            [
              -71.20706783005663,
              -32.76305271664878
            ],
            [
              -71.20706783005663,
              -32.76305370543561
            ],
            [
              -71.20707013533826,
              -32.76305370543561
            ],
            [
              -71.20707013533826,
              -32.76305469422243
            ],
            [
              -71.20707128797906,
              -32.76305469422243
            ],
            [
              -71.20707128797906,
              -32.76305568300926
            ],
            [
              -71.20707359326069,
              -32.76305568300926
            ],
            [
              -71.20707359326069,
              -32.76305667179609
            ],
            [
              -71.20707474590151,
              -32.76305667179609
            ],
            [
              -71.20707474590151,
              -32.763057660582916
            ],
            [
              -71.20707705118312,
              -32.763057660582916
            ],
            [
              -71.20707705118312,
              -32.763058649369746
            ],
            [
              -71.20707820382394,
              -32.763058649369746
            ],
            [
              -71.20707820382394,
              -32.76305963815658
            ],
            [
              -71.20707935646475,
              -32.76305963815658
            ],
            [
              -71.20707935646475,
              -32.7630606269434
            ],
            [
              -71.20708166174637,
              -32.7630606269434
            ],
            [
              -71.20708166174637,
              -32.76306161573023
            ],
            [
              -71.20708281438719,
              -32.76306161573023
            ],
            [
              -71.20708281438719,
              -32.76306260451706
            ],
            [
              -71.20708511966882,
              -32.76306260451706
            ],
            [
              -71.20708511966882,
              -32.76306359330389
            ],
            [
              -71.20708627230962,
              -32.76306359330389
            ],
            [
              -71.20708627230962,
              -32.76306458209071
            ],
            [
              -71.20708857759125,
              -32.76306458209071
            ],
            [
              -71.20708857759125,
              -32.763065570877544
            ],
            [
              -71.20708973023206,
              -32.763065570877544
            ],
            [
              -71.20708973023206,
              -32.763066559664374
            ],
            [
              -71.20709203551368,
              -32.763066559664374
            ],
            [
              -71.20709203551368,
              -32.7630675484512
            ],
            [
              -71.2070931881545,
              -32.7630675484512
            ],
            [
              -71.2070931881545,
              -32.76306853723803
            ],
            [
              -71.20709549343613,
              -32.76306853723803
            ],
            [
              -71.20709549343613,
              -32.76306952602486
            ],
            [
              -71.20709664607693,
              -32.76306952602486
            ],
            [
              -71.20709664607693,
              -32.76307051481168
            ],
            [
              -71.20709779871775,
              -32.76307051481168
            ],
            [
              -71.20709779871775,
              -32.76307150359851
            ],
            [
              -71.20710010399937,
              -32.76307150359851
            ],
            [
              -71.20710010399937,
              -32.76307249238534
            ],
            [
              -71.20710125664019,
              -32.76307249238534
            ],
            [
              -71.20710125664019,
              -32.763073481172164
            ],
            [
              -71.20710356192181,
              -32.763073481172164
            ],
            [
              -71.20710356192181,
              -32.763074469958994
            ],
            [
              -71.20710471456262,
              -32.763074469958994
            ],
            [
              -71.20710471456262,
              -32.763075458745824
            ],
            [
              -71.20710586720344,
              -32.763075458745824
            ],
            [
              -71.20710586720344,
              -32.76307644753265
            ],
            [
              -71.20710817248506,
              -32.76307644753265
            ],
            [
              -71.20710817248506,
              -32.76307743631948
            ],
            [
              -71.20710932512587,
              -32.76307743631948
            ],
            [
              -71.20710932512587,
              -32.76307842510631
            ],
            [
              -71.20711047776669,
              -32.76307842510631
            ],
            [
              -71.20711047776669,
              -32.76307941389314
            ],
            [
              -71.2071127830483,
              -32.76307941389314
            ],
            [
              -71.2071127830483,
              -32.76308040267996
            ],
            [
              -71.20711393568912,
              -32.76308040267996
            ],
            [
              -71.20711393568912,
              -32.76308139146679
            ],
            [
              -71.20711508832993,
              -32.76308139146679
            ],
            [
              -71.20711508832993,
              -32.76308238025362
            ],
            [
              -71.20711739361155,
              -32.76308238025362
            ],
            [
              -71.20711739361155,
              -32.763083369040444
            ],
            [
              -71.20711854625237,
              -32.763083369040444
            ],
            [
              -71.20711854625237,
              -32.763084357827275
            ],
            [
              -71.207120851534,
              -32.763084357827275
            ],
            [
              -71.207120851534,
              -32.763085346614105
            ],
            [
              -71.2071220041748,
              -32.763085346614105
            ],
            [
              -71.2071220041748,
              -32.76308633540093
            ],
            [
              -71.20712315681563,
              -32.76308633540093
            ],
            [
              -71.20712315681563,
              -32.76308732418776
            ],
            [
              -71.20712546209724,
              -32.76308732418776
            ],
            [
              -71.20712546209724,
              -32.76308831297459
            ],
            [
              -71.20712661473806,
              -32.76308831297459
            ],
            [
              -71.20712661473806,
              -32.76308930176141
            ],
            [
              -71.20712776737886,
              -32.76308930176141
            ],
            [
              -71.20712776737886,
              -32.76309029054824
            ],
            [
              -71.20713007266049,
              -32.76309029054824
            ],
            [
              -71.20713007266049,
              -32.76309127933507
            ],
            [
              -71.20713122530131,
              -32.76309127933507
            ],
            [
              -71.20713122530131,
              -32.763092268121895
            ],
            [
              -71.20713353058294,
              -32.763092268121895
            ],
            [
              -71.20713353058294,
              -32.763093256908725
            ],
            [
              -71.20713468322374,
              -32.763093256908725
            ],
            [
              -71.20713468322374,
              -32.763094245695555
            ],
            [
              -71.20713583586456,
              -32.763094245695555
            ],
            [
              -71.20713583586456,
              -32.763095234482385
            ],
            [
              -71.20713814114617,
              -32.763095234482385
            ],
            [
              -71.20713814114617,
              -32.76309622326921
            ],
            [
              -71.207139293787,
              -32.76309622326921
            ],
            [
              -71.207139293787,
              -32.76309721205604
            ],
            [
              -71.2071404464278,
              -32.76309721205604
            ],
            [
              -71.2071404464278,
              -32.76309820084287
            ],
            [
              -71.20714275170943,
              -32.76309820084287
            ],
            [
              -71.20714275170943,
              -32.76309918962969
            ],
            [
              -71.20714390435025,
              -32.76309918962969
            ],
            [
              -71.20714390435025,
              -32.76310017841652
            ],
            [
              -71.20714620963187,
              -32.76310017841652
            ],
            [
              -71.20714620963187,
              -32.76310116720335
            ],
            [
              -71.20714736227268,
              -32.76310116720335
            ],
            [
              -71.20714736227268,
              -32.763102155990175
            ],
            [
              -71.20714851491348,
              -32.763102155990175
            ],
            [
              -71.20714851491348,
              -32.763103144777006
            ],
            [
              -71.20715082019511,
              -32.763103144777006
            ],
            [
              -71.20715082019511,
              -32.763104133563836
            ],
            [
              -71.20715197283593,
              -32.763104133563836
            ],
            [
              -71.20715197283593,
              -32.76310512235066
            ],
            [
              -71.20715312547674,
              -32.76310512235066
            ],
            [
              -71.20715312547674,
              -32.76310611113749
            ],
            [
              -71.20715543075836,
              -32.76310611113749
            ],
            [
              -71.20715543075836,
              -32.76310709992432
            ],
            [
              -71.20715658339918,
              -32.76310709992432
            ],
            [
              -71.20715658339918,
              -32.76310808871114
            ],
            [
              -71.20715773603999,
              -32.76310808871114
            ],
            [
              -71.20715773603999,
              -32.76310907749797
            ],
            [
              -71.20716004132161,
              -32.76310907749797
            ],
            [
              -71.20716004132161,
              -32.7631100662848
            ],
            [
              -71.20716119396242,
              -32.7631100662848
            ],
            [
              -71.20716119396242,
              -32.76311105507163
            ],
            [
              -71.20716349924405,
              -32.76311105507163
            ],
            [
              -71.20716349924405,
              -32.763112043858456
            ],
            [
              -71.20716465188487,
              -32.763112043858456
            ],
            [
              -71.20716465188487,
              -32.763113032645286
            ],
            [
              -71.20716580452567,
              -32.763113032645286
            ],
            [
              -71.20716580452567,
              -32.763114021432116
            ],
            [
              -71.2071681098073,
              -32.763114021432116
            ],
            [
              -71.2071681098073,
              -32.76311501021894
            ],
            [
              -71.20716926244812,
              -32.76311501021894
            ],
            [
              -71.20716926244812,
              -32.76311599900577
            ],
            [
              -71.20717041508892,
              -32.76311599900577
            ],
            [
              -71.20717041508892,
              -32.7631169877926
            ],
            [
              -71.20717272037055,
              -32.7631169877926
            ],
            [
              -71.20717272037055,
              -32.76311797657942
            ],
            [
              -71.20717387301136,
              -32.76311797657942
            ],
            [
              -71.20717387301136,
              -32.76311896536625
            ],
            [
              -71.20717617829298,
              -32.76311896536625
            ],
            [
              -71.20717617829298,
              -32.76311995415308
            ],
            [
              -71.2071773309338,
              -32.76311995415308
            ],
            [
              -71.2071773309338,
              -32.763120942939906
            ],
            [
              -71.20717848357461,
              -32.763120942939906
            ],
            [
              -71.20717848357461,
              -32.76312193172674
            ],
            [
              -71.20718078885623,
              -32.76312193172674
            ],
            [
              -71.20718078885623,
              -32.76312292051357
            ],
            [
              -71.20718194149705,
              -32.76312292051357
            ],
            [
              -71.20718194149705,
              -32.76312390930039
            ],
            [
              -71.20718309413786,
              -32.76312390930039
            ],
            [
              -71.20718309413786,
              -32.76312489808722
            ],
            [
              -71.20718539941949,
              -32.76312489808722
            ],
            [
              -71.20718539941949,
              -32.76312588687405
            ],
            [
              -71.20718655206029,
              -32.76312588687405
            ],
            [
              -71.20718655206029,
              -32.76312687566088
            ],
            [
              -71.20718885734192,
              -32.76312687566088
            ],
            [
              -71.20718885734192,
              -32.7631278644477
            ],
            [
              -71.20719000998274,
              -32.7631278644477
            ],
            [
              -71.20719000998274,
              -32.763128853234534
            ],
            [
              -71.20719116262354,
              -32.763128853234534
            ],
            [
              -71.20719116262354,
              -32.763129842021364
            ],
            [
              -71.20719346790517,
              -32.763129842021364
            ],
            [
              -71.20719346790517,
              -32.76313083080819
            ],
            [
              -71.20719462054599,
              -32.76313083080819
            ],
            [
              -71.20719462054599,
              -32.76313181959502
            ],
            [
              -71.2071957731868,
              -32.76313181959502
            ],
            [
              -71.2071957731868,
              -32.76313280838185
            ],
            [
              -71.20719807846842,
              -32.76313280838185
            ],
            [
              -71.20719807846842,
              -32.76313379716867
            ],
            [
              -71.20719923110923,
              -32.76313379716867
            ],
            [
              -71.20719923110923,
              -32.7631347859555
            ],
            [
              -71.20720153639085,
              -32.7631347859555
            ],
            [
              -71.20720153639085,
              -32.76313577474233
            ],
            [
              -71.20720268903167,
              -32.76313577474233
            ],
            [
              -71.20720268903167,
              -32.763136763529154
            ],
            [
              -71.20720384167248,
              -32.763136763529154
            ],
            [
              -71.20720384167248,
              -32.763137752315984
            ],
            [
              -71.2072061469541,
              -32.763137752315984
            ],
            [
              -71.2072061469541,
              -32.763138741102814
            ],
            [
              -71.20720729959493,
              -32.763138741102814
            ],
            [
              -71.20720729959493,
              -32.76313972988964
            ],
            [
              -71.20720845223573,
              -32.76313972988964
            ],
            [
              -71.20720845223573,
              -32.76314071867647
            ],
            [
              -71.20721075751736,
              -32.76314071867647
            ],
            [
              -71.20721075751736,
              -32.7631417074633
            ],
            [
              -71.20721191015816,
              -32.7631417074633
            ],
            [
              -71.20721191015816,
              -32.76314269625013
            ],
            [
              -71.20721306279898,
              -32.76314269625013
            ],
            [
              -71.20721306279898,
              -32.76314368503695
            ],
            [
              -71.20721536808061,
              -32.76314368503695
            ],
            [
              -71.20721536808061,
              -32.76314467382378
            ],
            [
              -71.20721652072142,
              -32.76314467382378
            ],
            [
              -71.20721652072142,
              -32.76314566261061
            ],
            [
              -71.20721882600304,
              -32.76314566261061
            ],
            [
              -71.20721882600304,
              -32.763146651397435
            ],
            [
              -71.20721997864386,
              -32.763146651397435
            ],
            [
              -71.20721997864386,
              -32.763147640184265
            ],
            [
              -71.20722113128467,
              -32.763147640184265
            ],
            [
              -71.20722113128467,
              -32.763148628971095
            ],
            [
              -71.2072234365663,
              -32.763148628971095
            ],
            [
              -71.2072234365663,
              -32.76314961775792
            ],
            [
              -71.2072245892071,
              -32.76314961775792
            ],
            [
              -71.2072245892071,
              -32.76315060654475
            ],
            [
              -71.20722574184792,
              -32.76315060654475
            ],
            [
              -71.20722574184792,
              -32.76315159533158
            ],
            [
              -71.20722804712955,
              -32.76315159533158
            ],
            [
              -71.20722804712955,
              -32.7631525841184
            ],
            [
              -71.20722919977035,
              -32.7631525841184
            ],
            [
              -71.20722919977035,
              -32.76315357290523
            ],
            [
              -71.20723150505198,
              -32.76315357290523
            ],
            [
              -71.20723150505198,
              -32.76315456169206
            ],
            [
              -71.2072326576928,
              -32.76315456169206
            ],
            [
              -71.2072326576928,
              -32.763155550478885
            ],
            [
              -71.2072338103336,
              -32.763155550478885
            ],
            [
              -71.2072338103336,
              -32.763156539265715
            ],
            [
              -71.20723611561523,
              -32.763156539265715
            ],
            [
              -71.20723611561523,
              -32.763157528052545
            ],
            [
              -71.20723726825604,
              -32.763157528052545
            ],
            [
              -71.20723726825604,
              -32.763158516839376
            ],
            [
              -71.20723842089686,
              -32.763158516839376
            ],
            [
              -71.20723842089686,
              -32.7631595056262
            ],
            [
              -71.20724072617848,
              -32.7631595056262
            ],
            [
              -71.20724072617848,
              -32.76316049441303
            ],
            [
              -71.20724187881929,
              -32.76316049441303
            ],
            [
              -71.20724187881929,
              -32.76316148319986
            ],
            [
              -71.20724418410092,
              -32.76316148319986
            ],
            [
              -71.20724418410092,
              -32.76316247198668
            ],
            [
              -71.20724533674174,
              -32.76316247198668
            ],
            [
              -71.20724533674174,
              -32.76316346077351
            ],
            [
              -71.20724648938254,
              -32.76316346077351
            ],
            [
              -71.20724648938254,
              -32.76316444956034
            ],
            [
              -71.20724879466417,
              -32.76316444956034
            ],
            [
              -71.20724879466417,
              -32.763165438347166
            ],
            [
              -71.20724994730497,
              -32.763165438347166
            ],
            [
              -71.20724994730497,
              -32.763166427133996
            ],
            [
              -71.2072510999458,
              -32.763166427133996
            ],
            [
              -71.2072510999458,
              -32.763167415920826
            ],
            [
              -71.20725340522742,
              -32.763167415920826
            ],
            [
              -71.20725340522742,
              -32.76316840470765
            ],
            [
              -71.20725455786823,
              -32.76316840470765
            ],
            [
              -71.20725455786823,
              -32.76316939349448
            ],
            [
              -71.20725686314985,
              -32.76316939349448
            ],
            [
              -71.20725686314985,
              -32.76317038228131
            ],
            [
              -71.20725801579066,
              -32.76317038228131
            ],
            [
              -71.20725801579066,
              -32.76317137106813
            ],
            [
              -71.20725916843148,
              -32.76317137106813
            ],
            [
              -71.20725916843148,
              -32.76317235985496
            ],
            [
              -71.2072614737131,
              -32.76317235985496
            ],
            [
              -71.2072614737131,
              -32.76317334864179
            ],
            [
              -71.20726262635391,
              -32.76317334864179
            ],
            [
              -71.20726262635391,
              -32.76317433742862
            ],
            [
              -71.20726377899473,
              -32.76317433742862
            ],
            [
              -71.20726377899473,
              -32.763175326215446
            ],
            [
              -71.20726608427636,
              -32.763175326215446
            ],
            [
              -71.20726608427636,
              -32.763176315002276
            ],
            [
              -71.20726723691716,
              -32.763176315002276
            ],
            [
              -71.20726723691716,
              -32.76317730378911
            ],
            [
              -71.20726838955798,
              -32.76317730378911
            ],
            [
              -71.20726838955798,
              -32.76317829257593
            ],
            [
              -71.2072706948396,
              -32.76317829257593
            ],
            [
              -71.2072706948396,
              -32.76317928136276
            ],
            [
              -71.20727184748041,
              -32.76317928136276
            ],
            [
              -71.20727184748041,
              -32.76318027014959
            ],
            [
              -71.20727415276204,
              -32.76318027014959
            ],
            [
              -71.20727415276204,
              -32.76318125893641
            ],
            [
              -71.20727530540285,
              -32.76318125893641
            ],
            [
              -71.20727530540285,
              -32.76318224772324
            ],
            [
              -71.20727645804367,
              -32.76318224772324
            ],
            [
              -71.20727645804367,
              -32.76318323651007
            ],
            [
              -71.20727876332529,
              -32.76318323651007
            ],
            [
              -71.20727876332529,
              -32.7631842252969
            ],
            [
              -71.2072799159661,
              -32.7631842252969
            ],
            [
              -71.2072799159661,
              -32.76318521408373
            ],
            [
              -71.20728106860692,
              -32.76318521408373
            ],
            [
              -71.20728106860692,
              -32.76318620287056
            ],
            [
              -71.20728337388853,
              -32.76318620287056
            ],
            [
              -71.20728337388853,
              -32.76318719165738
            ],
            [
              -71.20728452652935,
              -32.76318719165738
            ],
            [
              -71.20728452652935,
              -32.76318818044421
            ],
            [
              -71.20728683181098,
              -32.76318818044421
            ],
            [
              -71.20728683181098,
              -32.76318916923104
            ],
            [
              -71.20728798445178,
              -32.76318916923104
            ],
            [
              -71.20728798445178,
              -32.76319015801787
            ],
            [
              -71.2072891370926,
              -32.76319015801787
            ],
            [
              -71.2072891370926,
              -32.763191146804694
            ],
            [
              -71.20729144237423,
              -32.763191146804694
            ],
            [
              -71.20729144237423,
              -32.763192135591524
            ],
            [
              -71.20729259501503,
              -32.763192135591524
            ],
            [
              -71.20729259501503,
              -32.763193124378354
            ],
            [
              -71.20729374765585,
              -32.763193124378354
            ],
            [
              -71.20729374765585,
              -32.76319411316518
            ],
            [
              -71.20729605293747,
              -32.76319411316518
            ],
            [
              -71.20729605293747,
              -32.76319510195201
            ],
            [
              -71.20729720557829,
              -32.76319510195201
            ],
            [
              -71.20729720557829,
              -32.76319609073884
            ],
            [
              -71.20729951085991,
              -32.76319609073884
            ],
            [
              -71.20729951085991,
              -32.76319707952566
            ],
            [
              -71.20730066350072,
              -32.76319707952566
            ],
            [
              -71.20730066350072,
              -32.76319806831249
            ],
            [
              -71.20730181614154,
              -32.76319806831249
            ],
            [
              -71.20730181614154,
              -32.76319905709932
            ],
            [
              -71.20730412142316,
              -32.76319905709932
            ],
            [
              -71.20730412142316,
              -32.763200045886144
            ],
            [
              -71.20730527406397,
              -32.763200045886144
            ],
            [
              -71.20730527406397,
              -32.763201034672974
            ],
            [
              -71.20730642670478,
              -32.763201034672974
            ],
            [
              -71.20730642670478,
              -32.763202023459804
            ],
            [
              -71.2073087319864,
              -32.763202023459804
            ],
            [
              -71.2073087319864,
              -32.76320301224663
            ],
            [
              -71.20730988462722,
              -32.76320301224663
            ],
            [
              -71.20730988462722,
              -32.76320400103346
            ],
            [
              -71.20731103726803,
              -32.76320400103346
            ],
            [
              -71.20731103726803,
              -32.76320498982029
            ],
            [
              -71.20731334254965,
              -32.76320498982029
            ],
            [
              -71.20731334254965,
              -32.76320597860712
            ],
            [
              -71.20731449519047,
              -32.76320597860712
            ],
            [
              -71.20731449519047,
              -32.76320696739394
            ],
            [
              -71.2073168004721,
              -32.76320696739394
            ],
            [
              -71.2073168004721,
              -32.76320795618077
            ],
            [
              -71.2073179531129,
              -32.76320795618077
            ],
            [
              -71.2073179531129,
              -32.7632089449676
            ],
            [
              -71.20731910575371,
              -32.7632089449676
            ],
            [
              -71.20731910575371,
              -32.763209933754425
            ],
            [
              -71.20732141103534,
              -32.763209933754425
            ],
            [
              -71.20732141103534,
              -32.763210922541255
            ],
            [
              -71.20732256367616,
              -32.763210922541255
            ],
            [
              -71.20732256367616,
              -32.763211911328085
            ],
            [
              -71.20732371631696,
              -32.763211911328085
            ],
            [
              -71.20732371631696,
              -32.76321290011491
            ],
            [
              -71.20732602159859,
              -32.76321290011491
            ],
            [
              -71.20732602159859,
              -32.76321388890174
            ],
            [
              -71.20732717423941,
              -32.76321388890174
            ],
            [
              -71.20732717423941,
              -32.76321487768857
            ],
            [
              -71.20732947952104,
              -32.76321487768857
            ],
            [
              -71.20732947952104,
              -32.76321586647539
            ],
            [
              -71.20733063216184,
              -32.76321586647539
            ],
            [
              -71.20733063216184,
              -32.76321685526222
            ],
            [
              -71.20733178480265,
              -32.76321685526222
            ],
            [
              -71.20733178480265,
              -32.76321784404905
            ],
            [
              -71.20733409008427,
              -32.76321784404905
            ],
            [
              -71.20733409008427,
              -32.763218832835875
            ],
            [
              -71.2073352427251,
              -32.763218832835875
            ],
            [
              -71.2073352427251,
              -32.763219821622705
            ],
            [
              -71.2073363953659,
              -32.763219821622705
            ],
            [
              -71.2073363953659,
              -32.763220810409535
            ],
            [
              -71.20733870064753,
              -32.763220810409535
            ],
            [
              -71.20733870064753,
              -32.763221799196366
            ],
            [
              -71.20733985328835,
              -32.763221799196366
            ],
            [
              -71.20733985328835,
              -32.76322278798319
            ],
            [
              -71.20734215856997,
              -32.76322278798319
            ],
            [
              -71.20734215856997,
              -32.76322377677002
            ],
            [
              -71.20734331121078,
              -32.76322377677002
            ],
            [
              -71.20734331121078,
              -32.76322476555685
            ],
            [
              -71.20734446385158,
              -32.76322476555685
            ],
            [
              -71.20734446385158,
              -32.76322575434367
            ],
            [
              -71.20734676913321,
              -32.76322575434367
            ],
            [
              -71.20734676913321,
              -32.7632267431305
            ],
            [
              -71.20734792177403,
              -32.7632267431305
            ],
            [
              -71.20734792177403,
              -32.76322773191733
            ],
            [
              -71.20734907441484,
              -32.76322773191733
            ],
            [
              -71.20734907441484,
              -32.763228720704156
            ],
            [
              -71.20735137969646,
              -32.763228720704156
            ],
            [
              -71.20735137969646,
              -32.763229709490986
            ],
            [
              -71.20735253233728,
              -32.763229709490986
            ],
            [
              -71.20735253233728,
              -32.763230698277816
            ],
            [
              -71.2073548376189,
              -32.763230698277816
            ],
            [
              -71.2073548376189,
              -32.76323168706464
            ],
            [
              -71.20735599025971,
              -32.76323168706464
            ],
            [
              -71.20735599025971,
              -32.76323267585147
            ],
            [
              -71.20735714290052,
              -32.76323267585147
            ],
            [
              -71.20735714290052,
              -32.7632336646383
            ],
            [
              -71.20735944818215,
              -32.7632336646383
            ],
            [
              -71.20735944818215,
              -32.76323465342512
            ],
            [
              -71.20736060082297,
              -32.76323465342512
            ],
            [
              -71.20736060082297,
              -32.76323564221195
            ],
            [
              -71.20736175346377,
              -32.76323564221195
            ],
            [
              -71.20736175346377,
              -32.76323663099878
            ],
            [
              -71.2073640587454,
              -32.76323663099878
            ],
            [
              -71.2073640587454,
              -32.76323761978561
            ],
            [
              -71.20736521138622,
              -32.76323761978561
            ],
            [
              -71.20736521138622,
              -32.763238608572436
            ],
            [
              -71.20736636402702,
              -32.763238608572436
            ],
            [
              -71.20736636402702,
              -32.76323959735927
            ],
            [
              -71.20736866930865,
              -32.76323959735927
            ],
            [
              -71.20736866930865,
              -32.7632405861461
            ],
            [
              -71.20736982194946,
              -32.7632405861461
            ],
            [
              -71.20736982194946,
              -32.76324157493292
            ],
            [
              -71.20737212723108,
              -32.76324157493292
            ],
            [
              -71.20737212723108,
              -32.76324256371975
            ],
            [
              -71.2073732798719,
              -32.76324256371975
            ],
            [
              -71.2073732798719,
              -32.76324355250658
            ],
            [
              -71.20737443251271,
              -32.76324355250658
            ],
            [
              -71.20737443251271,
              -32.7632445412934
            ],
            [
              -71.20737673779433,
              -32.7632445412934
            ],
            [
              -71.20737673779433,
              -32.76324553008023
            ],
            [
              -71.20737789043515,
              -32.76324553008023
            ],
            [
              -71.20737789043515,
              -32.763246518867064
            ],
            [
              -71.20737904307596,
              -32.763246518867064
            ],
            [
              -71.20737904307596,
              -32.76324750765389
            ],
            [
              -71.20738134835759,
              -32.76324750765389
            ],
            [
              -71.20738134835759,
              -32.76324849644072
            ],
            [
              -71.20738250099839,
              -32.76324849644072
            ],
            [
              -71.20738250099839,
              -32.76324948522755
            ],
            [
              -71.20738480628002,
              -32.76324948522755
            ],
            [
              -71.20738480628002,
              -32.76325047401437
            ],
            [
              -71.20738595892084,
              -32.76325047401437
            ],
            [
              -71.20738595892084,
              -32.7632514628012
            ],
            [
              -71.20738711156164,
              -32.7632514628012
            ],
            [
              -71.20738711156164,
              -32.76325245158803
            ],
            [
              -71.20738941684327,
              -32.76325245158803
            ],
            [
              -71.20738941684327,
              -32.763253440374854
            ],
            [
              -71.20739056948409,
              -32.763253440374854
            ],
            [
              -71.20739056948409,
              -32.763254429161684
            ],
            [
              -71.2073917221249,
              -32.763254429161684
            ],
            [
              -71.2073917221249,
              -32.763255417948514
            ],
            [
              -71.20739402740652,
              -32.763255417948514
            ],
            [
              -71.20739402740652,
              -32.763256406735344
            ],
            [
              -71.20739518004733,
              -32.763256406735344
            ],
            [
              -71.20739518004733,
              -32.76325739552217
            ],
            [
              -71.20739748532895,
              -32.76325739552217
            ],
            [
              -71.20739748532895,
              -32.763258384309
            ],
            [
              -71.20739863796977,
              -32.763258384309
            ],
            [
              -71.20739863796977,
              -32.76325937309583
            ],
            [
              -71.20739979061058,
              -32.76325937309583
            ],
            [
              -71.20739979061058,
              -32.76326036188265
            ],
            [
              -71.2074020958922,
              -32.76326036188265
            ],
            [
              -71.2074020958922,
              -32.76326135066948
            ],
            [
              -71.20740324853303,
              -32.76326135066948
            ],
            [
              -71.20740324853303,
              -32.76326233945631
            ],
            [
              -71.20740440117383,
              -32.76326233945631
            ],
            [
              -71.20740440117383,
              -32.763263328243134
            ],
            [
              -71.20740670645546,
              -32.763263328243134
            ],
            [
              -71.20740670645546,
              -32.763264317029964
            ],
            [
              -71.20740785909626,
              -32.763264317029964
            ],
            [
              -71.20740785909626,
              -32.763265305816795
            ],
            [
              -71.20741016437789,
              -32.763265305816795
            ],
            [
              -71.20741016437789,
              -32.76326629460362
            ],
            [
              -71.20741131701871,
              -32.76326629460362
            ],
            [
              -71.20741131701871,
              -32.76326728339045
            ],
            [
              -71.20741246965952,
              -32.76326728339045
            ],
            [
              -71.20741246965952,
              -32.76326827217728
            ],
            [
              -71.20741477494114,
              -32.76326827217728
            ],
            [
              -71.20741477494114,
              -32.7632692609641
            ],
            [
              -71.20741592758195,
              -32.7632692609641
            ],
            [
              -71.20741592758195,
              -32.76327024975093
            ],
            [
              -71.20741708022277,
              -32.76327024975093
            ],
            [
              -71.20741708022277,
              -32.76327123853776
            ],
            [
              -71.2074193855044,
              -32.76327123853776
            ],
            [
              -71.2074193855044,
              -32.76327222732459
            ],
            [
              -71.2074205381452,
              -32.76327222732459
            ],
            [
              -71.2074205381452,
              -32.763273216111415
            ],
            [
              -71.20742169078602,
              -32.763273216111415
            ],
            [
              -71.20742169078602,
              -32.763274204898245
            ],
            [
              -71.20742399606765,
              -32.763274204898245
            ],
            [
              -71.20742399606765,
              -32.763275193685075
            ],
            [
              -71.20742514870845,
              -32.763275193685075
            ],
            [
              -71.20742514870845,
              -32.7632761824719
            ],
            [
              -71.20742745399008,
              -32.7632761824719
            ],
            [
              -71.20742745399008,
              -32.76327717125873
            ],
            [
              -71.20742860663088,
              -32.76327717125873
            ],
            [
              -71.20742860663088,
              -32.76327816004556
            ],
            [
              -71.2074297592717,
              -32.76327816004556
            ],
            [
              -71.2074297592717,
              -32.76327914883238
            ],
            [
              -71.20743206455333,
              -32.76327914883238
            ],
            [
              -71.20743206455333,
              -32.76328013761921
            ],
            [
              -71.20743321719414,
              -32.76328013761921
            ],
            [
              -71.20743321719414,
              -32.76328112640604
            ],
            [
              -71.20743436983496,
              -32.76328112640604
            ],
            [
              -71.20743436983496,
              -32.763282115192865
            ],
            [
              -71.20743667511658,
              -32.763282115192865
            ],
            [
              -71.20743667511658,
              -32.763283103979695
            ],
            [
              -71.20743782775739,
              -32.763283103979695
            ],
            [
              -71.20743782775739,
              -32.763284092766526
            ],
            [
              -71.20744013303901,
              -32.763284092766526
            ],
            [
              -71.20744013303901,
              -32.76328508155335
            ],
            [
              -71.20744128567982,
              -32.76328508155335
            ],
            [
              -71.20744128567982,
              -32.76328607034018
            ],
            [
              -71.20744243832064,
              -32.76328607034018
            ],
            [
              -71.20744243832064,
              -32.76328705912701
            ],
            [
              -71.20744474360227,
              -32.76328705912701
            ],
            [
              -71.20744474360227,
              -32.76328804791384
            ],
            [
              -71.20744589624307,
              -32.76328804791384
            ],
            [
              -71.20744589624307,
              -32.76328903670066
            ],
            [
              -71.20744704888389,
              -32.76328903670066
            ],
            [
              -71.20744704888389,
              -32.76329002548749
            ],
            [
              -71.20744935416552,
              -32.76329002548749
            ],
            [
              -71.20744935416552,
              -32.76329101427432
            ],
            [
              -71.20745050680632,
              -32.76329101427432
            ],
            [
              -71.20745050680632,
              -32.763292003061146
            ],
            [
              -71.20745281208795,
              -32.763292003061146
            ],
            [
              -71.20745281208795,
              -32.763292991847976
            ],
            [
              -71.20745396472876,
              -32.763292991847976
            ],
            [
              -71.20745396472876,
              -32.763293980634806
            ],
            [
              -71.20745511736958,
              -32.763293980634806
            ],
            [
              -71.20745511736958,
              -32.76329496942163
            ],
            [
              -71.2074574226512,
              -32.76329496942163
            ],
            [
              -71.2074574226512,
              -32.76329595820846
            ],
            [
              -71.20745857529201,
              -32.76329595820846
            ],
            [
              -71.20745857529201,
              -32.76329694699529
            ],
            [
              -71.20745972793283,
              -32.76329694699529
            ],
            [
              -71.20745972793283,
              -32.76329793578211
            ],
            [
              -71.20746203321445,
              -32.76329793578211
            ],
            [
              -71.20746203321445,
              -32.76329892456894
            ],
            [
              -71.20746318585526,
              -32.76329892456894
            ],
            [
              -71.20746318585526,
              -32.76329991335577
            ],
            [
              -71.20746433849607,
              -32.76329991335577
            ],
            [
              -71.20746433849607,
              -32.763300902142596
            ],
            [
              -71.20746664377769,
              -32.763300902142596
            ],
            [
              -71.20746664377769,
              -32.76330189092943
            ],
            [
              -71.20746779641851,
              -32.76330189092943
            ],
            [
              -71.20746779641851,
              -32.76330287971626
            ],
            [
              -71.20747010170014,
              -32.76330287971626
            ],
            [
              -71.20747010170014,
              -32.76330386850309
            ],
            [
              -71.20747125434094,
              -32.76330386850309
            ],
            [
              -71.20747125434094,
              -32.76330485728991
            ],
            [
              -71.20747240698176,
              -32.76330485728991
            ],
            [
              -71.20747240698176,
              -32.76330584607674
            ],
            [
              -71.20747471226339,
              -32.76330584607674
            ],
            [
              -71.20747471226339,
              -32.76330683486357
            ],
            [
              -71.2074758649042,
              -32.76330683486357
            ],
            [
              -71.2074758649042,
              -32.76330782365039
            ],
            [
              -71.207477017545,
              -32.76330782365039
            ],
            [
              -71.207477017545,
              -32.763308812437224
            ],
            [
              -71.20747932282663,
              -32.763308812437224
            ],
            [
              -71.20747932282663,
              -32.763309801224054
            ],
            [
              -71.20748047546745,
              -32.763309801224054
            ],
            [
              -71.20748047546745,
              -32.76331079001088
            ],
            [
              -71.20748278074907,
              -32.76331079001088
            ],
            [
              -71.20748278074907,
              -32.76331177879771
            ],
            [
              -71.20748393338988,
              -32.76331177879771
            ],
            [
              -71.20748393338988,
              -32.76331276758454
            ],
            [
              -71.2074850860307,
              -32.76331276758454
            ],
            [
              -71.2074850860307,
              -32.76331375637136
            ],
            [
              -71.20748739131233,
              -32.76331375637136
            ],
            [
              -71.20748739131233,
              -32.76331474515819
            ],
            [
              -71.20748854395313,
              -32.76331474515819
            ],
            [
              -71.20748854395313,
              -32.76331573394502
            ],
            [
              -71.20748969659394,
              -32.76331573394502
            ],
            [
              -71.20748969659394,
              -32.763316722731844
            ],
            [
              -71.20749200187556,
              -32.763316722731844
            ],
            [
              -71.20749200187556,
              -32.763317711518674
            ],
            [
              -71.20749315451638,
              -32.763317711518674
            ],
            [
              -71.20749315451638,
              -32.763318700305504
            ],
            [
              -71.20749545979801,
              -32.763318700305504
            ],
            [
              -71.20749545979801,
              -32.763319689092334
            ],
            [
              -71.20749661243882,
              -32.763319689092334
            ],
            [
              -71.20749661243882,
              -32.76332067787916
            ],
            [
              -71.20749776507964,
              -32.76332067787916
            ],
            [
              -71.20749776507964,
              -32.76332166666599
            ],
            [
              -71.20750007036126,
              -32.76332166666599
            ],
            [
              -71.20750007036126,
              -32.76332265545282
            ],
            [
              -71.20750122300207,
              -32.76332265545282
            ],
            [
              -71.20750122300207,
              -32.76332364423964
            ],
            [
              -71.20750237564287,
              -32.76332364423964
            ],
            [
              -71.20750237564287,
              -32.76332463302647
            ],
            [
              -71.2075046809245,
              -32.76332463302647
            ],
            [
              -71.2075046809245,
              -32.7633256218133
            ],
            [
              -71.20750583356532,
              -32.7633256218133
            ],
            [
              -71.20750583356532,
              -32.763326610600124
            ],
            [
              -71.20750813884695,
              -32.763326610600124
            ],
            [
              -71.20750813884695,
              -32.763327599386955
            ],
            [
              -71.20750929148775,
              -32.763327599386955
            ],
            [
              -71.20750929148775,
              -32.763328588173785
            ],
            [
              -71.20751044412857,
              -32.763328588173785
            ],
            [
              -71.20751044412857,
              -32.76332957696061
            ],
            [
              -71.20751274941018,
              -32.76332957696061
            ],
            [
              -71.20751274941018,
              -32.76333056574744
            ],
            [
              -71.207513902051,
              -32.76333056574744
            ],
            [
              -71.207513902051,
              -32.76333155453427
            ],
            [
              -71.20751505469181,
              -32.76333155453427
            ],
            [
              -71.20751505469181,
              -32.76333254332109
            ],
            [
              -71.20751735997344,
              -32.76333254332109
            ],
            [
              -71.20751735997344,
              -32.76333353210792
            ],
            [
              -71.20751851261426,
              -32.76333353210792
            ],
            [
              -71.20751851261426,
              -32.76333452089475
            ],
            [
              -71.20751966525506,
              -32.76333452089475
            ],
            [
              -71.20751966525506,
              -32.76333550968158
            ],
            [
              -71.20752197053669,
              -32.76333550968158
            ],
            [
              -71.20752197053669,
              -32.763336498468405
            ],
            [
              -71.20752312317751,
              -32.763336498468405
            ],
            [
              -71.20752312317751,
              -32.763337487255235
            ],
            [
              -71.20752542845912,
              -32.763337487255235
            ],
            [
              -71.20752542845912,
              -32.763338476042065
            ],
            [
              -71.20752658109994,
              -32.763338476042065
            ],
            [
              -71.20752658109994,
              -32.76333946482889
            ],
            [
              -71.20752773374075,
              -32.76333946482889
            ],
            [
              -71.20752773374075,
              -32.76334045361572
            ],
            [
              -71.20753003902237,
              -32.76334045361572
            ],
            [
              -71.20753003902237,
              -32.76334144240255
            ],
            [
              -71.2075311916632,
              -32.76334144240255
            ],
            [
              -71.2075311916632,
              -32.76334243118937
            ],
            [
              -71.207532344304,
              -32.76334243118937
            ],
            [
              -71.207532344304,
              -32.7633434199762
            ],
            [
              -71.20753464958563,
              -32.7633434199762
            ],
            [
              -71.20753464958563,
              -32.76334440876303
            ],
            [
              -71.20753580222645,
              -32.76334440876303
            ],
            [
              -71.20753580222645,
              -32.763345397549855
            ],
            [
              -71.20753810750806,
              -32.763345397549855
            ],
            [
              -71.20753810750806,
              -32.763346386336686
            ],
            [
              -71.20753926014888,
              -32.763346386336686
            ],
            [
              -71.20753926014888,
              -32.763347375123516
            ],
            [
              -71.20754041278968,
              -32.763347375123516
            ],
            [
              -71.20754041278968,
              -32.76334836391034
            ],
            [
              -71.20754271807131,
              -32.76334836391034
            ],
            [
              -71.20754271807131,
              -32.76334935269717
            ],
            [
              -71.20754387071213,
              -32.76334935269717
            ],
            [
              -71.20754387071213,
              -32.763350341484
            ],
            [
              -71.20754502335294,
              -32.763350341484
            ],
            [
              -71.20754502335294,
              -32.76335133027083
            ],
            [
              -71.20754732863456,
              -32.76335133027083
            ],
            [
              -71.20754732863456,
              -32.76335231905765
            ],
            [
              -71.20754848127538,
              -32.76335231905765
            ],
            [
              -71.20754848127538,
              -32.76335330784448
            ],
            [
              -71.207550786557,
              -32.76335330784448
            ],
            [
              -71.207550786557,
              -32.76335429663131
            ],
            [
              -71.20755193919781,
              -32.76335429663131
            ],
            [
              -71.20755193919781,
              -32.763355285418136
            ],
            [
              -71.20755309183862,
              -32.763355285418136
            ],
            [
              -71.20755309183862,
              -32.763356274204966
            ],
            [
              -71.20755539712025,
              -32.763356274204966
            ],
            [
              -71.20755539712025,
              -32.763357262991796
            ],
            [
              -71.20755654976107,
              -32.763357262991796
            ],
            [
              -71.20755654976107,
              -32.76335825177862
            ],
            [
              -71.20755770240187,
              -32.76335825177862
            ],
            [
              -71.20755770240187,
              -32.76335924056545
            ],
            [
              -71.2075600076835,
              -32.76335924056545
            ],
            [
              -71.2075600076835,
              -32.76336022935228
            ],
            [
              -71.20756116032432,
              -32.76336022935228
            ],
            [
              -71.20756116032432,
              -32.7633612181391
            ],
            [
              -71.20756346560593,
              -32.7633612181391
            ],
            [
              -71.20756346560593,
              -32.76336220692593
            ],
            [
              -71.20756461824675,
              -32.76336220692593
            ],
            [
              -71.20756461824675,
              -32.76336319571276
            ],
            [
              -71.20756577088756,
              -32.76336319571276
            ],
            [
              -71.20756577088756,
              -32.763364184499586
            ],
            [
              -71.20756807616918,
              -32.763364184499586
            ],
            [
              -71.20756807616918,
              -32.76336517328642
            ],
            [
              -71.20756922881,
              -32.76336517328642
            ],
            [
              -71.20756922881,
              -32.76336616207325
            ],
            [
              -71.20757038145081,
              -32.76336616207325
            ],
            [
              -71.20757038145081,
              -32.76336715086008
            ],
            [
              -71.20757268673243,
              -32.76336715086008
            ],
            [
              -71.20757268673243,
              -32.7633681396469
            ],
            [
              -71.20757383937324,
              -32.7633681396469
            ],
            [
              -71.20757383937324,
              -32.76336912843373
            ],
            [
              -71.20757499201406,
              -32.76336912843373
            ],
            [
              -71.20757499201406,
              -32.76337011722056
            ],
            [
              -71.20757729729569,
              -32.76337011722056
            ],
            [
              -71.20757729729569,
              -32.763371106007384
            ],
            [
              -71.20757844993649,
              -32.763371106007384
            ],
            [
              -71.20757844993649,
              -32.763372094794214
            ],
            [
              -71.20758075521812,
              -32.763372094794214
            ],
            [
              -71.20758075521812,
              -32.763373083581044
            ],
            [
              -71.20758190785894,
              -32.763373083581044
            ],
            [
              -71.20758190785894,
              -32.76337407236787
            ],
            [
              -71.20758306049974,
              -32.76337407236787
            ],
            [
              -71.20758306049974,
              -32.7633750611547
            ],
            [
              -71.20758536578137,
              -32.7633750611547
            ],
            [
              -71.20758536578137,
              -32.76337604994153
            ],
            [
              -71.20758651842218,
              -32.76337604994153
            ],
            [
              -71.20758651842218,
              -32.76337703872835
            ],
            [
              -71.207587671063,
              -32.76337703872835
            ],
            [
              -71.207587671063,
              -32.76337802751518
            ],
            [
              -71.20758997634462,
              -32.76337802751518
            ],
            [
              -71.20758997634462,
              -32.76337901630201
            ],
            [
              -71.20759112898543,
              -32.76337901630201
            ],
            [
              -71.20759112898543,
              -32.763380005088834
            ],
            [
              -71.20759343426705,
              -32.763380005088834
            ],
            [
              -71.20759343426705,
              -32.763380993875664
            ],
            [
              -71.20759458690787,
              -32.763380993875664
            ],
            [
              -71.20759458690787,
              -32.763381982662494
            ],
            [
              -71.20759573954868,
              -32.763381982662494
            ],
            [
              -71.20759573954868,
              -32.763382971449325
            ],
            [
              -71.2075980448303,
              -32.763382971449325
            ],
            [
              -71.2075980448303,
              -32.76338396023615
            ],
            [
              -71.20759919747111,
              -32.76338396023615
            ],
            [
              -71.20759919747111,
              -32.76338494902298
            ],
            [
              -71.20760035011193,
              -32.76338494902298
            ],
            [
              -71.20760035011193,
              -32.76338593780981
            ],
            [
              -71.20760265539356,
              -32.76338593780981
            ],
            [
              -71.20760265539356,
              -32.76338692659663
            ],
            [
              -71.20760380803436,
              -32.76338692659663
            ],
            [
              -71.20760380803436,
              -32.76338791538346
            ],
            [
              -71.20760611331599,
              -32.76338791538346
            ],
            [
              -71.20760611331599,
              -32.76338890417029
            ],
            [
              -71.20760726595681,
              -32.76338890417029
            ],
            [
              -71.20760726595681,
              -32.763389892957115
            ],
            [
              -71.20760841859762,
              -32.763389892957115
            ],
            [
              -71.20760841859762,
              -32.763390881743945
            ],
            [
              -71.20761072387924,
              -32.763390881743945
            ],
            [
              -71.20761072387924,
              -32.763391870530775
            ],
            [
              -71.20761187652005,
              -32.763391870530775
            ],
            [
              -71.20761187652005,
              -32.7633928593176
            ],
            [
              -71.20761302916087,
              -32.7633928593176
            ],
            [
              -71.20761302916087,
              -32.76339384810443
            ],
            [
              -71.2076153344425,
              -32.76339384810443
            ],
            [
              -71.2076153344425,
              -32.76339483689126
            ],
            [
              -71.2076164870833,
              -32.76339483689126
            ],
            [
              -71.2076164870833,
              -32.76339582567808
            ],
            [
              -71.20761763972412,
              -32.76339582567808
            ],
            [
              -71.20761763972412,
              -32.76339681446491
            ],
            [
              -71.20761994500575,
              -32.76339681446491
            ],
            [
              -71.20761994500575,
              -32.76339780325174
            ],
            [
              -71.20762109764655,
              -32.76339780325174
            ],
            [
              -71.20762109764655,
              -32.76339879203857
            ],
            [
              -71.20762340292818,
              -32.76339879203857
            ],
            [
              -71.20762340292818,
              -32.763399780825395
            ],
            [
              -71.20762455556898,
              -32.763399780825395
            ],
            [
              -71.20762455556898,
              -32.763400769612225
            ],
            [
              -71.2076257082098,
              -32.763400769612225
            ],
            [
              -71.2076257082098,
              -32.763401758399056
            ],
            [
              -71.20762801349143,
              -32.763401758399056
            ],
            [
              -71.20762801349143,
              -32.76340274718588
            ],
            [
              -71.20762916613224,
              -32.76340274718588
            ],
            [
              -71.20762916613224,
              -32.76340373597271
            ],
            [
              -71.20763031877306,
              -32.76340373597271
            ],
            [
              -71.20763031877306,
              -32.76340472475954
            ],
            [
              -71.20763262405468,
              -32.76340472475954
            ],
            [
              -71.20763262405468,
              -32.76340571354636
            ],
            [
              -71.20763377669549,
              -32.76340571354636
            ],
            [
              -71.20763377669549,
              -32.76340670233319
            ],
            [
              -71.20763608197711,
              -32.76340670233319
            ],
            [
              -71.20763608197711,
              -32.76340769112002
            ],
            [
              -71.20763723461792,
              -32.76340769112002
            ],
            [
              -71.20763723461792,
              -32.763408679906846
            ],
            [
              -71.20763838725874,
              -32.763408679906846
            ],
            [
              -71.20763838725874,
              -32.763409668693676
            ],
            [
              -71.20764069254037,
              -32.763409668693676
            ],
            [
              -71.20764069254037,
              -32.763410657480506
            ],
            [
              -71.20764184518117,
              -32.763410657480506
            ],
            [
              -71.20764184518117,
              -32.76341164626733
            ],
            [
              -71.20764299782199,
              -32.76341164626733
            ],
            [
              -71.20764299782199,
              -32.76341263505416
            ],
            [
              -71.20764530310362,
              -32.76341263505416
            ],
            [
              -71.20764530310362,
              -32.76341362384099
            ],
            [
              -71.20764645574442,
              -32.76341362384099
            ],
            [
              -71.20764645574442,
              -32.76341461262782
            ],
            [
              -71.20764876102605,
              -32.76341461262782
            ],
            [
              -71.20764876102605,
              -32.76341560141464
            ],
            [
              -71.20764991366686,
              -32.76341560141464
            ],
            [
              -71.20764991366686,
              -32.76341659020147
            ],
            [
              -71.20765106630768,
              -32.76341659020147
            ],
            [
              -71.20765106630768,
              -32.7634175789883
            ],
            [
              -71.2076533715893,
              -32.7634175789883
            ],
            [
              -71.2076533715893,
              -32.763418567775126
            ],
            [
              -71.20765452423011,
              -32.763418567775126
            ],
            [
              -71.20765452423011,
              -32.763419556561956
            ],
            [
              -71.20765567687093,
              -32.763419556561956
            ],
            [
              -71.20765567687093,
              -32.76342054534879
            ],
            [
              -71.20765798215255,
              -32.76342054534879
            ],
            [
              -71.20765798215255,
              -32.76342153413561
            ],
            [
              -71.20765913479336,
              -32.76342153413561
            ],
            [
              -71.20765913479336,
              -32.76342252292244
            ],
            [
              -71.20766144007499,
              -32.76342252292244
            ],
            [
              -71.20766144007499,
              -32.76342351170927
            ],
            [
              -71.20766259271579,
              -32.76342351170927
            ],
            [
              -71.20766259271579,
              -32.76342450049609
            ],
            [
              -71.20766374535661,
              -32.76342450049609
            ],
            [
              -71.20766374535661,
              -32.76342548928292
            ],
            [
              -71.20766605063824,
              -32.76342548928292
            ],
            [
              -71.20766605063824,
              -32.76342647806975
            ],
            [
              -71.20766720327904,
              -32.76342647806975
            ],
            [
              -71.20766720327904,
              -32.76342746685658
            ],
            [
              -71.20766835591986,
              -32.76342746685658
            ],
            [
              -71.20766835591986,
              -32.76342845564341
            ],
            [
              -71.20767066120148,
              -32.76342845564341
            ],
            [
              -71.20767066120148,
              -32.76342944443024
            ],
            [
              -71.2076718138423,
              -32.76342944443024
            ],
            [
              -71.2076718138423,
              -32.76343043321707
            ],
            [
              -71.2076729664831,
              -32.76343043321707
            ],
            [
              -71.2076729664831,
              -32.76343142200389
            ],
            [
              -71.20767527176473,
              -32.76343142200389
            ],
            [
              -71.20767527176473,
              -32.76343241079072
            ],
            [
              -71.20767642440555,
              -32.76343241079072
            ],
            [
              -71.20767642440555,
              -32.76343339957755
            ],
            [
              -71.20767872968717,
              -32.76343339957755
            ],
            [
              -71.20767872968717,
              -32.763434388364374
            ],
            [
              -71.20767988232798,
              -32.763434388364374
            ],
            [
              -71.20767988232798,
              -32.763435377151204
            ],
            [
              -71.2076810349688,
              -32.763435377151204
            ],
            [
              -71.2076810349688,
              -32.763436365938034
            ],
            [
              -71.20768334025041,
              -32.763436365938034
            ],
            [
              -71.20768334025041,
              -32.76343735472486
            ],
            [
              -71.20768449289123,
              -32.76343735472486
            ],
            [
              -71.20768449289123,
              -32.76343834351169
            ],
            [
              -71.20768564553204,
              -32.76343834351169
            ],
            [
              -71.20768564553204,
              -32.76343933229852
            ],
            [
              -71.20768795081366,
              -32.76343933229852
            ],
            [
              -71.20768795081366,
              -32.76344032108534
            ],
            [
              -71.20768910345448,
              -32.76344032108534
            ],
            [
              -71.20768910345448,
              -32.76344130987217
            ],
            [
              -71.20769140873611,
              -32.76344130987217
            ],
            [
              -71.20769140873611,
              -32.763442298659
            ],
            [
              -71.20769256137692,
              -32.763442298659
            ],
            [
              -71.20769256137692,
              -32.763443287445824
            ],
            [
              -71.20769371401774,
              -32.763443287445824
            ],
            [
              -71.20769371401774,
              -32.763444276232654
            ],
            [
              -71.20769601929935,
              -32.763444276232654
            ],
            [
              -71.20769601929935,
              -32.763445265019485
            ],
            [
              -71.20769717194017,
              -32.763445265019485
            ],
            [
              -71.20769717194017,
              -32.763446253806315
            ],
            [
              -71.20769832458097,
              -32.763446253806315
            ],
            [
              -71.20769832458097,
              -32.76344724259314
            ],
            [
              -71.2077006298626,
              -32.76344724259314
            ],
            [
              -71.2077006298626,
              -32.76344823137997
            ],
            [
              -71.20770178250342,
              -32.76344823137997
            ],
            [
              -71.20770178250342,
              -32.7634492201668
            ],
            [
              -71.20770408778505,
              -32.7634492201668
            ],
            [
              -71.20770408778505,
              -32.76345020895362
            ],
            [
              -71.20770524042585,
              -32.76345020895362
            ],
            [
              -71.20770524042585,
              -32.76345119774045
            ],
            [
              -71.20770639306667,
              -32.76345119774045
            ],
            [
              -71.20770639306667,
              -32.76345218652728
            ],
            [
              -71.20770869834828,
              -32.76345218652728
            ],
            [
              -71.20770869834828,
              -32.763453175314105
            ],
            [
              -71.2077098509891,
              -32.763453175314105
            ],
            [
              -71.2077098509891,
              -32.763454164100935
            ],
            [
              -71.20771100362991,
              -32.763454164100935
            ],
            [
              -71.20771100362991,
              -32.763455152887765
            ],
            [
              -71.20771330891154,
              -32.763455152887765
            ],
            [
              -71.20771330891154,
              -32.76345614167459
            ],
            [
              -71.20771446155236,
              -32.76345614167459
            ],
            [
              -71.20771446155236,
              -32.76345713046142
            ],
            [
              -71.20771676683398,
              -32.76345713046142
            ],
            [
              -71.20771676683398,
              -32.76345811924825
            ],
            [
              -71.20771791947479,
              -32.76345811924825
            ],
            [
              -71.20771791947479,
              -32.76345910803507
            ],
            [
              -71.20771907211561,
              -32.76345910803507
            ],
            [
              -71.20771907211561,
              -32.7634600968219
            ],
            [
              -71.20772137739722,
              -32.7634600968219
            ],
            [
              -71.20772137739722,
              -32.76346108560873
            ],
            [
              -71.20772253003804,
              -32.76346108560873
            ],
            [
              -71.20772253003804,
              -32.76346207439556
            ],
            [
              -71.20772368267885,
              -32.76346207439556
            ],
            [
              -71.20772368267885,
              -32.763463063182385
            ],
            [
              -71.20772598796047,
              -32.763463063182385
            ],
            [
              -71.20772598796047,
              -32.763464051969216
            ],
            [
              -71.20772714060129,
              -32.763464051969216
            ],
            [
              -71.20772714060129,
              -32.763465040756046
            ],
            [
              -71.2077282932421,
              -32.763465040756046
            ],
            [
              -71.2077282932421,
              -32.76346602954287
            ],
            [
              -71.20773059852372,
              -32.76346602954287
            ],
            [
              -71.20773059852372,
              -32.7634670183297
            ],
            [
              -71.20773175116453,
              -32.7634670183297
            ],
            [
              -71.20773175116453,
              -32.76346800711653
            ],
            [
              -71.20773405644616,
              -32.76346800711653
            ],
            [
              -71.20773405644616,
              -32.76346899590335
            ],
            [
              -71.20773520908698,
              -32.76346899590335
            ],
            [
              -71.20773520908698,
              -32.76346998469018
            ],
            [
              -71.20773636172778,
              -32.76346998469018
            ],
            [
              -71.20773636172778,
              -32.76347097347701
            ],
            [
              -71.20773866700941,
              -32.76347097347701
            ],
            [
              -71.20773866700941,
              -32.763471962263836
            ],
            [
              -71.20773981965023,
              -32.763471962263836
            ],
            [
              -71.20773981965023,
              -32.763472951050666
            ],
            [
              -71.20774097229103,
              -32.763472951050666
            ],
            [
              -71.20774097229103,
              -32.763473939837496
            ],
            [
              -71.20774327757266,
              -32.763473939837496
            ],
            [
              -71.20774327757266,
              -32.76347492862432
            ],
            [
              -71.20774443021347,
              -32.76347492862432
            ],
            [
              -71.20774443021347,
              -32.76347591741115
            ],
            [
              -71.20774673549509,
              -32.76347591741115
            ],
            [
              -71.20774673549509,
              -32.76347690619798
            ],
            [
              -71.20774788813591,
              -32.76347690619798
            ],
            [
              -71.20774788813591,
              -32.76347789498481
            ],
            [
              -71.20774904077672,
              -32.76347789498481
            ],
            [
              -71.20774904077672,
              -32.76347888377163
            ],
            [
              -71.20775134605834,
              -32.76347888377163
            ],
            [
              -71.20775134605834,
              -32.76347987255846
            ],
            [
              -71.20775249869916,
              -32.76347987255846
            ],
            [
              -71.20775249869916,
              -32.76348086134529
            ],
            [
              -71.20775365133997,
              -32.76348086134529
            ],
            [
              -71.20775365133997,
              -32.763481850132116
            ],
            [
              -71.2077559566216,
              -32.763481850132116
            ],
            [
              -71.2077559566216,
              -32.76348283891895
            ],
            [
              -71.2077571092624,
              -32.76348283891895
            ],
            [
              -71.2077571092624,
              -32.76348382770578
            ],
            [
              -71.20775941454403,
              -32.76348382770578
            ],
            [
              -71.20775941454403,
              -32.7634848164926
            ],
            [
              -71.20776056718485,
              -32.7634848164926
            ],
            [
              -71.20776056718485,
              -32.76348580527943
            ],
            [
              -71.20776171982565,
              -32.76348580527943
            ],
            [
              -71.20776171982565,
              -32.76348679406626
            ],
            [
              -71.20776402510728,
              -32.76348679406626
            ],
            [
              -71.20776402510728,
              -32.76348778285308
            ],
            [
              -71.2077651777481,
              -32.76348778285308
            ],
            [
              -71.2077651777481,
              -32.76348877163991
            ],
            [
              -71.2077663303889,
              -32.76348877163991
            ],
            [
              -71.2077663303889,
              -32.763489760426744
            ],
            [
              -71.20776863567053,
              -32.763489760426744
            ],
            [
              -71.20776863567053,
              -32.76349074921357
            ],
            [
              -71.20776978831134,
              -32.76349074921357
            ],
            [
              -71.20776978831134,
              -32.7634917380004
            ],
            [
              -71.20777094095216,
              -32.7634917380004
            ],
            [
              -71.20777094095216,
              -32.76349272678723
            ],
            [
              -71.20777324623378,
              -32.76349272678723
            ],
            [
              -71.20777324623378,
              -32.76349371557406
            ],
            [
              -71.20777439887459,
              -32.76349371557406
            ],
            [
              -71.20777439887459,
              -32.76349470436088
            ],
            [
              -71.20777670415622,
              -32.76349470436088
            ],
            [
              -71.20777670415622,
              -32.76349569314771
            ],
            [
              -71.20777785679704,
              -32.76349569314771
            ],
            [
              -71.20777785679704,
              -32.76349668193454
            ],
            [
              -71.20777900943784,
              -32.76349668193454
            ],
            [
              -71.20777900943784,
              -32.763497670721364
            ],
            [
              -71.20778131471947,
              -32.763497670721364
            ],
            [
              -71.20778131471947,
              -32.763498659508194
            ],
            [
              -71.20778246736027,
              -32.763498659508194
            ],
            [
              -71.20778246736027,
              -32.763499648295024
            ],
            [
              -71.2077836200011,
              -32.763499648295024
            ],
            [
              -71.2077836200011,
              -32.76350063708185
            ],
            [
              -71.20778592528272,
              -32.76350063708185
            ],
            [
              -71.20778592528272,
              -32.76350162586868
            ],
            [
              -71.20778707792353,
              -32.76350162586868
            ],
            [
              -71.20778707792353,
              -32.76350261465551
            ],
            [
              -71.20778938320515,
              -32.76350261465551
            ],
            [
              -71.20778938320515,
              -32.76350360344233
            ],
            [
              -71.20779053584597,
              -32.76350360344233
            ],
            [
              -71.20779053584597,
              -32.76350459222916
            ],
            [
              -71.20779168848678,
              -32.76350459222916
            ],
            [
              -71.20779168848678,
              -32.76350558101599
            ],
            [
              -71.2077939937684,
              -32.76350558101599
            ],
            [
              -71.2077939937684,
              -32.763506569802814
            ],
            [
              -71.20779514640921,
              -32.763506569802814
            ],
            [
              -71.20779514640921,
              -32.763507558589644
            ],
            [
              -71.20779629905003,
              -32.763507558589644
            ],
            [
              -71.20779629905003,
              -32.763508547376475
            ],
            [
              -71.20779860433166,
              -32.763508547376475
            ],
            [
              -71.20779860433166,
              -32.763509536163305
            ],
            [
              -71.20779975697246,
              -32.763509536163305
            ],
            [
              -71.20779975697246,
              -32.76351052495013
            ],
            [
              -71.20780206225409,
              -32.76351052495013
            ],
            [
              -71.20780206225409,
              -32.76351151373696
            ],
            [
              -71.20780321489491,
              -32.76351151373696
            ],
            [
              -71.20780321489491,
              -32.76351250252379
            ],
            [
              -71.20780436753572,
              -32.76351250252379
            ],
            [
              -71.20780436753572,
              -32.76351349131061
            ],
            [
              -71.20780667281734,
              -32.76351349131061
            ],
            [
              -71.20780667281734,
              -32.76351448009744
            ],
            [
              -71.20780782545815,
              -32.76351448009744
            ],
            [
              -71.20780782545815,
              -32.76351546888427
            ],
            [
              -71.20780897809897,
              -32.76351546888427
            ],
            [
              -71.20780897809897,
              -32.763516457671095
            ],
            [
              -71.2078112833806,
              -32.763516457671095
            ],
            [
              -71.2078112833806,
              -32.763517446457925
            ],
            [
              -71.2078124360214,
              -32.763517446457925
            ],
            [
              -71.2078124360214,
              -32.763518435244755
            ],
            [
              -71.20781474130303,
              -32.763518435244755
            ],
            [
              -71.20781474130303,
              -32.76351942403158
            ],
            [
              -71.20781589394385,
              -32.76351942403158
            ],
            [
              -71.20781589394385,
              -32.76352041281841
            ],
            [
              -71.20781704658465,
              -32.76352041281841
            ],
            [
              -71.20781704658465,
              -32.76352140160524
            ],
            [
              -71.20781935186628,
              -32.76352140160524
            ],
            [
              -71.20781935186628,
              -32.76352239039206
            ],
            [
              -71.20782050450708,
              -32.76352239039206
            ],
            [
              -71.20782050450708,
              -32.76352337917889
            ],
            [
              -71.2078216571479,
              -32.76352337917889
            ],
            [
              -71.2078216571479,
              -32.76352436796572
            ],
            [
              -71.20782396242953,
              -32.76352436796572
            ],
            [
              -71.20782396242953,
              -32.76352535675255
            ],
            [
              -71.20782511507034,
              -32.76352535675255
            ],
            [
              -71.20782511507034,
              -32.763526345539375
            ],
            [
              -71.20782626771116,
              -32.763526345539375
            ],
            [
              -71.20782626771116,
              -32.763527334326206
            ],
            [
              -71.20782857299278,
              -32.763527334326206
            ],
            [
              -71.20782857299278,
              -32.763528323113036
            ],
            [
              -71.20782972563359,
              -32.763528323113036
            ],
            [
              -71.20782972563359,
              -32.76352931189986
            ],
            [
              -71.20783203091521,
              -32.76352931189986
            ],
            [
              -71.20783203091521,
              -32.76353030068669
            ],
            [
              -71.20783318355602,
              -32.76353030068669
            ],
            [
              -71.20783318355602,
              -32.76353128947352
            ],
            [
              -71.20783433619684,
              -32.76353128947352
            ],
            [
              -71.20783433619684,
              -32.76353227826034
            ],
            [
              -71.20783664147847,
              -32.76353227826034
            ],
            [
              -71.20783664147847,
              -32.76353326704717
            ],
            [
              -71.20783779411927,
              -32.76353326704717
            ],
            [
              -71.20783779411927,
              -32.763534255834
            ],
            [
              -71.20783894676009,
              -32.763534255834
            ],
            [
              -71.20783894676009,
              -32.763535244620826
            ],
            [
              -71.2078412520417,
              -32.763535244620826
            ],
            [
              -71.2078412520417,
              -32.763536233407656
            ],
            [
              -71.20784240468252,
              -32.763536233407656
            ],
            [
              -71.20784240468252,
              -32.763537222194486
            ],
            [
              -71.20784470996415,
              -32.763537222194486
            ],
            [
              -71.20784470996415,
              -32.76353821098131
            ],
            [
              -71.20784586260496,
              -32.76353821098131
            ],
            [
              -71.20784586260496,
              -32.76353919976814
            ],
            [
              -71.20784701524578,
              -32.76353919976814
            ],
            [
              -71.20784701524578,
              -32.76354018855497
            ],
            [
              -71.2078493205274,
              -32.76354018855497
            ],
            [
              -71.2078493205274,
              -32.7635411773418
            ],
            [
              -71.20785047316821,
              -32.7635411773418
            ],
            [
              -71.20785047316821,
              -32.76354216612862
            ],
            [
              -71.20785162580903,
              -32.76354216612862
            ],
            [
              -71.20785162580903,
              -32.76354315491545
            ],
            [
              -71.20785393109064,
              -32.76354315491545
            ],
            [
              -71.20785393109064,
              -32.76354414370228
            ],
            [
              -71.20785508373146,
              -32.76354414370228
            ],
            [
              -71.20785508373146,
              -32.76354513248911
            ],
            [
              -71.20785738901309,
              -32.76354513248911
            ],
            [
              -71.20785738901309,
              -32.76354612127594
            ],
            [
              -71.20785854165389,
              -32.76354612127594
            ],
            [
              -71.20785854165389,
              -32.76354711006277
            ],
            [
              -71.20785969429471,
              -32.76354711006277
            ],
            [
              -71.20785969429471,
              -32.76354809884959
            ],
            [
              -71.20786199957634,
              -32.76354809884959
            ],
            [
              -71.20786199957634,
              -32.76354908763642
            ],
            [
              -71.20786315221714,
              -32.76354908763642
            ],
            [
              -71.20786315221714,
              -32.76355007642325
            ],
            [
              -71.20786430485796,
              -32.76355007642325
            ],
            [
              -71.20786430485796,
              -32.76355106521007
            ],
            [
              -71.20786661013958,
              -32.76355106521007
            ],
            [
              -71.20786661013958,
              -32.763552053996904
            ],
            [
              -71.2078677627804,
              -32.763552053996904
            ],
            [
              -71.2078677627804,
              -32.763553042783734
            ],
            [
              -71.20787006806202,
              -32.763553042783734
            ],
            [
              -71.20787006806202,
              -32.76355403157056
            ],
            [
              -71.20787122070283,
              -32.76355403157056
            ],
            [
              -71.20787122070283,
              -32.76355502035739
            ],
            [
              -71.20787237334365,
              -32.76355502035739
            ],
            [
              -71.20787237334365,
              -32.76355600914422
            ],
            [
              -71.20787467862527,
              -32.76355600914422
            ],
            [
              -71.20787467862527,
              -32.76355699793105
            ],
            [
              -71.20787583126608,
              -32.76355699793105
            ],
            [
              -71.20787583126608,
              -32.76355798671787
            ],
            [
              -71.2078769839069,
              -32.76355798671787
            ],
            [
              -71.2078769839069,
              -32.7635589755047
            ],
            [
              -71.20787928918851,
              -32.7635589755047
            ],
            [
              -71.20787928918851,
              -32.76355996429153
            ],
            [
              -71.20788044182933,
              -32.76355996429153
            ],
            [
              -71.20788044182933,
              -32.763560953078354
            ],
            [
              -71.20788159447014,
              -32.763560953078354
            ],
            [
              -71.20788159447014,
              -32.763561941865184
            ],
            [
              -71.20788389975176,
              -32.763561941865184
            ],
            [
              -71.20788389975176,
              -32.763562930652014
            ],
            [
              -71.20788505239258,
              -32.763562930652014
            ],
            [
              -71.20788505239258,
              -32.76356391943884
            ],
            [
              -71.20788735767421,
              -32.76356391943884
            ],
            [
              -71.20788735767421,
              -32.76356490822567
            ],
            [
              -71.20788851031502,
              -32.76356490822567
            ],
            [
              -71.20788851031502,
              -32.7635658970125
            ],
            [
              -71.20788966295582,
              -32.7635658970125
            ],
            [
              -71.20788966295582,
              -32.76356688579932
            ],
            [
              -71.20789196823745,
              -32.76356688579932
            ],
            [
              -71.20789196823745,
              -32.76356787458615
            ],
            [
              -71.20789312087827,
              -32.76356787458615
            ],
            [
              -71.20789312087827,
              -32.76356886337298
            ],
            [
              -71.20789427351907,
              -32.76356886337298
            ],
            [
              -71.20789427351907,
              -32.763569852159804
            ],
            [
              -71.2078965788007,
              -32.763569852159804
            ],
            [
              -71.2078965788007,
              -32.763570840946635
            ],
            [
              -71.20789773144152,
              -32.763570840946635
            ],
            [
              -71.20789773144152,
              -32.763571829733465
            ],
            [
              -71.20790003672315,
              -32.763571829733465
            ],
            [
              -71.20790003672315,
              -32.763572818520295
            ],
            [
              -71.20790118936395,
              -32.763572818520295
            ],
            [
              -71.20790118936395,
              -32.76357380730712
            ],
            [
              -71.20790234200476,
              -32.76357380730712
            ],
            [
              -71.20790234200476,
              -32.76357479609395
            ],
            [
              -71.20790464728638,
              -32.76357479609395
            ],
            [
              -71.20790464728638,
              -32.76357578488078
            ],
            [
              -71.2079057999272,
              -32.76357578488078
            ],
            [
              -71.2079057999272,
              -32.7635767736676
            ],
            [
              -71.20790695256801,
              -32.7635767736676
            ],
            [
              -71.20790695256801,
              -32.76357776245443
            ],
            [
              -71.20790925784964,
              -32.76357776245443
            ],
            [
              -71.20790925784964,
              -32.76357875124126
            ],
            [
              -71.20791041049046,
              -32.76357875124126
            ],
            [
              -71.20791041049046,
              -32.763579740028085
            ],
            [
              -71.20791271577208,
              -32.763579740028085
            ],
            [
              -71.20791271577208,
              -32.763580728814915
            ],
            [
              -71.20791386841289,
              -32.763580728814915
            ],
            [
              -71.20791386841289,
              -32.763581717601745
            ],
            [
              -71.2079150210537,
              -32.763581717601745
            ],
            [
              -71.2079150210537,
              -32.76358270638857
            ],
            [
              -71.20791732633532,
              -32.76358270638857
            ],
            [
              -71.20791732633532,
              -32.7635836951754
            ],
            [
              -71.20791847897614,
              -32.7635836951754
            ],
            [
              -71.20791847897614,
              -32.76358468396223
            ],
            [
              -71.20791963161695,
              -32.76358468396223
            ],
            [
              -71.20791963161695,
              -32.76358567274905
            ],
            [
              -71.20792193689857,
              -32.76358567274905
            ],
            [
              -71.20792193689857,
              -32.76358666153588
            ],
            [
              -71.20792308953939,
              -32.76358666153588
            ],
            [
              -71.20792308953939,
              -32.76358765032271
            ],
            [
              -71.2079242421802,
              -32.76358765032271
            ],
            [
              -71.2079242421802,
              -32.76358863910954
            ],
            [
              -71.20792654746182,
              -32.76358863910954
            ],
            [
              -71.20792654746182,
              -32.763589627896366
            ],
            [
              -71.20792770010263,
              -32.763589627896366
            ],
            [
              -71.20792770010263,
              -32.763590616683196
            ],
            [
              -71.20793000538426,
              -32.763590616683196
            ],
            [
              -71.20793000538426,
              -32.763591605470026
            ],
            [
              -71.20793115802508,
              -32.763591605470026
            ],
            [
              -71.20793115802508,
              -32.76359259425685
            ],
            [
              -71.20793231066588,
              -32.76359259425685
            ],
            [
              -71.20793231066588,
              -32.76359358304368
            ],
            [
              -71.20793461594751,
              -32.76359358304368
            ],
            [
              -71.20793461594751,
              -32.76359457183051
            ],
            [
              -71.20793576858833,
              -32.76359457183051
            ],
            [
              -71.20793576858833,
              -32.76359556061733
            ],
            [
              -71.20793692122913,
              -32.76359556061733
            ],
            [
              -71.20793692122913,
              -32.76359654940416
            ],
            [
              -71.20793922651076,
              -32.76359654940416
            ],
            [
              -71.20793922651076,
              -32.76359753819099
            ],
            [
              -71.20794037915157,
              -32.76359753819099
            ],
            [
              -71.20794037915157,
              -32.763598526977816
            ],
            [
              -71.20794268443319,
              -32.763598526977816
            ],
            [
              -71.20794268443319,
              -32.763599515764646
            ],
            [
              -71.20794383707401,
              -32.763599515764646
            ],
            [
              -71.20794383707401,
              -32.763600504551476
            ],
            [
              -71.20794498971482,
              -32.763600504551476
            ],
            [
              -71.20794498971482,
              -32.7636014933383
            ],
            [
              -71.20794729499644,
              -32.7636014933383
            ],
            [
              -71.20794729499644,
              -32.76360248212513
            ],
            [
              -71.20794844763726,
              -32.76360248212513
            ],
            [
              -71.20794844763726,
              -32.76360347091196
            ],
            [
              -71.20794960027807,
              -32.76360347091196
            ],
            [
              -71.20794960027807,
              -32.76360445969879
            ],
            [
              -71.2079519055597,
              -32.76360445969879
            ],
            [
              -71.2079519055597,
              -32.76360544848561
            ],
            [
              -71.2079530582005,
              -32.76360544848561
            ],
            [
              -71.2079530582005,
              -32.76360643727244
            ],
            [
              -71.20795536348213,
              -32.76360643727244
            ],
            [
              -71.20795536348213,
              -32.763607426059274
            ],
            [
              -71.20795651612295,
              -32.763607426059274
            ],
            [
              -71.20795651612295,
              -32.7636084148461
            ],
            [
              -71.20795766876375,
              -32.7636084148461
            ],
            [
              -71.20795766876375,
              -32.76360940363293
            ],
            [
              -71.20795997404538,
              -32.76360940363293
            ],
            [
              -71.20795997404538,
              -32.76361039241976
            ],
            [
              -71.2079611266862,
              -32.76361039241976
            ],
            [
              -71.2079611266862,
              -32.76361138120658
            ],
            [
              -71.207962279327,
              -32.76361138120658
            ],
            [
              -71.207962279327,
              -32.76361236999341
            ],
            [
              -71.20796458460863,
              -32.76361236999341
            ],
            [
              -71.20796458460863,
              -32.76361335878024
            ],
            [
              -71.20796573724944,
              -32.76361335878024
            ],
            [
              -71.20796573724944,
              -32.763614347567064
            ],
            [
              -71.20796804253106,
              -32.763614347567064
            ],
            [
              -71.20796804253106,
              -32.763615336353894
            ],
            [
              -71.20796919517188,
              -32.763615336353894
            ],
            [
              -71.20796919517188,
              -32.763616325140724
            ],
            [
              -71.20797034781269,
              -32.763616325140724
            ],
            [
              -71.20797034781269,
              -32.76361731392755
            ],
            [
              -71.20797265309432,
              -32.76361731392755
            ],
            [
              -71.20797265309432,
              -32.76361830271438
            ],
            [
              -71.20797380573514,
              -32.76361830271438
            ],
            [
              -71.20797380573514,
              -32.76361929150121
            ],
            [
              -71.20797495837594,
              -32.76361929150121
            ],
            [
              -71.20797495837594,
              -32.76362028028804
            ],
            [
              -71.20797726365757,
              -32.76362028028804
            ],
            [
              -71.20797726365757,
              -32.76362126907486
            ],
            [
              -71.20797841629837,
              -32.76362126907486
            ],
            [
              -71.20797841629837,
              -32.76362225786169
            ],
            [
              -71.2079795689392,
              -32.76362225786169
            ],
            [
              -71.2079795689392,
              -32.76362324664852
            ],
            [
              -71.20798187422082,
              -32.76362324664852
            ],
            [
              -71.20798187422082,
              -32.763624235435344
            ],
            [
              -71.20798302686163,
              -32.763624235435344
            ],
            [
              -71.20798302686163,
              -32.763625224222174
            ],
            [
              -71.20798533214325,
              -32.763625224222174
            ],
            [
              -71.20798533214325,
              -32.763626213009005
            ],
            [
              -71.20798648478407,
              -32.763626213009005
            ],
            [
              -71.20798648478407,
              -32.76362720179583
            ],
            [
              -71.20798763742488,
              -32.76362720179583
            ],
            [
              -71.20798763742488,
              -32.76362819058266
            ],
            [
              -71.2079899427065,
              -32.76362819058266
            ],
            [
              -71.2079899427065,
              -32.76362917936949
            ],
            [
              -71.20799109534731,
              -32.76362917936949
            ],
            [
              -71.20799109534731,
              -32.76363016815631
            ],
            [
              -71.20799224798813,
              -32.76363016815631
            ],
            [
              -71.20799224798813,
              -32.76363115694314
            ],
            [
              -71.20799455326976,
              -32.76363115694314
            ],
            [
              -71.20799455326976,
              -32.76363214572997
            ],
            [
              -71.20799570591056,
              -32.76363214572997
            ],
            [
              -71.20799570591056,
              -32.763633134516795
            ],
            [
              -71.20799801119219,
              -32.763633134516795
            ],
            [
              -71.20799801119219,
              -32.763634123303625
            ],
            [
              -71.207999163833,
              -32.763634123303625
            ],
            [
              -71.207999163833,
              -32.763635112090455
            ],
            [
              -71.20800031647381,
              -32.763635112090455
            ],
            [
              -71.20800031647381,
              -32.763636100877285
            ],
            [
              -71.20800262175544,
              -32.763636100877285
            ],
            [
              -71.20800262175544,
              -32.76363708966411
            ],
            [
              -71.20800377439625,
              -32.76363708966411
            ],
            [
              -71.20800377439625,
              -32.76363807845094
            ],
            [
              -71.20800492703707,
              -32.76363807845094
            ],
            [
              -71.20800492703707,
              -32.76363906723777
            ],
            [
              -71.20800723231869,
              -32.76363906723777
            ],
            [
              -71.20800723231869,
              -32.76364005602459
            ],
            [
              -71.2080083849595,
              -32.76364005602459
            ],
            [
              -71.2080083849595,
              -32.76364104481142
            ],
            [
              -71.20801069024112,
              -32.76364104481142
            ],
            [
              -71.20801069024112,
              -32.76364203359825
            ],
            [
              -71.20801184288193,
              -32.76364203359825
            ],
            [
              -71.20801184288193,
              -32.763643022385075
            ],
            [
              -71.20801299552275,
              -32.763643022385075
            ],
            [
              -71.20801299552275,
              -32.763644011171905
            ],
            [
              -71.20801530080438,
              -32.763644011171905
            ],
            [
              -71.20801530080438,
              -32.763644999958736
            ],
            [
              -71.20801645344518,
              -32.763644999958736
            ],
            [
              -71.20801645344518,
              -32.76364598874556
            ],
            [
              -71.208017606086,
              -32.76364598874556
            ],
            [
              -71.208017606086,
              -32.76364697753239
            ],
            [
              -71.20801991136763,
              -32.76364697753239
            ],
            [
              -71.20801991136763,
              -32.76364796631922
            ],
            [
              -71.20802106400843,
              -32.76364796631922
            ],
            [
              -71.20802106400843,
              -32.76364895510604
            ],
            [
              -71.20802336929006,
              -32.76364895510604
            ],
            [
              -71.20802336929006,
              -32.76364994389287
            ],
            [
              -71.20802452193087,
              -32.76364994389287
            ],
            [
              -71.20802452193087,
              -32.7636509326797
            ],
            [
              -71.20802567457169,
              -32.7636509326797
            ],
            [
              -71.20802567457169,
              -32.76365192146653
            ],
            [
              -71.20802797985331,
              -32.76365192146653
            ],
            [
              -71.20802797985331,
              -32.763652910253356
            ],
            [
              -71.20802913249412,
              -32.763652910253356
            ],
            [
              -71.20802913249412,
              -32.763653899040186
            ],
            [
              -71.20803028513494,
              -32.763653899040186
            ],
            [
              -71.20803028513494,
              -32.763654887827016
            ],
            [
              -71.20803259041656,
              -32.763654887827016
            ],
            [
              -71.20803259041656,
              -32.76365587661384
            ],
            [
              -71.20803374305737,
              -32.76365587661384
            ],
            [
              -71.20803374305737,
              -32.76365686540067
            ],
            [
              -71.20803489569819,
              -32.76365686540067
            ],
            [
              -71.20803489569819,
              -32.7636578541875
            ],
            [
              -71.2080372009798,
              -32.7636578541875
            ],
            [
              -71.2080372009798,
              -32.76365884297432
            ],
            [
              -71.20803835362062,
              -32.76365884297432
            ],
            [
              -71.20803835362062,
              -32.76365983176115
            ],
            [
              -71.20804065890225,
              -32.76365983176115
            ],
            [
              -71.20804065890225,
              -32.76366082054798
            ],
            [
              -71.20804181154305,
              -32.76366082054798
            ],
            [
              -71.20804181154305,
              -32.763661809334806
            ],
            [
              -71.20804296418387,
              -32.763661809334806
            ],
            [
              -71.20804296418387,
              -32.763662798121636
            ],
            [
              -71.2080452694655,
              -32.763662798121636
            ],
            [
              -71.2080452694655,
              -32.76366378690847
            ],
            [
              -71.2080464221063,
              -32.76366378690847
            ],
            [
              -71.2080464221063,
              -32.76366477569529
            ],
            [
              -71.20804757474711,
              -32.76366477569529
            ],
            [
              -71.20804757474711,
              -32.76366576448212
            ],
            [
              -71.20804988002874,
              -32.76366576448212
            ],
            [
              -71.20804988002874,
              -32.76366675326895
            ],
            [
              -71.20805103266956,
              -32.76366675326895
            ],
            [
              -71.20805103266956,
              -32.76366774205578
            ],
            [
              -71.20805333795118,
              -32.76366774205578
            ],
            [
              -71.20805333795118,
              -32.7636687308426
            ],
            [
              -71.20805449059199,
              -32.7636687308426
            ],
            [
              -71.20805449059199,
              -32.76366971962943
            ],
            [
              -71.20805564323281,
              -32.76366971962943
            ],
            [
              -71.20805564323281,
              -32.763670708416264
            ],
            [
              -71.20805794851444,
              -32.763670708416264
            ],
            [
              -71.20805794851444,
              -32.76367169720309
            ],
            [
              -71.20805910115524,
              -32.76367169720309
            ],
            [
              -71.20805910115524,
              -32.76367268598992
            ],
            [
              -71.20806025379605,
              -32.76367268598992
            ],
            [
              -71.20806025379605,
              -32.76367367477675
            ],
            [
              -71.20806255907767,
              -32.76367367477675
            ],
            [
              -71.20806255907767,
              -32.76367466356357
            ],
            [
              -71.2080637117185,
              -32.76367466356357
            ],
            [
              -71.2080637117185,
              -32.7636756523504
            ],
            [
              -71.20806601700012,
              -32.7636756523504
            ],
            [
              -71.20806601700012,
              -32.76367664113723
            ],
            [
              -71.20806716964093,
              -32.76367664113723
            ],
            [
              -71.20806716964093,
              -32.763677629924054
            ],
            [
              -71.20806832228175,
              -32.763677629924054
            ],
            [
              -71.20806832228175,
              -32.763678618710884
            ],
            [
              -71.20807062756337,
              -32.763678618710884
            ],
            [
              -71.20807062756337,
              -32.763679607497714
            ],
            [
              -71.20807178020418,
              -32.763679607497714
            ],
            [
              -71.20807178020418,
              -32.76368059628454
            ],
            [
              -71.20807293284498,
              -32.76368059628454
            ],
            [
              -71.20807293284498,
              -32.76368158507137
            ],
            [
              -71.20807523812661,
              -32.76368158507137
            ],
            [
              -71.20807523812661,
              -32.7636825738582
            ],
            [
              -71.20807639076743,
              -32.7636825738582
            ],
            [
              -71.20807639076743,
              -32.76368356264503
            ],
            [
              -71.20807754340824,
              -32.76368356264503
            ],
            [
              -71.20807754340824,
              -32.76368455143185
            ],
            [
              -71.20807984868986,
              -32.76368455143185
            ],
            [
              -71.20807984868986,
              -32.76368554021868
            ],
            [
              -71.20808100133068,
              -32.76368554021868
            ],
            [
              -71.20808100133068,
              -32.76368652900551
            ],
            [
              -71.20808215397149,
              -32.76368652900551
            ],
            [
              -71.20808215397149,
              -32.763688506579165
            ],
            [
              -71.20808100133068,
              -32.763688506579165
            ],
            [
              -71.20808100133068,
              -32.763689495365995
            ],
            [
              -71.20807984868986,
              -32.763689495365995
            ],
            [
              -71.20807984868986,
              -32.76369048415282
            ],
            [
              -71.20807869604906,
              -32.76369048415282
            ],
            [
              -71.20807869604906,
              -32.76369246172648
            ],
            [
              -71.20807754340824,
              -32.76369246172648
            ],
            [
              -71.20807754340824,
              -32.7636934505133
            ],
            [
              -71.20807639076743,
              -32.7636934505133
            ],
            [
              -71.20807639076743,
              -32.76369542808696
            ],
            [
              -71.20807523812661,
              -32.76369542808696
            ],
            [
              -71.20807523812661,
              -32.763696416873785
            ],
            [
              -71.2080740854858,
              -32.763696416873785
            ],
            [
              -71.2080740854858,
              -32.763697405660615
            ],
            [
              -71.20807293284498,
              -32.763697405660615
            ],
            [
              -71.20807293284498,
              -32.763699383234275
            ],
            [
              -71.20807178020418,
              -32.763699383234275
            ],
            [
              -71.20807178020418,
              -32.7637003720211
            ],
            [
              -71.20807062756337,
              -32.7637003720211
            ],
            [
              -71.20807062756337,
              -32.76370136080793
            ],
            [
              -71.20806947492255,
              -32.76370136080793
            ],
            [
              -71.20806947492255,
              -32.76370333838158
            ],
            [
              -71.20806832228175,
              -32.76370333838158
            ],
            [
              -71.20806832228175,
              -32.76370432716841
            ],
            [
              -71.20806716964093,
              -32.76370432716841
            ],
            [
              -71.20806716964093,
              -32.76370531595524
            ],
            [
              -71.20806601700012,
              -32.76370531595524
            ],
            [
              -71.20806601700012,
              -32.763707293528896
            ],
            [
              -71.2080648643593,
              -32.763707293528896
            ],
            [
              -71.2080648643593,
              -32.763708282315726
            ],
            [
              -71.2080637117185,
              -32.763708282315726
            ],
            [
              -71.2080637117185,
              -32.76370927110255
            ],
            [
              -71.20806255907767,
              -32.76370927110255
            ],
            [
              -71.20806255907767,
              -32.76371124867621
            ],
            [
              -71.20806140643687,
              -32.76371124867621
            ],
            [
              -71.20806140643687,
              -32.76371223746303
            ],
            [
              -71.20806025379605,
              -32.76371223746303
            ],
            [
              -71.20806025379605,
              -32.76371322624986
            ],
            [
              -71.20805910115524,
              -32.76371322624986
            ],
            [
              -71.20805910115524,
              -32.76371520382352
            ],
            [
              -71.20805794851444,
              -32.76371520382352
            ],
            [
              -71.20805794851444,
              -32.763716192610346
            ],
            [
              -71.20805679587362,
              -32.763716192610346
            ],
            [
              -71.20805679587362,
              -32.763718170184006
            ],
            [
              -71.20805564323281,
              -32.763718170184006
            ],
            [
              -71.20805564323281,
              -32.76371915897083
            ],
            [
              -71.20805449059199,
              -32.76371915897083
            ],
            [
              -71.20805449059199,
              -32.76372014775766
            ],
            [
              -71.20805333795118,
              -32.76372014775766
            ],
            [
              -71.20805333795118,
              -32.76372212533131
            ],
            [
              -71.20805218531036,
              -32.76372212533131
            ],
            [
              -71.20805218531036,
              -32.76372311411814
            ],
            [
              -71.20805103266956,
              -32.76372311411814
            ],
            [
              -71.20805103266956,
              -32.76372410290497
            ],
            [
              -71.20804988002874,
              -32.76372410290497
            ],
            [
              -71.20804988002874,
              -32.76372608047863
            ],
            [
              -71.20804872738793,
              -32.76372608047863
            ],
            [
              -71.20804872738793,
              -32.76372706926546
            ],
            [
              -71.20804757474711,
              -32.76372706926546
            ],
            [
              -71.20804757474711,
              -32.76372805805228
            ],
            [
              -71.2080464221063,
              -32.76372805805228
            ],
            [
              -71.2080464221063,
              -32.76373003562594
            ],
            [
              -71.2080452694655,
              -32.76373003562594
            ],
            [
              -71.2080452694655,
              -32.76373102441277
            ],
            [
              -71.20804411682468,
              -32.76373102441277
            ],
            [
              -71.20804411682468,
              -32.76373201319959
            ],
            [
              -71.20804296418387,
              -32.76373201319959
            ],
            [
              -71.20804296418387,
              -32.763733990773254
            ],
            [
              -71.20804181154305,
              -32.763733990773254
            ],
            [
              -71.20804181154305,
              -32.76373497956008
            ],
            [
              -71.20804065890225,
              -32.76373497956008
            ],
            [
              -71.20804065890225,
              -32.76373596834691
            ],
            [
              -71.20803950626143,
              -32.76373596834691
            ],
            [
              -71.20803950626143,
              -32.76373794592056
            ],
            [
              -71.20803835362062,
              -32.76373794592056
            ],
            [
              -71.20803835362062,
              -32.76373893470739
            ],
            [
              -71.2080372009798,
              -32.76373893470739
            ],
            [
              -71.2080372009798,
              -32.763740912281044
            ],
            [
              -71.208036048339,
              -32.763740912281044
            ],
            [
              -71.208036048339,
              -32.763741901067874
            ],
            [
              -71.20803489569819,
              -32.763741901067874
            ],
            [
              -71.20803489569819,
              -32.763742889854704
            ],
            [
              -71.20803374305737,
              -32.763742889854704
            ],
            [
              -71.20803374305737,
              -32.76374486742836
            ],
            [
              -71.20803259041656,
              -32.76374486742836
            ],
            [
              -71.20803259041656,
              -32.76374585621519
            ],
            [
              -71.20803143777574,
              -32.76374585621519
            ],
            [
              -71.20803143777574,
              -32.76374684500202
            ],
            [
              -71.20803028513494,
              -32.76374684500202
            ],
            [
              -71.20803028513494,
              -32.76374882257567
            ],
            [
              -71.20802913249412,
              -32.76374882257567
            ],
            [
              -71.20802913249412,
              -32.7637498113625
            ],
            [
              -71.20802797985331,
              -32.7637498113625
            ],
            [
              -71.20802797985331,
              -32.763750800149325
            ],
            [
              -71.20802682721249,
              -32.763750800149325
            ],
            [
              -71.20802682721249,
              -32.763752777722985
            ],
            [
              -71.20802567457169,
              -32.763752777722985
            ],
            [
              -71.20802567457169,
              -32.76375376650981
            ],
            [
              -71.20802452193087,
              -32.76375376650981
            ],
            [
              -71.20802452193087,
              -32.76375475529664
            ],
            [
              -71.20802336929006,
              -32.76375475529664
            ],
            [
              -71.20802336929006,
              -32.76375673287029
            ],
            [
              -71.20802221664925,
              -32.76375673287029
            ],
            [
              -71.20802221664925,
              -32.76375772165712
            ],
            [
              -71.20802106400843,
              -32.76375772165712
            ],
            [
              -71.20802106400843,
              -32.763759699230775
            ],
            [
              -71.20801991136763,
              -32.763759699230775
            ],
            [
              -71.20801991136763,
              -32.763760688017605
            ],
            [
              -71.20801875872681,
              -32.763760688017605
            ],
            [
              -71.20801875872681,
              -32.763761676804435
            ],
            [
              -71.208017606086,
              -32.763761676804435
            ],
            [
              -71.208017606086,
              -32.76376365437809
            ],
            [
              -71.20801645344518,
              -32.76376365437809
            ],
            [
              -71.20801645344518,
              -32.76376464316492
            ],
            [
              -71.20801530080438,
              -32.76376464316492
            ],
            [
              -71.20801530080438,
              -32.76376563195175
            ],
            [
              -71.20801414816356,
              -32.76376563195175
            ],
            [
              -71.20801414816356,
              -32.7637676095254
            ],
            [
              -71.20801299552275,
              -32.7637676095254
            ],
            [
              -71.20801299552275,
              -32.76376859831223
            ],
            [
              -71.20801184288193,
              -32.76376859831223
            ],
            [
              -71.20801184288193,
              -32.763769587099056
            ],
            [
              -71.20801069024112,
              -32.763769587099056
            ],
            [
              -71.20801069024112,
              -32.763771564672716
            ],
            [
              -71.20800953760032,
              -32.763771564672716
            ],
            [
              -71.20800953760032,
              -32.76377255345954
            ],
            [
              -71.2080083849595,
              -32.76377255345954
            ],
            [
              -71.2080083849595,
              -32.76377354224637
            ],
            [
              -71.20800723231869,
              -32.76377354224637
            ],
            [
              -71.20800723231869,
              -32.76377551982002
            ],
            [
              -71.20800607967787,
              -32.76377551982002
            ],
            [
              -71.20800607967787,
              -32.76377650860685
            ],
            [
              -71.20800492703707,
              -32.76377650860685
            ],
            [
              -71.20800492703707,
              -32.76377749739368
            ],
            [
              -71.20800377439625,
              -32.76377749739368
            ],
            [
              -71.20800377439625,
              -32.763779474967336
            ],
            [
              -71.20800262175544,
              -32.763779474967336
            ],
            [
              -71.20800262175544,
              -32.763780463754166
            ],
            [
              -71.20800146911462,
              -32.763780463754166
            ],
            [
              -71.20800146911462,
              -32.76378244132782
            ],
            [
              -71.20800031647381,
              -32.76378244132782
            ],
            [
              -71.20800031647381,
              -32.76378343011465
            ],
            [
              -71.207999163833,
              -32.76378343011465
            ],
            [
              -71.207999163833,
              -32.76378441890148
            ],
            [
              -71.20799801119219,
              -32.76378441890148
            ],
            [
              -71.20799801119219,
              -32.76378639647513
            ],
            [
              -71.20799685855138,
              -32.76378639647513
            ],
            [
              -71.20799685855138,
              -32.76378738526196
            ],
            [
              -71.20799570591056,
              -32.76378738526196
            ],
            [
              -71.20799570591056,
              -32.76378837404879
            ],
            [
              -71.20799455326976,
              -32.76378837404879
            ],
            [
              -71.20799455326976,
              -32.76379035162245
            ],
            [
              -71.20799340062894,
              -32.76379035162245
            ],
            [
              -71.20799340062894,
              -32.76379134040927
            ],
            [
              -71.20799224798813,
              -32.76379134040927
            ],
            [
              -71.20799224798813,
              -32.7637923291961
            ],
            [
              -71.20799109534731,
              -32.7637923291961
            ],
            [
              -71.20799109534731,
              -32.76379430676976
            ],
            [
              -71.2079899427065,
              -32.76379430676976
            ],
            [
              -71.2079899427065,
              -32.763795295556584
            ],
            [
              -71.20798879006568,
              -32.763795295556584
            ],
            [
              -71.20798879006568,
              -32.763796284343414
            ],
            [
              -71.20798763742488,
              -32.763796284343414
            ],
            [
              -71.20798763742488,
              -32.76379826191707
            ],
            [
              -71.20798648478407,
              -32.76379826191707
            ],
            [
              -71.20798648478407,
              -32.7637992507039
            ],
            [
              -71.20798533214325,
              -32.7637992507039
            ],
            [
              -71.20798533214325,
              -32.76380023949073
            ],
            [
              -71.20798417950245,
              -32.76380023949073
            ],
            [
              -71.20798417950245,
              -32.76380221706438
            ],
            [
              -71.20798302686163,
              -32.76380221706438
            ],
            [
              -71.20798302686163,
              -32.76380320585121
            ],
            [
              -71.20798187422082,
              -32.76380320585121
            ],
            [
              -71.20798187422082,
              -32.763805183424864
            ],
            [
              -71.20798072158,
              -32.763805183424864
            ],
            [
              -71.20798072158,
              -32.763806172211694
            ],
            [
              -71.2079795689392,
              -32.763806172211694
            ],
            [
              -71.2079795689392,
              -32.76380716099852
            ],
            [
              -71.20797841629837,
              -32.76380716099852
            ],
            [
              -71.20797841629837,
              -32.76380913857218
            ],
            [
              -71.20797726365757,
              -32.76380913857218
            ],
            [
              -71.20797726365757,
              -32.76381012735901
            ],
            [
              -71.20797611101675,
              -32.76381012735901
            ],
            [
              -71.20797611101675,
              -32.76381111614583
            ],
            [
              -71.20797495837594,
              -32.76381111614583
            ],
            [
              -71.20797495837594,
              -32.76381309371949
            ],
            [
              -71.20797380573514,
              -32.76381309371949
            ],
            [
              -71.20797380573514,
              -32.763814082506315
            ],
            [
              -71.20797265309432,
              -32.763814082506315
            ],
            [
              -71.20797265309432,
              -32.763815071293145
            ],
            [
              -71.20797150045351,
              -32.763815071293145
            ],
            [
              -71.20797150045351,
              -32.7638170488668
            ],
            [
              -71.20797034781269,
              -32.7638170488668
            ],
            [
              -71.20797034781269,
              -32.76381803765363
            ],
            [
              -71.20796919517188,
              -32.76381803765363
            ],
            [
              -71.20796919517188,
              -32.76381902644046
            ],
            [
              -71.20796804253106,
              -32.76381902644046
            ],
            [
              -71.20796804253106,
              -32.76382100401411
            ],
            [
              -71.20796688989026,
              -32.76382100401411
            ],
            [
              -71.20796688989026,
              -32.76382199280094
            ],
            [
              -71.20796573724944,
              -32.76382199280094
            ],
            [
              -71.20796573724944,
              -32.763823970374595
            ],
            [
              -71.20796458460863,
              -32.763823970374595
            ],
            [
              -71.20796458460863,
              -32.763824959161425
            ],
            [
              -71.20796343196781,
              -32.763824959161425
            ],
            [
              -71.20796343196781,
              -32.76382594794825
            ],
            [
              -71.207962279327,
              -32.76382594794825
            ],
            [
              -71.207962279327,
              -32.76382792552191
            ],
            [
              -71.2079611266862,
              -32.76382792552191
            ],
            [
              -71.2079611266862,
              -32.76382891430874
            ],
            [
              -71.20795997404538,
              -32.76382891430874
            ],
            [
              -71.20795997404538,
              -32.76382990309556
            ],
            [
              -71.20795882140457,
              -32.76382990309556
            ],
            [
              -71.20795882140457,
              -32.76383188066922
            ],
            [
              -71.20795766876375,
              -32.76383188066922
            ],
            [
              -71.20795766876375,
              -32.763832869456046
            ],
            [
              -71.20795651612295,
              -32.763832869456046
            ],
            [
              -71.20795651612295,
              -32.763833858242876
            ],
            [
              -71.20795536348213,
              -32.763833858242876
            ],
            [
              -71.20795536348213,
              -32.76383583581653
            ],
            [
              -71.20795421084132,
              -32.76383583581653
            ],
            [
              -71.20795421084132,
              -32.76383682460336
            ],
            [
              -71.2079530582005,
              -32.76383682460336
            ],
            [
              -71.2079530582005,
              -32.76383781339019
            ],
            [
              -71.2079519055597,
              -32.76383781339019
            ],
            [
              -71.2079519055597,
              -32.76383979096384
            ],
            [
              -71.20795075291888,
              -32.76383979096384
            ],
            [
              -71.20795075291888,
              -32.76384077975067
            ],
            [
              -71.20794960027807,
              -32.76384077975067
            ],
            [
              -71.20794960027807,
              -32.763841768537496
            ],
            [
              -71.20794844763726,
              -32.763841768537496
            ],
            [
              -71.20794844763726,
              -32.76384374611116
            ],
            [
              -71.20794729499644,
              -32.76384374611116
            ],
            [
              -71.20794729499644,
              -32.76384473489799
            ],
            [
              -71.20794614235564,
              -32.76384473489799
            ],
            [
              -71.20794614235564,
              -32.76384671247164
            ],
            [
              -71.20794498971482,
              -32.76384671247164
            ],
            [
              -71.20794498971482,
              -32.76384770125847
            ],
            [
              -71.20794383707401,
              -32.76384770125847
            ],
            [
              -71.20794383707401,
              -32.76384869004529
            ],
            [
              -71.20794268443319,
              -32.76384869004529
            ],
            [
              -71.20794268443319,
              -32.763850667618954
            ],
            [
              -71.20794153179239,
              -32.763850667618954
            ],
            [
              -71.20794153179239,
              -32.76385165640578
            ],
            [
              -71.20794037915157,
              -32.76385165640578
            ],
            [
              -71.20794037915157,
              -32.76385264519261
            ],
            [
              -71.20793922651076,
              -32.76385264519261
            ],
            [
              -71.20793922651076,
              -32.76385462276626
            ],
            [
              -71.20793807386994,
              -32.76385462276626
            ],
            [
              -71.20793807386994,
              -32.76385561155309
            ],
            [
              -71.20793692122913,
              -32.76385561155309
            ],
            [
              -71.20793692122913,
              -32.76385660033992
            ],
            [
              -71.20793576858833,
              -32.76385660033992
            ],
            [
              -71.20793576858833,
              -32.763858577913574
            ],
            [
              -71.20793461594751,
              -32.763858577913574
            ],
            [
              -71.20793461594751,
              -32.763859566700404
            ],
            [
              -71.2079334633067,
              -32.763859566700404
            ],
            [
              -71.2079334633067,
              -32.763860555487234
            ],
            [
              -71.20793231066588,
              -32.763860555487234
            ],
            [
              -71.20793231066588,
              -32.76386253306089
            ],
            [
              -71.20793115802508,
              -32.76386253306089
            ],
            [
              -71.20793115802508,
              -32.76386352184772
            ],
            [
              -71.20793000538426,
              -32.76386352184772
            ],
            [
              -71.20793000538426,
              -32.76386451063454
            ],
            [
              -71.20792885274345,
              -32.76386451063454
            ],
            [
              -71.20792885274345,
              -32.7638664882082
            ],
            [
              -71.20792770010263,
              -32.7638664882082
            ],
            [
              -71.20792770010263,
              -32.763867476995024
            ],
            [
              -71.20792654746182,
              -32.763867476995024
            ],
            [
              -71.20792654746182,
              -32.763869454568685
            ],
            [
              -71.20792539482102,
              -32.763869454568685
            ],
            [
              -71.20792539482102,
              -32.76387044335551
            ],
            [
              -71.2079242421802,
              -32.76387044335551
            ],
            [
              -71.2079242421802,
              -32.76387143214234
            ],
            [
              -71.20792308953939,
              -32.76387143214234
            ],
            [
              -71.20792308953939,
              -32.76387340971599
            ],
            [
              -71.20792193689857,
              -32.76387340971599
            ],
            [
              -71.20792193689857,
              -32.76387439850282
            ],
            [
              -71.20792078425777,
              -32.76387439850282
            ],
            [
              -71.20792078425777,
              -32.76387538728965
            ],
            [
              -71.20791963161695,
              -32.76387538728965
            ],
            [
              -71.20791963161695,
              -32.763877364863305
            ],
            [
              -71.20791847897614,
              -32.763877364863305
            ],
            [
              -71.20791847897614,
              -32.763878353650135
            ],
            [
              -71.20791732633532,
              -32.763878353650135
            ],
            [
              -71.20791732633532,
              -32.763879342436965
            ],
            [
              -71.20791617369451,
              -32.763879342436965
            ],
            [
              -71.20791617369451,
              -32.76388132001062
            ],
            [
              -71.2079150210537,
              -32.76388132001062
            ],
            [
              -71.2079150210537,
              -32.76388230879745
            ],
            [
              -71.20791386841289,
              -32.76388230879745
            ],
            [
              -71.20791386841289,
              -32.76388329758427
            ],
            [
              -71.20791271577208,
              -32.76388329758427
            ],
            [
              -71.20791271577208,
              -32.76388527515793
            ],
            [
              -71.20791156313126,
              -32.76388527515793
            ],
            [
              -71.20791156313126,
              -32.763886263944755
            ],
            [
              -71.20791041049046,
              -32.763886263944755
            ],
            [
              -71.20791041049046,
              -32.763888241518416
            ],
            [
              -71.20790925784964,
              -32.763888241518416
            ],
            [
              -71.20790925784964,
              -32.76388923030524
            ],
            [
              -71.20790810520883,
              -32.76388923030524
            ],
            [
              -71.20790810520883,
              -32.76389021909207
            ],
            [
              -71.20790695256801,
              -32.76389021909207
            ],
            [
              -71.20790695256801,
              -32.76389219666573
            ],
            [
              -71.2079057999272,
              -32.76389219666573
            ],
            [
              -71.2079057999272,
              -32.76389318545255
            ],
            [
              -71.20790464728638,
              -32.76389318545255
            ],
            [
              -71.20790464728638,
              -32.76389417423938
            ],
            [
              -71.20790349464558,
              -32.76389417423938
            ],
            [
              -71.20790349464558,
              -32.763896151813036
            ],
            [
              -71.20790234200476,
              -32.763896151813036
            ],
            [
              -71.20790234200476,
              -32.763897140599866
            ],
            [
              -71.20790118936395,
              -32.763897140599866
            ],
            [
              -71.20790118936395,
              -32.763898129386696
            ],
            [
              -71.20790003672315,
              -32.763898129386696
            ],
            [
              -71.20790003672315,
              -32.76390010696035
            ],
            [
              -71.20789888408233,
              -32.76390010696035
            ],
            [
              -71.20789888408233,
              -32.76390109574718
            ],
            [
              -71.20789773144152,
              -32.76390109574718
            ],
            [
              -71.20789773144152,
              -32.763902084534
            ],
            [
              -71.2078965788007,
              -32.763902084534
            ],
            [
              -71.2078965788007,
              -32.76390406210766
            ],
            [
              -71.2078954261599,
              -32.76390406210766
            ],
            [
              -71.2078954261599,
              -32.763905050894486
            ],
            [
              -71.20789427351907,
              -32.763905050894486
            ],
            [
              -71.20789427351907,
              -32.763906039681316
            ],
            [
              -71.20789312087827,
              -32.763906039681316
            ],
            [
              -71.20789312087827,
              -32.76390801725498
            ],
            [
              -71.20789196823745,
              -32.76390801725498
            ],
            [
              -71.20789196823745,
              -32.7639090060418
            ],
            [
              -71.20789081559664,
              -32.7639090060418
            ],
            [
              -71.20789081559664,
              -32.76391098361546
            ],
            [
              -71.20788966295582,
              -32.76391098361546
            ],
            [
              -71.20788966295582,
              -32.76391197240228
            ],
            [
              -71.20788851031502,
              -32.76391197240228
            ],
            [
              -71.20788851031502,
              -32.763912961189114
            ],
            [
              -71.20788735767421,
              -32.763912961189114
            ],
            [
              -71.20788735767421,
              -32.76391493876277
            ],
            [
              -71.20788620503339,
              -32.76391493876277
            ],
            [
              -71.20788620503339,
              -32.7639159275496
            ],
            [
              -71.20788505239258,
              -32.7639159275496
            ],
            [
              -71.20788505239258,
              -32.76391691633643
            ],
            [
              -71.20788389975176,
              -32.76391691633643
            ],
            [
              -71.20788389975176,
              -32.76391889391008
            ],
            [
              -71.20788274711096,
              -32.76391889391008
            ],
            [
              -71.20788274711096,
              -32.76391988269691
            ],
            [
              -71.20788159447014,
              -32.76391988269691
            ],
            [
              -71.20788159447014,
              -32.763920871483734
            ],
            [
              -71.20788044182933,
              -32.763920871483734
            ],
            [
              -71.20788044182933,
              -32.763922849057394
            ],
            [
              -71.20787928918851,
              -32.763922849057394
            ],
            [
              -71.20787928918851,
              -32.763923837844224
            ],
            [
              -71.2078781365477,
              -32.763923837844224
            ],
            [
              -71.2078781365477,
              -32.76392482663105
            ],
            [
              -71.2078769839069,
              -32.76392482663105
            ],
            [
              -71.2078769839069,
              -32.76392680420471
            ],
            [
              -71.20787583126608,
              -32.76392680420471
            ],
            [
              -71.20787583126608,
              -32.76392779299153
            ],
            [
              -71.20787467862527,
              -32.76392779299153
            ],
            [
              -71.20787467862527,
              -32.76392878177836
            ],
            [
              -71.20787352598445,
              -32.76392878177836
            ],
            [
              -71.20787352598445,
              -32.763930759352014
            ],
            [
              -71.20787237334365,
              -32.763930759352014
            ],
            [
              -71.20787237334365,
              -32.763931748138845
            ],
            [
              -71.20787122070283,
              -32.763931748138845
            ],
            [
              -71.20787122070283,
              -32.7639337257125
            ],
            [
              -71.20787006806202,
              -32.7639337257125
            ],
            [
              -71.20787006806202,
              -32.76393471449933
            ],
            [
              -71.2078689154212,
              -32.76393471449933
            ],
            [
              -71.2078689154212,
              -32.76393570328616
            ],
            [
              -71.2078677627804,
              -32.76393570328616
            ],
            [
              -71.2078677627804,
              -32.76393768085981
            ],
            [
              -71.20786661013958,
              -32.76393768085981
            ],
            [
              -71.20786661013958,
              -32.76393866964664
            ],
            [
              -71.20786545749877,
              -32.76393866964664
            ],
            [
              -71.20786545749877,
              -32.76393965843347
            ],
            [
              -71.20786430485796,
              -32.76393965843347
            ],
            [
              -71.20786430485796,
              -32.763941636007125
            ],
            [
              -71.20786315221714,
              -32.763941636007125
            ],
            [
              -71.20786315221714,
              -32.763942624793955
            ],
            [
              -71.20786199957634,
              -32.763942624793955
            ],
            [
              -71.20786199957634,
              -32.76394361358078
            ],
            [
              -71.20786084693552,
              -32.76394361358078
            ],
            [
              -71.20786084693552,
              -32.76394559115444
            ],
            [
              -71.20785969429471,
              -32.76394559115444
            ],
            [
              -71.20785969429471,
              -32.76394657994126
            ],
            [
              -71.20785854165389,
              -32.76394657994126
            ],
            [
              -71.20785854165389,
              -32.76394756872809
            ],
            [
              -71.20785738901309,
              -32.76394756872809
            ],
            [
              -71.20785738901309,
              -32.763949546301745
            ],
            [
              -71.20785623637227,
              -32.763949546301745
            ],
            [
              -71.20785623637227,
              -32.763950535088576
            ],
            [
              -71.20785508373146,
              -32.763950535088576
            ],
            [
              -71.20785508373146,
              -32.76395251266223
            ],
            [
              -71.20785393109064,
              -32.76395251266223
            ],
            [
              -71.20785393109064,
              -32.76395350144906
            ],
            [
              -71.20785277844983,
              -32.76395350144906
            ],
            [
              -71.20785277844983,
              -32.76395449023589
            ],
            [
              -71.20785162580903,
              -32.76395449023589
            ],
            [
              -71.20785162580903,
              -32.76395646780954
            ],
            [
              -71.20785047316821,
              -32.76395646780954
            ],
            [
              -71.20785047316821,
              -32.76395745659637
            ],
            [
              -71.2078493205274,
              -32.76395745659637
            ],
            [
              -71.2078493205274,
              -32.7639584453832
            ],
            [
              -71.20784816788658,
              -32.7639584453832
            ],
            [
              -71.20784816788658,
              -32.763960422956856
            ],
            [
              -71.20784701524578,
              -32.763960422956856
            ],
            [
              -71.20784701524578,
              -32.763961411743686
            ],
            [
              -71.20784586260496,
              -32.763961411743686
            ],
            [
              -71.20784586260496,
              -32.76396240053051
            ],
            [
              -71.20784470996415,
              -32.76396240053051
            ],
            [
              -71.20784470996415,
              -32.76396437810417
            ],
            [
              -71.20784355732333,
              -32.76396437810417
            ],
            [
              -71.20784355732333,
              -32.76396536689099
            ],
            [
              -71.20784240468252,
              -32.76396536689099
            ],
            [
              -71.20784240468252,
              -32.76396635567782
            ],
            [
              -71.2078412520417,
              -32.76396635567782
            ],
            [
              -71.2078412520417,
              -32.763968333251476
            ],
            [
              -71.2078400994009,
              -32.763968333251476
            ],
            [
              -71.2078400994009,
              -32.76396932203831
            ],
            [
              -71.20783894676009,
              -32.76396932203831
            ],
            [
              -71.20783894676009,
              -32.76397031082514
            ],
            [
              -71.20783779411927,
              -32.76397031082514
            ],
            [
              -71.20783779411927,
              -32.76397228839879
            ],
            [
              -71.20783664147847,
              -32.76397228839879
            ],
            [
              -71.20783664147847,
              -32.76397327718562
            ],
            [
              -71.20783548883765,
              -32.76397327718562
            ],
            [
              -71.20783548883765,
              -32.76397525475927
            ],
            [
              -71.20783433619684,
              -32.76397525475927
            ],
            [
              -71.20783433619684,
              -32.763976243546104
            ],
            [
              -71.20783318355602,
              -32.763976243546104
            ],
            [
              -71.20783318355602,
              -32.763977232332934
            ],
            [
              -71.20783203091521,
              -32.763977232332934
            ],
            [
              -71.20783203091521,
              -32.76397920990659
            ],
            [
              -71.2078308782744,
              -32.76397920990659
            ],
            [
              -71.2078308782744,
              -32.76398019869342
            ],
            [
              -71.20782972563359,
              -32.76398019869342
            ],
            [
              -71.20782972563359,
              -32.76398118748024
            ],
            [
              -71.20782857299278,
              -32.76398118748024
            ],
            [
              -71.20782857299278,
              -32.7639831650539
            ],
            [
              -71.20782742035196,
              -32.7639831650539
            ],
            [
              -71.20782742035196,
              -32.763984153840724
            ],
            [
              -71.20782626771116,
              -32.763984153840724
            ],
            [
              -71.20782626771116,
              -32.763985142627554
            ],
            [
              -71.20782511507034,
              -32.763985142627554
            ],
            [
              -71.20782511507034,
              -32.763987120201215
            ],
            [
              -71.20782396242953,
              -32.763987120201215
            ],
            [
              -71.20782396242953,
              -32.76398810898804
            ],
            [
              -71.20782280978871,
              -32.76398810898804
            ],
            [
              -71.20782280978871,
              -32.76398909777487
            ],
            [
              -71.2078216571479,
              -32.76398909777487
            ],
            [
              -71.2078216571479,
              -32.76399107534852
            ],
            [
              -71.20782050450708,
              -32.76399107534852
            ],
            [
              -71.20782050450708,
              -32.76399206413535
            ],
            [
              -71.20781935186628,
              -32.76399206413535
            ],
            [
              -71.20781935186628,
              -32.76399305292218
            ],
            [
              -71.20781819922546,
              -32.76399305292218
            ],
            [
              -71.20781819922546,
              -32.763995030495835
            ],
            [
              -71.20781704658465,
              -32.763995030495835
            ],
            [
              -71.20781704658465,
              -32.763996019282665
            ],
            [
              -71.20781589394385,
              -32.763996019282665
            ],
            [
              -71.20781589394385,
              -32.76399799685632
            ],
            [
              -71.20781474130303,
              -32.76399799685632
            ],
            [
              -71.20781474130303,
              -32.76399898564315
            ],
            [
              -71.20781358866222,
              -32.76399898564315
            ],
            [
              -71.20781358866222,
              -32.76399997442997
            ],
            [
              -71.2078124360214,
              -32.76399997442997
            ],
            [
              -71.2078124360214,
              -32.76400195200363
            ],
            [
              -71.2078112833806,
              -32.76400195200363
            ],
            [
              -71.2078112833806,
              -32.76400294079046
            ],
            [
              -71.20781013073977,
              -32.76400294079046
            ],
            [
              -71.20781013073977,
              -32.764003929577285
            ],
            [
              -71.20780897809897,
              -32.764003929577285
            ],
            [
              -71.20780897809897,
              -32.764005907150946
            ],
            [
              -71.20780782545815,
              -32.764005907150946
            ],
            [
              -71.20780782545815,
              -32.76400689593777
            ],
            [
              -71.20780667281734,
              -32.76400689593777
            ],
            [
              -71.20780667281734,
              -32.7640078847246
            ],
            [
              -71.20780552017652,
              -32.7640078847246
            ],
            [
              -71.20780552017652,
              -32.76400986229825
            ],
            [
              -71.20780436753572,
              -32.76400986229825
            ],
            [
              -71.20780436753572,
              -32.76401085108508
            ],
            [
              -71.20780321489491,
              -32.76401085108508
            ],
            [
              -71.20780321489491,
              -32.76401183987191
            ],
            [
              -71.20780206225409,
              -32.76401183987191
            ],
            [
              -71.20780206225409,
              -32.764013817445566
            ],
            [
              -71.20780090961328,
              -32.764013817445566
            ],
            [
              -71.20780090961328,
              -32.764014806232396
            ],
            [
              -71.20779975697246,
              -32.764014806232396
            ],
            [
              -71.20779975697246,
              -32.76401678380605
            ],
            [
              -71.20779860433166,
              -32.76401678380605
            ],
            [
              -71.20779860433166,
              -32.76401777259288
            ],
            [
              -71.20779745169084,
              -32.76401777259288
            ],
            [
              -71.20779745169084,
              -32.76401876137971
            ],
            [
              -71.20779629905003,
              -32.76401876137971
            ],
            [
              -71.20779629905003,
              -32.76402073895336
            ],
            [
              -71.20779514640921,
              -32.76402073895336
            ],
            [
              -71.20779514640921,
              -32.76402172774019
            ],
            [
              -71.2077939937684,
              -32.76402172774019
            ],
            [
              -71.2077939937684,
              -32.764022716527016
            ],
            [
              -71.20779284112758,
              -32.764022716527016
            ],
            [
              -71.20779284112758,
              -32.76402469410068
            ],
            [
              -71.20779168848678,
              -32.76402469410068
            ],
            [
              -71.20779168848678,
              -32.7640256828875
            ],
            [
              -71.20779053584597,
              -32.7640256828875
            ],
            [
              -71.20779053584597,
              -32.76402667167433
            ],
            [
              -71.20778938320515,
              -32.76402667167433
            ],
            [
              -71.20778938320515,
              -32.76402864924798
            ],
            [
              -71.20778823056435,
              -32.76402864924798
            ],
            [
              -71.20778823056435,
              -32.76402963803481
            ],
            [
              -71.20778707792353,
              -32.76402963803481
            ],
            [
              -71.20778707792353,
              -32.76403062682164
            ],
            [
              -71.20778592528272,
              -32.76403062682164
            ],
            [
              -71.20778592528272,
              -32.7640326043953
            ],
            [
              -71.2077847726419,
              -32.7640326043953
            ],
            [
              -71.2077847726419,
              -32.76403359318213
            ],
            [
              -71.2077836200011,
              -32.76403359318213
            ],
            [
              -71.2077836200011,
              -32.76403458196896
            ],
            [
              -71.20778246736027,
              -32.76403458196896
            ],
            [
              -71.20778246736027,
              -32.76403655954261
            ],
            [
              -71.20778131471947,
              -32.76403655954261
            ],
            [
              -71.20778131471947,
              -32.76403754832944
            ],
            [
              -71.20778016207865,
              -32.76403754832944
            ],
            [
              -71.20778016207865,
              -32.764039525903094
            ],
            [
              -71.20777900943784,
              -32.764039525903094
            ],
            [
              -71.20777900943784,
              -32.764040514689924
            ],
            [
              -71.20777785679704,
              -32.764040514689924
            ],
            [
              -71.20777785679704,
              -32.76404150347675
            ],
            [
              -71.20777670415622,
              -32.76404150347675
            ],
            [
              -71.20777670415622,
              -32.76404348105041
            ],
            [
              -71.20777555151541,
              -32.76404348105041
            ],
            [
              -71.20777555151541,
              -32.76404446983723
            ],
            [
              -71.20777439887459,
              -32.76404446983723
            ],
            [
              -71.20777439887459,
              -32.76404545862406
            ],
            [
              -71.20777324623378,
              -32.76404545862406
            ],
            [
              -71.20777324623378,
              -32.764047436197714
            ],
            [
              -71.20777209359296,
              -32.764047436197714
            ],
            [
              -71.20777209359296,
              -32.764048424984544
            ],
            [
              -71.20777094095216,
              -32.764048424984544
            ],
            [
              -71.20777094095216,
              -32.764049413771374
            ],
            [
              -71.20776978831134,
              -32.764049413771374
            ],
            [
              -71.20776978831134,
              -32.76405139134503
            ],
            [
              -71.20776863567053,
              -32.76405139134503
            ],
            [
              -71.20776863567053,
              -32.76405238013186
            ],
            [
              -71.20776748302973,
              -32.76405238013186
            ],
            [
              -71.20776748302973,
              -32.76405336891869
            ],
            [
              -71.2077663303889,
              -32.76405336891869
            ],
            [
              -71.2077663303889,
              -32.76405534649234
            ],
            [
              -71.2077651777481,
              -32.76405534649234
            ],
            [
              -71.2077651777481,
              -32.76405633527917
            ],
            [
              -71.20776402510728,
              -32.76405633527917
            ],
            [
              -71.20776402510728,
              -32.764058312852825
            ],
            [
              -71.20776287246647,
              -32.764058312852825
            ],
            [
              -71.20776287246647,
              -32.764059301639655
            ],
            [
              -71.20776171982565,
              -32.764059301639655
            ],
            [
              -71.20776171982565,
              -32.76406029042648
            ],
            [
              -71.20776056718485,
              -32.76406029042648
            ],
            [
              -71.20776056718485,
              -32.76406226800014
            ],
            [
              -71.20775941454403,
              -32.76406226800014
            ],
            [
              -71.20775941454403,
              -32.76406325678696
            ],
            [
              -71.20775826190322,
              -32.76406325678696
            ],
            [
              -71.20775826190322,
              -32.76406424557379
            ],
            [
              -71.2077571092624,
              -32.76406424557379
            ],
            [
              -71.2077571092624,
              -32.76406622314745
            ],
            [
              -71.2077559566216,
              -32.76406622314745
            ],
            [
              -71.2077559566216,
              -32.764067211934275
            ],
            [
              -71.20775480398079,
              -32.764067211934275
            ],
            [
              -71.20775480398079,
              -32.764068200721105
            ],
            [
              -71.20775365133997,
              -32.764068200721105
            ],
            [
              -71.20775365133997,
              -32.76407017829476
            ],
            [
              -71.20775249869916,
              -32.76407017829476
            ],
            [
              -71.20775249869916,
              -32.76407116708159
            ],
            [
              -71.20775134605834,
              -32.76407116708159
            ],
            [
              -71.20775134605834,
              -32.76407215586842
            ],
            [
              -71.20775019341754,
              -32.76407215586842
            ],
            [
              -71.20775019341754,
              -32.76407413344207
            ],
            [
              -71.20774904077672,
              -32.76407413344207
            ],
            [
              -71.20774904077672,
              -32.7640751222289
            ],
            [
              -71.20774788813591,
              -32.7640751222289
            ],
            [
              -71.20774788813591,
              -32.764076111015726
            ],
            [
              -71.20774673549509,
              -32.764076111015726
            ],
            [
              -71.20774673549509,
              -32.764078088589386
            ],
            [
              -71.20774558285429,
              -32.764078088589386
            ],
            [
              -71.20774558285429,
              -32.76407907737621
            ],
            [
              -71.20774443021347,
              -32.76407907737621
            ],
            [
              -71.20774443021347,
              -32.76408105494987
            ],
            [
              -71.20774327757266,
              -32.76408105494987
            ],
            [
              -71.20774327757266,
              -32.7640820437367
            ],
            [
              -71.20774212493185,
              -32.7640820437367
            ],
            [
              -71.20774212493185,
              -32.76408303252352
            ],
            [
              -71.20774097229103,
              -32.76408303252352
            ],
            [
              -71.20774097229103,
              -32.76408501009718
            ],
            [
              -71.20773981965023,
              -32.76408501009718
            ],
            [
              -71.20773981965023,
              -32.764085998884006
            ],
            [
              -71.20773866700941,
              -32.764085998884006
            ],
            [
              -71.20773866700941,
              -32.76408698767084
            ],
            [
              -71.2077375143686,
              -32.76408698767084
            ],
            [
              -71.2077375143686,
              -32.76408896524449
            ],
            [
              -71.20773636172778,
              -32.76408896524449
            ],
            [
              -71.20773636172778,
              -32.76408995403132
            ],
            [
              -71.20773520908698,
              -32.76408995403132
            ],
            [
              -71.20773520908698,
              -32.76409094281815
            ],
            [
              -71.20773405644616,
              -32.76409094281815
            ],
            [
              -71.20773405644616,
              -32.7640929203918
            ],
            [
              -71.20773290380535,
              -32.7640929203918
            ],
            [
              -71.20773290380535,
              -32.764093909178634
            ],
            [
              -71.20773175116453,
              -32.764093909178634
            ],
            [
              -71.20773175116453,
              -32.76409489796546
            ],
            [
              -71.20773059852372,
              -32.76409489796546
            ],
            [
              -71.20773059852372,
              -32.76409687553912
            ],
            [
              -71.20772944588292,
              -32.76409687553912
            ],
            [
              -71.20772944588292,
              -32.76409786432595
            ],
            [
              -71.2077282932421,
              -32.76409786432595
            ],
            [
              -71.2077282932421,
              -32.76409885311277
            ],
            [
              -71.20772714060129,
              -32.76409885311277
            ],
            [
              -71.20772714060129,
              -32.76410083068643
            ],
            [
              -71.20772598796047,
              -32.76410083068643
            ],
            [
              -71.20772598796047,
              -32.764101819473254
            ],
            [
              -71.20772483531967,
              -32.764101819473254
            ],
            [
              -71.20772483531967,
              -32.764103797046914
            ],
            [
              -71.20772368267885,
              -32.764103797046914
            ],
            [
              -71.20772368267885,
              -32.76410478583374
            ],
            [
              -71.20772253003804,
              -32.76410478583374
            ],
            [
              -71.20772253003804,
              -32.76410577462057
            ],
            [
              -71.20772137739722,
              -32.76410577462057
            ],
            [
              -71.20772137739722,
              -32.76410775219422
            ],
            [
              -71.20772022475641,
              -32.76410775219422
            ],
            [
              -71.20772022475641,
              -32.76410874098105
            ],
            [
              -71.20771907211561,
              -32.76410874098105
            ],
            [
              -71.20771907211561,
              -32.76410972976788
            ],
            [
              -71.20771791947479,
              -32.76410972976788
            ],
            [
              -71.20771791947479,
              -32.764111707341534
            ],
            [
              -71.20771676683398,
              -32.764111707341534
            ],
            [
              -71.20771676683398,
              -32.764112696128365
            ],
            [
              -71.20771561419316,
              -32.764112696128365
            ],
            [
              -71.20771561419316,
              -32.764113684915195
            ],
            [
              -71.20771446155236,
              -32.764113684915195
            ],
            [
              -71.20771446155236,
              -32.76411566248885
            ],
            [
              -71.20771330891154,
              -32.76411566248885
            ],
            [
              -71.20771330891154,
              -32.76411665127568
            ],
            [
              -71.20771215627073,
              -32.76411665127568
            ],
            [
              -71.20771215627073,
              -32.7641176400625
            ],
            [
              -71.20771100362991,
              -32.7641176400625
            ],
            [
              -71.20771100362991,
              -32.76411961763616
            ],
            [
              -71.2077098509891,
              -32.76411961763616
            ],
            [
              -71.2077098509891,
              -32.764120606422985
            ],
            [
              -71.20770869834828,
              -32.764120606422985
            ],
            [
              -71.20770869834828,
              -32.764122583996645
            ],
            [
              -71.20770754570748,
              -32.764122583996645
            ],
            [
              -71.20770754570748,
              -32.76412357278347
            ],
            [
              -71.20770639306667,
              -32.76412357278347
            ],
            [
              -71.20770639306667,
              -32.7641245615703
            ],
            [
              -71.20770524042585,
              -32.7641245615703
            ],
            [
              -71.20770524042585,
              -32.76412653914395
            ],
            [
              -71.20770408778505,
              -32.76412653914395
            ],
            [
              -71.20770408778505,
              -32.76412752793078
            ],
            [
              -71.20770293514423,
              -32.76412752793078
            ],
            [
              -71.20770293514423,
              -32.76412851671761
            ],
            [
              -71.20770178250342,
              -32.76412851671761
            ],
            [
              -71.20770178250342,
              -32.764130494291265
            ],
            [
              -71.2077006298626,
              -32.764130494291265
            ],
            [
              -71.2077006298626,
              -32.764131483078096
            ],
            [
              -71.2076994772218,
              -32.764131483078096
            ],
            [
              -71.2076994772218,
              -32.764132471864926
            ],
            [
              -71.20769832458097,
              -32.764132471864926
            ],
            [
              -71.20769832458097,
              -32.76413444943858
            ],
            [
              -71.20769717194017,
              -32.76413444943858
            ],
            [
              -71.20769717194017,
              -32.76413543822541
            ],
            [
              -71.20769601929935,
              -32.76413543822541
            ],
            [
              -71.20769601929935,
              -32.76413642701223
            ],
            [
              -71.20769486665854,
              -32.76413642701223
            ],
            [
              -71.20769486665854,
              -32.76413840458589
            ],
            [
              -71.20769371401774,
              -32.76413840458589
            ],
            [
              -71.20769371401774,
              -32.764139393372716
            ],
            [
              -71.20769256137692,
              -32.764139393372716
            ],
            [
              -71.20769256137692,
              -32.764140382159546
            ],
            [
              -71.20769140873611,
              -32.764140382159546
            ],
            [
              -71.20769140873611,
              -32.7641423597332
            ],
            [
              -71.20769025609529,
              -32.7641423597332
            ],
            [
              -71.20769025609529,
              -32.76414334852003
            ],
            [
              -71.20768910345448,
              -32.76414334852003
            ],
            [
              -71.20768910345448,
              -32.76414532609369
            ],
            [
              -71.20768795081366,
              -32.76414532609369
            ],
            [
              -71.20768795081366,
              -32.76414631488051
            ],
            [
              -71.20768679817286,
              -32.76414631488051
            ],
            [
              -71.20768679817286,
              -32.76414730366734
            ],
            [
              -71.20768564553204,
              -32.76414730366734
            ],
            [
              -71.20768564553204,
              -32.764149281241
            ],
            [
              -71.20768449289123,
              -32.764149281241
            ],
            [
              -71.20768449289123,
              -32.76415027002783
            ],
            [
              -71.20768334025041,
              -32.76415027002783
            ],
            [
              -71.20768334025041,
              -32.76415125881466
            ],
            [
              -71.2076821876096,
              -32.76415125881466
            ],
            [
              -71.2076821876096,
              -32.76415323638831
            ],
            [
              -71.2076810349688,
              -32.76415323638831
            ],
            [
              -71.2076810349688,
              -32.76415422517514
            ],
            [
              -71.20767988232798,
              -32.76415422517514
            ],
            [
              -71.20767988232798,
              -32.76415521396196
            ],
            [
              -71.20767872968717,
              -32.76415521396196
            ],
            [
              -71.20767872968717,
              -32.764157191535624
            ],
            [
              -71.20767757704635,
              -32.764157191535624
            ],
            [
              -71.20767757704635,
              -32.76415818032245
            ],
            [
              -71.20767642440555,
              -32.76415818032245
            ],
            [
              -71.20767642440555,
              -32.76415916910928
            ],
            [
              -71.20767527176473,
              -32.76415916910928
            ],
            [
              -71.20767527176473,
              -32.76416114668294
            ],
            [
              -71.20767411912392,
              -32.76416114668294
            ],
            [
              -71.20767411912392,
              -32.76416213546976
            ],
            [
              -71.2076729664831,
              -32.76416213546976
            ],
            [
              -71.2076729664831,
              -32.76416312425659
            ],
            [
              -71.2076718138423,
              -32.76416312425659
            ],
            [
              -71.2076718138423,
              -32.764165101830244
            ],
            [
              -71.20767066120148,
              -32.764165101830244
            ],
            [
              -71.20767066120148,
              -32.764166090617074
            ],
            [
              -71.20766950856067,
              -32.764166090617074
            ],
            [
              -71.20766950856067,
              -32.76416806819073
            ],
            [
              -71.20766835591986,
              -32.76416806819073
            ],
            [
              -71.20766835591986,
              -32.76416905697756
            ],
            [
              -71.20766720327904,
              -32.76416905697756
            ],
            [
              -71.20766720327904,
              -32.76417004576439
            ],
            [
              -71.20766605063824,
              -32.76417004576439
            ],
            [
              -71.20766605063824,
              -32.76417202333804
            ],
            [
              -71.20766489799742,
              -32.76417202333804
            ],
            [
              -71.20766489799742,
              -32.76417301212487
            ],
            [
              -71.20766374535661,
              -32.76417301212487
            ],
            [
              -71.20766374535661,
              -32.764174000911694
            ],
            [
              -71.20766259271579,
              -32.764174000911694
            ],
            [
              -71.20766259271579,
              -32.764175978485355
            ],
            [
              -71.20766144007499,
              -32.764175978485355
            ],
            [
              -71.20766144007499,
              -32.764176967272185
            ],
            [
              -71.20766028743417,
              -32.764176967272185
            ],
            [
              -71.20766028743417,
              -32.76417795605901
            ],
            [
              -71.20765913479336,
              -32.76417795605901
            ],
            [
              -71.20765913479336,
              -32.76417894484584
            ],
            [
              -71.20765682951173,
              -32.76417894484584
            ],
            [
              -71.20765682951173,
              -32.76417795605901
            ],
            [
              -71.2076533715893,
              -32.76417795605901
            ],
            [
              -71.2076533715893,
              -32.764176967272185
            ],
            [
              -71.20765106630768,
              -32.764176967272185
            ],
            [
              -71.20765106630768,
              -32.764175978485355
            ],
            [
              -71.20764760838523,
              -32.764175978485355
            ],
            [
              -71.20764760838523,
              -32.764174989698525
            ],
            [
              -71.20764530310362,
              -32.764174989698525
            ],
            [
              -71.20764530310362,
              -32.764174000911694
            ],
            [
              -71.20764299782199,
              -32.764174000911694
            ],
            [
              -71.20764299782199,
              -32.76417301212487
            ],
            [
              -71.20763953989955,
              -32.76417301212487
            ],
            [
              -71.20763953989955,
              -32.76417202333804
            ],
            [
              -71.20763723461792,
              -32.76417202333804
            ],
            [
              -71.20763723461792,
              -32.76417103455121
            ],
            [
              -71.2076349293363,
              -32.76417103455121
            ],
            [
              -71.2076349293363,
              -32.76417004576439
            ],
            [
              -71.20763147141386,
              -32.76417004576439
            ],
            [
              -71.20763147141386,
              -32.76416905697756
            ],
            [
              -71.20762916613224,
              -32.76416905697756
            ],
            [
              -71.20762916613224,
              -32.76416806819073
            ],
            [
              -71.2076257082098,
              -32.76416806819073
            ],
            [
              -71.2076257082098,
              -32.764167079403904
            ],
            [
              -71.20762340292818,
              -32.764167079403904
            ],
            [
              -71.20762340292818,
              -32.764166090617074
            ],
            [
              -71.20762109764655,
              -32.764166090617074
            ],
            [
              -71.20762109764655,
              -32.764165101830244
            ],
            [
              -71.20761763972412,
              -32.764165101830244
            ],
            [
              -71.20761763972412,
              -32.76416411304342
            ],
            [
              -71.2076153344425,
              -32.76416411304342
            ],
            [
              -71.2076153344425,
              -32.76416312425659
            ],
            [
              -71.20761302916087,
              -32.76416312425659
            ],
            [
              -71.20761302916087,
              -32.76416213546976
            ],
            [
              -71.20760957123844,
              -32.76416213546976
            ],
            [
              -71.20760957123844,
              -32.76416114668294
            ],
            [
              -71.20760726595681,
              -32.76416114668294
            ],
            [
              -71.20760726595681,
              -32.76416015789611
            ],
            [
              -71.20760380803436,
              -32.76416015789611
            ],
            [
              -71.20760380803436,
              -32.76415916910928
            ],
            [
              -71.20760150275274,
              -32.76415916910928
            ],
            [
              -71.20760150275274,
              -32.76415818032245
            ],
            [
              -71.20759919747111,
              -32.76415818032245
            ],
            [
              -71.20759919747111,
              -32.764157191535624
            ],
            [
              -71.20759573954868,
              -32.764157191535624
            ],
            [
              -71.20759573954868,
              -32.764156202748794
            ],
            [
              -71.20759343426705,
              -32.764156202748794
            ],
            [
              -71.20759343426705,
              -32.76415521396196
            ],
            [
              -71.20758997634462,
              -32.76415521396196
            ],
            [
              -71.20758997634462,
              -32.76415422517514
            ],
            [
              -71.207587671063,
              -32.76415422517514
            ],
            [
              -71.207587671063,
              -32.76415323638831
            ],
            [
              -71.20758536578137,
              -32.76415323638831
            ],
            [
              -71.20758536578137,
              -32.76415224760148
            ],
            [
              -71.20758190785894,
              -32.76415224760148
            ],
            [
              -71.20758190785894,
              -32.76415125881466
            ],
            [
              -71.20757960257731,
              -32.76415125881466
            ],
            [
              -71.20757960257731,
              -32.76415027002783
            ],
            [
              -71.20757729729569,
              -32.76415027002783
            ],
            [
              -71.20757729729569,
              -32.764149281241
            ],
            [
              -71.20757383937324,
              -32.764149281241
            ],
            [
              -71.20757383937324,
              -32.76414829245417
            ],
            [
              -71.20757153409163,
              -32.76414829245417
            ],
            [
              -71.20757153409163,
              -32.76414730366734
            ],
            [
              -71.20756807616918,
              -32.76414730366734
            ],
            [
              -71.20756807616918,
              -32.76414631488051
            ],
            [
              -71.20756577088756,
              -32.76414631488051
            ],
            [
              -71.20756577088756,
              -32.76414532609369
            ],
            [
              -71.20756346560593,
              -32.76414532609369
            ],
            [
              -71.20756346560593,
              -32.76414433730686
            ],
            [
              -71.2075600076835,
              -32.76414433730686
            ],
            [
              -71.2075600076835,
              -32.76414334852003
            ],
            [
              -71.20755770240187,
              -32.76414334852003
            ],
            [
              -71.20755770240187,
              -32.7641423597332
            ],
            [
              -71.20755539712025,
              -32.7641423597332
            ],
            [
              -71.20755539712025,
              -32.764141370946376
            ],
            [
              -71.20755193919781,
              -32.764141370946376
            ],
            [
              -71.20755193919781,
              -32.764140382159546
            ],
            [
              -71.20754963391619,
              -32.764140382159546
            ],
            [
              -71.20754963391619,
              -32.764139393372716
            ],
            [
              -71.20754617599376,
              -32.764139393372716
            ],
            [
              -71.20754617599376,
              -32.76413840458589
            ],
            [
              -71.20754387071213,
              -32.76413840458589
            ],
            [
              -71.20754387071213,
              -32.76413741579906
            ],
            [
              -71.2075415654305,
              -32.76413741579906
            ],
            [
              -71.2075415654305,
              -32.76413642701223
            ],
            [
              -71.20753810750806,
              -32.76413642701223
            ],
            [
              -71.20753810750806,
              -32.76413543822541
            ],
            [
              -71.20753580222645,
              -32.76413543822541
            ],
            [
              -71.20753580222645,
              -32.76413444943858
            ],
            [
              -71.20753349694482,
              -32.76413444943858
            ],
            [
              -71.20753349694482,
              -32.76413346065175
            ],
            [
              -71.20753003902237,
              -32.76413346065175
            ],
            [
              -71.20753003902237,
              -32.764132471864926
            ],
            [
              -71.20752773374075,
              -32.764132471864926
            ],
            [
              -71.20752773374075,
              -32.764131483078096
            ],
            [
              -71.20752427581832,
              -32.764131483078096
            ],
            [
              -71.20752427581832,
              -32.764130494291265
            ],
            [
              -71.20752197053669,
              -32.764130494291265
            ],
            [
              -71.20752197053669,
              -32.76412950550444
            ],
            [
              -71.20751966525506,
              -32.76412950550444
            ],
            [
              -71.20751966525506,
              -32.76412851671761
            ],
            [
              -71.20751620733263,
              -32.76412851671761
            ],
            [
              -71.20751620733263,
              -32.76412752793078
            ],
            [
              -71.207513902051,
              -32.76412752793078
            ],
            [
              -71.207513902051,
              -32.76412653914395
            ],
            [
              -71.20751159676938,
              -32.76412653914395
            ],
            [
              -71.20751159676938,
              -32.76412555035713
            ],
            [
              -71.20750813884695,
              -32.76412555035713
            ],
            [
              -71.20750813884695,
              -32.7641245615703
            ],
            [
              -71.20750583356532,
              -32.7641245615703
            ],
            [
              -71.20750583356532,
              -32.76412357278347
            ],
            [
              -71.20750237564287,
              -32.76412357278347
            ],
            [
              -71.20750237564287,
              -32.764122583996645
            ],
            [
              -71.20750007036126,
              -32.764122583996645
            ],
            [
              -71.20750007036126,
              -32.764121595209815
            ],
            [
              -71.20749776507964,
              -32.764121595209815
            ],
            [
              -71.20749776507964,
              -32.764120606422985
            ],
            [
              -71.20749430715719,
              -32.764120606422985
            ],
            [
              -71.20749430715719,
              -32.76411961763616
            ],
            [
              -71.20749200187556,
              -32.76411961763616
            ],
            [
              -71.20749200187556,
              -32.76411862884933
            ],
            [
              -71.20748854395313,
              -32.76411862884933
            ],
            [
              -71.20748854395313,
              -32.7641176400625
            ],
            [
              -71.2074862386715,
              -32.7641176400625
            ],
            [
              -71.2074862386715,
              -32.76411665127568
            ],
            [
              -71.20748393338988,
              -32.76411665127568
            ],
            [
              -71.20748393338988,
              -32.76411566248885
            ],
            [
              -71.20748047546745,
              -32.76411566248885
            ],
            [
              -71.20748047546745,
              -32.76411467370202
            ],
            [
              -71.20747817018582,
              -32.76411467370202
            ],
            [
              -71.20747817018582,
              -32.764113684915195
            ],
            [
              -71.2074758649042,
              -32.764113684915195
            ],
            [
              -71.2074758649042,
              -32.764112696128365
            ],
            [
              -71.20747240698176,
              -32.764112696128365
            ],
            [
              -71.20747240698176,
              -32.764111707341534
            ],
            [
              -71.20747010170014,
              -32.764111707341534
            ],
            [
              -71.20747010170014,
              -32.764110718554704
            ],
            [
              -71.20746664377769,
              -32.764110718554704
            ],
            [
              -71.20746664377769,
              -32.76410972976788
            ],
            [
              -71.20746433849607,
              -32.76410972976788
            ],
            [
              -71.20746433849607,
              -32.76410874098105
            ],
            [
              -71.20746203321445,
              -32.76410874098105
            ],
            [
              -71.20746203321445,
              -32.76410775219422
            ],
            [
              -71.20745857529201,
              -32.76410775219422
            ],
            [
              -71.20745857529201,
              -32.7641067634074
            ],
            [
              -71.20745627001038,
              -32.7641067634074
            ],
            [
              -71.20745627001038,
              -32.76410577462057
            ],
            [
              -71.20745396472876,
              -32.76410577462057
            ],
            [
              -71.20745396472876,
              -32.76410478583374
            ],
            [
              -71.20745050680632,
              -32.76410478583374
            ],
            [
              -71.20745050680632,
              -32.764103797046914
            ],
            [
              -71.2074482015247,
              -32.764103797046914
            ],
            [
              -71.2074482015247,
              -32.764102808260084
            ],
            [
              -71.20744474360227,
              -32.764102808260084
            ],
            [
              -71.20744474360227,
              -32.764101819473254
            ],
            [
              -71.20744243832064,
              -32.764101819473254
            ],
            [
              -71.20744243832064,
              -32.76410083068643
            ],
            [
              -71.20744013303901,
              -32.76410083068643
            ],
            [
              -71.20744013303901,
              -32.7640998418996
            ],
            [
              -71.20743667511658,
              -32.7640998418996
            ],
            [
              -71.20743667511658,
              -32.76409885311277
            ],
            [
              -71.20743436983496,
              -32.76409885311277
            ],
            [
              -71.20743436983496,
              -32.76409786432595
            ],
            [
              -71.20743206455333,
              -32.76409786432595
            ],
            [
              -71.20743206455333,
              -32.76409687553912
            ],
            [
              -71.20742860663088,
              -32.76409687553912
            ],
            [
              -71.20742860663088,
              -32.76409588675229
            ],
            [
              -71.20742630134927,
              -32.76409588675229
            ],
            [
              -71.20742630134927,
              -32.76409489796546
            ],
            [
              -71.20742284342683,
              -32.76409489796546
            ],
            [
              -71.20742284342683,
              -32.764093909178634
            ],
            [
              -71.2074205381452,
              -32.764093909178634
            ],
            [
              -71.2074205381452,
              -32.7640929203918
            ],
            [
              -71.20741823286357,
              -32.7640929203918
            ],
            [
              -71.20741823286357,
              -32.76409193160497
            ],
            [
              -71.20741477494114,
              -32.76409193160497
            ],
            [
              -71.20741477494114,
              -32.76409094281815
            ],
            [
              -71.20741246965952,
              -32.76409094281815
            ],
            [
              -71.20741246965952,
              -32.76408995403132
            ],
            [
              -71.20740901173708,
              -32.76408995403132
            ],
            [
              -71.20740901173708,
              -32.76408896524449
            ],
            [
              -71.20740670645546,
              -32.76408896524449
            ],
            [
              -71.20740670645546,
              -32.76408797645767
            ],
            [
              -71.20740440117383,
              -32.76408797645767
            ],
            [
              -71.20740440117383,
              -32.76408698767084
            ],
            [
              -71.2074009432514,
              -32.76408698767084
            ],
            [
              -71.2074009432514,
              -32.764085998884006
            ],
            [
              -71.20739863796977,
              -32.764085998884006
            ],
            [
              -71.20739863796977,
              -32.76408501009718
            ],
            [
              -71.2073928747657,
              -32.76408501009718
            ],
            [
              -71.2073928747657,
              -32.76408402131035
            ],
            [
              -71.20738595892084,
              -32.76408402131035
            ],
            [
              -71.20738595892084,
              -32.76408303252352
            ],
            [
              -71.20737904307596,
              -32.76408303252352
            ],
            [
              -71.20737904307596,
              -32.7640820437367
            ],
            [
              -71.20737212723108,
              -32.7640820437367
            ],
            [
              -71.20737212723108,
              -32.76408105494987
            ],
            [
              -71.20736521138622,
              -32.76408105494987
            ],
            [
              -71.20736521138622,
              -32.76408006616304
            ],
            [
              -71.20735829554134,
              -32.76408006616304
            ],
            [
              -71.20735829554134,
              -32.76407907737621
            ],
            [
              -71.20735137969646,
              -32.76407907737621
            ],
            [
              -71.20735137969646,
              -32.764078088589386
            ],
            [
              -71.2073456164924,
              -32.764078088589386
            ],
            [
              -71.2073456164924,
              -32.764077099802556
            ],
            [
              -71.20733870064753,
              -32.764077099802556
            ],
            [
              -71.20733870064753,
              -32.764076111015726
            ],
            [
              -71.20733178480265,
              -32.764076111015726
            ],
            [
              -71.20733178480265,
              -32.7640751222289
            ],
            [
              -71.20732486895778,
              -32.7640751222289
            ],
            [
              -71.20732486895778,
              -32.76407413344207
            ],
            [
              -71.2073179531129,
              -32.76407413344207
            ],
            [
              -71.2073179531129,
              -32.76407314465524
            ],
            [
              -71.20731449519047,
              -32.76407314465524
            ],
            [
              -71.20731449519047,
              -32.76407413344207
            ],
            [
              -71.20731218990885,
              -32.76407413344207
            ],
            [
              -71.20731218990885,
              -32.7640751222289
            ],
            [
              -71.2073087319864,
              -32.7640751222289
            ],
            [
              -71.2073087319864,
              -32.764076111015726
            ],
            [
              -71.20730642670478,
              -32.764076111015726
            ],
            [
              -71.20730642670478,
              -32.764077099802556
            ],
            [
              -71.20730412142316,
              -32.764077099802556
            ],
            [
              -71.20730412142316,
              -32.764078088589386
            ],
            [
              -71.20730181614154,
              -32.764078088589386
            ],
            [
              -71.20730181614154,
              -32.76407907737621
            ],
            [
              -71.20729951085991,
              -32.76407907737621
            ],
            [
              -71.20729951085991,
              -32.76408006616304
            ],
            [
              -71.20729720557829,
              -32.76408006616304
            ],
            [
              -71.20729720557829,
              -32.76408105494987
            ],
            [
              -71.20729374765585,
              -32.76408105494987
            ],
            [
              -71.20729374765585,
              -32.7640820437367
            ],
            [
              -71.20729144237423,
              -32.7640820437367
            ],
            [
              -71.20729144237423,
              -32.76408303252352
            ],
            [
              -71.2072891370926,
              -32.76408303252352
            ],
            [
              -71.2072891370926,
              -32.76408402131035
            ],
            [
              -71.20728683181098,
              -32.76408402131035
            ],
            [
              -71.20728683181098,
              -32.76408501009718
            ],
            [
              -71.20728452652935,
              -32.76408501009718
            ],
            [
              -71.20728452652935,
              -32.764085998884006
            ],
            [
              -71.20728106860692,
              -32.764085998884006
            ],
            [
              -71.20728106860692,
              -32.76408698767084
            ],
            [
              -71.20727876332529,
              -32.76408698767084
            ],
            [
              -71.20727876332529,
              -32.76408797645767
            ],
            [
              -71.20727645804367,
              -32.76408797645767
            ],
            [
              -71.20727645804367,
              -32.76408896524449
            ],
            [
              -71.20727415276204,
              -32.76408896524449
            ],
            [
              -71.20727415276204,
              -32.76408995403132
            ],
            [
              -71.20727184748041,
              -32.76408995403132
            ],
            [
              -71.20727184748041,
              -32.76409094281815
            ],
            [
              -71.20726954219879,
              -32.76409094281815
            ],
            [
              -71.20726954219879,
              -32.76409193160497
            ],
            [
              -71.20726608427636,
              -32.76409193160497
            ],
            [
              -71.20726608427636,
              -32.7640929203918
            ],
            [
              -71.20726377899473,
              -32.7640929203918
            ],
            [
              -71.20726377899473,
              -32.764093909178634
            ],
            [
              -71.2072614737131,
              -32.764093909178634
            ],
            [
              -71.2072614737131,
              -32.76409489796546
            ],
            [
              -71.20725916843148,
              -32.76409489796546
            ],
            [
              -71.20725916843148,
              -32.76409588675229
            ],
            [
              -71.20725686314985,
              -32.76409588675229
            ],
            [
              -71.20725686314985,
              -32.76409687553912
            ],
            [
              -71.20725455786823,
              -32.76409687553912
            ],
            [
              -71.20725455786823,
              -32.76409786432595
            ],
            [
              -71.2072510999458,
              -32.76409786432595
            ],
            [
              -71.2072510999458,
              -32.76409885311277
            ],
            [
              -71.20724879466417,
              -32.76409885311277
            ],
            [
              -71.20724879466417,
              -32.7640998418996
            ],
            [
              -71.20724648938254,
              -32.7640998418996
            ],
            [
              -71.20724648938254,
              -32.76410083068643
            ],
            [
              -71.20724418410092,
              -32.76410083068643
            ],
            [
              -71.20724418410092,
              -32.764101819473254
            ],
            [
              -71.20724187881929,
              -32.764101819473254
            ],
            [
              -71.20724187881929,
              -32.764102808260084
            ],
            [
              -71.20723957353766,
              -32.764102808260084
            ],
            [
              -71.20723957353766,
              -32.764103797046914
            ],
            [
              -71.20723726825604,
              -32.764103797046914
            ],
            [
              -71.20723726825604,
              -32.76410478583374
            ],
            [
              -71.20723611561523,
              -32.76410478583374
            ],
            [
              -71.20723611561523,
              -32.76410577462057
            ],
            [
              -71.2072338103336,
              -32.76410577462057
            ],
            [
              -71.2072338103336,
              -32.7641067634074
            ],
            [
              -71.20723150505198,
              -32.7641067634074
            ],
            [
              -71.20723150505198,
              -32.76410775219422
            ],
            [
              -71.20722919977035,
              -32.76410775219422
            ],
            [
              -71.20722919977035,
              -32.76410874098105
            ],
            [
              -71.20722689448873,
              -32.76410874098105
            ],
            [
              -71.20722689448873,
              -32.76410972976788
            ],
            [
              -71.2072245892071,
              -32.76410972976788
            ],
            [
              -71.2072245892071,
              -32.764110718554704
            ],
            [
              -71.20722228392547,
              -32.764110718554704
            ],
            [
              -71.20722228392547,
              -32.764111707341534
            ],
            [
              -71.20721997864386,
              -32.764111707341534
            ],
            [
              -71.20721997864386,
              -32.764112696128365
            ],
            [
              -71.20721767336224,
              -32.764112696128365
            ],
            [
              -71.20721767336224,
              -32.764113684915195
            ],
            [
              -71.20721536808061,
              -32.764113684915195
            ],
            [
              -71.20721536808061,
              -32.76411467370202
            ],
            [
              -71.20721421543979,
              -32.76411467370202
            ],
            [
              -71.20721421543979,
              -32.76411566248885
            ],
            [
              -71.20721191015816,
              -32.76411566248885
            ],
            [
              -71.20721191015816,
              -32.76411665127568
            ],
            [
              -71.20720960487654,
              -32.76411665127568
            ],
            [
              -71.20720960487654,
              -32.7641176400625
            ],
            [
              -71.20720729959493,
              -32.7641176400625
            ],
            [
              -71.20720729959493,
              -32.76411862884933
            ],
            [
              -71.2072049943133,
              -32.76411862884933
            ],
            [
              -71.2072049943133,
              -32.76411961763616
            ],
            [
              -71.20720268903167,
              -32.76411961763616
            ],
            [
              -71.20720268903167,
              -32.764120606422985
            ],
            [
              -71.20720038375005,
              -32.764120606422985
            ],
            [
              -71.20720038375005,
              -32.764121595209815
            ],
            [
              -71.20719807846842,
              -32.764121595209815
            ],
            [
              -71.20719807846842,
              -32.764122583996645
            ],
            [
              -71.2071957731868,
              -32.764122583996645
            ],
            [
              -71.2071957731868,
              -32.76412357278347
            ],
            [
              -71.20719462054599,
              -32.76412357278347
            ],
            [
              -71.20719462054599,
              -32.7641245615703
            ],
            [
              -71.20719231526436,
              -32.7641245615703
            ],
            [
              -71.20719231526436,
              -32.76412555035713
            ],
            [
              -71.20719000998274,
              -32.76412555035713
            ],
            [
              -71.20719000998274,
              -32.76412653914395
            ],
            [
              -71.20718770470111,
              -32.76412653914395
            ],
            [
              -71.20718770470111,
              -32.76412752793078
            ],
            [
              -71.20718539941949,
              -32.76412752793078
            ],
            [
              -71.20718539941949,
              -32.76412851671761
            ],
            [
              -71.20718309413786,
              -32.76412851671761
            ],
            [
              -71.20718309413786,
              -32.76412950550444
            ],
            [
              -71.20718078885623,
              -32.76412950550444
            ],
            [
              -71.20718078885623,
              -32.764130494291265
            ],
            [
              -71.20717848357461,
              -32.764130494291265
            ],
            [
              -71.20717848357461,
              -32.764131483078096
            ],
            [
              -71.20717617829298,
              -32.764131483078096
            ],
            [
              -71.20717617829298,
              -32.764132471864926
            ],
            [
              -71.20717387301136,
              -32.764132471864926
            ],
            [
              -71.20717387301136,
              -32.76413346065175
            ],
            [
              -71.20717272037055,
              -32.76413346065175
            ],
            [
              -71.20717272037055,
              -32.76413444943858
            ],
            [
              -71.20717041508892,
              -32.76413444943858
            ],
            [
              -71.20717041508892,
              -32.76413543822541
            ],
            [
              -71.2071681098073,
              -32.76413543822541
            ],
            [
              -71.2071681098073,
              -32.76413642701223
            ],
            [
              -71.20716580452567,
              -32.76413642701223
            ],
            [
              -71.20716580452567,
              -32.76413741579906
            ],
            [
              -71.20716349924405,
              -32.76413741579906
            ],
            [
              -71.20716349924405,
              -32.76413840458589
            ],
            [
              -71.20716119396242,
              -32.76413840458589
            ],
            [
              -71.20716119396242,
              -32.764139393372716
            ],
            [
              -71.20715888868081,
              -32.764139393372716
            ],
            [
              -71.20715888868081,
              -32.764140382159546
            ],
            [
              -71.20715658339918,
              -32.764140382159546
            ],
            [
              -71.20715658339918,
              -32.764141370946376
            ],
            [
              -71.20715427811756,
              -32.764141370946376
            ],
            [
              -71.20715427811756,
              -32.7641423597332
            ],
            [
              -71.20715312547674,
              -32.7641423597332
            ],
            [
              -71.20715312547674,
              -32.76414334852003
            ],
            [
              -71.20715082019511,
              -32.76414334852003
            ],
            [
              -71.20715082019511,
              -32.76414433730686
            ],
            [
              -71.20714851491348,
              -32.76414433730686
            ],
            [
              -71.20714851491348,
              -32.76414532609369
            ],
            [
              -71.20714620963187,
              -32.76414532609369
            ],
            [
              -71.20714620963187,
              -32.76414631488051
            ],
            [
              -71.20714390435025,
              -32.76414631488051
            ],
            [
              -71.20714390435025,
              -32.76414730366734
            ],
            [
              -71.20714159906862,
              -32.76414730366734
            ],
            [
              -71.20714159906862,
              -32.76414829245417
            ],
            [
              -71.207139293787,
              -32.76414829245417
            ],
            [
              -71.207139293787,
              -32.764149281241
            ],
            [
              -71.20713698850537,
              -32.764149281241
            ],
            [
              -71.20713698850537,
              -32.76415027002783
            ],
            [
              -71.20713468322374,
              -32.76415027002783
            ],
            [
              -71.20713468322374,
              -32.76415125881466
            ],
            [
              -71.20713353058294,
              -32.76415125881466
            ],
            [
              -71.20713353058294,
              -32.76415224760148
            ],
            [
              -71.20713122530131,
              -32.76415224760148
            ],
            [
              -71.20713122530131,
              -32.76415323638831
            ],
            [
              -71.20712892001968,
              -32.76415323638831
            ],
            [
              -71.20712892001968,
              -32.76415422517514
            ],
            [
              -71.20712661473806,
              -32.76415422517514
            ],
            [
              -71.20712661473806,
              -32.76415521396196
            ],
            [
              -71.20712430945643,
              -32.76415521396196
            ],
            [
              -71.20712430945643,
              -32.764156202748794
            ],
            [
              -71.2071220041748,
              -32.764156202748794
            ],
            [
              -71.2071220041748,
              -32.764157191535624
            ],
            [
              -71.20711969889318,
              -32.764157191535624
            ],
            [
              -71.20711969889318,
              -32.76415818032245
            ],
            [
              -71.20711739361155,
              -32.76415818032245
            ],
            [
              -71.20711739361155,
              -32.76415916910928
            ],
            [
              -71.20711508832993,
              -32.76415916910928
            ],
            [
              -71.20711508832993,
              -32.76416015789611
            ],
            [
              -71.2071127830483,
              -32.76416015789611
            ],
            [
              -71.2071127830483,
              -32.76416114668294
            ],
            [
              -71.2071116304075,
              -32.76416114668294
            ],
            [
              -71.2071116304075,
              -32.76416213546976
            ],
            [
              -71.20710932512587,
              -32.76416213546976
            ],
            [
              -71.20710932512587,
              -32.76416312425659
            ],
            [
              -71.20710701984424,
              -32.76416312425659
            ],
            [
              -71.20710701984424,
              -32.76416411304342
            ],
            [
              -71.20710471456262,
              -32.76416411304342
            ],
            [
              -71.20710471456262,
              -32.764165101830244
            ],
            [
              -71.20710240928099,
              -32.764165101830244
            ],
            [
              -71.20710240928099,
              -32.764166090617074
            ],
            [
              -71.20710010399937,
              -32.764166090617074
            ],
            [
              -71.20710010399937,
              -32.764167079403904
            ],
            [
              -71.20709779871775,
              -32.764167079403904
            ],
            [
              -71.20709779871775,
              -32.76416806819073
            ],
            [
              -71.20709549343613,
              -32.76416806819073
            ],
            [
              -71.20709549343613,
              -32.76416905697756
            ],
            [
              -71.2070931881545,
              -32.76416905697756
            ],
            [
              -71.2070931881545,
              -32.76417004576439
            ],
            [
              -71.20709203551368,
              -32.76417004576439
            ],
            [
              -71.20709203551368,
              -32.76417103455121
            ],
            [
              -71.20708973023206,
              -32.76417103455121
            ],
            [
              -71.20708973023206,
              -32.76417202333804
            ],
            [
              -71.20708742495043,
              -32.76417202333804
            ],
            [
              -71.20708742495043,
              -32.76417301212487
            ],
            [
              -71.20708511966882,
              -32.76417301212487
            ],
            [
              -71.20708511966882,
              -32.764174000911694
            ],
            [
              -71.20708281438719,
              -32.764174000911694
            ],
            [
              -71.20708281438719,
              -32.764174989698525
            ],
            [
              -71.20708050910557,
              -32.764174989698525
            ],
            [
              -71.20708050910557,
              -32.764175978485355
            ],
            [
              -71.20707820382394,
              -32.764175978485355
            ],
            [
              -71.20707820382394,
              -32.764176967272185
            ],
            [
              -71.20707589854231,
              -32.764176967272185
            ],
            [
              -71.20707589854231,
              -32.76417795605901
            ],
            [
              -71.20707359326069,
              -32.76417795605901
            ],
            [
              -71.20707359326069,
              -32.76417894484584
            ],
            [
              -71.20707128797906,
              -32.76417894484584
            ],
            [
              -71.20707128797906,
              -32.76417993363267
            ],
            [
              -71.20707013533826,
              -32.76417993363267
            ],
            [
              -71.20707013533826,
              -32.76418092241949
            ],
            [
              -71.20706783005663,
              -32.76418092241949
            ],
            [
              -71.20706783005663,
              -32.76418191120632
            ],
            [
              -71.207065524775,
              -32.76418191120632
            ],
            [
              -71.207065524775,
              -32.76418289999315
            ],
            [
              -71.20706321949338,
              -32.76418289999315
            ],
            [
              -71.20706321949338,
              -32.764183888779975
            ],
            [
              -71.20706091421175,
              -32.764183888779975
            ],
            [
              -71.20706091421175,
              -32.764184877566805
            ],
            [
              -71.20705860893013,
              -32.764184877566805
            ],
            [
              -71.20705860893013,
              -32.764185866353635
            ],
            [
              -71.2070563036485,
              -32.764185866353635
            ],
            [
              -71.2070563036485,
              -32.76418685514046
            ],
            [
              -71.20705399836687,
              -32.76418685514046
            ],
            [
              -71.20705399836687,
              -32.76418784392729
            ],
            [
              -71.20705169308525,
              -32.76418784392729
            ],
            [
              -71.20705169308525,
              -32.76418883271412
            ],
            [
              -71.20705054044444,
              -32.76418883271412
            ],
            [
              -71.20705054044444,
              -32.76418982150094
            ],
            [
              -71.20704823516282,
              -32.76418982150094
            ],
            [
              -71.20704823516282,
              -32.76419081028777
            ],
            [
              -71.20704592988119,
              -32.76419081028777
            ],
            [
              -71.20704592988119,
              -32.7641917990746
            ],
            [
              -71.20704362459956,
              -32.7641917990746
            ],
            [
              -71.20704362459956,
              -32.76419278786143
            ],
            [
              -71.20704131931794,
              -32.76419278786143
            ],
            [
              -71.20704131931794,
              -32.764193776648256
            ],
            [
              -71.20703901403631,
              -32.764193776648256
            ],
            [
              -71.20703901403631,
              -32.764194765435086
            ],
            [
              -71.2070367087547,
              -32.764194765435086
            ],
            [
              -71.2070367087547,
              -32.764195754221916
            ],
            [
              -71.20703440347307,
              -32.764195754221916
            ],
            [
              -71.20703440347307,
              -32.76419674300874
            ],
            [
              -71.20703209819145,
              -32.76419674300874
            ],
            [
              -71.20703209819145,
              -32.76419773179557
            ],
            [
              -71.20702979290982,
              -32.76419773179557
            ],
            [
              -71.20702979290982,
              -32.7641987205824
            ],
            [
              -71.207028640269,
              -32.7641987205824
            ],
            [
              -71.207028640269,
              -32.76419970936922
            ],
            [
              -71.20702633498739,
              -32.76419970936922
            ],
            [
              -71.20702633498739,
              -32.76420069815605
            ],
            [
              -71.20702402970576,
              -32.76420069815605
            ],
            [
              -71.20702402970576,
              -32.76420168694288
            ],
            [
              -71.20702172442414,
              -32.76420168694288
            ],
            [
              -71.20702172442414,
              -32.764202675729706
            ],
            [
              -71.20701941914251,
              -32.764202675729706
            ],
            [
              -71.20701941914251,
              -32.764203664516536
            ],
            [
              -71.20701711386089,
              -32.764203664516536
            ],
            [
              -71.20701711386089,
              -32.764204653303366
            ],
            [
              -71.20701480857926,
              -32.764204653303366
            ],
            [
              -71.20701480857926,
              -32.76420564209019
            ],
            [
              -71.20701250329763,
              -32.76420564209019
            ],
            [
              -71.20701250329763,
              -32.76420663087702
            ],
            [
              -71.20701019801601,
              -32.76420663087702
            ],
            [
              -71.20701019801601,
              -32.76420761966385
            ],
            [
              -71.2070090453752,
              -32.76420761966385
            ],
            [
              -71.2070090453752,
              -32.76420860845068
            ],
            [
              -71.20700674009358,
              -32.76420860845068
            ],
            [
              -71.20700674009358,
              -32.7642095972375
            ],
            [
              -71.20700443481195,
              -32.7642095972375
            ],
            [
              -71.20700443481195,
              -32.76421058602433
            ],
            [
              -71.20700212953032,
              -32.76421058602433
            ],
            [
              -71.20700212953032,
              -32.76421157481116
            ],
            [
              -71.2069998242487,
              -32.76421157481116
            ],
            [
              -71.2069998242487,
              -32.76421256359799
            ],
            [
              -71.20699751896707,
              -32.76421256359799
            ],
            [
              -71.20699751896707,
              -32.76421355238482
            ],
            [
              -71.20699521368545,
              -32.76421355238482
            ],
            [
              -71.20699521368545,
              -32.76421454117165
            ],
            [
              -71.20699290840382,
              -32.76421454117165
            ],
            [
              -71.20699290840382,
              -32.76421552995847
            ],
            [
              -71.2069906031222,
              -32.76421552995847
            ],
            [
              -71.2069906031222,
              -32.7642165187453
            ],
            [
              -71.20698829784058,
              -32.7642165187453
            ],
            [
              -71.20698829784058,
              -32.76421750753213
            ],
            [
              -71.20698714519976,
              -32.76421750753213
            ],
            [
              -71.20698714519976,
              -32.764218496318954
            ],
            [
              -71.20698483991814,
              -32.764218496318954
            ],
            [
              -71.20698483991814,
              -32.764219485105784
            ],
            [
              -71.20698253463651,
              -32.764219485105784
            ],
            [
              -71.20698253463651,
              -32.764220473892614
            ],
            [
              -71.20698022935488,
              -32.764220473892614
            ],
            [
              -71.20698022935488,
              -32.76422146267944
            ],
            [
              -71.20697792407327,
              -32.76422146267944
            ],
            [
              -71.20697792407327,
              -32.76422245146627
            ],
            [
              -71.20697561879165,
              -32.76422245146627
            ],
            [
              -71.20697561879165,
              -32.7642234402531
            ],
            [
              -71.20697331351002,
              -32.7642234402531
            ],
            [
              -71.20697331351002,
              -32.76422442903993
            ],
            [
              -71.2069710082284,
              -32.76422442903993
            ],
            [
              -71.2069710082284,
              -32.76422541782675
            ],
            [
              -71.20696870294677,
              -32.76422541782675
            ],
            [
              -71.20696870294677,
              -32.76422640661358
            ],
            [
              -71.20696755030595,
              -32.76422640661358
            ],
            [
              -71.20696755030595,
              -32.76422739540041
            ],
            [
              -71.20696524502434,
              -32.76422739540041
            ],
            [
              -71.20696524502434,
              -32.764228384187234
            ],
            [
              -71.20696293974271,
              -32.764228384187234
            ],
            [
              -71.20696293974271,
              -32.764229372974064
            ],
            [
              -71.20696063446108,
              -32.764229372974064
            ],
            [
              -71.20696063446108,
              -32.764230361760895
            ],
            [
              -71.20695832917946,
              -32.764230361760895
            ],
            [
              -71.20695832917946,
              -32.76423135054772
            ],
            [
              -71.20695602389783,
              -32.76423135054772
            ],
            [
              -71.20695602389783,
              -32.76423233933455
            ],
            [
              -71.2069537186162,
              -32.76423233933455
            ],
            [
              -71.2069537186162,
              -32.76423332812138
            ],
            [
              -71.20695141333458,
              -32.76423332812138
            ],
            [
              -71.20695141333458,
              -32.7642343169082
            ],
            [
              -71.20694910805295,
              -32.7642343169082
            ],
            [
              -71.20694910805295,
              -32.76423530569503
            ],
            [
              -71.20694680277133,
              -32.76423530569503
            ],
            [
              -71.20694680277133,
              -32.76423629448186
            ],
            [
              -71.20694565013052,
              -32.76423629448186
            ],
            [
              -71.20694565013052,
              -32.764237283268685
            ],
            [
              -71.2069433448489,
              -32.764237283268685
            ],
            [
              -71.2069433448489,
              -32.764238272055515
            ],
            [
              -71.20694103956727,
              -32.764238272055515
            ],
            [
              -71.20694103956727,
              -32.764239260842345
            ],
            [
              -71.20693873428564,
              -32.764239260842345
            ],
            [
              -71.20693873428564,
              -32.764240249629175
            ],
            [
              -71.20693642900402,
              -32.764240249629175
            ],
            [
              -71.20693642900402,
              -32.764241238416
            ],
            [
              -71.20693412372239,
              -32.764241238416
            ],
            [
              -71.20693412372239,
              -32.76424222720283
            ],
            [
              -71.20693181844076,
              -32.76424222720283
            ],
            [
              -71.20693181844076,
              -32.76424321598966
            ],
            [
              -71.20692951315914,
              -32.76424321598966
            ],
            [
              -71.20692951315914,
              -32.76424420477648
            ],
            [
              -71.20692720787753,
              -32.76424420477648
            ],
            [
              -71.20692720787753,
              -32.76424519356331
            ],
            [
              -71.2069260552367,
              -32.76424519356331
            ],
            [
              -71.2069260552367,
              -32.76424618235014
            ],
            [
              -71.20692374995508,
              -32.76424618235014
            ],
            [
              -71.20692374995508,
              -32.764247171136965
            ],
            [
              -71.20692144467345,
              -32.764247171136965
            ],
            [
              -71.20692144467345,
              -32.764248159923795
            ],
            [
              -71.20691913939183,
              -32.764248159923795
            ],
            [
              -71.20691913939183,
              -32.764249148710626
            ],
            [
              -71.20691683411022,
              -32.764249148710626
            ],
            [
              -71.20691683411022,
              -32.76425013749745
            ],
            [
              -71.20691452882859,
              -32.76425013749745
            ],
            [
              -71.20691452882859,
              -32.76425112628428
            ],
            [
              -71.20691222354696,
              -32.76425112628428
            ],
            [
              -71.20691222354696,
              -32.76425211507111
            ],
            [
              -71.20690991826534,
              -32.76425211507111
            ],
            [
              -71.20690991826534,
              -32.76425310385793
            ],
            [
              -71.20690761298371,
              -32.76425310385793
            ],
            [
              -71.20690761298371,
              -32.76425409264476
            ],
            [
              -71.20690530770209,
              -32.76425409264476
            ],
            [
              -71.20690530770209,
              -32.76425508143159
            ],
            [
              -71.20690415506128,
              -32.76425508143159
            ],
            [
              -71.20690415506128,
              -32.76425607021842
            ],
            [
              -71.20690184977965,
              -32.76425607021842
            ],
            [
              -71.20690184977965,
              -32.764257059005246
            ],
            [
              -71.20689954449803,
              -32.764257059005246
            ],
            [
              -71.20689954449803,
              -32.764258047792076
            ],
            [
              -71.2068972392164,
              -32.764258047792076
            ],
            [
              -71.2068972392164,
              -32.764259036578906
            ],
            [
              -71.20689493393478,
              -32.764259036578906
            ],
            [
              -71.20689493393478,
              -32.76426002536573
            ],
            [
              -71.20689262865315,
              -32.76426002536573
            ],
            [
              -71.20689262865315,
              -32.76426101415256
            ],
            [
              -71.20689032337152,
              -32.76426101415256
            ],
            [
              -71.20689032337152,
              -32.76426200293939
            ],
            [
              -71.2068880180899,
              -32.76426200293939
            ],
            [
              -71.2068880180899,
              -32.76426299172621
            ],
            [
              -71.20688571280827,
              -32.76426299172621
            ],
            [
              -71.20688571280827,
              -32.76426398051304
            ],
            [
              -71.20688456016747,
              -32.76426398051304
            ],
            [
              -71.20688456016747,
              -32.76426496929987
            ],
            [
              -71.20688225488584,
              -32.76426496929987
            ],
            [
              -71.20688225488584,
              -32.764265958086696
            ],
            [
              -71.20687994960421,
              -32.764265958086696
            ],
            [
              -71.20687994960421,
              -32.764266946873526
            ],
            [
              -71.20687764432259,
              -32.764266946873526
            ],
            [
              -71.20687764432259,
              -32.76426793566036
            ],
            [
              -71.20687533904096,
              -32.76426793566036
            ],
            [
              -71.20687533904096,
              -32.76426892444718
            ],
            [
              -71.20687303375934,
              -32.76426892444718
            ],
            [
              -71.20687303375934,
              -32.76426991323401
            ],
            [
              -71.20687072847771,
              -32.76426991323401
            ],
            [
              -71.20687072847771,
              -32.76427090202084
            ],
            [
              -71.2068684231961,
              -32.76427090202084
            ],
            [
              -71.2068684231961,
              -32.76427189080767
            ],
            [
              -71.20686611791447,
              -32.76427189080767
            ],
            [
              -71.20686611791447,
              -32.76427287959449
            ],
            [
              -71.20686381263285,
              -32.76427287959449
            ],
            [
              -71.20686381263285,
              -32.76427386838132
            ],
            [
              -71.20686265999203,
              -32.76427386838132
            ],
            [
              -71.20686265999203,
              -32.764274857168154
            ],
            [
              -71.2068603547104,
              -32.764274857168154
            ],
            [
              -71.2068603547104,
              -32.76427584595498
            ],
            [
              -71.20685804942877,
              -32.76427584595498
            ],
            [
              -71.20685804942877,
              -32.76427683474181
            ],
            [
              -71.20685574414716,
              -32.76427683474181
            ],
            [
              -71.20685574414716,
              -32.76427782352864
            ],
            [
              -71.20685343886554,
              -32.76427782352864
            ],
            [
              -71.20685343886554,
              -32.76427881231546
            ],
            [
              -71.20685113358391,
              -32.76427881231546
            ],
            [
              -71.20685113358391,
              -32.76427980110229
            ],
            [
              -71.20684882830228,
              -32.76427980110229
            ],
            [
              -71.20684882830228,
              -32.76428078988912
            ],
            [
              -71.20684652302066,
              -32.76428078988912
            ],
            [
              -71.20684652302066,
              -32.764281778675944
            ],
            [
              -71.20684421773903,
              -32.764281778675944
            ],
            [
              -71.20684421773903,
              -32.764282767462774
            ],
            [
              -71.20684306509823,
              -32.764282767462774
            ],
            [
              -71.20684306509823,
              -32.764283756249604
            ],
            [
              -71.20683845453497,
              -32.764283756249604
            ],
            [
              -71.20683845453497,
              -32.76428474503643
            ],
            [
              -71.2068315386901,
              -32.76428474503643
            ],
            [
              -71.2068315386901,
              -32.76428573382326
            ],
            [
              -71.20682462284522,
              -32.76428573382326
            ],
            [
              -71.20682462284522,
              -32.76428672261009
            ],
            [
              -71.20681770700035,
              -32.76428672261009
            ],
            [
              -71.20681770700035,
              -32.76428771139692
            ],
            [
              -71.20681079115548,
              -32.76428771139692
            ],
            [
              -71.20681079115548,
              -32.76428870018374
            ],
            [
              -71.2068038753106,
              -32.76428870018374
            ],
            [
              -71.2068038753106,
              -32.76428968897057
            ],
            [
              -71.20679695946572,
              -32.76428968897057
            ],
            [
              -71.20679695946572,
              -32.7642906777574
            ],
            [
              -71.20679004362086,
              -32.7642906777574
            ],
            [
              -71.20679004362086,
              -32.764291666544224
            ],
            [
              -71.20678312777598,
              -32.764291666544224
            ],
            [
              -71.20678312777598,
              -32.764292655331055
            ],
            [
              -71.2067762119311,
              -32.764292655331055
            ],
            [
              -71.2067762119311,
              -32.764293644117885
            ],
            [
              -71.20676929608624,
              -32.764293644117885
            ],
            [
              -71.20676929608624,
              -32.76429463290471
            ],
            [
              -71.20676238024136,
              -32.76429463290471
            ],
            [
              -71.20676238024136,
              -32.76429562169154
            ],
            [
              -71.20675546439648,
              -32.76429562169154
            ],
            [
              -71.20675546439648,
              -32.76429661047837
            ],
            [
              -71.2067485485516,
              -32.76429661047837
            ],
            [
              -71.2067485485516,
              -32.76429759926519
            ],
            [
              -71.20674163270674,
              -32.76429759926519
            ],
            [
              -71.20674163270674,
              -32.76429858805202
            ],
            [
              -71.20673471686186,
              -32.76429858805202
            ],
            [
              -71.20673471686186,
              -32.76429957683885
            ],
            [
              -71.20672780101698,
              -32.76429957683885
            ],
            [
              -71.20672780101698,
              -32.764300565625675
            ],
            [
              -71.20672088517212,
              -32.764300565625675
            ],
            [
              -71.20672088517212,
              -32.764301554412505
            ],
            [
              -71.20671396932724,
              -32.764301554412505
            ],
            [
              -71.20671396932724,
              -32.764302543199335
            ],
            [
              -71.20670705348236,
              -32.764302543199335
            ],
            [
              -71.20670705348236,
              -32.764303531986165
            ],
            [
              -71.20670013763748,
              -32.764303531986165
            ],
            [
              -71.20670013763748,
              -32.76430452077299
            ],
            [
              -71.20669322179262,
              -32.76430452077299
            ],
            [
              -71.20669322179262,
              -32.76430550955982
            ],
            [
              -71.20668630594774,
              -32.76430550955982
            ],
            [
              -71.20668630594774,
              -32.76430649834665
            ],
            [
              -71.20667939010286,
              -32.76430649834665
            ],
            [
              -71.20667939010286,
              -32.76430748713347
            ],
            [
              -71.206672474258,
              -32.76430748713347
            ],
            [
              -71.206672474258,
              -32.7643084759203
            ],
            [
              -71.20666555841312,
              -32.7643084759203
            ],
            [
              -71.20666555841312,
              -32.76430946470713
            ],
            [
              -71.20665864256824,
              -32.76430946470713
            ],
            [
              -71.20665864256824,
              -32.764310453493955
            ],
            [
              -71.20665172672336,
              -32.764310453493955
            ],
            [
              -71.20665172672336,
              -32.764311442280786
            ],
            [
              -71.2066448108785,
              -32.764311442280786
            ],
            [
              -71.2066448108785,
              -32.764312431067616
            ],
            [
              -71.20663789503362,
              -32.764312431067616
            ],
            [
              -71.20663789503362,
              -32.76431341985444
            ],
            [
              -71.20663097918874,
              -32.76431341985444
            ],
            [
              -71.20663097918874,
              -32.76431440864127
            ],
            [
              -71.20662406334388,
              -32.76431440864127
            ],
            [
              -71.20662406334388,
              -32.7643153974281
            ],
            [
              -71.206617147499,
              -32.7643153974281
            ],
            [
              -71.206617147499,
              -32.76431638621492
            ],
            [
              -71.20661023165412,
              -32.76431638621492
            ],
            [
              -71.20661023165412,
              -32.76431737500175
            ],
            [
              -71.20660331580925,
              -32.76431737500175
            ],
            [
              -71.20660331580925,
              -32.76431836378858
            ],
            [
              -71.20659639996438,
              -32.76431836378858
            ],
            [
              -71.20659639996438,
              -32.76431935257541
            ],
            [
              -71.2065894841195,
              -32.76431935257541
            ],
            [
              -71.2065894841195,
              -32.764320341362236
            ],
            [
              -71.20658256827463,
              -32.764320341362236
            ],
            [
              -71.20658256827463,
              -32.764321330149066
            ],
            [
              -71.20657565242976,
              -32.764321330149066
            ],
            [
              -71.20657565242976,
              -32.764322318935896
            ],
            [
              -71.20656873658488,
              -32.764322318935896
            ],
            [
              -71.20656873658488,
              -32.76432330772272
            ],
            [
              -71.20656182074,
              -32.76432330772272
            ],
            [
              -71.20656182074,
              -32.76432429650955
            ],
            [
              -71.20655490489513,
              -32.76432429650955
            ],
            [
              -71.20655490489513,
              -32.76432528529638
            ],
            [
              -71.20654798905026,
              -32.76432528529638
            ],
            [
              -71.20654798905026,
              -32.7643262740832
            ],
            [
              -71.20654107320539,
              -32.7643262740832
            ],
            [
              -71.20654107320539,
              -32.76432726287003
            ],
            [
              -71.20653415736051,
              -32.76432726287003
            ],
            [
              -71.20653415736051,
              -32.76432825165686
            ],
            [
              -71.20652724151564,
              -32.76432825165686
            ],
            [
              -71.20652724151564,
              -32.764329240443686
            ],
            [
              -71.20652032567077,
              -32.764329240443686
            ],
            [
              -71.20652032567077,
              -32.76433022923052
            ],
            [
              -71.20651340982589,
              -32.76433022923052
            ],
            [
              -71.20651340982589,
              -32.76433121801735
            ],
            [
              -71.20650649398101,
              -32.76433121801735
            ],
            [
              -71.20650649398101,
              -32.76433220680417
            ],
            [
              -71.20649957813615,
              -32.76433220680417
            ],
            [
              -71.20649957813615,
              -32.764333195591
            ],
            [
              -71.20649266229127,
              -32.764333195591
            ],
            [
              -71.20649266229127,
              -32.76433418437783
            ],
            [
              -71.20648574644639,
              -32.76433418437783
            ],
            [
              -71.20648574644639,
              -32.76433517316466
            ],
            [
              -71.20647883060153,
              -32.76433517316466
            ],
            [
              -71.20647883060153,
              -32.76433616195148
            ],
            [
              -71.20647191475665,
              -32.76433616195148
            ],
            [
              -71.20647191475665,
              -32.764337150738314
            ],
            [
              -71.20646499891177,
              -32.764337150738314
            ],
            [
              -71.20646499891177,
              -32.764338139525144
            ],
            [
              -71.20645808306689,
              -32.764338139525144
            ],
            [
              -71.20645808306689,
              -32.76433912831197
            ],
            [
              -71.20645116722203,
              -32.76433912831197
            ],
            [
              -71.20645116722203,
              -32.7643401170988
            ],
            [
              -71.20644425137715,
              -32.7643401170988
            ],
            [
              -71.20644425137715,
              -32.76434110588563
            ],
            [
              -71.20643733553227,
              -32.76434110588563
            ],
            [
              -71.20643733553227,
              -32.76434209467245
            ],
            [
              -71.20643041968741,
              -32.76434209467245
            ],
            [
              -71.20643041968741,
              -32.76434308345928
            ],
            [
              -71.20642350384253,
              -32.76434308345928
            ],
            [
              -71.20642350384253,
              -32.76434407224611
            ],
            [
              -71.20641658799765,
              -32.76434407224611
            ],
            [
              -71.20641658799765,
              -32.764345061032934
            ],
            [
              -71.20640967215277,
              -32.764345061032934
            ],
            [
              -71.20640967215277,
              -32.764346049819764
            ],
            [
              -71.20640275630791,
              -32.764346049819764
            ],
            [
              -71.20640275630791,
              -32.764347038606594
            ],
            [
              -71.20639584046303,
              -32.764347038606594
            ],
            [
              -71.20639584046303,
              -32.76434802739342
            ],
            [
              -71.20638892461815,
              -32.76434802739342
            ],
            [
              -71.20638892461815,
              -32.76434901618025
            ],
            [
              -71.20638200877329,
              -32.76434901618025
            ],
            [
              -71.20638200877329,
              -32.76435000496708
            ],
            [
              -71.20637509292841,
              -32.76435000496708
            ],
            [
              -71.20637509292841,
              -32.76435099375391
            ],
            [
              -71.20636817708353,
              -32.76435099375391
            ],
            [
              -71.20636817708353,
              -32.76435198254073
            ],
            [
              -71.20636126123865,
              -32.76435198254073
            ],
            [
              -71.20636126123865,
              -32.76435297132756
            ],
            [
              -71.20635434539379,
              -32.76435297132756
            ],
            [
              -71.20635434539379,
              -32.76435396011439
            ],
            [
              -71.20634742954891,
              -32.76435396011439
            ],
            [
              -71.20634742954891,
              -32.764354948901214
            ],
            [
              -71.20633475049998,
              -32.764354948901214
            ],
            [
              -71.20633475049998,
              -32.76435396011439
            ],
            [
              -71.20632898729592,
              -32.76435396011439
            ],
            [
              -71.20632898729592,
              -32.76435297132756
            ],
            [
              -71.20632207145104,
              -32.76435297132756
            ],
            [
              -71.20632207145104,
              -32.76435198254073
            ],
            [
              -71.20631630824698,
              -32.76435198254073
            ],
            [
              -71.20631630824698,
              -32.76435099375391
            ],
            [
              -71.2063093924021,
              -32.76435099375391
            ],
            [
              -71.2063093924021,
              -32.76435000496708
            ],
            [
              -71.20630362919805,
              -32.76435000496708
            ],
            [
              -71.20630362919805,
              -32.76434901618025
            ],
            [
              -71.20629786599397,
              -32.76434901618025
            ],
            [
              -71.20629786599397,
              -32.76434802739342
            ],
            [
              -71.20629095014911,
              -32.76434802739342
            ],
            [
              -71.20629095014911,
              -32.764347038606594
            ],
            [
              -71.20628518694505,
              -32.764347038606594
            ],
            [
              -71.20628518694505,
              -32.764346049819764
            ],
            [
              -71.20627942374098,
              -32.764346049819764
            ],
            [
              -71.20627942374098,
              -32.764345061032934
            ],
            [
              -71.20627250789612,
              -32.764345061032934
            ],
            [
              -71.20627250789612,
              -32.76434407224611
            ],
            [
              -71.20626674469204,
              -32.76434407224611
            ],
            [
              -71.20626674469204,
              -32.76434308345928
            ],
            [
              -71.20626098148799,
              -32.76434308345928
            ],
            [
              -71.20626098148799,
              -32.76434209467245
            ],
            [
              -71.20625406564311,
              -32.76434209467245
            ],
            [
              -71.20625406564311,
              -32.76434110588563
            ],
            [
              -71.20624830243905,
              -32.76434110588563
            ],
            [
              -71.20624830243905,
              -32.7643401170988
            ],
            [
              -71.20624253923499,
              -32.7643401170988
            ],
            [
              -71.20624253923499,
              -32.76433912831197
            ],
            [
              -71.20623562339011,
              -32.76433912831197
            ],
            [
              -71.20623562339011,
              -32.764338139525144
            ],
            [
              -71.20622986018606,
              -32.764338139525144
            ],
            [
              -71.20622986018606,
              -32.764337150738314
            ],
            [
              -71.206224096982,
              -32.764337150738314
            ],
            [
              -71.206224096982,
              -32.76433616195148
            ],
            [
              -71.20621718113712,
              -32.76433616195148
            ],
            [
              -71.20621718113712,
              -32.76433517316466
            ],
            [
              -71.20621141793306,
              -32.76433517316466
            ],
            [
              -71.20621141793306,
              -32.76433418437783
            ],
            [
              -71.20620565472899,
              -32.76433418437783
            ],
            [
              -71.20620565472899,
              -32.764333195591
            ],
            [
              -71.20619873888413,
              -32.764333195591
            ],
            [
              -71.20619873888413,
              -32.76433220680417
            ],
            [
              -71.20619297568005,
              -32.76433220680417
            ],
            [
              -71.20619297568005,
              -32.76433121801735
            ],
            [
              -71.20618605983519,
              -32.76433121801735
            ],
            [
              -71.20618605983519,
              -32.76433022923052
            ],
            [
              -71.20618029663112,
              -32.76433022923052
            ],
            [
              -71.20618029663112,
              -32.764329240443686
            ],
            [
              -71.20617453342706,
              -32.764329240443686
            ],
            [
              -71.20617453342706,
              -32.76432825165686
            ],
            [
              -71.20616761758218,
              -32.76432825165686
            ],
            [
              -71.20616761758218,
              -32.76432726287003
            ],
            [
              -71.20616185437812,
              -32.76432726287003
            ],
            [
              -71.20616185437812,
              -32.7643262740832
            ],
            [
              -71.20615609117407,
              -32.7643262740832
            ],
            [
              -71.20615609117407,
              -32.76432528529638
            ],
            [
              -71.20614917532919,
              -32.76432528529638
            ],
            [
              -71.20614917532919,
              -32.76432429650955
            ],
            [
              -71.20614341212513,
              -32.76432429650955
            ],
            [
              -71.20614341212513,
              -32.76432330772272
            ],
            [
              -71.20613764892107,
              -32.76432330772272
            ],
            [
              -71.20613764892107,
              -32.764322318935896
            ],
            [
              -71.2061307330762,
              -32.764322318935896
            ],
            [
              -71.2061307330762,
              -32.764321330149066
            ],
            [
              -71.20612496987214,
              -32.764321330149066
            ],
            [
              -71.20612496987214,
              -32.764320341362236
            ],
            [
              -71.20611920666806,
              -32.764320341362236
            ],
            [
              -71.20611920666806,
              -32.76431935257541
            ],
            [
              -71.2061122908232,
              -32.76431935257541
            ],
            [
              -71.2061122908232,
              -32.76431836378858
            ],
            [
              -71.20610652761913,
              -32.76431836378858
            ],
            [
              -71.20610652761913,
              -32.76431737500175
            ],
            [
              -71.20610076441507,
              -32.76431737500175
            ],
            [
              -71.20610076441507,
              -32.76431638621492
            ],
            [
              -71.20609384857019,
              -32.76431638621492
            ],
            [
              -71.20609384857019,
              -32.7643153974281
            ],
            [
              -71.20608808536613,
              -32.7643153974281
            ],
            [
              -71.20608808536613,
              -32.76431440864127
            ],
            [
              -71.20608116952125,
              -32.76431440864127
            ],
            [
              -71.20608116952125,
              -32.76431341985444
            ],
            [
              -71.2060754063172,
              -32.76431341985444
            ],
            [
              -71.2060754063172,
              -32.764312431067616
            ],
            [
              -71.20606964311314,
              -32.764312431067616
            ],
            [
              -71.20606964311314,
              -32.764311442280786
            ],
            [
              -71.20606272726826,
              -32.764311442280786
            ],
            [
              -71.20606272726826,
              -32.764310453493955
            ],
            [
              -71.2060569640642,
              -32.764310453493955
            ],
            [
              -71.2060569640642,
              -32.76430946470713
            ],
            [
              -71.20605120086014,
              -32.76430946470713
            ],
            [
              -71.20605120086014,
              -32.7643084759203
            ],
            [
              -71.20604428501527,
              -32.7643084759203
            ],
            [
              -71.20604428501527,
              -32.76430748713347
            ],
            [
              -71.20603852181121,
              -32.76430748713347
            ],
            [
              -71.20603852181121,
              -32.76430649834665
            ],
            [
              -71.20603275860714,
              -32.76430649834665
            ],
            [
              -71.20603275860714,
              -32.76430550955982
            ],
            [
              -71.20602584276227,
              -32.76430550955982
            ],
            [
              -71.20602584276227,
              -32.76430452077299
            ],
            [
              -71.2060200795582,
              -32.76430452077299
            ],
            [
              -71.2060200795582,
              -32.764303531986165
            ],
            [
              -71.20601431635414,
              -32.764303531986165
            ],
            [
              -71.20601431635414,
              -32.764302543199335
            ],
            [
              -71.20600740050926,
              -32.764302543199335
            ],
            [
              -71.20600740050926,
              -32.764301554412505
            ],
            [
              -71.2060016373052,
              -32.764301554412505
            ],
            [
              -71.2060016373052,
              -32.764300565625675
            ],
            [
              -71.20599587410115,
              -32.764300565625675
            ],
            [
              -71.20599587410115,
              -32.76429957683885
            ],
            [
              -71.20598895825627,
              -32.76429957683885
            ],
            [
              -71.20598895825627,
              -32.76429858805202
            ],
            [
              -71.20598319505221,
              -32.76429858805202
            ],
            [
              -71.20598319505221,
              -32.76429759926519
            ],
            [
              -71.20597743184815,
              -32.76429759926519
            ],
            [
              -71.20597743184815,
              -32.76429661047837
            ],
            [
              -71.20597051600328,
              -32.76429661047837
            ],
            [
              -71.20597051600328,
              -32.76429562169154
            ],
            [
              -71.20596590544002,
              -32.76429562169154
            ],
            [
              -71.20596590544002,
              -32.76429463290471
            ],
            [
              -71.2059636001584,
              -32.76429463290471
            ],
            [
              -71.2059636001584,
              -32.764293644117885
            ],
            [
              -71.20596129487677,
              -32.764293644117885
            ],
            [
              -71.20596129487677,
              -32.764292655331055
            ],
            [
              -71.20595898959515,
              -32.764292655331055
            ],
            [
              -71.20595898959515,
              -32.764291666544224
            ],
            [
              -71.20595668431353,
              -32.764291666544224
            ],
            [
              -71.20595668431353,
              -32.7642906777574
            ],
            [
              -71.20595437903191,
              -32.7642906777574
            ],
            [
              -71.20595437903191,
              -32.76428968897057
            ],
            [
              -71.20595207375028,
              -32.76428968897057
            ],
            [
              -71.20595207375028,
              -32.76428870018374
            ],
            [
              -71.20594976846866,
              -32.76428870018374
            ],
            [
              -71.20594976846866,
              -32.76428771139692
            ],
            [
              -71.20594746318703,
              -32.76428771139692
            ],
            [
              -71.20594746318703,
              -32.76428672261009
            ],
            [
              -71.2059451579054,
              -32.76428672261009
            ],
            [
              -71.2059451579054,
              -32.76428573382326
            ],
            [
              -71.20594285262378,
              -32.76428573382326
            ],
            [
              -71.20594285262378,
              -32.76428474503643
            ],
            [
              -71.20593939470135,
              -32.76428474503643
            ],
            [
              -71.20593939470135,
              -32.764283756249604
            ],
            [
              -71.20593708941972,
              -32.764283756249604
            ],
            [
              -71.20593708941972,
              -32.764282767462774
            ],
            [
              -71.2059347841381,
              -32.764282767462774
            ],
            [
              -71.2059347841381,
              -32.764281778675944
            ],
            [
              -71.20593247885647,
              -32.764281778675944
            ],
            [
              -71.20593247885647,
              -32.76428078988912
            ],
            [
              -71.20593017357484,
              -32.76428078988912
            ],
            [
              -71.20593017357484,
              -32.76427980110229
            ],
            [
              -71.20592786829322,
              -32.76427980110229
            ],
            [
              -71.20592786829322,
              -32.76427881231546
            ],
            [
              -71.20592556301159,
              -32.76427881231546
            ],
            [
              -71.20592556301159,
              -32.76427782352864
            ],
            [
              -71.20592325772996,
              -32.76427782352864
            ],
            [
              -71.20592325772996,
              -32.76427683474181
            ],
            [
              -71.20592095244835,
              -32.76427683474181
            ],
            [
              -71.20592095244835,
              -32.76427584595498
            ],
            [
              -71.20591864716673,
              -32.76427584595498
            ],
            [
              -71.20591864716673,
              -32.764274857168154
            ],
            [
              -71.2059163418851,
              -32.764274857168154
            ],
            [
              -71.2059163418851,
              -32.76427386838132
            ],
            [
              -71.20591403660347,
              -32.76427386838132
            ],
            [
              -71.20591403660347,
              -32.76427287959449
            ],
            [
              -71.20591173132185,
              -32.76427287959449
            ],
            [
              -71.20591173132185,
              -32.76427189080767
            ],
            [
              -71.20590942604022,
              -32.76427189080767
            ],
            [
              -71.20590942604022,
              -32.76427090202084
            ],
            [
              -71.2059071207586,
              -32.76427090202084
            ],
            [
              -71.2059071207586,
              -32.76426991323401
            ],
            [
              -71.20590481547697,
              -32.76426991323401
            ],
            [
              -71.20590481547697,
              -32.76426892444718
            ],
            [
              -71.20590251019534,
              -32.76426892444718
            ],
            [
              -71.20590251019534,
              -32.76426793566036
            ],
            [
              -71.20590020491372,
              -32.76426793566036
            ],
            [
              -71.20590020491372,
              -32.764266946873526
            ],
            [
              -71.20589674699129,
              -32.764266946873526
            ],
            [
              -71.20589674699129,
              -32.764265958086696
            ],
            [
              -71.20589444170966,
              -32.764265958086696
            ],
            [
              -71.20589444170966,
              -32.76426496929987
            ],
            [
              -71.20589213642803,
              -32.76426496929987
            ],
            [
              -71.20589213642803,
              -32.76426398051304
            ],
            [
              -71.20588983114641,
              -32.76426398051304
            ],
            [
              -71.20588983114641,
              -32.76426299172621
            ],
            [
              -71.20588752586478,
              -32.76426299172621
            ],
            [
              -71.20588752586478,
              -32.76426200293939
            ],
            [
              -71.20588522058316,
              -32.76426200293939
            ],
            [
              -71.20588522058316,
              -32.76426101415256
            ],
            [
              -71.20588291530154,
              -32.76426101415256
            ],
            [
              -71.20588291530154,
              -32.76426002536573
            ],
            [
              -71.20588061001992,
              -32.76426002536573
            ],
            [
              -71.20588061001992,
              -32.764259036578906
            ],
            [
              -71.20587830473829,
              -32.764259036578906
            ],
            [
              -71.20587830473829,
              -32.764258047792076
            ],
            [
              -71.20587599945667,
              -32.764258047792076
            ],
            [
              -71.20587599945667,
              -32.764257059005246
            ],
            [
              -71.20587369417504,
              -32.764257059005246
            ],
            [
              -71.20587369417504,
              -32.76425607021842
            ],
            [
              -71.20587138889341,
              -32.76425607021842
            ],
            [
              -71.20587138889341,
              -32.76425508143159
            ],
            [
              -71.20586908361179,
              -32.76425508143159
            ],
            [
              -71.20586908361179,
              -32.76425409264476
            ],
            [
              -71.20586677833016,
              -32.76425409264476
            ],
            [
              -71.20586677833016,
              -32.76425310385793
            ],
            [
              -71.20586447304854,
              -32.76425310385793
            ],
            [
              -71.20586447304854,
              -32.76425211507111
            ],
            [
              -71.20586216776691,
              -32.76425211507111
            ],
            [
              -71.20586216776691,
              -32.76425112628428
            ],
            [
              -71.2058598624853,
              -32.76425112628428
            ],
            [
              -71.2058598624853,
              -32.76425013749745
            ],
            [
              -71.20585755720367,
              -32.76425013749745
            ],
            [
              -71.20585755720367,
              -32.764249148710626
            ],
            [
              -71.20585525192205,
              -32.764249148710626
            ],
            [
              -71.20585525192205,
              -32.764248159923795
            ],
            [
              -71.2058517939996,
              -32.764248159923795
            ],
            [
              -71.2058517939996,
              -32.764247171136965
            ],
            [
              -71.20584948871797,
              -32.764247171136965
            ],
            [
              -71.20584948871797,
              -32.76424618235014
            ],
            [
              -71.20584718343636,
              -32.76424618235014
            ],
            [
              -71.20584718343636,
              -32.76424519356331
            ],
            [
              -71.20584487815474,
              -32.76424519356331
            ],
            [
              -71.20584487815474,
              -32.76424420477648
            ],
            [
              -71.20584257287311,
              -32.76424420477648
            ],
            [
              -71.20584257287311,
              -32.76424321598966
            ],
            [
              -71.20584026759148,
              -32.76424321598966
            ],
            [
              -71.20584026759148,
              -32.76424222720283
            ],
            [
              -71.20583796230986,
              -32.76424222720283
            ],
            [
              -71.20583796230986,
              -32.764241238416
            ],
            [
              -71.20583565702823,
              -32.764241238416
            ],
            [
              -71.20583565702823,
              -32.764240249629175
            ],
            [
              -71.2058333517466,
              -32.764240249629175
            ],
            [
              -71.2058333517466,
              -32.764239260842345
            ],
            [
              -71.20583104646498,
              -32.764239260842345
            ],
            [
              -71.20583104646498,
              -32.764238272055515
            ],
            [
              -71.20582874118335,
              -32.764238272055515
            ],
            [
              -71.20582874118335,
              -32.764237283268685
            ],
            [
              -71.20582643590173,
              -32.764237283268685
            ],
            [
              -71.20582643590173,
              -32.76423629448186
            ],
            [
              -71.2058241306201,
              -32.76423629448186
            ],
            [
              -71.2058241306201,
              -32.76423530569503
            ],
            [
              -71.20582182533849,
              -32.76423530569503
            ],
            [
              -71.20582182533849,
              -32.7642343169082
            ],
            [
              -71.20581952005686,
              -32.7642343169082
            ],
            [
              -71.20581952005686,
              -32.76423332812138
            ],
            [
              -71.20581836741604,
              -32.76423332812138
            ],
            [
              -71.20581836741604,
              -32.76423233933455
            ],
            [
              -71.20581721477524,
              -32.76423233933455
            ],
            [
              -71.20581721477524,
              -32.76423135054772
            ],
            [
              -71.20581490949361,
              -32.76423135054772
            ],
            [
              -71.20581490949361,
              -32.764230361760895
            ],
            [
              -71.20581375685279,
              -32.764230361760895
            ],
            [
              -71.20581375685279,
              -32.764229372974064
            ],
            [
              -71.20581260421199,
              -32.764229372974064
            ],
            [
              -71.20581260421199,
              -32.764228384187234
            ],
            [
              -71.20581145157118,
              -32.764228384187234
            ],
            [
              -71.20581145157118,
              -32.76422739540041
            ],
            [
              -71.20581029893036,
              -32.76422739540041
            ],
            [
              -71.20581029893036,
              -32.76422640661358
            ],
            [
              -71.20580799364873,
              -32.76422640661358
            ],
            [
              -71.20580799364873,
              -32.76422541782675
            ],
            [
              -71.20580684100793,
              -32.76422541782675
            ],
            [
              -71.20580684100793,
              -32.76422442903993
            ],
            [
              -71.20580568836711,
              -32.76422442903993
            ],
            [
              -71.20580568836711,
              -32.7642234402531
            ],
            [
              -71.2058045357263,
              -32.7642234402531
            ],
            [
              -71.2058045357263,
              -32.76422245146627
            ],
            [
              -71.20580223044468,
              -32.76422245146627
            ],
            [
              -71.20580223044468,
              -32.76422146267944
            ],
            [
              -71.20580107780386,
              -32.76422146267944
            ],
            [
              -71.20580107780386,
              -32.764220473892614
            ],
            [
              -71.20579992516305,
              -32.764220473892614
            ],
            [
              -71.20579992516305,
              -32.764219485105784
            ],
            [
              -71.20579877252224,
              -32.764219485105784
            ],
            [
              -71.20579877252224,
              -32.764218496318954
            ],
            [
              -71.20579761988142,
              -32.764218496318954
            ],
            [
              -71.20579761988142,
              -32.76421750753213
            ],
            [
              -71.2057953145998,
              -32.76421750753213
            ],
            [
              -71.2057953145998,
              -32.7642165187453
            ],
            [
              -71.20579416195899,
              -32.7642165187453
            ],
            [
              -71.20579416195899,
              -32.76421552995847
            ],
            [
              -71.20579300931817,
              -32.76421552995847
            ],
            [
              -71.20579300931817,
              -32.76421454117165
            ],
            [
              -71.20579185667737,
              -32.76421454117165
            ],
            [
              -71.20579185667737,
              -32.76421355238482
            ],
            [
              -71.20578955139574,
              -32.76421355238482
            ],
            [
              -71.20578955139574,
              -32.76421256359799
            ],
            [
              -71.20578839875492,
              -32.76421256359799
            ],
            [
              -71.20578839875492,
              -32.76421157481116
            ],
            [
              -71.20578724611411,
              -32.76421157481116
            ],
            [
              -71.20578724611411,
              -32.76421058602433
            ],
            [
              -71.20578609347331,
              -32.76421058602433
            ],
            [
              -71.20578609347331,
              -32.7642095972375
            ],
            [
              -71.20578494083249,
              -32.7642095972375
            ],
            [
              -71.20578494083249,
              -32.76420860845068
            ],
            [
              -71.20578263555086,
              -32.76420860845068
            ],
            [
              -71.20578263555086,
              -32.76420761966385
            ],
            [
              -71.20578148291006,
              -32.76420761966385
            ],
            [
              -71.20578148291006,
              -32.76420663087702
            ],
            [
              -71.20578033026923,
              -32.76420663087702
            ],
            [
              -71.20578033026923,
              -32.76420564209019
            ],
            [
              -71.20577917762843,
              -32.76420564209019
            ],
            [
              -71.20577917762843,
              -32.764204653303366
            ],
            [
              -71.2057768723468,
              -32.764204653303366
            ],
            [
              -71.2057768723468,
              -32.764203664516536
            ],
            [
              -71.20577571970598,
              -32.764203664516536
            ],
            [
              -71.20577571970598,
              -32.764202675729706
            ],
            [
              -71.20577456706518,
              -32.764202675729706
            ],
            [
              -71.20577456706518,
              -32.76420168694288
            ],
            [
              -71.20577341442437,
              -32.76420168694288
            ],
            [
              -71.20577341442437,
              -32.76420069815605
            ],
            [
              -71.20577226178355,
              -32.76420069815605
            ],
            [
              -71.20577226178355,
              -32.76419970936922
            ],
            [
              -71.20576995650192,
              -32.76419970936922
            ],
            [
              -71.20576995650192,
              -32.7641987205824
            ],
            [
              -71.20576880386112,
              -32.7641987205824
            ],
            [
              -71.20576880386112,
              -32.76419773179557
            ],
            [
              -71.2057676512203,
              -32.76419773179557
            ],
            [
              -71.2057676512203,
              -32.76419674300874
            ],
            [
              -71.2057664985795,
              -32.76419674300874
            ],
            [
              -71.2057664985795,
              -32.764195754221916
            ],
            [
              -71.20576534593867,
              -32.764195754221916
            ],
            [
              -71.20576534593867,
              -32.764194765435086
            ],
            [
              -71.20576304065705,
              -32.764194765435086
            ],
            [
              -71.20576304065705,
              -32.764193776648256
            ],
            [
              -71.20576188801624,
              -32.764193776648256
            ],
            [
              -71.20576188801624,
              -32.76419278786143
            ],
            [
              -71.20576073537543,
              -32.76419278786143
            ],
            [
              -71.20576073537543,
              -32.7641917990746
            ],
            [
              -71.20575958273461,
              -32.7641917990746
            ],
            [
              -71.20575958273461,
              -32.76419081028777
            ],
            [
              -71.20575727745299,
              -32.76419081028777
            ],
            [
              -71.20575727745299,
              -32.76418982150094
            ],
            [
              -71.20575612481218,
              -32.76418982150094
            ],
            [
              -71.20575612481218,
              -32.76418883271412
            ],
            [
              -71.20575497217136,
              -32.76418883271412
            ],
            [
              -71.20575497217136,
              -32.76418784392729
            ],
            [
              -71.20575381953056,
              -32.76418784392729
            ],
            [
              -71.20575381953056,
              -32.76418685514046
            ],
            [
              -71.20575266688974,
              -32.76418685514046
            ],
            [
              -71.20575266688974,
              -32.764185866353635
            ],
            [
              -71.20575036160812,
              -32.764185866353635
            ],
            [
              -71.20575036160812,
              -32.764184877566805
            ],
            [
              -71.2057492089673,
              -32.764184877566805
            ],
            [
              -71.2057492089673,
              -32.764183888779975
            ],
            [
              -71.2057480563265,
              -32.764183888779975
            ],
            [
              -71.2057480563265,
              -32.76418289999315
            ],
            [
              -71.20574690368568,
              -32.76418289999315
            ],
            [
              -71.20574690368568,
              -32.76418191120632
            ],
            [
              -71.20574459840405,
              -32.76418191120632
            ],
            [
              -71.20574459840405,
              -32.76418092241949
            ],
            [
              -71.20574344576325,
              -32.76418092241949
            ],
            [
              -71.20574344576325,
              -32.76417993363267
            ],
            [
              -71.20574229312243,
              -32.76417993363267
            ],
            [
              -71.20574229312243,
              -32.76417894484584
            ],
            [
              -71.20574114048162,
              -32.76417894484584
            ],
            [
              -71.20574114048162,
              -32.76417795605901
            ],
            [
              -71.2057399878408,
              -32.76417795605901
            ],
            [
              -71.2057399878408,
              -32.764176967272185
            ],
            [
              -71.20573768255919,
              -32.764176967272185
            ],
            [
              -71.20573768255919,
              -32.764175978485355
            ],
            [
              -71.20573652991837,
              -32.764175978485355
            ],
            [
              -71.20573652991837,
              -32.764174989698525
            ],
            [
              -71.20573537727756,
              -32.764174989698525
            ],
            [
              -71.20573537727756,
              -32.764174000911694
            ],
            [
              -71.20573422463674,
              -32.764174000911694
            ],
            [
              -71.20573422463674,
              -32.76417301212487
            ],
            [
              -71.20573307199594,
              -32.76417301212487
            ],
            [
              -71.20573307199594,
              -32.76417202333804
            ],
            [
              -71.20573076671431,
              -32.76417202333804
            ],
            [
              -71.20573076671431,
              -32.76417103455121
            ],
            [
              -71.20572961407349,
              -32.76417103455121
            ],
            [
              -71.20572961407349,
              -32.76417004576439
            ],
            [
              -71.20572846143268,
              -32.76417004576439
            ],
            [
              -71.20572846143268,
              -32.76416905697756
            ],
            [
              -71.20572730879186,
              -32.76416905697756
            ],
            [
              -71.20572730879186,
              -32.76416806819073
            ],
            [
              -71.20572500351025,
              -32.76416806819073
            ],
            [
              -71.20572500351025,
              -32.764167079403904
            ],
            [
              -71.20572385086943,
              -32.764167079403904
            ],
            [
              -71.20572385086943,
              -32.764166090617074
            ],
            [
              -71.20572269822863,
              -32.764166090617074
            ],
            [
              -71.20572269822863,
              -32.764165101830244
            ],
            [
              -71.2057215455878,
              -32.764165101830244
            ],
            [
              -71.2057215455878,
              -32.76416411304342
            ],
            [
              -71.205720392947,
              -32.76416411304342
            ],
            [
              -71.205720392947,
              -32.76416312425659
            ],
            [
              -71.20571808766537,
              -32.76416312425659
            ],
            [
              -71.20571808766537,
              -32.76416213546976
            ],
            [
              -71.20571693502455,
              -32.76416213546976
            ],
            [
              -71.20571693502455,
              -32.76416114668294
            ],
            [
              -71.20571578238375,
              -32.76416114668294
            ],
            [
              -71.20571578238375,
              -32.76416015789611
            ],
            [
              -71.20571462974293,
              -32.76416015789611
            ],
            [
              -71.20571462974293,
              -32.76415916910928
            ],
            [
              -71.20571232446132,
              -32.76415916910928
            ],
            [
              -71.20571232446132,
              -32.76415818032245
            ],
            [
              -71.2057111718205,
              -32.76415818032245
            ],
            [
              -71.2057111718205,
              -32.764157191535624
            ],
            [
              -71.20571001917969,
              -32.764157191535624
            ],
            [
              -71.20571001917969,
              -32.764156202748794
            ],
            [
              -71.20570886653887,
              -32.764156202748794
            ],
            [
              -71.20570886653887,
              -32.76415521396196
            ],
            [
              -71.20570771389806,
              -32.76415521396196
            ],
            [
              -71.20570771389806,
              -32.76415422517514
            ],
            [
              -71.20570540861644,
              -32.76415422517514
            ],
            [
              -71.20570540861644,
              -32.76415323638831
            ],
            [
              -71.20570425597562,
              -32.76415323638831
            ],
            [
              -71.20570425597562,
              -32.76415224760148
            ],
            [
              -71.20570310333481,
              -32.76415224760148
            ],
            [
              -71.20570310333481,
              -32.76415125881466
            ],
            [
              -71.205701950694,
              -32.76415125881466
            ],
            [
              -71.205701950694,
              -32.76415027002783
            ],
            [
              -71.20569964541238,
              -32.76415027002783
            ],
            [
              -71.20569964541238,
              -32.764149281241
            ],
            [
              -71.20569849277156,
              -32.764149281241
            ],
            [
              -71.20569849277156,
              -32.76414829245417
            ],
            [
              -71.20569734013075,
              -32.76414829245417
            ],
            [
              -71.20569734013075,
              -32.76414730366734
            ],
            [
              -71.20569618748993,
              -32.76414730366734
            ],
            [
              -71.20569618748993,
              -32.76414631488051
            ],
            [
              -71.20569503484913,
              -32.76414631488051
            ],
            [
              -71.20569503484913,
              -32.76414532609369
            ],
            [
              -71.2056927295675,
              -32.76414532609369
            ],
            [
              -71.2056927295675,
              -32.76414433730686
            ],
            [
              -71.20569157692668,
              -32.76414433730686
            ],
            [
              -71.20569157692668,
              -32.76414334852003
            ],
            [
              -71.20569042428588,
              -32.76414334852003
            ],
            [
              -71.20569042428588,
              -32.7641423597332
            ],
            [
              -71.20568927164507,
              -32.7641423597332
            ],
            [
              -71.20568927164507,
              -32.764141370946376
            ],
            [
              -71.20568811900425,
              -32.764141370946376
            ],
            [
              -71.20568811900425,
              -32.764140382159546
            ],
            [
              -71.20568581372262,
              -32.764140382159546
            ],
            [
              -71.20568581372262,
              -32.764139393372716
            ],
            [
              -71.20568466108182,
              -32.764139393372716
            ],
            [
              -71.20568466108182,
              -32.76413840458589
            ],
            [
              -71.205683508441,
              -32.76413840458589
            ],
            [
              -71.205683508441,
              -32.76413741579906
            ],
            [
              -71.20568235580019,
              -32.76413741579906
            ],
            [
              -71.20568235580019,
              -32.76413642701223
            ],
            [
              -71.20568005051857,
              -32.76413642701223
            ],
            [
              -71.20568005051857,
              -32.76413543822541
            ],
            [
              -71.20567889787775,
              -32.76413543822541
            ],
            [
              -71.20567889787775,
              -32.76413444943858
            ],
            [
              -71.20567774523694,
              -32.76413444943858
            ],
            [
              -71.20567774523694,
              -32.76413346065175
            ],
            [
              -71.20567659259613,
              -32.76413346065175
            ],
            [
              -71.20567659259613,
              -32.764132471864926
            ],
            [
              -71.20567543995531,
              -32.764132471864926
            ],
            [
              -71.20567543995531,
              -32.764131483078096
            ],
            [
              -71.20567313467369,
              -32.764131483078096
            ],
            [
              -71.20567313467369,
              -32.764130494291265
            ],
            [
              -71.20567198203288,
              -32.764130494291265
            ],
            [
              -71.20567198203288,
              -32.76412950550444
            ],
            [
              -71.20567082939206,
              -32.76412950550444
            ],
            [
              -71.20567082939206,
              -32.76412851671761
            ],
            [
              -71.20566967675126,
              -32.76412851671761
            ],
            [
              -71.20566967675126,
              -32.76412752793078
            ],
            [
              -71.20566737146963,
              -32.76412752793078
            ],
            [
              -71.20566737146963,
              -32.76412653914395
            ],
            [
              -71.20566621882881,
              -32.76412653914395
            ],
            [
              -71.20566621882881,
              -32.76412555035713
            ],
            [
              -71.205665066188,
              -32.76412555035713
            ],
            [
              -71.205665066188,
              -32.7641245615703
            ],
            [
              -71.2056639135472,
              -32.7641245615703
            ],
            [
              -71.2056639135472,
              -32.76412357278347
            ],
            [
              -71.20566276090638,
              -32.76412357278347
            ],
            [
              -71.20566276090638,
              -32.764122583996645
            ],
            [
              -71.20566045562475,
              -32.764122583996645
            ],
            [
              -71.20566045562475,
              -32.764121595209815
            ],
            [
              -71.20565930298395,
              -32.764121595209815
            ],
            [
              -71.20565930298395,
              -32.764120606422985
            ],
            [
              -71.20565815034313,
              -32.764120606422985
            ],
            [
              -71.20565815034313,
              -32.76411961763616
            ],
            [
              -71.20565699770232,
              -32.76411961763616
            ],
            [
              -71.20565699770232,
              -32.76411862884933
            ],
            [
              -71.2056546924207,
              -32.76411862884933
            ],
            [
              -71.2056546924207,
              -32.7641176400625
            ],
            [
              -71.20565353977989,
              -32.7641176400625
            ],
            [
              -71.20565353977989,
              -32.76411665127568
            ],
            [
              -71.20565238713907,
              -32.76411665127568
            ],
            [
              -71.20565238713907,
              -32.76411566248885
            ],
            [
              -71.20565123449826,
              -32.76411566248885
            ],
            [
              -71.20565123449826,
              -32.76411467370202
            ],
            [
              -71.20565008185744,
              -32.76411467370202
            ],
            [
              -71.20565008185744,
              -32.764113684915195
            ],
            [
              -71.20564777657582,
              -32.764113684915195
            ],
            [
              -71.20564777657582,
              -32.764112696128365
            ],
            [
              -71.20564662393501,
              -32.764112696128365
            ],
            [
              -71.20564662393501,
              -32.764111707341534
            ],
            [
              -71.20564547129419,
              -32.764111707341534
            ],
            [
              -71.20564547129419,
              -32.764110718554704
            ],
            [
              -71.20564431865338,
              -32.764110718554704
            ],
            [
              -71.20564431865338,
              -32.76410972976788
            ],
            [
              -71.20564316601256,
              -32.76410972976788
            ],
            [
              -71.20564316601256,
              -32.76410874098105
            ],
            [
              -71.20564086073095,
              -32.76410874098105
            ],
            [
              -71.20564086073095,
              -32.76410775219422
            ],
            [
              -71.20563855544933,
              -32.76410775219422
            ],
            [
              -71.20563855544933,
              -32.7641067634074
            ],
            [
              -71.2056374028085,
              -32.7641067634074
            ],
            [
              -71.2056374028085,
              -32.76410577462057
            ],
            [
              -71.20563509752688,
              -32.76410577462057
            ],
            [
              -71.20563509752688,
              -32.76410478583374
            ],
            [
              -71.20563279224525,
              -32.76410478583374
            ],
            [
              -71.20563279224525,
              -32.764103797046914
            ],
            [
              -71.20563163960445,
              -32.764103797046914
            ],
            [
              -71.20563163960445,
              -32.764102808260084
            ],
            [
              -71.20562933432282,
              -32.764102808260084
            ],
            [
              -71.20562933432282,
              -32.764101819473254
            ],
            [
              -71.2056270290412,
              -32.764101819473254
            ],
            [
              -71.2056270290412,
              -32.76410083068643
            ],
            [
              -71.20562587640039,
              -32.76410083068643
            ],
            [
              -71.20562587640039,
              -32.7640998418996
            ],
            [
              -71.20562357111876,
              -32.7640998418996
            ],
            [
              -71.20562357111876,
              -32.76409885311277
            ],
            [
              -71.20562126583714,
              -32.76409885311277
            ],
            [
              -71.20562126583714,
              -32.76409786432595
            ],
            [
              -71.20562011319632,
              -32.76409786432595
            ],
            [
              -71.20562011319632,
              -32.76409687553912
            ],
            [
              -71.20561780791469,
              -32.76409687553912
            ],
            [
              -71.20561780791469,
              -32.76409588675229
            ],
            [
              -71.20561550263308,
              -32.76409588675229
            ],
            [
              -71.20561550263308,
              -32.76409489796546
            ],
            [
              -71.20561434999226,
              -32.76409489796546
            ],
            [
              -71.20561434999226,
              -32.764093909178634
            ],
            [
              -71.20561204471063,
              -32.764093909178634
            ],
            [
              -71.20561204471063,
              -32.7640929203918
            ],
            [
              -71.20560973942901,
              -32.7640929203918
            ],
            [
              -71.20560973942901,
              -32.76409193160497
            ],
            [
              -71.2056085867882,
              -32.76409193160497
            ],
            [
              -71.2056085867882,
              -32.76409094281815
            ],
            [
              -71.20560628150658,
              -32.76409094281815
            ],
            [
              -71.20560628150658,
              -32.76408995403132
            ],
            [
              -71.20560397622495,
              -32.76408995403132
            ],
            [
              -71.20560397622495,
              -32.76408896524449
            ],
            [
              -71.20560282358414,
              -32.76408896524449
            ],
            [
              -71.20560282358414,
              -32.76408797645767
            ],
            [
              -71.20560051830252,
              -32.76408797645767
            ],
            [
              -71.20560051830252,
              -32.76408698767084
            ],
            [
              -71.20559821302089,
              -32.76408698767084
            ],
            [
              -71.20559821302089,
              -32.764085998884006
            ],
            [
              -71.20559706038007,
              -32.764085998884006
            ],
            [
              -71.20559706038007,
              -32.76408501009718
            ],
            [
              -71.20559475509845,
              -32.76408501009718
            ],
            [
              -71.20559475509845,
              -32.76408402131035
            ],
            [
              -71.20559244981683,
              -32.76408402131035
            ],
            [
              -71.20559244981683,
              -32.76408303252352
            ],
            [
              -71.20559129717601,
              -32.76408303252352
            ],
            [
              -71.20559129717601,
              -32.7640820437367
            ],
            [
              -71.20558899189439,
              -32.7640820437367
            ],
            [
              -71.20558899189439,
              -32.76408105494987
            ],
            [
              -71.20558668661276,
              -32.76408105494987
            ],
            [
              -71.20558668661276,
              -32.76408006616304
            ],
            [
              -71.20558553397196,
              -32.76408006616304
            ],
            [
              -71.20558553397196,
              -32.76407907737621
            ],
            [
              -71.20558322869033,
              -32.76407907737621
            ],
            [
              -71.20558322869033,
              -32.764078088589386
            ],
            [
              -71.2055809234087,
              -32.764078088589386
            ],
            [
              -71.2055809234087,
              -32.764077099802556
            ],
            [
              -71.2055797707679,
              -32.764077099802556
            ],
            [
              -71.2055797707679,
              -32.764076111015726
            ],
            [
              -71.20557746548627,
              -32.764076111015726
            ],
            [
              -71.20557746548627,
              -32.7640751222289
            ],
            [
              -71.20557516020465,
              -32.7640751222289
            ],
            [
              -71.20557516020465,
              -32.76407413344207
            ],
            [
              -71.20557400756383,
              -32.76407413344207
            ],
            [
              -71.20557400756383,
              -32.76407314465524
            ],
            [
              -71.2055717022822,
              -32.76407314465524
            ],
            [
              -71.2055717022822,
              -32.76407215586842
            ],
            [
              -71.20556939700057,
              -32.76407215586842
            ],
            [
              -71.20556939700057,
              -32.76407116708159
            ],
            [
              -71.20556824435977,
              -32.76407116708159
            ],
            [
              -71.20556824435977,
              -32.76407017829476
            ],
            [
              -71.20556593907814,
              -32.76407017829476
            ],
            [
              -71.20556593907814,
              -32.764069189507936
            ],
            [
              -71.20556363379652,
              -32.764069189507936
            ],
            [
              -71.20556363379652,
              -32.764068200721105
            ],
            [
              -71.20556248115571,
              -32.764068200721105
            ],
            [
              -71.20556248115571,
              -32.764067211934275
            ],
            [
              -71.20556017587408,
              -32.764067211934275
            ],
            [
              -71.20556017587408,
              -32.76406622314745
            ],
            [
              -71.20555787059246,
              -32.76406622314745
            ],
            [
              -71.20555787059246,
              -32.76406523436062
            ],
            [
              -71.20555671795164,
              -32.76406523436062
            ],
            [
              -71.20555671795164,
              -32.76406424557379
            ],
            [
              -71.20555441267003,
              -32.76406424557379
            ],
            [
              -71.20555441267003,
              -32.76406325678696
            ],
            [
              -71.2055521073884,
              -32.76406325678696
            ],
            [
              -71.2055521073884,
              -32.76406226800014
            ],
            [
              -71.20554980210677,
              -32.76406226800014
            ],
            [
              -71.20554980210677,
              -32.76406127921331
            ],
            [
              -71.20554864946595,
              -32.76406127921331
            ],
            [
              -71.20554864946595,
              -32.76406029042648
            ],
            [
              -71.20554634418433,
              -32.76406029042648
            ],
            [
              -71.20554634418433,
              -32.764059301639655
            ],
            [
              -71.20554403890272,
              -32.764059301639655
            ],
            [
              -71.20554403890272,
              -32.764058312852825
            ],
            [
              -71.2055428862619,
              -32.764058312852825
            ],
            [
              -71.2055428862619,
              -32.764057324065995
            ],
            [
              -71.20554058098027,
              -32.764057324065995
            ],
            [
              -71.20554058098027,
              -32.76405633527917
            ],
            [
              -71.20553827569864,
              -32.76405633527917
            ],
            [
              -71.20553827569864,
              -32.76405534649234
            ],
            [
              -71.20553712305784,
              -32.76405534649234
            ],
            [
              -71.20553712305784,
              -32.76405435770551
            ],
            [
              -71.20553481777621,
              -32.76405435770551
            ],
            [
              -71.20553481777621,
              -32.76405336891869
            ],
            [
              -71.20553251249459,
              -32.76405336891869
            ],
            [
              -71.20553251249459,
              -32.76405238013186
            ],
            [
              -71.20553135985378,
              -32.76405238013186
            ],
            [
              -71.20553135985378,
              -32.76405139134503
            ],
            [
              -71.20552905457215,
              -32.76405139134503
            ],
            [
              -71.20552905457215,
              -32.764050402558205
            ],
            [
              -71.20552674929053,
              -32.764050402558205
            ],
            [
              -71.20552674929053,
              -32.764049413771374
            ],
            [
              -71.20552559664971,
              -32.764049413771374
            ],
            [
              -71.20552559664971,
              -32.764048424984544
            ],
            [
              -71.20552329136808,
              -32.764048424984544
            ],
            [
              -71.20552329136808,
              -32.764047436197714
            ],
            [
              -71.20552098608646,
              -32.764047436197714
            ],
            [
              -71.20552098608646,
              -32.76404644741089
            ],
            [
              -71.20551983344565,
              -32.76404644741089
            ],
            [
              -71.20551983344565,
              -32.76404545862406
            ],
            [
              -71.20551752816402,
              -32.76404545862406
            ],
            [
              -71.20551752816402,
              -32.76404446983723
            ],
            [
              -71.20551407024159,
              -32.76404446983723
            ],
            [
              -71.20551407024159,
              -32.76404348105041
            ],
            [
              -71.20551176495997,
              -32.76404348105041
            ],
            [
              -71.20551176495997,
              -32.76404249226358
            ],
            [
              -71.20550830703752,
              -32.76404249226358
            ],
            [
              -71.20550830703752,
              -32.76404150347675
            ],
            [
              -71.20550600175591,
              -32.76404150347675
            ],
            [
              -71.20550600175591,
              -32.764040514689924
            ],
            [
              -71.20550254383346,
              -32.764040514689924
            ],
            [
              -71.20550254383346,
              -32.764039525903094
            ],
            [
              -71.20550023855183,
              -32.764039525903094
            ],
            [
              -71.20550023855183,
              -32.764038537116264
            ],
            [
              -71.20549793327021,
              -32.764038537116264
            ],
            [
              -71.20549793327021,
              -32.76403754832944
            ],
            [
              -71.20549447534778,
              -32.76403754832944
            ],
            [
              -71.20549447534778,
              -32.76403655954261
            ],
            [
              -71.20549217006615,
              -32.76403655954261
            ],
            [
              -71.20549217006615,
              -32.76403557075578
            ],
            [
              -71.20548871214372,
              -32.76403557075578
            ],
            [
              -71.20548871214372,
              -32.76403458196896
            ],
            [
              -71.2054864068621,
              -32.76403458196896
            ],
            [
              -71.2054864068621,
              -32.76403359318213
            ],
            [
              -71.20548294893966,
              -32.76403359318213
            ],
            [
              -71.20548294893966,
              -32.7640326043953
            ],
            [
              -71.20548064365803,
              -32.7640326043953
            ],
            [
              -71.20548064365803,
              -32.76403161560847
            ],
            [
              -71.20547718573559,
              -32.76403161560847
            ],
            [
              -71.20547718573559,
              -32.76403062682164
            ],
            [
              -71.20547488045396,
              -32.76403062682164
            ],
            [
              -71.20547488045396,
              -32.76402963803481
            ],
            [
              -71.20547142253153,
              -32.76402963803481
            ],
            [
              -71.20547142253153,
              -32.76402864924798
            ],
            [
              -71.2054691172499,
              -32.76402864924798
            ],
            [
              -71.2054691172499,
              -32.76402766046116
            ],
            [
              -71.20546565932747,
              -32.76402766046116
            ],
            [
              -71.20546565932747,
              -32.76402667167433
            ],
            [
              -71.20546335404585,
              -32.76402667167433
            ],
            [
              -71.20546335404585,
              -32.7640256828875
            ],
            [
              -71.2054598961234,
              -32.7640256828875
            ],
            [
              -71.2054598961234,
              -32.76402469410068
            ],
            [
              -71.20545759084179,
              -32.76402469410068
            ],
            [
              -71.20545759084179,
              -32.764023705313846
            ],
            [
              -71.20545528556016,
              -32.764023705313846
            ],
            [
              -71.20545528556016,
              -32.764022716527016
            ],
            [
              -71.20545182763772,
              -32.764022716527016
            ],
            [
              -71.20545182763772,
              -32.76402172774019
            ],
            [
              -71.20544952235609,
              -32.76402172774019
            ],
            [
              -71.20544952235609,
              -32.76402073895336
            ],
            [
              -71.20544606443366,
              -32.76402073895336
            ],
            [
              -71.20544606443366,
              -32.76401975016653
            ],
            [
              -71.20544375915203,
              -32.76401975016653
            ],
            [
              -71.20544375915203,
              -32.76401876137971
            ],
            [
              -71.2054403012296,
              -32.76401876137971
            ],
            [
              -71.2054403012296,
              -32.76401777259288
            ],
            [
              -71.20543799594797,
              -32.76401777259288
            ],
            [
              -71.20543799594797,
              -32.76401678380605
            ],
            [
              -71.20543453802554,
              -32.76401678380605
            ],
            [
              -71.20543453802554,
              -32.76401579501922
            ],
            [
              -71.20543223274392,
              -32.76401579501922
            ],
            [
              -71.20543223274392,
              -32.764014806232396
            ],
            [
              -71.20542877482147,
              -32.764014806232396
            ],
            [
              -71.20542877482147,
              -32.764013817445566
            ],
            [
              -71.20542646953984,
              -32.764013817445566
            ],
            [
              -71.20542646953984,
              -32.764012828658736
            ],
            [
              -71.20542301161741,
              -32.764012828658736
            ],
            [
              -71.20542301161741,
              -32.76401183987191
            ],
            [
              -71.20542070633579,
              -32.76401183987191
            ],
            [
              -71.20542070633579,
              -32.76401085108508
            ],
            [
              -71.20541724841335,
              -32.76401085108508
            ],
            [
              -71.20541724841335,
              -32.76400986229825
            ],
            [
              -71.20541494313173,
              -32.76400986229825
            ],
            [
              -71.20541494313173,
              -32.76400887351143
            ],
            [
              -71.20541148520928,
              -32.76400887351143
            ],
            [
              -71.20541148520928,
              -32.7640078847246
            ],
            [
              -71.20540917992767,
              -32.7640078847246
            ],
            [
              -71.20540917992767,
              -32.76400689593777
            ],
            [
              -71.20540687464604,
              -32.76400689593777
            ],
            [
              -71.20540687464604,
              -32.764005907150946
            ],
            [
              -71.2054034167236,
              -32.764005907150946
            ],
            [
              -71.2054034167236,
              -32.764004918364115
            ],
            [
              -71.20540111144197,
              -32.764004918364115
            ],
            [
              -71.20540111144197,
              -32.764003929577285
            ],
            [
              -71.20539765351954,
              -32.764003929577285
            ],
            [
              -71.20539765351954,
              -32.76400294079046
            ],
            [
              -71.20539534823791,
              -32.76400294079046
            ],
            [
              -71.20539534823791,
              -32.76400195200363
            ],
            [
              -71.20539189031548,
              -32.76400195200363
            ],
            [
              -71.20539189031548,
              -32.7640009632168
            ],
            [
              -71.20538958503386,
              -32.7640009632168
            ],
            [
              -71.20538958503386,
              -32.76399997442997
            ],
            [
              -71.20538612711142,
              -32.76399997442997
            ],
            [
              -71.20538612711142,
              -32.76399898564315
            ],
            [
              -71.2053838218298,
              -32.76399898564315
            ],
            [
              -71.2053838218298,
              -32.76399799685632
            ],
            [
              -71.20538036390735,
              -32.76399799685632
            ],
            [
              -71.20538036390735,
              -32.76399700806949
            ],
            [
              -71.20537805862573,
              -32.76399700806949
            ],
            [
              -71.20537805862573,
              -32.763996019282665
            ],
            [
              -71.2053746007033,
              -32.763996019282665
            ],
            [
              -71.2053746007033,
              -32.763995030495835
            ],
            [
              -71.20537229542167,
              -32.763995030495835
            ],
            [
              -71.20537229542167,
              -32.763994041709005
            ],
            [
              -71.20536883749924,
              -32.763994041709005
            ],
            [
              -71.20536883749924,
              -32.76399305292218
            ],
            [
              -71.20536653221761,
              -32.76399305292218
            ],
            [
              -71.20536653221761,
              -32.76399206413535
            ],
            [
              -71.20536307429516,
              -32.76399206413535
            ],
            [
              -71.20536307429516,
              -32.76399107534852
            ],
            [
              -71.20536076901355,
              -32.76399107534852
            ],
            [
              -71.20536076901355,
              -32.7639900865617
            ],
            [
              -71.2053561584503,
              -32.7639900865617
            ],
            [
              -71.2053561584503,
              -32.76398909777487
            ],
            [
              -71.20535154788705,
              -32.76398909777487
            ],
            [
              -71.20535154788705,
              -32.76398810898804
            ],
            [
              -71.20534808996462,
              -32.76398810898804
            ],
            [
              -71.20534808996462,
              -32.763987120201215
            ],
            [
              -71.20534347940136,
              -32.763987120201215
            ],
            [
              -71.20534347940136,
              -32.763986131414384
            ],
            [
              -71.20533886883811,
              -32.763986131414384
            ],
            [
              -71.20533886883811,
              -32.763985142627554
            ],
            [
              -71.20533541091568,
              -32.763985142627554
            ],
            [
              -71.20533541091568,
              -32.763984153840724
            ],
            [
              -71.20533080035243,
              -32.763984153840724
            ],
            [
              -71.20533080035243,
              -32.7639831650539
            ],
            [
              -71.20532618978918,
              -32.7639831650539
            ],
            [
              -71.20532618978918,
              -32.76398217626707
            ],
            [
              -71.20532273186674,
              -32.76398217626707
            ],
            [
              -71.20532273186674,
              -32.76398118748024
            ],
            [
              -71.20531812130349,
              -32.76398118748024
            ],
            [
              -71.20531812130349,
              -32.76398019869342
            ],
            [
              -71.20531351074024,
              -32.76398019869342
            ],
            [
              -71.20531351074024,
              -32.76397920990659
            ],
            [
              -71.20530890017699,
              -32.76397920990659
            ],
            [
              -71.20530890017699,
              -32.76397822111976
            ],
            [
              -71.20530544225456,
              -32.76397822111976
            ],
            [
              -71.20530544225456,
              -32.763977232332934
            ],
            [
              -71.2053008316913,
              -32.763977232332934
            ],
            [
              -71.2053008316913,
              -32.763976243546104
            ],
            [
              -71.20529622112805,
              -32.763976243546104
            ],
            [
              -71.20529622112805,
              -32.76397525475927
            ],
            [
              -71.20529276320562,
              -32.76397525475927
            ],
            [
              -71.20529276320562,
              -32.76397426597245
            ],
            [
              -71.20528815264237,
              -32.76397426597245
            ],
            [
              -71.20528815264237,
              -32.76397327718562
            ],
            [
              -71.20528354207912,
              -32.76397327718562
            ],
            [
              -71.20528354207912,
              -32.76397228839879
            ],
            [
              -71.20528008415668,
              -32.76397228839879
            ],
            [
              -71.20528008415668,
              -32.76397129961197
            ],
            [
              -71.20527547359343,
              -32.76397129961197
            ],
            [
              -71.20527547359343,
              -32.76397031082514
            ],
            [
              -71.20527086303018,
              -32.76397031082514
            ],
            [
              -71.20527086303018,
              -32.76396932203831
            ],
            [
              -71.20526740510775,
              -32.76396932203831
            ],
            [
              -71.20526740510775,
              -32.763968333251476
            ],
            [
              -71.2052627945445,
              -32.763968333251476
            ],
            [
              -71.2052627945445,
              -32.76396734446465
            ],
            [
              -71.20525818398124,
              -32.76396734446465
            ],
            [
              -71.20525818398124,
              -32.76396635567782
            ],
            [
              -71.20525357341799,
              -32.76396635567782
            ],
            [
              -71.20525357341799,
              -32.76396536689099
            ],
            [
              -71.20525011549556,
              -32.76396536689099
            ],
            [
              -71.20525011549556,
              -32.76396437810417
            ],
            [
              -71.20524550493231,
              -32.76396437810417
            ],
            [
              -71.20524550493231,
              -32.76396338931734
            ],
            [
              -71.20524089436906,
              -32.76396338931734
            ],
            [
              -71.20524089436906,
              -32.76396240053051
            ],
            [
              -71.20523743644662,
              -32.76396240053051
            ],
            [
              -71.20523743644662,
              -32.763961411743686
            ],
            [
              -71.20523282588337,
              -32.763961411743686
            ],
            [
              -71.20523282588337,
              -32.763960422956856
            ],
            [
              -71.20522821532013,
              -32.763960422956856
            ],
            [
              -71.20522821532013,
              -32.763959434170026
            ],
            [
              -71.20522475739769,
              -32.763959434170026
            ],
            [
              -71.20522475739769,
              -32.7639584453832
            ],
            [
              -71.20522014683444,
              -32.7639584453832
            ],
            [
              -71.20522014683444,
              -32.76395745659637
            ],
            [
              -71.2052155362712,
              -32.76395745659637
            ],
            [
              -71.2052155362712,
              -32.76395646780954
            ],
            [
              -71.20521092570795,
              -32.76395646780954
            ],
            [
              -71.20521092570795,
              -32.76395547902272
            ],
            [
              -71.2052074677855,
              -32.76395547902272
            ],
            [
              -71.2052074677855,
              -32.76395449023589
            ],
            [
              -71.20520285722226,
              -32.76395449023589
            ],
            [
              -71.20520285722226,
              -32.76395350144906
            ],
            [
              -71.20519824665901,
              -32.76395350144906
            ],
            [
              -71.20519824665901,
              -32.76395251266223
            ],
            [
              -71.20519478873656,
              -32.76395251266223
            ],
            [
              -71.20519478873656,
              -32.763951523875406
            ],
            [
              -71.20519017817332,
              -32.763951523875406
            ],
            [
              -71.20519017817332,
              -32.763950535088576
            ],
            [
              -71.20518556761007,
              -32.763950535088576
            ],
            [
              -71.20518556761007,
              -32.763949546301745
            ],
            [
              -71.20518210968763,
              -32.763949546301745
            ],
            [
              -71.20518210968763,
              -32.76394855751492
            ],
            [
              -71.20517749912439,
              -32.76394855751492
            ],
            [
              -71.20517749912439,
              -32.76394756872809
            ],
            [
              -71.20517288856114,
              -32.76394756872809
            ],
            [
              -71.20517288856114,
              -32.76394657994126
            ],
            [
              -71.20516943063869,
              -32.76394657994126
            ],
            [
              -71.20516943063869,
              -32.76394559115444
            ],
            [
              -71.20516482007545,
              -32.76394559115444
            ],
            [
              -71.20516482007545,
              -32.76394460236761
            ],
            [
              -71.2051602095122,
              -32.76394460236761
            ],
            [
              -71.2051602095122,
              -32.76394361358078
            ],
            [
              -71.20515559894895,
              -32.76394361358078
            ],
            [
              -71.20515559894895,
              -32.763942624793955
            ],
            [
              -71.20515214102652,
              -32.763942624793955
            ],
            [
              -71.20515214102652,
              -32.763941636007125
            ],
            [
              -71.20514753046326,
              -32.763941636007125
            ],
            [
              -71.20514753046326,
              -32.763940647220295
            ],
            [
              -71.20514291990001,
              -32.763940647220295
            ],
            [
              -71.20514291990001,
              -32.76393965843347
            ],
            [
              -71.20513946197758,
              -32.76393965843347
            ],
            [
              -71.20513946197758,
              -32.76393866964664
            ],
            [
              -71.20513485141433,
              -32.76393866964664
            ],
            [
              -71.20513485141433,
              -32.76393768085981
            ],
            [
              -71.20513024085108,
              -32.76393768085981
            ],
            [
              -71.20513024085108,
              -32.76393669207298
            ],
            [
              -71.20512678292864,
              -32.76393669207298
            ],
            [
              -71.20512678292864,
              -32.76393570328616
            ],
            [
              -71.20512217236539,
              -32.76393570328616
            ],
            [
              -71.20512217236539,
              -32.76393471449933
            ],
            [
              -71.20511756180214,
              -32.76393471449933
            ],
            [
              -71.20511756180214,
              -32.7639337257125
            ],
            [
              -71.20511410387971,
              -32.7639337257125
            ],
            [
              -71.20511410387971,
              -32.763932736925675
            ],
            [
              -71.20510949331646,
              -32.763932736925675
            ],
            [
              -71.20510949331646,
              -32.763931748138845
            ],
            [
              -71.2051048827532,
              -32.763931748138845
            ],
            [
              -71.2051048827532,
              -32.763930759352014
            ],
            [
              -71.20510027218995,
              -32.763930759352014
            ],
            [
              -71.20510027218995,
              -32.76392977056519
            ],
            [
              -71.20509681426752,
              -32.76392977056519
            ],
            [
              -71.20509681426752,
              -32.76392878177836
            ],
            [
              -71.20509220370427,
              -32.76392878177836
            ],
            [
              -71.20509220370427,
              -32.76392779299153
            ],
            [
              -71.20508759314102,
              -32.76392779299153
            ],
            [
              -71.20508759314102,
              -32.76392680420471
            ],
            [
              -71.20508413521858,
              -32.76392680420471
            ],
            [
              -71.20508413521858,
              -32.76392581541788
            ],
            [
              -71.20507952465533,
              -32.76392581541788
            ],
            [
              -71.20507952465533,
              -32.76392482663105
            ],
            [
              -71.20507491409208,
              -32.76392482663105
            ],
            [
              -71.20507491409208,
              -32.763923837844224
            ],
            [
              -71.20507145616965,
              -32.763923837844224
            ],
            [
              -71.20507145616965,
              -32.763922849057394
            ],
            [
              -71.2050668456064,
              -32.763922849057394
            ],
            [
              -71.2050668456064,
              -32.763921860270564
            ],
            [
              -71.20506223504314,
              -32.763921860270564
            ],
            [
              -71.20506223504314,
              -32.763920871483734
            ],
            [
              -71.20505877712071,
              -32.763920871483734
            ],
            [
              -71.20505877712071,
              -32.76391988269691
            ],
            [
              -71.20505416655746,
              -32.76391988269691
            ],
            [
              -71.20505416655746,
              -32.76391889391008
            ],
            [
              -71.20504955599421,
              -32.76391889391008
            ],
            [
              -71.20504955599421,
              -32.76391790512325
            ],
            [
              -71.20504494543097,
              -32.76391790512325
            ],
            [
              -71.20504494543097,
              -32.76391691633643
            ],
            [
              -71.20504148750852,
              -32.76391691633643
            ],
            [
              -71.20504148750852,
              -32.7639159275496
            ],
            [
              -71.20503687694527,
              -32.7639159275496
            ],
            [
              -71.20503687694527,
              -32.76391493876277
            ],
            [
              -71.20503226638203,
              -32.76391493876277
            ],
            [
              -71.20503226638203,
              -32.763913949975944
            ],
            [
              -71.20502880845959,
              -32.763913949975944
            ],
            [
              -71.20502880845959,
              -32.763912961189114
            ],
            [
              -71.20502419789634,
              -32.763912961189114
            ],
            [
              -71.20502419789634,
              -32.76391197240228
            ],
            [
              -71.2050195873331,
              -32.76391197240228
            ],
            [
              -71.2050195873331,
              -32.76391098361546
            ],
            [
              -71.20501612941065,
              -32.76391098361546
            ],
            [
              -71.20501612941065,
              -32.76390999482863
            ],
            [
              -71.2050115188474,
              -32.76390999482863
            ],
            [
              -71.2050115188474,
              -32.7639090060418
            ],
            [
              -71.20500690828416,
              -32.7639090060418
            ],
            [
              -71.20500690828416,
              -32.76390801725498
            ],
            [
              -71.20500345036172,
              -32.76390801725498
            ],
            [
              -71.20500345036172,
              -32.76390702846815
            ],
            [
              -71.20499883979846,
              -32.76390702846815
            ],
            [
              -71.20499883979846,
              -32.763906039681316
            ],
            [
              -71.20499422923523,
              -32.763906039681316
            ],
            [
              -71.20499422923523,
              -32.763905050894486
            ],
            [
              -71.20499077131278,
              -32.763905050894486
            ],
            [
              -71.20499077131278,
              -32.76390406210766
            ],
            [
              -71.20498846603115,
              -32.76390406210766
            ],
            [
              -71.20498846603115,
              -32.76390307332083
            ],
            [
              -71.20498616074953,
              -32.76390307332083
            ],
            [
              -71.20498616074953,
              -32.763902084534
            ],
            [
              -71.2049827028271,
              -32.763902084534
            ],
            [
              -71.2049827028271,
              -32.76390109574718
            ],
            [
              -71.20498039754547,
              -32.76390109574718
            ],
            [
              -71.20498039754547,
              -32.76390010696035
            ],
            [
              -71.20497809226384,
              -32.76390010696035
            ],
            [
              -71.20497809226384,
              -32.76389911817352
            ],
            [
              -71.20497463434141,
              -32.76389911817352
            ],
            [
              -71.20497463434141,
              -32.763898129386696
            ],
            [
              -71.20497232905979,
              -32.763898129386696
            ],
            [
              -71.20497232905979,
              -32.763897140599866
            ],
            [
              -71.20496887113735,
              -32.763897140599866
            ],
            [
              -71.20496887113735,
              -32.763896151813036
            ],
            [
              -71.20496656585573,
              -32.763896151813036
            ],
            [
              -71.20496656585573,
              -32.76389516302621
            ],
            [
              -71.2049642605741,
              -32.76389516302621
            ],
            [
              -71.2049642605741,
              -32.76389417423938
            ],
            [
              -71.20496080265167,
              -32.76389417423938
            ],
            [
              -71.20496080265167,
              -32.76389318545255
            ],
            [
              -71.20495849737004,
              -32.76389318545255
            ],
            [
              -71.20495849737004,
              -32.76389219666573
            ],
            [
              -71.20495619208842,
              -32.76389219666573
            ],
            [
              -71.20495619208842,
              -32.7638912078789
            ],
            [
              -71.20495273416597,
              -32.7638912078789
            ],
            [
              -71.20495273416597,
              -32.76389021909207
            ],
            [
              -71.20495042888435,
              -32.76389021909207
            ],
            [
              -71.20495042888435,
              -32.76388923030524
            ],
            [
              -71.20494812360273,
              -32.76388923030524
            ],
            [
              -71.20494812360273,
              -32.763888241518416
            ],
            [
              -71.20494466568029,
              -32.763888241518416
            ],
            [
              -71.20494466568029,
              -32.763887252731585
            ],
            [
              -71.20494236039866,
              -32.763887252731585
            ],
            [
              -71.20494236039866,
              -32.763886263944755
            ],
            [
              -71.20494005511704,
              -32.763886263944755
            ],
            [
              -71.20494005511704,
              -32.76388527515793
            ],
            [
              -71.2049365971946,
              -32.76388527515793
            ],
            [
              -71.2049365971946,
              -32.7638842863711
            ],
            [
              -71.20493429191298,
              -32.7638842863711
            ],
            [
              -71.20493429191298,
              -32.76388329758427
            ],
            [
              -71.20493198663135,
              -32.76388329758427
            ],
            [
              -71.20493198663135,
              -32.76388230879745
            ],
            [
              -71.20492852870892,
              -32.76388230879745
            ],
            [
              -71.20492852870892,
              -32.76388132001062
            ],
            [
              -71.2049262234273,
              -32.76388132001062
            ],
            [
              -71.2049262234273,
              -32.76388033122379
            ],
            [
              -71.20492391814567,
              -32.76388033122379
            ],
            [
              -71.20492391814567,
              -32.763879342436965
            ],
            [
              -71.20492046022324,
              -32.763879342436965
            ],
            [
              -71.20492046022324,
              -32.763878353650135
            ],
            [
              -71.20491815494161,
              -32.763878353650135
            ],
            [
              -71.20491815494161,
              -32.763877364863305
            ],
            [
              -71.20491584965998,
              -32.763877364863305
            ],
            [
              -71.20491584965998,
              -32.76387637607648
            ],
            [
              -71.20491239173755,
              -32.76387637607648
            ],
            [
              -71.20491239173755,
              -32.76387538728965
            ],
            [
              -71.20491008645593,
              -32.76387538728965
            ],
            [
              -71.20491008645593,
              -32.76387439850282
            ],
            [
              -71.2049077811743,
              -32.76387439850282
            ],
            [
              -71.2049077811743,
              -32.76387340971599
            ],
            [
              -71.20490432325185,
              -32.76387340971599
            ],
            [
              -71.20490432325185,
              -32.76387242092917
            ],
            [
              -71.20490201797023,
              -32.76387242092917
            ],
            [
              -71.20490201797023,
              -32.76387143214234
            ],
            [
              -71.20489971268861,
              -32.76387143214234
            ],
            [
              -71.20489971268861,
              -32.76387044335551
            ],
            [
              -71.20489625476617,
              -32.76387044335551
            ],
            [
              -71.20489625476617,
              -32.763869454568685
            ],
            [
              -71.20489394948454,
              -32.763869454568685
            ],
            [
              -71.20489394948454,
              -32.763868465781854
            ],
            [
              -71.20489049156211,
              -32.763868465781854
            ],
            [
              -71.20489049156211,
              -32.763867476995024
            ],
            [
              -71.20488818628048,
              -32.763867476995024
            ],
            [
              -71.20488818628048,
              -32.7638664882082
            ],
            [
              -71.20488588099886,
              -32.7638664882082
            ],
            [
              -71.20488588099886,
              -32.76386549942137
            ],
            [
              -71.20488242307643,
              -32.76386549942137
            ],
            [
              -71.20488242307643,
              -32.76386451063454
            ],
            [
              -71.2048801177948,
              -32.76386451063454
            ],
            [
              -71.2048801177948,
              -32.76386352184772
            ],
            [
              -71.20487781251317,
              -32.76386352184772
            ],
            [
              -71.20487781251317,
              -32.76386253306089
            ],
            [
              -71.20487435459074,
              -32.76386253306089
            ],
            [
              -71.20487435459074,
              -32.76386154427406
            ],
            [
              -71.20487204930912,
              -32.76386154427406
            ],
            [
              -71.20487204930912,
              -32.763860555487234
            ],
            [
              -71.20486974402749,
              -32.763860555487234
            ],
            [
              -71.20486974402749,
              -32.763859566700404
            ],
            [
              -71.20486628610504,
              -32.763859566700404
            ],
            [
              -71.20486628610504,
              -32.763858577913574
            ],
            [
              -71.20486398082342,
              -32.763858577913574
            ],
            [
              -71.20486398082342,
              -32.763857589126744
            ],
            [
              -71.2048616755418,
              -32.763857589126744
            ],
            [
              -71.2048616755418,
              -32.76385660033992
            ],
            [
              -71.20485821761936,
              -32.76385660033992
            ],
            [
              -71.20485821761936,
              -32.76385561155309
            ],
            [
              -71.20485591233773,
              -32.76385561155309
            ],
            [
              -71.20485591233773,
              -32.76385462276626
            ],
            [
              -71.20485360705611,
              -32.76385462276626
            ],
            [
              -71.20485360705611,
              -32.76385363397944
            ],
            [
              -71.20485014913368,
              -32.76385363397944
            ],
            [
              -71.20485014913368,
              -32.76385264519261
            ],
            [
              -71.20484784385205,
              -32.76385264519261
            ],
            [
              -71.20484784385205,
              -32.76385165640578
            ],
            [
              -71.20484553857042,
              -32.76385165640578
            ],
            [
              -71.20484553857042,
              -32.763850667618954
            ],
            [
              -71.20484208064799,
              -32.763850667618954
            ],
            [
              -71.20484208064799,
              -32.76384967883212
            ],
            [
              -71.20483977536637,
              -32.76384967883212
            ],
            [
              -71.20483977536637,
              -32.76384869004529
            ],
            [
              -71.20483747008474,
              -32.76384869004529
            ],
            [
              -71.20483747008474,
              -32.76384770125847
            ],
            [
              -71.20483401216231,
              -32.76384770125847
            ],
            [
              -71.20483401216231,
              -32.76384671247164
            ],
            [
              -71.20483170688068,
              -32.76384671247164
            ],
            [
              -71.20483170688068,
              -32.76384572368481
            ],
            [
              -71.20482940159906,
              -32.76384572368481
            ],
            [
              -71.20482940159906,
              -32.76384473489799
            ],
            [
              -71.20482594367662,
              -32.76384473489799
            ],
            [
              -71.20482594367662,
              -32.76384374611116
            ],
            [
              -71.204823638395,
              -32.76384374611116
            ],
            [
              -71.204823638395,
              -32.763842757324326
            ],
            [
              -71.20482133311337,
              -32.763842757324326
            ],
            [
              -71.20482133311337,
              -32.763841768537496
            ],
            [
              -71.20481787519093,
              -32.763841768537496
            ],
            [
              -71.20481787519093,
              -32.76384077975067
            ],
            [
              -71.2048155699093,
              -32.76384077975067
            ],
            [
              -71.2048155699093,
              -32.76383979096384
            ],
            [
              -71.20481211198687,
              -32.76383979096384
            ],
            [
              -71.20481211198687,
              -32.76383880217701
            ],
            [
              -71.20480980670524,
              -32.76383880217701
            ],
            [
              -71.20480980670524,
              -32.76383781339019
            ],
            [
              -71.20480750142362,
              -32.76383781339019
            ],
            [
              -71.20480750142362,
              -32.76383682460336
            ],
            [
              -71.20480404350118,
              -32.76383682460336
            ],
            [
              -71.20480404350118,
              -32.76383583581653
            ],
            [
              -71.20480173821956,
              -32.76383583581653
            ],
            [
              -71.20480173821956,
              -32.763834847029706
            ],
            [
              -71.20479943293793,
              -32.763834847029706
            ],
            [
              -71.20479943293793,
              -32.763833858242876
            ],
            [
              -71.2047959750155,
              -32.763833858242876
            ],
            [
              -71.2047959750155,
              -32.763832869456046
            ],
            [
              -71.20479366973387,
              -32.763832869456046
            ],
            [
              -71.20479366973387,
              -32.76383188066922
            ],
            [
              -71.20479136445225,
              -32.76383188066922
            ],
            [
              -71.20479136445225,
              -32.76383089188239
            ],
            [
              -71.20478790652982,
              -32.76383089188239
            ],
            [
              -71.20478790652982,
              -32.76382990309556
            ],
            [
              -71.20478560124819,
              -32.76382990309556
            ],
            [
              -71.20478560124819,
              -32.76382891430874
            ],
            [
              -71.20478329596656,
              -32.76382891430874
            ],
            [
              -71.20478329596656,
              -32.76382792552191
            ],
            [
              -71.20477983804412,
              -32.76382792552191
            ],
            [
              -71.20477983804412,
              -32.76382693673508
            ],
            [
              -71.2047775327625,
              -32.76382693673508
            ],
            [
              -71.2047775327625,
              -32.76382594794825
            ],
            [
              -71.20477522748088,
              -32.76382594794825
            ],
            [
              -71.20477522748088,
              -32.763824959161425
            ],
            [
              -71.20477176955843,
              -32.763824959161425
            ],
            [
              -71.20477176955843,
              -32.763823970374595
            ],
            [
              -71.20476946427681,
              -32.763823970374595
            ],
            [
              -71.20476946427681,
              -32.763822981587765
            ],
            [
              -71.20476715899518,
              -32.763822981587765
            ],
            [
              -71.20476715899518,
              -32.76382199280094
            ],
            [
              -71.20476370107275,
              -32.76382199280094
            ],
            [
              -71.20476370107275,
              -32.76382100401411
            ],
            [
              -71.20476139579112,
              -32.76382100401411
            ],
            [
              -71.20476139579112,
              -32.76382001522728
            ],
            [
              -71.2047590905095,
              -32.76382001522728
            ],
            [
              -71.2047590905095,
              -32.76381902644046
            ],
            [
              -71.20475563258707,
              -32.76381902644046
            ],
            [
              -71.20475563258707,
              -32.76381803765363
            ],
            [
              -71.20475332730544,
              -32.76381803765363
            ],
            [
              -71.20475332730544,
              -32.7638170488668
            ],
            [
              -71.20475102202381,
              -32.7638170488668
            ],
            [
              -71.20475102202381,
              -32.763816060079975
            ],
            [
              -71.20474756410138,
              -32.763816060079975
            ],
            [
              -71.20474756410138,
              -32.763815071293145
            ],
            [
              -71.20474525881976,
              -32.763815071293145
            ],
            [
              -71.20474525881976,
              -32.763814082506315
            ],
            [
              -71.20474295353813,
              -32.763814082506315
            ],
            [
              -71.20474295353813,
              -32.76381309371949
            ],
            [
              -71.2047394956157,
              -32.76381309371949
            ],
            [
              -71.2047394956157,
              -32.76381210493266
            ],
            [
              -71.20473719033407,
              -32.76381210493266
            ],
            [
              -71.20473719033407,
              -32.76381111614583
            ],
            [
              -71.20473373241163,
              -32.76381111614583
            ],
            [
              -71.20473373241163,
              -32.76381012735901
            ],
            [
              -71.20473142713,
              -32.76381012735901
            ],
            [
              -71.20473142713,
              -32.76380913857218
            ],
            [
              -71.20472912184839,
              -32.76380913857218
            ],
            [
              -71.20472912184839,
              -32.76380814978535
            ],
            [
              -71.20472566392594,
              -32.76380814978535
            ],
            [
              -71.20472566392594,
              -32.76380716099852
            ],
            [
              -71.20472335864432,
              -32.76380716099852
            ],
            [
              -71.20472335864432,
              -32.763806172211694
            ],
            [
              -71.20472105336269,
              -32.763806172211694
            ],
            [
              -71.20472105336269,
              -32.763805183424864
            ],
            [
              -71.20471759544026,
              -32.763805183424864
            ],
            [
              -71.20471759544026,
              -32.763804194638034
            ],
            [
              -71.20471529015863,
              -32.763804194638034
            ],
            [
              -71.20471529015863,
              -32.76380320585121
            ],
            [
              -71.204712984877,
              -32.76380320585121
            ],
            [
              -71.204712984877,
              -32.76380221706438
            ],
            [
              -71.20470952695457,
              -32.76380221706438
            ],
            [
              -71.20470952695457,
              -32.76380122827755
            ],
            [
              -71.20470722167295,
              -32.76380122827755
            ],
            [
              -71.20470722167295,
              -32.76380023949073
            ],
            [
              -71.20470491639132,
              -32.76380023949073
            ],
            [
              -71.20470491639132,
              -32.7637992507039
            ],
            [
              -71.2047026111097,
              -32.7637992507039
            ],
            [
              -71.2047026111097,
              -32.76379826191707
            ],
            [
              -71.20470030582807,
              -32.76379826191707
            ],
            [
              -71.20470030582807,
              -32.763797273130244
            ],
            [
              -71.20469800054644,
              -32.763797273130244
            ],
            [
              -71.20469800054644,
              -32.763796284343414
            ],
            [
              -71.20469569526482,
              -32.763796284343414
            ],
            [
              -71.20469569526482,
              -32.763795295556584
            ],
            [
              -71.2046933899832,
              -32.763795295556584
            ],
            [
              -71.2046933899832,
              -32.76379430676976
            ],
            [
              -71.20469108470158,
              -32.76379430676976
            ],
            [
              -71.20469108470158,
              -32.76379331798293
            ],
            [
              -71.20468877941995,
              -32.76379331798293
            ],
            [
              -71.20468877941995,
              -32.7637923291961
            ],
            [
              -71.20468647413833,
              -32.7637923291961
            ],
            [
              -71.20468647413833,
              -32.76379134040927
            ],
            [
              -71.2046841688567,
              -32.76379134040927
            ],
            [
              -71.2046841688567,
              -32.76379035162245
            ],
            [
              -71.20468186357508,
              -32.76379035162245
            ],
            [
              -71.20468186357508,
              -32.76378936283562
            ],
            [
              -71.20467955829345,
              -32.76378936283562
            ],
            [
              -71.20467955829345,
              -32.76378837404879
            ],
            [
              -71.20467725301182,
              -32.76378837404879
            ],
            [
              -71.20467725301182,
              -32.76378738526196
            ],
            [
              -71.2046749477302,
              -32.76378738526196
            ],
            [
              -71.2046749477302,
              -32.76378639647513
            ],
            [
              -71.20467379508939,
              -32.76378639647513
            ],
            [
              -71.20467379508939,
              -32.7637854076883
            ],
            [
              -71.20467148980777,
              -32.7637854076883
            ],
            [
              -71.20467148980777,
              -32.76378441890148
            ],
            [
              -71.20466918452614,
              -32.76378441890148
            ],
            [
              -71.20466918452614,
              -32.76378343011465
            ],
            [
              -71.20466687924451,
              -32.76378343011465
            ],
            [
              -71.20466687924451,
              -32.76378244132782
            ],
            [
              -71.20466457396289,
              -32.76378244132782
            ],
            [
              -71.20466457396289,
              -32.763781452541
            ],
            [
              -71.20466226868126,
              -32.763781452541
            ],
            [
              -71.20466226868126,
              -32.763780463754166
            ],
            [
              -71.20465996339964,
              -32.763780463754166
            ],
            [
              -71.20465996339964,
              -32.763779474967336
            ],
            [
              -71.20465765811801,
              -32.763779474967336
            ],
            [
              -71.20465765811801,
              -32.76377848618051
            ],
            [
              -71.2046553528364,
              -32.76377848618051
            ],
            [
              -71.2046553528364,
              -32.76377749739368
            ],
            [
              -71.20465304755477,
              -32.76377749739368
            ],
            [
              -71.20465304755477,
              -32.76377650860685
            ],
            [
              -71.20465074227315,
              -32.76377650860685
            ],
            [
              -71.20465074227315,
              -32.76377551982002
            ],
            [
              -71.20464843699152,
              -32.76377551982002
            ],
            [
              -71.20464843699152,
              -32.7637745310332
            ],
            [
              -71.2046461317099,
              -32.7637745310332
            ],
            [
              -71.2046461317099,
              -32.76377354224637
            ],
            [
              -71.20464382642827,
              -32.76377354224637
            ],
            [
              -71.20464382642827,
              -32.76377255345954
            ],
            [
              -71.20464152114664,
              -32.76377255345954
            ],
            [
              -71.20464152114664,
              -32.763771564672716
            ],
            [
              -71.20463921586501,
              -32.763771564672716
            ],
            [
              -71.20463921586501,
              -32.763770575885886
            ],
            [
              -71.20463806322421,
              -32.763770575885886
            ],
            [
              -71.20463806322421,
              -32.763769587099056
            ],
            [
              -71.20463575794258,
              -32.763769587099056
            ],
            [
              -71.20463575794258,
              -32.76376859831223
            ],
            [
              -71.20463345266096,
              -32.76376859831223
            ],
            [
              -71.20463345266096,
              -32.7637676095254
            ],
            [
              -71.20463114737933,
              -32.7637676095254
            ],
            [
              -71.20463114737933,
              -32.76376662073857
            ],
            [
              -71.2046288420977,
              -32.76376662073857
            ],
            [
              -71.2046288420977,
              -32.76376563195175
            ],
            [
              -71.20462653681608,
              -32.76376563195175
            ],
            [
              -71.20462653681608,
              -32.76376464316492
            ],
            [
              -71.20462423153445,
              -32.76376464316492
            ],
            [
              -71.20462423153445,
              -32.76376365437809
            ],
            [
              -71.20462192625283,
              -32.76376365437809
            ],
            [
              -71.20462192625283,
              -32.763762665591265
            ],
            [
              -71.20461962097121,
              -32.763762665591265
            ],
            [
              -71.20461962097121,
              -32.763761676804435
            ],
            [
              -71.20461731568959,
              -32.763761676804435
            ],
            [
              -71.20461731568959,
              -32.763760688017605
            ],
            [
              -71.20461501040796,
              -32.763760688017605
            ],
            [
              -71.20461501040796,
              -32.763759699230775
            ],
            [
              -71.20461270512634,
              -32.763759699230775
            ],
            [
              -71.20461270512634,
              -32.76375871044395
            ],
            [
              -71.20461039984471,
              -32.76375871044395
            ],
            [
              -71.20461039984471,
              -32.76375772165712
            ],
            [
              -71.20460809456308,
              -32.76375772165712
            ],
            [
              -71.20460809456308,
              -32.76375673287029
            ],
            [
              -71.20460578928146,
              -32.76375673287029
            ],
            [
              -71.20460578928146,
              -32.76375574408347
            ],
            [
              -71.20460463664065,
              -32.76375574408347
            ],
            [
              -71.20460463664065,
              -32.76375475529664
            ],
            [
              -71.20460233135903,
              -32.76375475529664
            ],
            [
              -71.20460233135903,
              -32.76375376650981
            ],
            [
              -71.2046000260774,
              -32.76375376650981
            ],
            [
              -71.2046000260774,
              -32.763752777722985
            ],
            [
              -71.20459772079577,
              -32.763752777722985
            ],
            [
              -71.20459772079577,
              -32.763751788936155
            ],
            [
              -71.20459541551415,
              -32.763751788936155
            ],
            [
              -71.20459541551415,
              -32.763750800149325
            ],
            [
              -71.20459311023252,
              -32.763750800149325
            ],
            [
              -71.20459311023252,
              -32.7637498113625
            ],
            [
              -71.2045908049509,
              -32.7637498113625
            ],
            [
              -71.2045908049509,
              -32.76374882257567
            ],
            [
              -71.20458849966927,
              -32.76374882257567
            ],
            [
              -71.20458849966927,
              -32.76374783378884
            ],
            [
              -71.20458619438764,
              -32.76374783378884
            ],
            [
              -71.20458619438764,
              -32.76374684500202
            ],
            [
              -71.20458388910603,
              -32.76374684500202
            ],
            [
              -71.20458388910603,
              -32.76374585621519
            ],
            [
              -71.2045815838244,
              -32.76374585621519
            ],
            [
              -71.2045815838244,
              -32.76374486742836
            ],
            [
              -71.20457927854278,
              -32.76374486742836
            ],
            [
              -71.20457927854278,
              -32.76374387864153
            ],
            [
              -71.20457697326115,
              -32.76374387864153
            ],
            [
              -71.20457697326115,
              -32.763742889854704
            ],
            [
              -71.20457466797953,
              -32.763742889854704
            ],
            [
              -71.20457466797953,
              -32.763741901067874
            ],
            [
              -71.2045723626979,
              -32.763741901067874
            ],
            [
              -71.2045723626979,
              -32.763740912281044
            ],
            [
              -71.20457005741628,
              -32.763740912281044
            ],
            [
              -71.20457005741628,
              -32.76373992349422
            ],
            [
              -71.20456890477547,
              -32.76373992349422
            ],
            [
              -71.20456890477547,
              -32.76373893470739
            ],
            [
              -71.20456659949384,
              -32.76373893470739
            ],
            [
              -71.20456659949384,
              -32.76373794592056
            ],
            [
              -71.20456429421222,
              -32.76373794592056
            ],
            [
              -71.20456429421222,
              -32.76373695713374
            ],
            [
              -71.20456198893059,
              -32.76373695713374
            ],
            [
              -71.20456198893059,
              -32.76373596834691
            ],
            [
              -71.20455968364897,
              -32.76373596834691
            ],
            [
              -71.20455968364897,
              -32.76373497956008
            ],
            [
              -71.20455737836734,
              -32.76373497956008
            ],
            [
              -71.20455737836734,
              -32.763733990773254
            ],
            [
              -71.20455507308571,
              -32.763733990773254
            ],
            [
              -71.20455507308571,
              -32.763733001986424
            ],
            [
              -71.20455276780409,
              -32.763733001986424
            ],
            [
              -71.20455276780409,
              -32.76373201319959
            ],
            [
              -71.20455046252246,
              -32.76373201319959
            ],
            [
              -71.20455046252246,
              -32.76373102441277
            ],
            [
              -71.20454815724084,
              -32.76373102441277
            ],
            [
              -71.20454815724084,
              -32.76373003562594
            ],
            [
              -71.20454585195922,
              -32.76373003562594
            ],
            [
              -71.20454585195922,
              -32.76372904683911
            ],
            [
              -71.2045435466776,
              -32.76372904683911
            ],
            [
              -71.2045435466776,
              -32.76372805805228
            ],
            [
              -71.20454124139597,
              -32.76372805805228
            ],
            [
              -71.20454124139597,
              -32.76372706926546
            ],
            [
              -71.20453893611435,
              -32.76372706926546
            ],
            [
              -71.20453893611435,
              -32.76372608047863
            ],
            [
              -71.20453663083272,
              -32.76372608047863
            ],
            [
              -71.20453663083272,
              -32.763725091691796
            ],
            [
              -71.2045343255511,
              -32.763725091691796
            ],
            [
              -71.2045343255511,
              -32.76372410290497
            ],
            [
              -71.20453317291029,
              -32.76372410290497
            ],
            [
              -71.20453317291029,
              -32.76372311411814
            ],
            [
              -71.20453086762866,
              -32.76372311411814
            ],
            [
              -71.20453086762866,
              -32.76372212533131
            ],
            [
              -71.20452856234704,
              -32.76372212533131
            ],
            [
              -71.20452856234704,
              -32.76372113654449
            ],
            [
              -71.20452625706541,
              -32.76372113654449
            ],
            [
              -71.20452625706541,
              -32.76372014775766
            ],
            [
              -71.20452395178378,
              -32.76372014775766
            ],
            [
              -71.20452395178378,
              -32.76371915897083
            ],
            [
              -71.20452164650216,
              -32.76371915897083
            ],
            [
              -71.20452164650216,
              -32.763718170184006
            ],
            [
              -71.20451934122053,
              -32.763718170184006
            ],
            [
              -71.20451934122053,
              -32.763717181397176
            ],
            [
              -71.20451818857973,
              -32.763717181397176
            ],
            [
              -71.20451818857973,
              -32.763716192610346
            ],
            [
              -71.2045158832981,
              -32.763716192610346
            ],
            [
              -71.2045158832981,
              -32.76371520382352
            ],
            [
              -71.20451357801647,
              -32.76371520382352
            ],
            [
              -71.20451357801647,
              -32.76371421503669
            ],
            [
              -71.20451127273485,
              -32.76371421503669
            ],
            [
              -71.20451127273485,
              -32.76371322624986
            ],
            [
              -71.20450896745322,
              -32.76371322624986
            ],
            [
              -71.20450896745322,
              -32.76371223746303
            ],
            [
              -71.20450781481242,
              -32.76371223746303
            ],
            [
              -71.20450781481242,
              -32.76371124867621
            ],
            [
              -71.20450550953079,
              -32.76371124867621
            ],
            [
              -71.20450550953079,
              -32.76371025988938
            ],
            [
              -71.20450320424916,
              -32.76371025988938
            ],
            [
              -71.20450320424916,
              -32.76370927110255
            ],
            [
              -71.20450089896754,
              -32.76370927110255
            ],
            [
              -71.20450089896754,
              -32.763708282315726
            ],
            [
              -71.20449859368591,
              -32.763708282315726
            ],
            [
              -71.20449859368591,
              -32.763707293528896
            ],
            [
              -71.20449628840429,
              -32.763707293528896
            ],
            [
              -71.20449628840429,
              -32.763706304742065
            ],
            [
              -71.20449513576348,
              -32.763706304742065
            ],
            [
              -71.20449513576348,
              -32.76370531595524
            ],
            [
              -71.20449283048185,
              -32.76370531595524
            ],
            [
              -71.20449283048185,
              -32.76370432716841
            ],
            [
              -71.20449052520023,
              -32.76370432716841
            ],
            [
              -71.20449052520023,
              -32.76370333838158
            ],
            [
              -71.2044882199186,
              -32.76370333838158
            ],
            [
              -71.2044882199186,
              -32.76370234959476
            ],
            [
              -71.20448591463698,
              -32.76370234959476
            ],
            [
              -71.20448591463698,
              -32.76370136080793
            ],
            [
              -71.20448476199617,
              -32.76370136080793
            ],
            [
              -71.20448476199617,
              -32.7637003720211
            ],
            [
              -71.20448245671454,
              -32.7637003720211
            ],
            [
              -71.20448245671454,
              -32.763699383234275
            ],
            [
              -71.20448015143292,
              -32.763699383234275
            ],
            [
              -71.20448015143292,
              -32.763698394447445
            ],
            [
              -71.20447784615129,
              -32.763698394447445
            ],
            [
              -71.20447784615129,
              -32.763697405660615
            ],
            [
              -71.20447554086967,
              -32.763697405660615
            ],
            [
              -71.20447554086967,
              -32.763696416873785
            ],
            [
              -71.20447438822886,
              -32.763696416873785
            ],
            [
              -71.20447438822886,
              -32.76369542808696
            ],
            [
              -71.20447208294723,
              -32.76369542808696
            ],
            [
              -71.20447208294723,
              -32.76369443930013
            ],
            [
              -71.20446977766561,
              -32.76369443930013
            ],
            [
              -71.20446977766561,
              -32.7636934505133
            ],
            [
              -71.20446747238398,
              -32.7636934505133
            ],
            [
              -71.20446747238398,
              -32.76369246172648
            ],
            [
              -71.20446516710236,
              -32.76369246172648
            ],
            [
              -71.20446516710236,
              -32.76369147293965
            ],
            [
              -71.20446286182073,
              -32.76369147293965
            ],
            [
              -71.20446286182073,
              -32.76369048415282
            ],
            [
              -71.20446170917992,
              -32.76369048415282
            ],
            [
              -71.20446170917992,
              -32.763689495365995
            ],
            [
              -71.2044594038983,
              -32.763689495365995
            ],
            [
              -71.2044594038983,
              -32.763688506579165
            ],
            [
              -71.20445709861667,
              -32.763688506579165
            ],
            [
              -71.20445709861667,
              -32.763687517792334
            ],
            [
              -71.20445479333505,
              -32.763687517792334
            ],
            [
              -71.20445479333505,
              -32.76368652900551
            ],
            [
              -71.20445248805342,
              -32.76368652900551
            ],
            [
              -71.20445248805342,
              -32.76368554021868
            ],
            [
              -71.2044513354126,
              -32.76368554021868
            ],
            [
              -71.2044513354126,
              -32.76368455143185
            ],
            [
              -71.20444903013099,
              -32.76368455143185
            ],
            [
              -71.20444903013099,
              -32.76368356264503
            ],
            [
              -71.20444672484936,
              -32.76368356264503
            ],
            [
              -71.20444672484936,
              -32.7636825738582
            ],
            [
              -71.20444441956774,
              -32.7636825738582
            ],
            [
              -71.20444441956774,
              -32.76368158507137
            ],
            [
              -71.20444211428611,
              -32.76368158507137
            ],
            [
              -71.20444211428611,
              -32.76368059628454
            ],
            [
              -71.20443980900448,
              -32.76368059628454
            ],
            [
              -71.20443980900448,
              -32.763679607497714
            ],
            [
              -71.20443865636366,
              -32.763679607497714
            ],
            [
              -71.20443865636366,
              -32.763678618710884
            ],
            [
              -71.20443635108205,
              -32.763678618710884
            ],
            [
              -71.20443635108205,
              -32.763677629924054
            ],
            [
              -71.20443404580043,
              -32.763677629924054
            ],
            [
              -71.20443404580043,
              -32.76367664113723
            ],
            [
              -71.2044317405188,
              -32.76367664113723
            ],
            [
              -71.2044317405188,
              -32.7636756523504
            ],
            [
              -71.20442943523717,
              -32.7636756523504
            ],
            [
              -71.20442943523717,
              -32.76367466356357
            ],
            [
              -71.20442828259635,
              -32.76367466356357
            ],
            [
              -71.20442828259635,
              -32.76367367477675
            ],
            [
              -71.20442597731474,
              -32.76367367477675
            ],
            [
              -71.20442597731474,
              -32.76367268598992
            ],
            [
              -71.20442367203312,
              -32.76367268598992
            ],
            [
              -71.20442367203312,
              -32.76367169720309
            ],
            [
              -71.20442136675149,
              -32.76367169720309
            ],
            [
              -71.20442136675149,
              -32.763670708416264
            ],
            [
              -71.20441906146986,
              -32.763670708416264
            ],
            [
              -71.20441906146986,
              -32.76366971962943
            ],
            [
              -71.20441790882904,
              -32.76366971962943
            ],
            [
              -71.20441790882904,
              -32.7636687308426
            ],
            [
              -71.20441560354742,
              -32.7636687308426
            ],
            [
              -71.20441560354742,
              -32.763589627896366
            ],
            [
              -71.20441675618824,
              -32.763589627896366
            ],
            [
              -71.20441675618824,
              -32.76358863910954
            ],
            [
              -71.20441906146986,
              -32.76358863910954
            ],
            [
              -71.20441906146986,
              -32.76358765032271
            ],
            [
              -71.20442021411067,
              -32.76358765032271
            ],
            [
              -71.20442021411067,
              -32.7635658970125
            ],
            [
              -71.20442136675149,
              -32.7635658970125
            ],
            [
              -71.20442136675149,
              -32.76356490822567
            ],
            [
              -71.20442367203312,
              -32.76356490822567
            ],
            [
              -71.20442367203312,
              -32.76356391943884
            ],
            [
              -71.20442482467392,
              -32.76356391943884
            ],
            [
              -71.20442482467392,
              -32.76355007642325
            ],
            [
              -71.20442597731474,
              -32.76355007642325
            ],
            [
              -71.20442597731474,
              -32.76354908763642
            ],
            [
              -71.20442828259635,
              -32.76354908763642
            ],
            [
              -71.20442828259635,
              -32.76354809884959
            ],
            [
              -71.20442943523717,
              -32.76354809884959
            ],
            [
              -71.20442943523717,
              -32.76353821098131
            ],
            [
              -71.20443058787798,
              -32.76353821098131
            ],
            [
              -71.20443058787798,
              -32.763537222194486
            ],
            [
              -71.2044328931596,
              -32.763537222194486
            ],
            [
              -71.2044328931596,
              -32.763536233407656
            ],
            [
              -71.20443404580043,
              -32.763536233407656
            ],
            [
              -71.20443404580043,
              -32.76348283891895
            ],
            [
              -71.20443519844123,
              -32.76348283891895
            ],
            [
              -71.20443519844123,
              -32.763481850132116
            ],
            [
              -71.20443635108205,
              -32.763481850132116
            ],
            [
              -71.20443635108205,
              -32.76347987255846
            ],
            [
              -71.20443750372286,
              -32.76347987255846
            ],
            [
              -71.20443750372286,
              -32.76347888377163
            ],
            [
              -71.20443865636366,
              -32.76347888377163
            ],
            [
              -71.20443865636366,
              -32.76347690619798
            ],
            [
              -71.20443980900448,
              -32.76347690619798
            ],
            [
              -71.20443980900448,
              -32.76347591741115
            ],
            [
              -71.20444096164529,
              -32.76347591741115
            ],
            [
              -71.20444096164529,
              -32.76347492862432
            ],
            [
              -71.20444211428611,
              -32.76347492862432
            ],
            [
              -71.20444211428611,
              -32.763472951050666
            ],
            [
              -71.20444326692692,
              -32.763472951050666
            ],
            [
              -71.20444326692692,
              -32.763471962263836
            ],
            [
              -71.20444441956774,
              -32.763471962263836
            ],
            [
              -71.20444441956774,
              -32.76347097347701
            ],
            [
              -71.20444557220854,
              -32.76347097347701
            ],
            [
              -71.20444557220854,
              -32.76346998469018
            ],
            [
              -71.2044882199186,
              -32.76346998469018
            ],
            [
              -71.2044882199186,
              -32.76347097347701
            ],
            [
              -71.20448937255941,
              -32.76347097347701
            ],
            [
              -71.20448937255941,
              -32.763472951050666
            ],
            [
              -71.20449052520023,
              -32.763472951050666
            ],
            [
              -71.20449052520023,
              -32.763473939837496
            ],
            [
              -71.2045343255511,
              -32.763473939837496
            ],
            [
              -71.2045343255511,
              -32.76347492862432
            ],
            [
              -71.20453547819191,
              -32.76347492862432
            ],
            [
              -71.20453547819191,
              -32.76347690619798
            ],
            [
              -71.20453663083272,
              -32.76347690619798
            ],
            [
              -71.20453663083272,
              -32.76347789498481
            ],
            [
              -71.2045712100571,
              -32.76347789498481
            ],
            [
              -71.2045712100571,
              -32.76347690619798
            ],
            [
              -71.2045723626979,
              -32.76347690619798
            ],
            [
              -71.2045723626979,
              -32.763455152887765
            ],
            [
              -71.2045712100571,
              -32.763455152887765
            ],
            [
              -71.2045712100571,
              -32.763454164100935
            ],
            [
              -71.20456890477547,
              -32.763454164100935
            ],
            [
              -71.20456890477547,
              -32.763453175314105
            ],
            [
              -71.20456775213465,
              -32.763453175314105
            ],
            [
              -71.20456775213465,
              -32.76342351170927
            ],
            [
              -71.20456890477547,
              -32.76342351170927
            ],
            [
              -71.20456890477547,
              -32.76342252292244
            ],
            [
              -71.2045712100571,
              -32.76342252292244
            ],
            [
              -71.2045712100571,
              -32.76342153413561
            ],
            [
              -71.2045723626979,
              -32.76342153413561
            ],
            [
              -71.2045723626979,
              -32.763419556561956
            ],
            [
              -71.20457351533871,
              -32.763419556561956
            ],
            [
              -71.20457351533871,
              -32.763418567775126
            ],
            [
              -71.20457582062033,
              -32.763418567775126
            ],
            [
              -71.20457582062033,
              -32.7634175789883
            ],
            [
              -71.20457697326115,
              -32.7634175789883
            ],
            [
              -71.20457697326115,
              -32.76340769112002
            ],
            [
              -71.20457812590196,
              -32.76340769112002
            ],
            [
              -71.20457812590196,
              -32.76340670233319
            ],
            [
              -71.20458043118359,
              -32.76340670233319
            ],
            [
              -71.20458043118359,
              -32.76340571354636
            ],
            [
              -71.2045815838244,
              -32.76340571354636
            ],
            [
              -71.2045815838244,
              -32.76340373597271
            ],
            [
              -71.20458273646521,
              -32.76340373597271
            ],
            [
              -71.20458273646521,
              -32.76340274718588
            ],
            [
              -71.20458504174684,
              -32.76340274718588
            ],
            [
              -71.20458504174684,
              -32.76335924056545
            ],
            [
              -71.20458273646521,
              -32.76335924056545
            ],
            [
              -71.20458273646521,
              -32.76335825177862
            ],
            [
              -71.2045815838244,
              -32.76335825177862
            ],
            [
              -71.2045815838244,
              -32.76334440876303
            ],
            [
              -71.20458273646521,
              -32.76334440876303
            ],
            [
              -71.20458273646521,
              -32.7633434199762
            ],
            [
              -71.20458504174684,
              -32.7633434199762
            ],
            [
              -71.20458504174684,
              -32.76334243118937
            ],
            [
              -71.20458619438764,
              -32.76334243118937
            ],
            [
              -71.20458619438764,
              -32.76331276758454
            ],
            [
              -71.20458734702846,
              -32.76331276758454
            ],
            [
              -71.20458734702846,
              -32.76331177879771
            ],
            [
              -71.20458965231009,
              -32.76331177879771
            ],
            [
              -71.20458965231009,
              -32.76331079001088
            ],
            [
              -71.2045908049509,
              -32.76331079001088
            ],
            [
              -71.2045908049509,
              -32.76329793578211
            ],
            [
              -71.20459195759172,
              -32.76329793578211
            ],
            [
              -71.20459195759172,
              -32.76329694699529
            ],
            [
              -71.20459311023252,
              -32.76329694699529
            ],
            [
              -71.20459311023252,
              -32.76329496942163
            ],
            [
              -71.20459426287334,
              -32.76329496942163
            ],
            [
              -71.20459426287334,
              -32.763293980634806
            ],
            [
              -71.20459541551415,
              -32.763293980634806
            ],
            [
              -71.20459541551415,
              -32.763292003061146
            ],
            [
              -71.20459656815495,
              -32.763292003061146
            ],
            [
              -71.20459656815495,
              -32.76329101427432
            ],
            [
              -71.20459772079577,
              -32.76329101427432
            ],
            [
              -71.20459772079577,
              -32.76329002548749
            ],
            [
              -71.20459887343658,
              -32.76329002548749
            ],
            [
              -71.20459887343658,
              -32.76328804791384
            ],
            [
              -71.2046000260774,
              -32.76328804791384
            ],
            [
              -71.2046000260774,
              -32.76328705912701
            ],
            [
              -71.2046011787182,
              -32.76328705912701
            ],
            [
              -71.2046011787182,
              -32.76328607034018
            ],
            [
              -71.20460233135903,
              -32.76328607034018
            ],
            [
              -71.20460233135903,
              -32.763284092766526
            ],
            [
              -71.20460348399983,
              -32.763284092766526
            ],
            [
              -71.20460348399983,
              -32.763283103979695
            ],
            [
              -71.20460463664065,
              -32.763283103979695
            ],
            [
              -71.20460463664065,
              -32.76328112640604
            ],
            [
              -71.20460578928146,
              -32.76328112640604
            ],
            [
              -71.20460578928146,
              -32.76328013761921
            ],
            [
              -71.20460694192228,
              -32.76328013761921
            ],
            [
              -71.20460694192228,
              -32.76327914883238
            ],
            [
              -71.20460809456308,
              -32.76327914883238
            ],
            [
              -71.20460809456308,
              -32.76327717125873
            ],
            [
              -71.20460924720389,
              -32.76327717125873
            ],
            [
              -71.20460924720389,
              -32.7632761824719
            ],
            [
              -71.20461039984471,
              -32.7632761824719
            ],
            [
              -71.20461039984471,
              -32.763275193685075
            ],
            [
              -71.20461155248552,
              -32.763275193685075
            ],
            [
              -71.20461155248552,
              -32.763273216111415
            ],
            [
              -71.20461270512634,
              -32.763273216111415
            ],
            [
              -71.20461270512634,
              -32.76327222732459
            ],
            [
              -71.20461385776714,
              -32.76327222732459
            ],
            [
              -71.20461385776714,
              -32.76327024975093
            ],
            [
              -71.20461501040796,
              -32.76327024975093
            ],
            [
              -71.20461501040796,
              -32.7632692609641
            ],
            [
              -71.20461616304877,
              -32.7632692609641
            ],
            [
              -71.20461616304877,
              -32.76326827217728
            ],
            [
              -71.20461731568959,
              -32.76326827217728
            ],
            [
              -71.20461731568959,
              -32.76326629460362
            ],
            [
              -71.2046184683304,
              -32.76326629460362
            ],
            [
              -71.2046184683304,
              -32.763265305816795
            ],
            [
              -71.20461962097121,
              -32.763265305816795
            ],
            [
              -71.20461962097121,
              -32.763264317029964
            ],
            [
              -71.20462077361202,
              -32.763264317029964
            ],
            [
              -71.20462077361202,
              -32.76326233945631
            ],
            [
              -71.20462192625283,
              -32.76326233945631
            ],
            [
              -71.20462192625283,
              -32.76326135066948
            ],
            [
              -71.20462307889365,
              -32.76326135066948
            ],
            [
              -71.20462307889365,
              -32.76325937309583
            ],
            [
              -71.20462423153445,
              -32.76325937309583
            ],
            [
              -71.20462423153445,
              -32.763258384309
            ],
            [
              -71.20462538417527,
              -32.763258384309
            ],
            [
              -71.20462538417527,
              -32.76325739552217
            ],
            [
              -71.20462653681608,
              -32.76325739552217
            ],
            [
              -71.20462653681608,
              -32.763255417948514
            ],
            [
              -71.2046276894569,
              -32.763255417948514
            ],
            [
              -71.2046276894569,
              -32.763254429161684
            ],
            [
              -71.2046288420977,
              -32.763254429161684
            ],
            [
              -71.2046288420977,
              -32.763253440374854
            ],
            [
              -71.20462999473853,
              -32.763253440374854
            ],
            [
              -71.20462999473853,
              -32.7632514628012
            ],
            [
              -71.20463114737933,
              -32.7632514628012
            ],
            [
              -71.20463114737933,
              -32.76325047401437
            ],
            [
              -71.20463230002015,
              -32.76325047401437
            ],
            [
              -71.20463230002015,
              -32.76324849644072
            ],
            [
              -71.20463345266096,
              -32.76324849644072
            ],
            [
              -71.20463345266096,
              -32.76324750765389
            ],
            [
              -71.20463460530176,
              -32.76324750765389
            ],
            [
              -71.20463460530176,
              -32.763246518867064
            ],
            [
              -71.20463575794258,
              -32.763246518867064
            ],
            [
              -71.20463575794258,
              -32.7632445412934
            ],
            [
              -71.20463691058339,
              -32.7632445412934
            ],
            [
              -71.20463691058339,
              -32.76324355250658
            ],
            [
              -71.20463806322421,
              -32.76324355250658
            ],
            [
              -71.20463806322421,
              -32.76324256371975
            ],
            [
              -71.20463921586501,
              -32.76324256371975
            ],
            [
              -71.20463921586501,
              -32.7632405861461
            ],
            [
              -71.20464036850584,
              -32.7632405861461
            ],
            [
              -71.20464036850584,
              -32.76323959735927
            ],
            [
              -71.20464152114664,
              -32.76323959735927
            ],
            [
              -71.20464152114664,
              -32.76323761978561
            ],
            [
              -71.20464267378746,
              -32.76323761978561
            ],
            [
              -71.20464267378746,
              -32.76323663099878
            ],
            [
              -71.20464382642827,
              -32.76323663099878
            ],
            [
              -71.20464382642827,
              -32.76323564221195
            ],
            [
              -71.20464497906909,
              -32.76323564221195
            ],
            [
              -71.20464497906909,
              -32.7632336646383
            ],
            [
              -71.2046461317099,
              -32.7632336646383
            ],
            [
              -71.2046461317099,
              -32.76323267585147
            ],
            [
              -71.2046472843507,
              -32.76323267585147
            ],
            [
              -71.2046472843507,
              -32.76323168706464
            ],
            [
              -71.20464843699152,
              -32.76323168706464
            ],
            [
              -71.20464843699152,
              -32.763229709490986
            ],
            [
              -71.20464958963233,
              -32.763229709490986
            ],
            [
              -71.20464958963233,
              -32.763228720704156
            ],
            [
              -71.20465074227315,
              -32.763228720704156
            ],
            [
              -71.20465074227315,
              -32.7632267431305
            ],
            [
              -71.20465189491395,
              -32.7632267431305
            ],
            [
              -71.20465189491395,
              -32.76322575434367
            ],
            [
              -71.20465304755477,
              -32.76322575434367
            ],
            [
              -71.20465304755477,
              -32.76322476555685
            ],
            [
              -71.20465420019558,
              -32.76322476555685
            ],
            [
              -71.20465420019558,
              -32.76322278798319
            ],
            [
              -71.2046553528364,
              -32.76322278798319
            ],
            [
              -71.2046553528364,
              -32.763221799196366
            ],
            [
              -71.2046565054772,
              -32.763221799196366
            ],
            [
              -71.2046565054772,
              -32.763220810409535
            ],
            [
              -71.20465765811801,
              -32.763220810409535
            ],
            [
              -71.20465765811801,
              -32.763218832835875
            ],
            [
              -71.20465881075883,
              -32.763218832835875
            ],
            [
              -71.20465881075883,
              -32.76321784404905
            ],
            [
              -71.20465996339964,
              -32.76321784404905
            ],
            [
              -71.20465996339964,
              -32.76321586647539
            ],
            [
              -71.20466111604046,
              -32.76321586647539
            ],
            [
              -71.20466111604046,
              -32.76321487768857
            ],
            [
              -71.20466226868126,
              -32.76321487768857
            ],
            [
              -71.20466226868126,
              -32.76321388890174
            ],
            [
              -71.20466342132208,
              -32.76321388890174
            ],
            [
              -71.20466342132208,
              -32.763211911328085
            ],
            [
              -71.20466457396289,
              -32.763211911328085
            ],
            [
              -71.20466457396289,
              -32.763210922541255
            ],
            [
              -71.20466572660371,
              -32.763210922541255
            ],
            [
              -71.20466572660371,
              -32.763209933754425
            ],
            [
              -71.20466687924451,
              -32.763209933754425
            ],
            [
              -71.20466687924451,
              -32.76320795618077
            ],
            [
              -71.20466803188533,
              -32.76320795618077
            ],
            [
              -71.20466803188533,
              -32.76320696739394
            ],
            [
              -71.20466918452614,
              -32.76320696739394
            ],
            [
              -71.20466918452614,
              -32.76320498982029
            ],
            [
              -71.20467033716695,
              -32.76320498982029
            ],
            [
              -71.20467033716695,
              -32.76320400103346
            ],
            [
              -71.20467148980777,
              -32.76320400103346
            ],
            [
              -71.20467148980777,
              -32.76320301224663
            ],
            [
              -71.20467264244857,
              -32.76320301224663
            ],
            [
              -71.20467264244857,
              -32.763201034672974
            ],
            [
              -71.20467379508939,
              -32.763201034672974
            ],
            [
              -71.20467379508939,
              -32.763200045886144
            ],
            [
              -71.2046749477302,
              -32.763200045886144
            ],
            [
              -71.2046749477302,
              -32.76319905709932
            ],
            [
              -71.20467610037102,
              -32.76319905709932
            ],
            [
              -71.20467610037102,
              -32.76319707952566
            ],
            [
              -71.20467725301182,
              -32.76319707952566
            ],
            [
              -71.20467725301182,
              -32.76319609073884
            ],
            [
              -71.20467840565264,
              -32.76319609073884
            ],
            [
              -71.20467840565264,
              -32.76319411316518
            ],
            [
              -71.20467955829345,
              -32.76319411316518
            ],
            [
              -71.20467955829345,
              -32.763193124378354
            ],
            [
              -71.20468071093427,
              -32.763193124378354
            ],
            [
              -71.20468071093427,
              -32.763192135591524
            ],
            [
              -71.20468186357508,
              -32.763192135591524
            ],
            [
              -71.20468186357508,
              -32.76319015801787
            ],
            [
              -71.20468301621588,
              -32.76319015801787
            ],
            [
              -71.20468301621588,
              -32.76318916923104
            ],
            [
              -71.2046841688567,
              -32.76318916923104
            ],
            [
              -71.2046841688567,
              -32.76318818044421
            ],
            [
              -71.20468532149751,
              -32.76318818044421
            ],
            [
              -71.20468532149751,
              -32.76318620287056
            ],
            [
              -71.20468647413833,
              -32.76318620287056
            ],
            [
              -71.20468647413833,
              -32.76318521408373
            ],
            [
              -71.20468762677913,
              -32.76318521408373
            ],
            [
              -71.20468762677913,
              -32.76318323651007
            ],
            [
              -71.20468877941995,
              -32.76318323651007
            ],
            [
              -71.20468877941995,
              -32.76318224772324
            ],
            [
              -71.20468993206076,
              -32.76318224772324
            ],
            [
              -71.20468993206076,
              -32.76318125893641
            ],
            [
              -71.20469108470158,
              -32.76318125893641
            ],
            [
              -71.20469108470158,
              -32.76317928136276
            ],
            [
              -71.20469223734239,
              -32.76317928136276
            ],
            [
              -71.20469223734239,
              -32.76317829257593
            ],
            [
              -71.2046933899832,
              -32.76317829257593
            ],
            [
              -71.2046933899832,
              -32.76317730378911
            ],
            [
              -71.20469454262401,
              -32.76317730378911
            ],
            [
              -71.20469454262401,
              -32.763175326215446
            ],
            [
              -71.20469569526482,
              -32.763175326215446
            ],
            [
              -71.20469569526482,
              -32.76317433742862
            ],
            [
              -71.20469684790564,
              -32.76317433742862
            ],
            [
              -71.20469684790564,
              -32.76317235985496
            ],
            [
              -71.20469800054644,
              -32.76317235985496
            ],
            [
              -71.20469800054644,
              -32.76317137106813
            ],
            [
              -71.20469915318726,
              -32.76317137106813
            ],
            [
              -71.20469915318726,
              -32.76317038228131
            ],
            [
              -71.20470030582807,
              -32.76317038228131
            ],
            [
              -71.20470030582807,
              -32.76316840470765
            ],
            [
              -71.20470145846889,
              -32.76316840470765
            ],
            [
              -71.20470145846889,
              -32.763167415920826
            ],
            [
              -71.2047026111097,
              -32.763167415920826
            ],
            [
              -71.2047026111097,
              -32.763166427133996
            ],
            [
              -71.20470376375052,
              -32.763166427133996
            ],
            [
              -71.20470376375052,
              -32.76316444956034
            ],
            [
              -71.20470491639132,
              -32.76316444956034
            ],
            [
              -71.20470491639132,
              -32.76316346077351
            ],
            [
              -71.20470606903213,
              -32.76316346077351
            ],
            [
              -71.20470606903213,
              -32.76316148319986
            ],
            [
              -71.20470722167295,
              -32.76316148319986
            ],
            [
              -71.20470722167295,
              -32.76316049441303
            ],
            [
              -71.20470837431375,
              -32.76316049441303
            ],
            [
              -71.20470837431375,
              -32.7631595056262
            ],
            [
              -71.20470952695457,
              -32.7631595056262
            ],
            [
              -71.20470952695457,
              -32.763157528052545
            ],
            [
              -71.20471067959538,
              -32.763157528052545
            ],
            [
              -71.20471067959538,
              -32.763156539265715
            ],
            [
              -71.2047118322362,
              -32.763156539265715
            ],
            [
              -71.2047118322362,
              -32.763155550478885
            ],
            [
              -71.204712984877,
              -32.763155550478885
            ],
            [
              -71.204712984877,
              -32.76315357290523
            ],
            [
              -71.20471413751783,
              -32.76315357290523
            ],
            [
              -71.20471413751783,
              -32.7631525841184
            ],
            [
              -71.20471529015863,
              -32.7631525841184
            ],
            [
              -71.20471529015863,
              -32.76315060654475
            ],
            [
              -71.20471644279945,
              -32.76315060654475
            ],
            [
              -71.20471644279945,
              -32.76314961775792
            ],
            [
              -71.20471759544026,
              -32.76314961775792
            ],
            [
              -71.20471759544026,
              -32.763148628971095
            ],
            [
              -71.20471874808106,
              -32.763148628971095
            ],
            [
              -71.20471874808106,
              -32.763146651397435
            ],
            [
              -71.20471990072188,
              -32.763146651397435
            ],
            [
              -71.20471990072188,
              -32.76314566261061
            ],
            [
              -71.20472105336269,
              -32.76314566261061
            ],
            [
              -71.20472105336269,
              -32.76314467382378
            ],
            [
              -71.20472220600351,
              -32.76314467382378
            ],
            [
              -71.20472220600351,
              -32.76314269625013
            ],
            [
              -71.20472335864432,
              -32.76314269625013
            ],
            [
              -71.20472335864432,
              -32.7631417074633
            ],
            [
              -71.20472451128514,
              -32.7631417074633
            ],
            [
              -71.20472451128514,
              -32.76313972988964
            ],
            [
              -71.20472566392594,
              -32.76313972988964
            ],
            [
              -71.20472566392594,
              -32.763138741102814
            ],
            [
              -71.20472681656676,
              -32.763138741102814
            ],
            [
              -71.20472681656676,
              -32.763137752315984
            ],
            [
              -71.20472796920757,
              -32.763137752315984
            ],
            [
              -71.20472796920757,
              -32.76313577474233
            ],
            [
              -71.20472912184839,
              -32.76313577474233
            ],
            [
              -71.20472912184839,
              -32.7631347859555
            ],
            [
              -71.2047302744892,
              -32.7631347859555
            ],
            [
              -71.2047302744892,
              -32.76313379716867
            ],
            [
              -71.20473142713,
              -32.76313379716867
            ],
            [
              -71.20473142713,
              -32.76313181959502
            ],
            [
              -71.20473257977082,
              -32.76313181959502
            ],
            [
              -71.20473257977082,
              -32.76313083080819
            ],
            [
              -71.20473373241163,
              -32.76313083080819
            ],
            [
              -71.20473373241163,
              -32.763128853234534
            ],
            [
              -71.20473488505245,
              -32.763128853234534
            ],
            [
              -71.20473488505245,
              -32.7631278644477
            ],
            [
              -71.20473603769325,
              -32.7631278644477
            ],
            [
              -71.20473603769325,
              -32.76312687566088
            ],
            [
              -71.20473719033407,
              -32.76312687566088
            ],
            [
              -71.20473719033407,
              -32.76312489808722
            ],
            [
              -71.20473834297488,
              -32.76312489808722
            ],
            [
              -71.20473834297488,
              -32.76312390930039
            ],
            [
              -71.2047394956157,
              -32.76312390930039
            ],
            [
              -71.2047394956157,
              -32.76312292051357
            ],
            [
              -71.2047406482565,
              -32.76312292051357
            ],
            [
              -71.2047406482565,
              -32.763120942939906
            ],
            [
              -71.20474180089732,
              -32.763120942939906
            ],
            [
              -71.20474180089732,
              -32.76311995415308
            ],
            [
              -71.20474295353813,
              -32.76311995415308
            ],
            [
              -71.20474295353813,
              -32.76311797657942
            ],
            [
              -71.20474410617894,
              -32.76311797657942
            ],
            [
              -71.20474410617894,
              -32.7631169877926
            ],
            [
              -71.20474525881976,
              -32.7631169877926
            ],
            [
              -71.20474525881976,
              -32.76311599900577
            ],
            [
              -71.20474641146056,
              -32.76311599900577
            ],
            [
              -71.20474641146056,
              -32.763114021432116
            ],
            [
              -71.20474756410138,
              -32.763114021432116
            ],
            [
              -71.20474756410138,
              -32.763113032645286
            ],
            [
              -71.20474871674219,
              -32.763113032645286
            ],
            [
              -71.20474871674219,
              -32.763112043858456
            ],
            [
              -71.20474986938301,
              -32.763112043858456
            ],
            [
              -71.20474986938301,
              -32.7631100662848
            ],
            [
              -71.20475102202381,
              -32.7631100662848
            ],
            [
              -71.20475102202381,
              -32.76310907749797
            ],
            [
              -71.20475217466463,
              -32.76310907749797
            ],
            [
              -71.20475217466463,
              -32.76310709992432
            ],
            [
              -71.20475332730544,
              -32.76310709992432
            ],
            [
              -71.20475332730544,
              -32.76310611113749
            ],
            [
              -71.20475447994626,
              -32.76310611113749
            ],
            [
              -71.20475447994626,
              -32.76310512235066
            ],
            [
              -71.20475563258707,
              -32.76310512235066
            ],
            [
              -71.20475563258707,
              -32.763103144777006
            ],
            [
              -71.20475678522787,
              -32.763103144777006
            ],
            [
              -71.20475678522787,
              -32.763102155990175
            ],
            [
              -71.20475793786869,
              -32.763102155990175
            ],
            [
              -71.20475793786869,
              -32.76310116720335
            ],
            [
              -71.2047590905095,
              -32.76310116720335
            ],
            [
              -71.2047590905095,
              -32.76309918962969
            ],
            [
              -71.20476024315032,
              -32.76309918962969
            ],
            [
              -71.20476024315032,
              -32.76309820084287
            ],
            [
              -71.20476139579112,
              -32.76309820084287
            ],
            [
              -71.20476139579112,
              -32.76309622326921
            ],
            [
              -71.20476254843194,
              -32.76309622326921
            ],
            [
              -71.20476254843194,
              -32.763095234482385
            ],
            [
              -71.20476370107275,
              -32.763095234482385
            ],
            [
              -71.20476370107275,
              -32.763094245695555
            ],
            [
              -71.20476485371357,
              -32.763094245695555
            ],
            [
              -71.20476485371357,
              -32.763092268121895
            ],
            [
              -71.20476600635438,
              -32.763092268121895
            ],
            [
              -71.20476600635438,
              -32.76309127933507
            ],
            [
              -71.20476715899518,
              -32.76309127933507
            ],
            [
              -71.20476715899518,
              -32.76309029054824
            ],
            [
              -71.204768311636,
              -32.76309029054824
            ],
            [
              -71.204768311636,
              -32.76308831297459
            ],
            [
              -71.20476946427681,
              -32.76308831297459
            ],
            [
              -71.20476946427681,
              -32.76308732418776
            ],
            [
              -71.20477061691763,
              -32.76308732418776
            ],
            [
              -71.20477061691763,
              -32.763085346614105
            ],
            [
              -71.20477176955843,
              -32.763085346614105
            ],
            [
              -71.20477176955843,
              -32.763084357827275
            ],
            [
              -71.20477292219925,
              -32.763084357827275
            ],
            [
              -71.20477292219925,
              -32.763083369040444
            ],
            [
              -71.20477407484006,
              -32.763083369040444
            ],
            [
              -71.20477407484006,
              -32.76308139146679
            ],
            [
              -71.20477522748088,
              -32.76308139146679
            ],
            [
              -71.20477522748088,
              -32.76308040267996
            ],
            [
              -71.20477638012169,
              -32.76308040267996
            ],
            [
              -71.20477638012169,
              -32.76307941389314
            ],
            [
              -71.2047775327625,
              -32.76307941389314
            ],
            [
              -71.2047775327625,
              -32.76307743631948
            ],
            [
              -71.20477868540331,
              -32.76307743631948
            ],
            [
              -71.20477868540331,
              -32.76307644753265
            ],
            [
              -71.20477983804412,
              -32.76307644753265
            ],
            [
              -71.20477983804412,
              -32.763074469958994
            ],
            [
              -71.20478099068494,
              -32.763074469958994
            ],
            [
              -71.20478099068494,
              -32.763073481172164
            ],
            [
              -71.20478214332574,
              -32.763073481172164
            ],
            [
              -71.20478214332574,
              -32.76307249238534
            ],
            [
              -71.20478329596656,
              -32.76307249238534
            ],
            [
              -71.20478329596656,
              -32.76307051481168
            ],
            [
              -71.20478444860737,
              -32.76307051481168
            ],
            [
              -71.20478444860737,
              -32.76306952602486
            ],
            [
              -71.20478560124819,
              -32.76306952602486
            ],
            [
              -71.20478560124819,
              -32.76306853723803
            ],
            [
              -71.204786753889,
              -32.76306853723803
            ],
            [
              -71.204786753889,
              -32.763066559664374
            ],
            [
              -71.20478790652982,
              -32.763066559664374
            ],
            [
              -71.20478790652982,
              -32.763065570877544
            ],
            [
              -71.20478905917062,
              -32.763065570877544
            ],
            [
              -71.20478905917062,
              -32.76306359330389
            ],
            [
              -71.20479021181144,
              -32.76306359330389
            ],
            [
              -71.20479021181144,
              -32.76306260451706
            ],
            [
              -71.20479136445225,
              -32.76306260451706
            ],
            [
              -71.20479136445225,
              -32.76306161573023
            ],
            [
              -71.20479251709305,
              -32.76306161573023
            ],
            [
              -71.20479251709305,
              -32.76305963815658
            ],
            [
              -71.20479366973387,
              -32.76305963815658
            ],
            [
              -71.20479366973387,
              -32.763058649369746
            ],
            [
              -71.20479482237468,
              -32.763058649369746
            ],
            [
              -71.20479482237468,
              -32.763057660582916
            ],
            [
              -71.2047959750155,
              -32.763057660582916
            ],
            [
              -71.2047959750155,
              -32.76305568300926
            ],
            [
              -71.2047971276563,
              -32.76305568300926
            ],
            [
              -71.2047971276563,
              -32.76305469422243
            ],
            [
              -71.20479828029713,
              -32.76305469422243
            ],
            [
              -71.20479828029713,
              -32.76305271664878
            ],
            [
              -71.20479943293793,
              -32.76305271664878
            ],
            [
              -71.20479943293793,
              -32.76305172786195
            ],
            [
              -71.20480058557875,
              -32.76305172786195
            ],
            [
              -71.20480058557875,
              -32.763050739075126
            ],
            [
              -71.20480173821956,
              -32.763050739075126
            ],
            [
              -71.20480173821956,
              -32.763048761501466
            ],
            [
              -71.20480289086038,
              -32.763048761501466
            ],
            [
              -71.20480289086038,
              -32.76304777271464
            ],
            [
              -71.20480404350118,
              -32.76304777271464
            ],
            [
              -71.20480404350118,
              -32.76304678392781
            ],
            [
              -71.20480519614199,
              -32.76304678392781
            ],
            [
              -71.20480519614199,
              -32.76304480635415
            ],
            [
              -71.20480634878281,
              -32.76304480635415
            ],
            [
              -71.20480634878281,
              -32.76304381756733
            ],
            [
              -71.20480750142362,
              -32.76304381756733
            ],
            [
              -71.20480750142362,
              -32.76304183999367
            ],
            [
              -71.20480865406444,
              -32.76304183999367
            ],
            [
              -71.20480865406444,
              -32.763040851206846
            ],
            [
              -71.20480980670524,
              -32.763040851206846
            ],
            [
              -71.20480980670524,
              -32.763039862420015
            ],
            [
              -71.20481095934606,
              -32.763039862420015
            ],
            [
              -71.20481095934606,
              -32.76303788484636
            ],
            [
              -71.20481211198687,
              -32.76303788484636
            ],
            [
              -71.20481211198687,
              -32.76303689605953
            ],
            [
              -71.20481326462769,
              -32.76303689605953
            ],
            [
              -71.20481326462769,
              -32.7630359072727
            ],
            [
              -71.2048144172685,
              -32.7630359072727
            ],
            [
              -71.2048144172685,
              -32.76303392969905
            ],
            [
              -71.2048155699093,
              -32.76303392969905
            ],
            [
              -71.2048155699093,
              -32.76303294091222
            ],
            [
              -71.20481672255012,
              -32.76303294091222
            ],
            [
              -71.20481672255012,
              -32.763030963338565
            ],
            [
              -71.20481787519093,
              -32.763030963338565
            ],
            [
              -71.20481787519093,
              -32.763029974551735
            ],
            [
              -71.20481902783175,
              -32.763029974551735
            ],
            [
              -71.20481902783175,
              -32.763028985764905
            ],
            [
              -71.20482018047255,
              -32.763028985764905
            ],
            [
              -71.20482018047255,
              -32.76302700819125
            ],
            [
              -71.20482133311337,
              -32.76302700819125
            ],
            [
              -71.20482133311337,
              -32.76302601940442
            ],
            [
              -71.20482248575418,
              -32.76302601940442
            ],
            [
              -71.20482248575418,
              -32.7630250306176
            ],
            [
              -71.204823638395,
              -32.7630250306176
            ],
            [
              -71.204823638395,
              -32.76302305304394
            ],
            [
              -71.2048247910358,
              -32.76302305304394
            ],
            [
              -71.2048247910358,
              -32.763022064257115
            ],
            [
              -71.20482594367662,
              -32.763022064257115
            ],
            [
              -71.20482594367662,
              -32.763020086683454
            ],
            [
              -71.20482709631743,
              -32.763020086683454
            ],
            [
              -71.20482709631743,
              -32.76301909789663
            ],
            [
              -71.20482824895824,
              -32.76301909789663
            ],
            [
              -71.20482824895824,
              -32.7630181091098
            ],
            [
              -71.20482940159906,
              -32.7630181091098
            ],
            [
              -71.20482940159906,
              -32.76301613153615
            ],
            [
              -71.20483055423986,
              -32.76301613153615
            ],
            [
              -71.20483055423986,
              -32.76301514274932
            ],
            [
              -71.20483170688068,
              -32.76301514274932
            ],
            [
              -71.20483170688068,
              -32.76301415396249
            ],
            [
              -71.20483285952149,
              -32.76301415396249
            ],
            [
              -71.20483285952149,
              -32.763012176388834
            ],
            [
              -71.20483401216231,
              -32.763012176388834
            ],
            [
              -71.20483401216231,
              -32.763011187602004
            ],
            [
              -71.20483516480311,
              -32.763011187602004
            ],
            [
              -71.20483516480311,
              -32.76300921002835
            ],
            [
              -71.20483631744393,
              -32.76300921002835
            ],
            [
              -71.20483631744393,
              -32.76300822124152
            ],
            [
              -71.20483747008474,
              -32.76300822124152
            ],
            [
              -71.20483747008474,
              -32.76300723245469
            ],
            [
              -71.20483862272556,
              -32.76300723245469
            ],
            [
              -71.20483862272556,
              -32.76300525488104
            ],
            [
              -71.20483977536637,
              -32.76300525488104
            ],
            [
              -71.20483977536637,
              -32.76300426609421
            ],
            [
              -71.20484092800717,
              -32.76300426609421
            ],
            [
              -71.20484092800717,
              -32.763003277307384
            ],
            [
              -71.20484208064799,
              -32.763003277307384
            ],
            [
              -71.20484208064799,
              -32.76300129973372
            ],
            [
              -71.2048432332888,
              -32.76300129973372
            ],
            [
              -71.2048432332888,
              -32.7630003109469
            ],
            [
              -71.20484438592962,
              -32.7630003109469
            ],
            [
              -71.20484438592962,
              -32.76299833337324
            ],
            [
              -71.20484553857042,
              -32.76299833337324
            ],
            [
              -71.20484553857042,
              -32.76299734458641
            ],
            [
              -71.20484669121124,
              -32.76299734458641
            ],
            [
              -71.20484669121124,
              -32.76299635579959
            ],
            [
              -71.20484784385205,
              -32.76299635579959
            ],
            [
              -71.20484784385205,
              -32.762994378225926
            ],
            [
              -71.20484899649287,
              -32.762994378225926
            ],
            [
              -71.20484899649287,
              -32.7629933894391
            ],
            [
              -71.20485014913368,
              -32.7629933894391
            ],
            [
              -71.20485014913368,
              -32.76299240065227
            ],
            [
              -71.2048513017745,
              -32.76299240065227
            ],
            [
              -71.2048513017745,
              -32.76299042307862
            ],
            [
              -71.2048524544153,
              -32.76299042307862
            ],
            [
              -71.2048524544153,
              -32.76298943429179
            ],
            [
              -71.20485360705611,
              -32.76298943429179
            ],
            [
              -71.20485360705611,
              -32.762987456718136
            ],
            [
              -71.20485475969693,
              -32.762987456718136
            ],
            [
              -71.20485475969693,
              -32.762986467931306
            ],
            [
              -71.20485591233773,
              -32.762986467931306
            ],
            [
              -71.20485591233773,
              -32.762985479144476
            ],
            [
              -71.20485706497855,
              -32.762985479144476
            ],
            [
              -71.20485706497855,
              -32.76298350157082
            ],
            [
              -71.20485821761936,
              -32.76298350157082
            ],
            [
              -71.20485821761936,
              -32.76298251278399
            ],
            [
              -71.20485937026018,
              -32.76298251278399
            ],
            [
              -71.20485937026018,
              -32.76298152399716
            ],
            [
              -71.20486052290099,
              -32.76298152399716
            ],
            [
              -71.20486052290099,
              -32.76297954642351
            ],
            [
              -71.2048616755418,
              -32.76297954642351
            ],
            [
              -71.2048616755418,
              -32.76297855763668
            ],
            [
              -71.20486282818261,
              -32.76297855763668
            ],
            [
              -71.20486282818261,
              -32.762976580063025
            ],
            [
              -71.20486398082342,
              -32.762976580063025
            ],
            [
              -71.20486398082342,
              -32.762975591276195
            ],
            [
              -71.20486513346424,
              -32.762975591276195
            ],
            [
              -71.20486513346424,
              -32.76297460248937
            ],
            [
              -71.20486628610504,
              -32.76297460248937
            ],
            [
              -71.20486628610504,
              -32.76297262491571
            ],
            [
              -71.20486743874586,
              -32.76297262491571
            ],
            [
              -71.20486743874586,
              -32.76297163612889
            ],
            [
              -71.20486859138667,
              -32.76297163612889
            ],
            [
              -71.20486859138667,
              -32.76297064734206
            ],
            [
              -71.20486974402749,
              -32.76297064734206
            ],
            [
              -71.20486974402749,
              -32.762968669768405
            ],
            [
              -71.2048708966683,
              -32.762968669768405
            ],
            [
              -71.2048708966683,
              -32.762967680981575
            ],
            [
              -71.20487204930912,
              -32.762967680981575
            ],
            [
              -71.20487204930912,
              -32.762965703407914
            ],
            [
              -71.20487320194992,
              -32.762965703407914
            ],
            [
              -71.20487320194992,
              -32.76296471462109
            ],
            [
              -71.20487435459074,
              -32.76296471462109
            ],
            [
              -71.20487435459074,
              -32.76296372583426
            ],
            [
              -71.20487550723155,
              -32.76296372583426
            ],
            [
              -71.20487550723155,
              -32.76296174826061
            ],
            [
              -71.20487665987235,
              -32.76296174826061
            ],
            [
              -71.20487665987235,
              -32.76296075947378
            ],
            [
              -71.20487781251317,
              -32.76296075947378
            ],
            [
              -71.20487781251317,
              -32.76295977068695
            ],
            [
              -71.20487896515398,
              -32.76295977068695
            ],
            [
              -71.20487896515398,
              -32.762957793113294
            ],
            [
              -71.2048801177948,
              -32.762957793113294
            ],
            [
              -71.2048801177948,
              -32.762956804326464
            ],
            [
              -71.2048812704356,
              -32.762956804326464
            ],
            [
              -71.2048812704356,
              -32.76295482675281
            ],
            [
              -71.20488242307643,
              -32.76295482675281
            ],
            [
              -71.20488242307643,
              -32.76295383796598
            ],
            [
              -71.20488357571723,
              -32.76295383796598
            ],
            [
              -71.20488357571723,
              -32.76295284917916
            ],
            [
              -71.20488472835805,
              -32.76295284917916
            ],
            [
              -71.20488472835805,
              -32.7629508716055
            ],
            [
              -71.20488588099886,
              -32.7629508716055
            ],
            [
              -71.20488588099886,
              -32.76294988281867
            ],
            [
              -71.20488703363968,
              -32.76294988281867
            ],
            [
              -71.20488703363968,
              -32.762948894031844
            ],
            [
              -71.20488818628048,
              -32.762948894031844
            ],
            [
              -71.20488818628048,
              -32.76294691645818
            ],
            [
              -71.20488933892129,
              -32.76294691645818
            ],
            [
              -71.20488933892129,
              -32.76294592767136
            ],
            [
              -71.20489049156211,
              -32.76294592767136
            ],
            [
              -71.20489049156211,
              -32.7629439500977
            ],
            [
              -71.20489164420292,
              -32.7629439500977
            ],
            [
              -71.20489164420292,
              -32.76294296131088
            ],
            [
              -71.20489279684374,
              -32.76294296131088
            ],
            [
              -71.20489279684374,
              -32.76294197252405
            ],
            [
              -71.20489394948454,
              -32.76294197252405
            ],
            [
              -71.20489394948454,
              -32.76293999495039
            ],
            [
              -71.20489510212536,
              -32.76293999495039
            ],
            [
              -71.20489510212536,
              -32.76293900616356
            ],
            [
              -71.20489625476617,
              -32.76293900616356
            ],
            [
              -71.20489625476617,
              -32.76293801737673
            ],
            [
              -71.20489740740699,
              -32.76293801737673
            ],
            [
              -71.20489740740699,
              -32.76293603980308
            ],
            [
              -71.2048985600478,
              -32.76293603980308
            ],
            [
              -71.2048985600478,
              -32.76293505101625
            ],
            [
              -71.20489971268861,
              -32.76293505101625
            ],
            [
              -71.20489971268861,
              -32.762933073442596
            ],
            [
              -71.20490086532942,
              -32.762933073442596
            ],
            [
              -71.20490086532942,
              -32.762932084655766
            ],
            [
              -71.20490201797023,
              -32.762932084655766
            ],
            [
              -71.20490201797023,
              -32.762931095868936
            ],
            [
              -71.20490317061105,
              -32.762931095868936
            ],
            [
              -71.20490317061105,
              -32.76292911829528
            ],
            [
              -71.20490432325185,
              -32.76292911829528
            ],
            [
              -71.20490432325185,
              -32.76292812950845
            ],
            [
              -71.20490547589267,
              -32.76292812950845
            ],
            [
              -71.20490547589267,
              -32.76292714072163
            ],
            [
              -71.20490662853348,
              -32.76292714072163
            ],
            [
              -71.20490662853348,
              -32.76292516314797
            ],
            [
              -71.2049077811743,
              -32.76292516314797
            ],
            [
              -71.2049077811743,
              -32.762924174361146
            ],
            [
              -71.2049089338151,
              -32.762924174361146
            ],
            [
              -71.2049089338151,
              -32.762922196787486
            ],
            [
              -71.20491008645593,
              -32.762922196787486
            ],
            [
              -71.20491008645593,
              -32.76292120800066
            ],
            [
              -71.20491123909673,
              -32.76292120800066
            ],
            [
              -71.20491123909673,
              -32.76292021921383
            ],
            [
              -71.20491239173755,
              -32.76292021921383
            ],
            [
              -71.20491239173755,
              -32.76291824164017
            ],
            [
              -71.20491354437836,
              -32.76291824164017
            ],
            [
              -71.20491354437836,
              -32.76291725285335
            ],
            [
              -71.20491469701916,
              -32.76291725285335
            ],
            [
              -71.20491469701916,
              -32.76291626406652
            ],
            [
              -71.20491584965998,
              -32.76291626406652
            ],
            [
              -71.20491584965998,
              -32.762914286492865
            ],
            [
              -71.20491700230079,
              -32.762914286492865
            ],
            [
              -71.20491700230079,
              -32.762913297706035
            ],
            [
              -71.20491815494161,
              -32.762913297706035
            ],
            [
              -71.20491815494161,
              -32.76291132013238
            ],
            [
              -71.20491930758241,
              -32.76291132013238
            ],
            [
              -71.20491930758241,
              -32.76291033134555
            ],
            [
              -71.20492046022324,
              -32.76291033134555
            ],
            [
              -71.20492046022324,
              -32.76290934255872
            ],
            [
              -71.20492161286404,
              -32.76290934255872
            ],
            [
              -71.20492161286404,
              -32.76290736498507
            ],
            [
              -71.20492276550486,
              -32.76290736498507
            ],
            [
              -71.20492276550486,
              -32.76290637619824
            ],
            [
              -71.20492391814567,
              -32.76290637619824
            ],
            [
              -71.20492391814567,
              -32.762905387411415
            ],
            [
              -71.20492507078647,
              -32.762905387411415
            ],
            [
              -71.20492507078647,
              -32.762903409837755
            ],
            [
              -71.2049262234273,
              -32.762903409837755
            ],
            [
              -71.2049262234273,
              -32.762902421050924
            ],
            [
              -71.2049273760681,
              -32.762902421050924
            ],
            [
              -71.2049273760681,
              -32.76290044347727
            ],
            [
              -71.20492852870892,
              -32.76290044347727
            ],
            [
              -71.20492852870892,
              -32.76289945469044
            ],
            [
              -71.20492968134973,
              -32.76289945469044
            ],
            [
              -71.20492968134973,
              -32.76289846590362
            ],
            [
              -71.20493083399055,
              -32.76289846590362
            ],
            [
              -71.20493083399055,
              -32.76289648832996
            ],
            [
              -71.20493198663135,
              -32.76289648832996
            ],
            [
              -71.20493198663135,
              -32.762895499543134
            ],
            [
              -71.20493313927217,
              -32.762895499543134
            ],
            [
              -71.20493313927217,
              -32.762894510756304
            ],
            [
              -71.20493429191298,
              -32.762894510756304
            ],
            [
              -71.20493429191298,
              -32.76289253318265
            ],
            [
              -71.2049354445538,
              -32.76289253318265
            ],
            [
              -71.2049354445538,
              -32.76289154439582
            ],
            [
              -71.2049365971946,
              -32.76289154439582
            ],
            [
              -71.2049365971946,
              -32.76288956682217
            ],
            [
              -71.20493774983541,
              -32.76288956682217
            ],
            [
              -71.20493774983541,
              -32.76288857803534
            ],
            [
              -71.20493890247623,
              -32.76288857803534
            ],
            [
              -71.20493890247623,
              -32.76288758924851
            ],
            [
              -71.20494005511704,
              -32.76288758924851
            ],
            [
              -71.20494005511704,
              -32.762885611674854
            ],
            [
              -71.20494120775786,
              -32.762885611674854
            ],
            [
              -71.20494120775786,
              -32.76288462288802
            ],
            [
              -71.20494236039866,
              -32.76288462288802
            ],
            [
              -71.20494236039866,
              -32.76288363410119
            ],
            [
              -71.20494351303948,
              -32.76288363410119
            ],
            [
              -71.20494351303948,
              -32.76288165652754
            ],
            [
              -71.20494466568029,
              -32.76288165652754
            ],
            [
              -71.20494466568029,
              -32.76288066774071
            ],
            [
              -71.20494581832111,
              -32.76288066774071
            ],
            [
              -71.20494581832111,
              -32.76287869016706
            ],
            [
              -71.20494697096191,
              -32.76287869016706
            ],
            [
              -71.20494697096191,
              -32.762877701380226
            ],
            [
              -71.20494812360273,
              -32.762877701380226
            ],
            [
              -71.20494812360273,
              -32.7628767125934
            ],
            [
              -71.20494927624354,
              -32.7628767125934
            ],
            [
              -71.20494927624354,
              -32.76287473501974
            ],
            [
              -71.20495042888435,
              -32.76287473501974
            ],
            [
              -71.20495042888435,
              -32.76287374623292
            ],
            [
              -71.20495158152517,
              -32.76287374623292
            ],
            [
              -71.20495158152517,
              -32.76287275744609
            ],
            [
              -71.20495273416597,
              -32.76287275744609
            ],
            [
              -71.20495273416597,
              -32.76287077987243
            ],
            [
              -71.20495388680679,
              -32.76287077987243
            ],
            [
              -71.20495388680679,
              -32.762869791085606
            ],
            [
              -71.2049550394476,
              -32.762869791085606
            ],
            [
              -71.2049550394476,
              -32.762867813511946
            ],
            [
              -71.20495619208842,
              -32.762867813511946
            ],
            [
              -71.20495619208842,
              -32.76286682472512
            ],
            [
              -71.20495734472922,
              -32.76286682472512
            ],
            [
              -71.20495734472922,
              -32.76286583593829
            ],
            [
              -71.20495849737004,
              -32.76286583593829
            ],
            [
              -71.20495849737004,
              -32.76286385836464
            ],
            [
              -71.20495965001085,
              -32.76286385836464
            ],
            [
              -71.20495965001085,
              -32.76286286957781
            ],
            [
              -71.20496080265167,
              -32.76286286957781
            ],
            [
              -71.20496080265167,
              -32.76286188079098
            ],
            [
              -71.20496195529248,
              -32.76286188079098
            ],
            [
              -71.20496195529248,
              -32.762859903217326
            ],
            [
              -71.20496310793328,
              -32.762859903217326
            ],
            [
              -71.20496310793328,
              -32.762858914430495
            ],
            [
              -71.2049642605741,
              -32.762858914430495
            ],
            [
              -71.2049642605741,
              -32.76285693685684
            ],
            [
              -71.20496541321491,
              -32.76285693685684
            ],
            [
              -71.20496541321491,
              -32.76285594807001
            ],
            [
              -71.20496656585573,
              -32.76285594807001
            ],
            [
              -71.20496656585573,
              -32.76285495928318
            ],
            [
              -71.20496771849653,
              -32.76285495928318
            ],
            [
              -71.20496771849653,
              -32.76285298170953
            ],
            [
              -71.20496887113735,
              -32.76285298170953
            ],
            [
              -71.20496887113735,
              -32.7628519929227
            ],
            [
              -71.20497002377816,
              -32.7628519929227
            ],
            [
              -71.20497002377816,
              -32.762851004135875
            ],
            [
              -71.20497117641898,
              -32.762851004135875
            ],
            [
              -71.20497117641898,
              -32.762849026562215
            ],
            [
              -71.20497232905979,
              -32.762849026562215
            ],
            [
              -71.20497232905979,
              -32.76284803777539
            ],
            [
              -71.20497348170059,
              -32.76284803777539
            ],
            [
              -71.20497348170059,
              -32.76284606020173
            ],
            [
              -71.20497463434141,
              -32.76284606020173
            ],
            [
              -71.20497463434141,
              -32.76284507141491
            ],
            [
              -71.20497578698222,
              -32.76284507141491
            ],
            [
              -71.20497578698222,
              -32.76284408262808
            ],
            [
              -71.20497693962304,
              -32.76284408262808
            ],
            [
              -71.20497693962304,
              -32.762842105054425
            ],
            [
              -71.20497809226384,
              -32.762842105054425
            ],
            [
              -71.20497809226384,
              -32.762841116267595
            ],
            [
              -71.20497924490466,
              -32.762841116267595
            ],
            [
              -71.20497924490466,
              -32.762840127480764
            ],
            [
              -71.20498039754547,
              -32.762840127480764
            ],
            [
              -71.20498039754547,
              -32.76283814990711
            ],
            [
              -71.20498155018629,
              -32.76283814990711
            ],
            [
              -71.20498155018629,
              -32.76283716112028
            ],
            [
              -71.2049827028271,
              -32.76283716112028
            ],
            [
              -71.2049827028271,
              -32.76283518354663
            ],
            [
              -71.20498385546792,
              -32.76283518354663
            ],
            [
              -71.20498385546792,
              -32.7628341947598
            ],
            [
              -71.20498500810872,
              -32.7628341947598
            ],
            [
              -71.20498500810872,
              -32.76283320597297
            ],
            [
              -71.20498616074953,
              -32.76283320597297
            ],
            [
              -71.20498616074953,
              -32.762831228399314
            ],
            [
              -71.20498731339035,
              -32.762831228399314
            ],
            [
              -71.20498731339035,
              -32.762830239612484
            ],
            [
              -71.20498846603115,
              -32.762830239612484
            ],
            [
              -71.20498846603115,
              -32.76282925082566
            ],
            [
              -71.20498961867197,
              -32.76282925082566
            ],
            [
              -71.20498961867197,
              -32.762827273252
            ],
            [
              -71.20499077131278,
              -32.762827273252
            ],
            [
              -71.20499077131278,
              -32.76282628446518
            ],
            [
              -71.2049919239536,
              -32.76282628446518
            ],
            [
              -71.2049919239536,
              -32.76282430689152
            ],
            [
              -71.2049930765944,
              -32.76282430689152
            ],
            [
              -71.2049930765944,
              -32.76282331810469
            ],
            [
              -71.20499422923523,
              -32.76282331810469
            ],
            [
              -71.20499422923523,
              -32.76282232931786
            ],
            [
              -71.20499538187603,
              -32.76282232931786
            ],
            [
              -71.20499538187603,
              -32.7628203517442
            ],
            [
              -71.20499653451685,
              -32.7628203517442
            ],
            [
              -71.20499653451685,
              -32.76281936295738
            ],
            [
              -71.20499768715766,
              -32.76281936295738
            ],
            [
              -71.20499768715766,
              -32.76281837417055
            ],
            [
              -71.20499883979846,
              -32.76281837417055
            ],
            [
              -71.20499883979846,
              -32.7628163965969
            ],
            [
              -71.20499999243928,
              -32.7628163965969
            ],
            [
              -71.20499999243928,
              -32.762815407810066
            ],
            [
              -71.20500114508009,
              -32.762815407810066
            ],
            [
              -71.20500114508009,
              -32.76281343023641
            ],
            [
              -71.20500229772091,
              -32.76281343023641
            ],
            [
              -71.20500229772091,
              -32.76281244144958
            ],
            [
              -71.20500345036172,
              -32.76281244144958
            ],
            [
              -71.20500345036172,
              -32.76281145266275
            ],
            [
              -71.20500460300254,
              -32.76281145266275
            ],
            [
              -71.20500460300254,
              -32.7628094750891
            ],
            [
              -71.20500575564334,
              -32.7628094750891
            ],
            [
              -71.20500575564334,
              -32.76280848630227
            ],
            [
              -71.20500690828416,
              -32.76280848630227
            ],
            [
              -71.20500690828416,
              -32.76280749751544
            ],
            [
              -71.20500806092497,
              -32.76280749751544
            ],
            [
              -71.20500806092497,
              -32.762805519941786
            ],
            [
              -71.20500921356579,
              -32.762805519941786
            ],
            [
              -71.20500921356579,
              -32.762804531154956
            ],
            [
              -71.2050103662066,
              -32.762804531154956
            ],
            [
              -71.2050103662066,
              -32.7628025535813
            ],
            [
              -71.2050115188474,
              -32.7628025535813
            ],
            [
              -71.2050115188474,
              -32.76280156479447
            ],
            [
              -71.20501267148822,
              -32.76280156479447
            ],
            [
              -71.20501267148822,
              -32.76280057600765
            ],
            [
              -71.20501382412903,
              -32.76280057600765
            ],
            [
              -71.20501382412903,
              -32.76279859843399
            ],
            [
              -71.20501497676985,
              -32.76279859843399
            ],
            [
              -71.20501497676985,
              -32.762797609647166
            ],
            [
              -71.20501612941065,
              -32.762797609647166
            ],
            [
              -71.20501612941065,
              -32.762796620860335
            ],
            [
              -71.20501728205147,
              -32.762796620860335
            ],
            [
              -71.20501728205147,
              -32.76279464328668
            ],
            [
              -71.20501843469228,
              -32.76279464328668
            ],
            [
              -71.20501843469228,
              -32.76279365449985
            ],
            [
              -71.2050195873331,
              -32.76279365449985
            ],
            [
              -71.2050195873331,
              -32.76279167692619
            ],
            [
              -71.2050207399739,
              -32.76279167692619
            ],
            [
              -71.2050207399739,
              -32.76279068813937
            ],
            [
              -71.20502189261471,
              -32.76279068813937
            ],
            [
              -71.20502189261471,
              -32.76278969935254
            ],
            [
              -71.20502304525553,
              -32.76278969935254
            ],
            [
              -71.20502304525553,
              -32.762787721778885
            ],
            [
              -71.20502419789634,
              -32.762787721778885
            ],
            [
              -71.20502419789634,
              -32.762786732992055
            ],
            [
              -71.20502535053716,
              -32.762786732992055
            ],
            [
              -71.20502535053716,
              -32.762785744205225
            ],
            [
              -71.20502650317796,
              -32.762785744205225
            ],
            [
              -71.20502650317796,
              -32.76278376663157
            ],
            [
              -71.20502765581878,
              -32.76278376663157
            ],
            [
              -71.20502765581878,
              -32.76278277784474
            ],
            [
              -71.20502880845959,
              -32.76278277784474
            ],
            [
              -71.20502880845959,
              -32.76278080027109
            ],
            [
              -71.20502996110041,
              -32.76278080027109
            ],
            [
              -71.20502996110041,
              -32.76277981148426
            ],
            [
              -71.20503111374121,
              -32.76277981148426
            ],
            [
              -71.20503111374121,
              -32.762778822697435
            ],
            [
              -71.20503226638203,
              -32.762778822697435
            ],
            [
              -71.20503226638203,
              -32.762776845123774
            ],
            [
              -71.20503341902284,
              -32.762776845123774
            ],
            [
              -71.20503341902284,
              -32.762775856336944
            ],
            [
              -71.20503457166365,
              -32.762775856336944
            ],
            [
              -71.20503457166365,
              -32.76277486755012
            ],
            [
              -71.20503572430447,
              -32.76277486755012
            ],
            [
              -71.20503572430447,
              -32.76277288997646
            ],
            [
              -71.20503687694527,
              -32.76277288997646
            ],
            [
              -71.20503687694527,
              -32.76277190118964
            ],
            [
              -71.20503802958609,
              -32.76277190118964
            ],
            [
              -71.20503802958609,
              -32.76276992361598
            ],
            [
              -71.2050391822269,
              -32.76276992361598
            ],
            [
              -71.2050391822269,
              -32.762768934829154
            ],
            [
              -71.20504033486772,
              -32.762768934829154
            ],
            [
              -71.20504033486772,
              -32.762767946042324
            ],
            [
              -71.20504148750852,
              -32.762767946042324
            ],
            [
              -71.20504148750852,
              -32.76276596846867
            ],
            [
              -71.20504264014934,
              -32.76276596846867
            ],
            [
              -71.20504264014934,
              -32.76276497968184
            ],
            [
              -71.20504379279015,
              -32.76276497968184
            ],
            [
              -71.20504379279015,
              -32.76276399089501
            ],
            [
              -71.20504494543097,
              -32.76276399089501
            ],
            [
              -71.20504494543097,
              -32.76276201332136
            ],
            [
              -71.20504609807178,
              -32.76276201332136
            ],
            [
              -71.20504609807178,
              -32.76276102453453
            ],
            [
              -71.20504725071258,
              -32.76276102453453
            ],
            [
              -71.20504725071258,
              -32.76275904696087
            ],
            [
              -71.2050484033534,
              -32.76275904696087
            ],
            [
              -71.2050484033534,
              -32.76275805817404
            ],
            [
              -71.20504955599421,
              -32.76275805817404
            ],
            [
              -71.20504955599421,
              -32.76275706938721
            ],
            [
              -71.20505070863503,
              -32.76275706938721
            ],
            [
              -71.20505070863503,
              -32.76275509181356
            ],
            [
              -71.20505186127583,
              -32.76275509181356
            ],
            [
              -71.20505186127583,
              -32.76275410302673
            ],
            [
              -71.20505301391665,
              -32.76275410302673
            ],
            [
              -71.20505301391665,
              -32.762753114239906
            ],
            [
              -71.20505416655746,
              -32.762753114239906
            ],
            [
              -71.20505416655746,
              -32.762751136666246
            ],
            [
              -71.20505531919828,
              -32.762751136666246
            ],
            [
              -71.20505531919828,
              -32.76275014787942
            ],
            [
              -71.20505647183909,
              -32.76275014787942
            ],
            [
              -71.20505647183909,
              -32.76274817030576
            ],
            [
              -71.2050576244799,
              -32.76274817030576
            ],
            [
              -71.2050576244799,
              -32.76274718151894
            ],
            [
              -71.20505877712071,
              -32.76274718151894
            ],
            [
              -71.20505877712071,
              -32.76274619273211
            ],
            [
              -71.20505992976152,
              -32.76274619273211
            ],
            [
              -71.20505992976152,
              -32.76274421515845
            ],
            [
              -71.20506108240234,
              -32.76274421515845
            ],
            [
              -71.20506108240234,
              -32.762743226371626
            ],
            [
              -71.20506223504314,
              -32.762743226371626
            ],
            [
              -71.20506223504314,
              -32.762742237584796
            ],
            [
              -71.20506338768396,
              -32.762742237584796
            ],
            [
              -71.20506338768396,
              -32.76274026001114
            ],
            [
              -71.20506454032477,
              -32.76274026001114
            ],
            [
              -71.20506454032477,
              -32.76273927122431
            ],
            [
              -71.20506569296559,
              -32.76273927122431
            ],
            [
              -71.20506569296559,
              -32.76273729365066
            ],
            [
              -71.2050668456064,
              -32.76273729365066
            ],
            [
              -71.2050668456064,
              -32.76273630486383
            ],
            [
              -71.20506799824722,
              -32.76273630486383
            ],
            [
              -71.20506799824722,
              -32.762735316077
            ],
            [
              -71.20506915088802,
              -32.762735316077
            ],
            [
              -71.20506915088802,
              -32.762733338503345
            ],
            [
              -71.20507030352884,
              -32.762733338503345
            ],
            [
              -71.20507030352884,
              -32.762732349716515
            ],
            [
              -71.20507145616965,
              -32.762732349716515
            ],
            [
              -71.20507145616965,
              -32.76273136092969
            ],
            [
              -71.20507260881045,
              -32.76273136092969
            ],
            [
              -71.20507260881045,
              -32.76272938335603
            ],
            [
              -71.20507376145127,
              -32.76272938335603
            ],
            [
              -71.20507376145127,
              -32.7627283945692
            ],
            [
              -71.20507491409208,
              -32.7627283945692
            ],
            [
              -71.20507491409208,
              -32.76272641699555
            ],
            [
              -71.2050760667329,
              -32.76272641699555
            ],
            [
              -71.2050760667329,
              -32.76272542820872
            ],
            [
              -71.2050772193737,
              -32.76272542820872
            ],
            [
              -71.2050772193737,
              -32.762724439421895
            ],
            [
              -71.20507837201453,
              -32.762724439421895
            ],
            [
              -71.20507837201453,
              -32.762722461848234
            ],
            [
              -71.20507952465533,
              -32.762722461848234
            ],
            [
              -71.20507952465533,
              -32.76272147306141
            ],
            [
              -71.20508067729615,
              -32.76272147306141
            ],
            [
              -71.20508067729615,
              -32.76272048427458
            ],
            [
              -71.20508182993696,
              -32.76272048427458
            ],
            [
              -71.20508182993696,
              -32.76271850670093
            ],
            [
              -71.20508298257776,
              -32.76271850670093
            ],
            [
              -71.20508298257776,
              -32.7627175179141
            ],
            [
              -71.20508413521858,
              -32.7627175179141
            ],
            [
              -71.20508413521858,
              -32.762715540340444
            ],
            [
              -71.20508528785939,
              -32.762715540340444
            ],
            [
              -71.20508528785939,
              -32.762714551553614
            ],
            [
              -71.20508644050021,
              -32.762714551553614
            ],
            [
              -71.20508644050021,
              -32.762713562766784
            ],
            [
              -71.20508759314102,
              -32.762713562766784
            ],
            [
              -71.20508759314102,
              -32.76271158519313
            ],
            [
              -71.20508874578184,
              -32.76271158519313
            ],
            [
              -71.20508874578184,
              -32.7627105964063
            ],
            [
              -71.20508989842264,
              -32.7627105964063
            ],
            [
              -71.20508989842264,
              -32.76270960761947
            ],
            [
              -71.20509105106346,
              -32.76270960761947
            ],
            [
              -71.20509105106346,
              -32.76270763004582
            ],
            [
              -71.20509220370427,
              -32.76270763004582
            ],
            [
              -71.20509220370427,
              -32.76270664125899
            ],
            [
              -71.20509335634509,
              -32.76270664125899
            ],
            [
              -71.20509335634509,
              -32.762704663685334
            ],
            [
              -71.2050945089859,
              -32.762704663685334
            ],
            [
              -71.2050945089859,
              -32.7627036748985
            ],
            [
              -71.2050956616267,
              -32.7627036748985
            ],
            [
              -71.2050956616267,
              -32.76270268611168
            ],
            [
              -71.20509681426752,
              -32.76270268611168
            ],
            [
              -71.20509681426752,
              -32.76270070853802
            ],
            [
              -71.20509796690833,
              -32.76270070853802
            ],
            [
              -71.20509796690833,
              -32.7626997197512
            ],
            [
              -71.20509911954915,
              -32.7626997197512
            ],
            [
              -71.20509911954915,
              -32.76269873096437
            ],
            [
              -71.20510027218995,
              -32.76269873096437
            ],
            [
              -71.20510027218995,
              -32.762696753390706
            ],
            [
              -71.20510142483077,
              -32.762696753390706
            ],
            [
              -71.20510142483077,
              -32.76269576460388
            ],
            [
              -71.20510257747158,
              -32.76269576460388
            ],
            [
              -71.20510257747158,
              -32.76269378703022
            ],
            [
              -71.2051037301124,
              -32.76269378703022
            ],
            [
              -71.2051037301124,
              -32.7626927982434
            ],
            [
              -71.2051048827532,
              -32.7626927982434
            ],
            [
              -71.2051048827532,
              -32.76269180945657
            ],
            [
              -71.20510603539402,
              -32.76269180945657
            ],
            [
              -71.20510603539402,
              -32.762689831882916
            ],
            [
              -71.20510718803483,
              -32.762689831882916
            ],
            [
              -71.20510718803483,
              -32.762688843096086
            ],
            [
              -71.20510834067564,
              -32.762688843096086
            ],
            [
              -71.20510834067564,
              -32.762687854309256
            ],
            [
              -71.20510949331646,
              -32.762687854309256
            ],
            [
              -71.20510949331646,
              -32.7626858767356
            ],
            [
              -71.20511064595726,
              -32.7626858767356
            ],
            [
              -71.20511064595726,
              -32.76268488794877
            ],
            [
              -71.20511179859808,
              -32.76268488794877
            ],
            [
              -71.20511179859808,
              -32.76268389916195
            ],
            [
              -71.20511295123889,
              -32.76268389916195
            ],
            [
              -71.20511295123889,
              -32.76268192158829
            ],
            [
              -71.20511410387971,
              -32.76268192158829
            ],
            [
              -71.20511410387971,
              -32.762680932801466
            ],
            [
              -71.20511525652051,
              -32.762680932801466
            ],
            [
              -71.20511525652051,
              -32.762678955227805
            ],
            [
              -71.20511640916133,
              -32.762678955227805
            ],
            [
              -71.20511640916133,
              -32.762677966440975
            ],
            [
              -71.20511756180214,
              -32.762677966440975
            ],
            [
              -71.20511756180214,
              -32.76267697765415
            ],
            [
              -71.20511871444296,
              -32.76267697765415
            ],
            [
              -71.20511871444296,
              -32.76267500008049
            ],
            [
              -71.20511986708377,
              -32.76267500008049
            ],
            [
              -71.20511986708377,
              -32.76267401129367
            ],
            [
              -71.20512101972457,
              -32.76267401129367
            ],
            [
              -71.20512101972457,
              -32.76267302250684
            ],
            [
              -71.20512217236539,
              -32.76267302250684
            ],
            [
              -71.20512217236539,
              -32.762671044933185
            ],
            [
              -71.2051233250062,
              -32.762671044933185
            ],
            [
              -71.2051233250062,
              -32.762670056146355
            ],
            [
              -71.20512447764702,
              -32.762670056146355
            ],
            [
              -71.20512447764702,
              -32.7626680785727
            ],
            [
              -71.20512563028782,
              -32.7626680785727
            ],
            [
              -71.20512563028782,
              -32.76266708978587
            ],
            [
              -71.20512678292864,
              -32.76266708978587
            ],
            [
              -71.20512678292864,
              -32.76266610099904
            ],
            [
              -71.20512793556945,
              -32.76266610099904
            ],
            [
              -71.20512793556945,
              -32.76266412342539
            ],
            [
              -71.20512908821027,
              -32.76266412342539
            ],
            [
              -71.20512908821027,
              -32.76266313463856
            ],
            [
              -71.20513024085108,
              -32.76266313463856
            ],
            [
              -71.20513024085108,
              -32.76266214585173
            ],
            [
              -71.20513139349188,
              -32.76266214585173
            ],
            [
              -71.20513139349188,
              -32.762660168278074
            ],
            [
              -71.2051325461327,
              -32.762660168278074
            ],
            [
              -71.2051325461327,
              -32.762659179491244
            ],
            [
              -71.20513369877351,
              -32.762659179491244
            ],
            [
              -71.20513369877351,
              -32.76265720191759
            ],
            [
              -71.20513485141433,
              -32.76265720191759
            ],
            [
              -71.20513485141433,
              -32.76265621313076
            ],
            [
              -71.20513600405513,
              -32.76265621313076
            ],
            [
              -71.20513600405513,
              -32.76265522434394
            ],
            [
              -71.20513715669595,
              -32.76265522434394
            ],
            [
              -71.20513715669595,
              -32.76265324677028
            ],
            [
              -71.20513830933676,
              -32.76265324677028
            ],
            [
              -71.20513830933676,
              -32.762652257983454
            ],
            [
              -71.20513946197758,
              -32.762652257983454
            ],
            [
              -71.20513946197758,
              -32.762651269196624
            ],
            [
              -71.20514061461839,
              -32.762651269196624
            ],
            [
              -71.20514061461839,
              -32.76264929162297
            ],
            [
              -71.2051417672592,
              -32.76264929162297
            ],
            [
              -71.2051417672592,
              -32.76264830283614
            ],
            [
              -71.20514291990001,
              -32.76264830283614
            ],
            [
              -71.20514291990001,
              -32.76264632526248
            ],
            [
              -71.20514407254082,
              -32.76264632526248
            ],
            [
              -71.20514407254082,
              -32.76264533647566
            ],
            [
              -71.20514522518164,
              -32.76264533647566
            ],
            [
              -71.20514522518164,
              -32.76264434768883
            ],
            [
              -71.20514637782244,
              -32.76264434768883
            ],
            [
              -71.20514637782244,
              -32.762642370115174
            ],
            [
              -71.20514753046326,
              -32.762642370115174
            ],
            [
              -71.20514753046326,
              -32.76264138132834
            ],
            [
              -71.20514868310407,
              -32.76264138132834
            ],
            [
              -71.20514868310407,
              -32.76264039254151
            ],
            [
              -71.20514983574489,
              -32.76264039254151
            ],
            [
              -71.20514983574489,
              -32.76263841496786
            ],
            [
              -71.2051509883857,
              -32.76263841496786
            ],
            [
              -71.2051509883857,
              -32.76263742618103
            ],
            [
              -71.20515214102652,
              -32.76263742618103
            ],
            [
              -71.20515214102652,
              -32.76263544860738
            ],
            [
              -71.20515329366732,
              -32.76263544860738
            ],
            [
              -71.20515329366732,
              -32.762634459820546
            ],
            [
              -71.20515444630814,
              -32.762634459820546
            ],
            [
              -71.20515444630814,
              -32.76263347103372
            ],
            [
              -71.20515559894895,
              -32.76263347103372
            ],
            [
              -71.20515559894895,
              -32.76263149346006
            ],
            [
              -71.20515675158975,
              -32.76263149346006
            ],
            [
              -71.20515675158975,
              -32.76263050467323
            ],
            [
              -71.20515790423057,
              -32.76263050467323
            ],
            [
              -71.20515790423057,
              -32.76262951588641
            ],
            [
              -71.20515905687138,
              -32.76262951588641
            ],
            [
              -71.20515905687138,
              -32.76262753831275
            ],
            [
              -71.2051602095122,
              -32.76262753831275
            ],
            [
              -71.2051602095122,
              -32.762626549525926
            ],
            [
              -71.205161362153,
              -32.762626549525926
            ],
            [
              -71.205161362153,
              -32.762624571952266
            ],
            [
              -71.20516251479383,
              -32.762624571952266
            ],
            [
              -71.20516251479383,
              -32.76262358316544
            ],
            [
              -71.20516366743463,
              -32.76262358316544
            ],
            [
              -71.20516366743463,
              -32.76262259437861
            ],
            [
              -71.20516482007545,
              -32.76262259437861
            ],
            [
              -71.20516482007545,
              -32.76262061680496
            ],
            [
              -71.20516597271626,
              -32.76262061680496
            ],
            [
              -71.20516597271626,
              -32.76261962801813
            ],
            [
              -71.20516712535708,
              -32.76261962801813
            ],
            [
              -71.20516712535708,
              -32.7626186392313
            ],
            [
              -71.20516827799788,
              -32.7626186392313
            ],
            [
              -71.20516827799788,
              -32.762616661657646
            ],
            [
              -71.20516943063869,
              -32.762616661657646
            ],
            [
              -71.20516943063869,
              -32.762615672870815
            ],
            [
              -71.20517058327951,
              -32.762615672870815
            ],
            [
              -71.20517058327951,
              -32.76261369529716
            ],
            [
              -71.20517173592032,
              -32.76261369529716
            ],
            [
              -71.20517173592032,
              -32.76261270651033
            ],
            [
              -71.20517288856114,
              -32.76261270651033
            ],
            [
              -71.20517288856114,
              -32.7626117177235
            ],
            [
              -71.20517404120194,
              -32.7626117177235
            ],
            [
              -71.20517404120194,
              -32.76260974014985
            ],
            [
              -71.20517519384276,
              -32.76260974014985
            ],
            [
              -71.20517519384276,
              -32.76260875136302
            ],
            [
              -71.20517634648357,
              -32.76260875136302
            ],
            [
              -71.20517634648357,
              -32.762607762576195
            ],
            [
              -71.20517749912439,
              -32.762607762576195
            ],
            [
              -71.20517749912439,
              -32.762605785002535
            ],
            [
              -71.2051786517652,
              -32.762605785002535
            ],
            [
              -71.2051786517652,
              -32.76260479621571
            ],
            [
              -71.205179804406,
              -32.76260479621571
            ],
            [
              -71.205179804406,
              -32.76260281864205
            ],
            [
              -71.20518095704682,
              -32.76260281864205
            ],
            [
              -71.20518095704682,
              -32.76260182985523
            ],
            [
              -71.20518210968763,
              -32.76260182985523
            ],
            [
              -71.20518210968763,
              -32.7626008410684
            ],
            [
              -71.20518326232845,
              -32.7626008410684
            ],
            [
              -71.20518326232845,
              -32.76259886349474
            ],
            [
              -71.20518441496925,
              -32.76259886349474
            ],
            [
              -71.20518441496925,
              -32.762597874707915
            ],
            [
              -71.20518556761007,
              -32.762597874707915
            ],
            [
              -71.20518556761007,
              -32.762596885921084
            ],
            [
              -71.20518672025088,
              -32.762596885921084
            ],
            [
              -71.20518672025088,
              -32.76259490834743
            ],
            [
              -71.2051878728917,
              -32.76259490834743
            ],
            [
              -71.2051878728917,
              -32.7625939195606
            ],
            [
              -71.2051890255325,
              -32.7625939195606
            ],
            [
              -71.2051890255325,
              -32.76259194198695
            ],
            [
              -71.20519017817332,
              -32.76259194198695
            ],
            [
              -71.20519017817332,
              -32.76259095320012
            ],
            [
              -71.20519133081413,
              -32.76259095320012
            ],
            [
              -71.20519133081413,
              -32.76258996441329
            ],
            [
              -71.20519248345494,
              -32.76258996441329
            ],
            [
              -71.20519248345494,
              -32.762587986839634
            ],
            [
              -71.20519363609576,
              -32.762587986839634
            ],
            [
              -71.20519363609576,
              -32.762586998052804
            ],
            [
              -71.20519478873656,
              -32.762586998052804
            ],
            [
              -71.20519478873656,
              -32.76258600926598
            ],
            [
              -71.20519594137738,
              -32.76258600926598
            ],
            [
              -71.20519594137738,
              -32.76258403169232
            ],
            [
              -71.20519709401819,
              -32.76258403169232
            ],
            [
              -71.20519709401819,
              -32.76258304290549
            ],
            [
              -71.20519824665901,
              -32.76258304290549
            ],
            [
              -71.20519824665901,
              -32.76258106533184
            ],
            [
              -71.20519939929981,
              -32.76258106533184
            ],
            [
              -71.20519939929981,
              -32.76258007654501
            ],
            [
              -71.20520055194064,
              -32.76258007654501
            ],
            [
              -71.20520055194064,
              -32.76257908775818
            ],
            [
              -71.20520170458144,
              -32.76257908775818
            ],
            [
              -71.20520170458144,
              -32.76257711018452
            ],
            [
              -71.20520285722226,
              -32.76257711018452
            ],
            [
              -71.20520285722226,
              -32.7625761213977
            ],
            [
              -71.20520400986307,
              -32.7625761213977
            ],
            [
              -71.20520400986307,
              -32.76257513261087
            ],
            [
              -71.20520516250387,
              -32.76257513261087
            ],
            [
              -71.20520516250387,
              -32.76257315503722
            ],
            [
              -71.2052063151447,
              -32.76257315503722
            ],
            [
              -71.2052063151447,
              -32.762572166250386
            ],
            [
              -71.2052074677855,
              -32.762572166250386
            ],
            [
              -71.2052074677855,
              -32.76257018867673
            ],
            [
              -71.20520862042632,
              -32.76257018867673
            ],
            [
              -71.20520862042632,
              -32.7625691998899
            ],
            [
              -71.20520977306712,
              -32.7625691998899
            ],
            [
              -71.20520977306712,
              -32.76256821110307
            ],
            [
              -71.20521092570795,
              -32.76256821110307
            ],
            [
              -71.20521092570795,
              -32.76256623352942
            ],
            [
              -71.20521207834875,
              -32.76256623352942
            ],
            [
              -71.20521207834875,
              -32.76256524474259
            ],
            [
              -71.20521323098957,
              -32.76256524474259
            ],
            [
              -71.20521323098957,
              -32.76256425595576
            ],
            [
              -71.20521438363038,
              -32.76256425595576
            ],
            [
              -71.20521438363038,
              -32.762562278382106
            ],
            [
              -71.2052155362712,
              -32.762562278382106
            ],
            [
              -71.2052155362712,
              -32.762561289595276
            ],
            [
              -71.205216688912,
              -32.762561289595276
            ],
            [
              -71.205216688912,
              -32.76255931202162
            ],
            [
              -71.20521784155281,
              -32.76255931202162
            ],
            [
              -71.20521784155281,
              -32.76255832323479
            ],
            [
              -71.20521899419363,
              -32.76255832323479
            ],
            [
              -71.20521899419363,
              -32.76255733444797
            ],
            [
              -71.20522014683444,
              -32.76255733444797
            ],
            [
              -71.20522014683444,
              -32.76255535687431
            ],
            [
              -71.20522129947526,
              -32.76255535687431
            ],
            [
              -71.20522129947526,
              -32.762554368087486
            ],
            [
              -71.20522245211606,
              -32.762554368087486
            ],
            [
              -71.20522245211606,
              -32.762553379300655
            ],
            [
              -71.20522360475688,
              -32.762553379300655
            ],
            [
              -71.20522360475688,
              -32.762551401726995
            ],
            [
              -71.20522475739769,
              -32.762551401726995
            ],
            [
              -71.20522475739769,
              -32.76255041294017
            ],
            [
              -71.20522591003851,
              -32.76255041294017
            ],
            [
              -71.20522591003851,
              -32.76254843536651
            ],
            [
              -71.20522706267931,
              -32.76254843536651
            ],
            [
              -71.20522706267931,
              -32.76254744657969
            ],
            [
              -71.20522821532013,
              -32.76254744657969
            ],
            [
              -71.20522821532013,
              -32.76254645779286
            ],
            [
              -71.20522936796094,
              -32.76254645779286
            ],
            [
              -71.20522936796094,
              -32.762544480219205
            ],
            [
              -71.20523052060175,
              -32.762544480219205
            ],
            [
              -71.20523052060175,
              -32.762543491432375
            ],
            [
              -71.20523167324257,
              -32.762543491432375
            ],
            [
              -71.20523167324257,
              -32.762542502645545
            ],
            [
              -71.20523282588337,
              -32.762542502645545
            ],
            [
              -71.20523282588337,
              -32.76254052507189
            ],
            [
              -71.20523397852419,
              -32.76254052507189
            ],
            [
              -71.20523397852419,
              -32.76253953628506
            ],
            [
              -71.205235131165,
              -32.76253953628506
            ],
            [
              -71.205235131165,
              -32.76253755871141
            ],
            [
              -71.20523628380582,
              -32.76253755871141
            ],
            [
              -71.20523628380582,
              -32.76253656992458
            ],
            [
              -71.20523743644662,
              -32.76253656992458
            ],
            [
              -71.20523743644662,
              -32.76253558113775
            ],
            [
              -71.20523858908744,
              -32.76253558113775
            ],
            [
              -71.20523858908744,
              -32.762533603564094
            ],
            [
              -71.20523974172825,
              -32.762533603564094
            ],
            [
              -71.20523974172825,
              -32.762532614777264
            ],
            [
              -71.20524089436906,
              -32.762532614777264
            ],
            [
              -71.20524089436906,
              -32.76253162599044
            ],
            [
              -71.20524204700988,
              -32.76253162599044
            ],
            [
              -71.20524204700988,
              -32.76252964841678
            ],
            [
              -71.20524319965068,
              -32.76252964841678
            ],
            [
              -71.20524319965068,
              -32.76252865962996
            ],
            [
              -71.2052443522915,
              -32.76252865962996
            ],
            [
              -71.2052443522915,
              -32.7625266820563
            ],
            [
              -71.20524550493231,
              -32.7625266820563
            ],
            [
              -71.20524550493231,
              -32.762525693269474
            ],
            [
              -71.20524665757313,
              -32.762525693269474
            ],
            [
              -71.20524665757313,
              -32.762524704482644
            ],
            [
              -71.20524781021393,
              -32.762524704482644
            ],
            [
              -71.20524781021393,
              -32.76252272690899
            ],
            [
              -71.20524896285475,
              -32.76252272690899
            ],
            [
              -71.20524896285475,
              -32.76252173812216
            ],
            [
              -71.20525011549556,
              -32.76252173812216
            ],
            [
              -71.20525011549556,
              -32.76252074933533
            ],
            [
              -71.20525126813638,
              -32.76252074933533
            ],
            [
              -71.20525126813638,
              -32.76251877176168
            ],
            [
              -71.20525242077719,
              -32.76251877176168
            ],
            [
              -71.20525242077719,
              -32.76251778297485
            ],
            [
              -71.20525357341799,
              -32.76251778297485
            ],
            [
              -71.20525357341799,
              -32.76251580540119
            ],
            [
              -71.20525472605881,
              -32.76251580540119
            ],
            [
              -71.20525472605881,
              -32.76251481661436
            ],
            [
              -71.20525587869962,
              -32.76251481661436
            ],
            [
              -71.20525587869962,
              -32.76251382782753
            ],
            [
              -71.20525703134044,
              -32.76251382782753
            ],
            [
              -71.20525703134044,
              -32.76251185025388
            ],
            [
              -71.20525818398124,
              -32.76251185025388
            ],
            [
              -71.20525818398124,
              -32.76251086146705
            ],
            [
              -71.20525933662206,
              -32.76251086146705
            ],
            [
              -71.20525933662206,
              -32.762509872680226
            ],
            [
              -71.20526048926287,
              -32.762509872680226
            ],
            [
              -71.20526048926287,
              -32.762507895106566
            ],
            [
              -71.20526164190369,
              -32.762507895106566
            ],
            [
              -71.20526164190369,
              -32.76250690631974
            ],
            [
              -71.2052627945445,
              -32.76250690631974
            ],
            [
              -71.2052627945445,
              -32.76250492874608
            ],
            [
              -71.20526394718532,
              -32.76250492874608
            ],
            [
              -71.20526394718532,
              -32.76250393995925
            ],
            [
              -71.20526509982612,
              -32.76250393995925
            ],
            [
              -71.20526509982612,
              -32.76250295117243
            ],
            [
              -71.20526625246693,
              -32.76250295117243
            ],
            [
              -71.20526625246693,
              -32.76250097359877
            ],
            [
              -71.20526740510775,
              -32.76250097359877
            ],
            [
              -71.20526740510775,
              -32.762499984811946
            ],
            [
              -71.20526855774855,
              -32.762499984811946
            ],
            [
              -71.20526855774855,
              -32.762498996025116
            ],
            [
              -71.20526971038937,
              -32.762498996025116
            ],
            [
              -71.20526971038937,
              -32.76249701845146
            ],
            [
              -71.20527086303018,
              -32.76249701845146
            ],
            [
              -71.20527086303018,
              -32.76249602966463
            ],
            [
              -71.205272015671,
              -32.76249602966463
            ],
            [
              -71.205272015671,
              -32.76249405209098
            ],
            [
              -71.2052731683118,
              -32.76249405209098
            ],
            [
              -71.2052731683118,
              -32.76249306330415
            ],
            [
              -71.20527432095263,
              -32.76249306330415
            ],
            [
              -71.20527432095263,
              -32.76249207451732
            ],
            [
              -71.20527547359343,
              -32.76249207451732
            ],
            [
              -71.20527547359343,
              -32.762490096943665
            ],
            [
              -71.20527662623425,
              -32.762490096943665
            ],
            [
              -71.20527662623425,
              -32.762489108156835
            ],
            [
              -71.20527777887506,
              -32.762489108156835
            ],
            [
              -71.20527777887506,
              -32.762488119370005
            ],
            [
              -71.20527893151586,
              -32.762488119370005
            ],
            [
              -71.20527893151586,
              -32.76248614179635
            ],
            [
              -71.20528008415668,
              -32.76248614179635
            ],
            [
              -71.20528008415668,
              -32.76248515300952
            ],
            [
              -71.20528123679749,
              -32.76248515300952
            ],
            [
              -71.20528123679749,
              -32.76248317543587
            ],
            [
              -71.20528238943831,
              -32.76248317543587
            ],
            [
              -71.20528238943831,
              -32.76248218664904
            ],
            [
              -71.20528354207912,
              -32.76248218664904
            ],
            [
              -71.20528354207912,
              -32.762481197862215
            ],
            [
              -71.20528469471994,
              -32.762481197862215
            ],
            [
              -71.20528469471994,
              -32.762479220288554
            ],
            [
              -71.20528584736074,
              -32.762479220288554
            ],
            [
              -71.20528584736074,
              -32.76247823150173
            ],
            [
              -71.20528700000156,
              -32.76247823150173
            ],
            [
              -71.20528700000156,
              -32.7624772427149
            ],
            [
              -71.20528815264237,
              -32.7624772427149
            ],
            [
              -71.20528815264237,
              -32.76247526514125
            ],
            [
              -71.20528930528317,
              -32.76247526514125
            ],
            [
              -71.20528930528317,
              -32.76247427635442
            ],
            [
              -71.205290457924,
              -32.76247427635442
            ],
            [
              -71.205290457924,
              -32.76247229878076
            ],
            [
              -71.2052916105648,
              -32.76247229878076
            ],
            [
              -71.2052916105648,
              -32.762471309993934
            ],
            [
              -71.20529276320562,
              -32.762471309993934
            ],
            [
              -71.20529276320562,
              -32.762470321207104
            ],
            [
              -71.20529391584643,
              -32.762470321207104
            ],
            [
              -71.20529391584643,
              -32.76246834363345
            ],
            [
              -71.20529506848725,
              -32.76246834363345
            ],
            [
              -71.20529506848725,
              -32.76246735484662
            ],
            [
              -71.20529622112805,
              -32.76246735484662
            ],
            [
              -71.20529622112805,
              -32.76246636605979
            ],
            [
              -71.20529737376887,
              -32.76246636605979
            ],
            [
              -71.20529737376887,
              -32.76246438848614
            ],
            [
              -71.20529852640968,
              -32.76246438848614
            ],
            [
              -71.20529852640968,
              -32.76246339969931
            ],
            [
              -71.2052996790505,
              -32.76246339969931
            ],
            [
              -71.2052996790505,
              -32.762461422125654
            ],
            [
              -71.2053008316913,
              -32.762461422125654
            ],
            [
              -71.2053008316913,
              -32.76246043333882
            ],
            [
              -71.20530198433211,
              -32.76246043333882
            ],
            [
              -71.20530198433211,
              -32.762459444552
            ],
            [
              -71.20530313697293,
              -32.762459444552
            ],
            [
              -71.20530313697293,
              -32.76245746697834
            ],
            [
              -71.20530428961374,
              -32.76245746697834
            ],
            [
              -71.20530428961374,
              -32.76245647819151
            ],
            [
              -71.20530544225456,
              -32.76245647819151
            ],
            [
              -71.20530544225456,
              -32.76245548940469
            ],
            [
              -71.20530659489536,
              -32.76245548940469
            ],
            [
              -71.20530659489536,
              -32.762453511831026
            ],
            [
              -71.20530774753618,
              -32.762453511831026
            ],
            [
              -71.20530774753618,
              -32.7624525230442
            ],
            [
              -71.20530890017699,
              -32.7624525230442
            ],
            [
              -71.20530890017699,
              -32.76245054547054
            ],
            [
              -71.20531005281781,
              -32.76245054547054
            ],
            [
              -71.20531005281781,
              -32.76244955668372
            ],
            [
              -71.20531120545861,
              -32.76244955668372
            ],
            [
              -71.20531120545861,
              -32.76244856789689
            ],
            [
              -71.20531235809943,
              -32.76244856789689
            ],
            [
              -71.20531235809943,
              -32.762446590323236
            ],
            [
              -71.20531351074024,
              -32.762446590323236
            ],
            [
              -71.20531351074024,
              -32.762445601536406
            ],
            [
              -71.20531466338105,
              -32.762445601536406
            ],
            [
              -71.20531466338105,
              -32.762444612749576
            ],
            [
              -71.20531581602187,
              -32.762444612749576
            ],
            [
              -71.20531581602187,
              -32.76244263517592
            ],
            [
              -71.20531696866267,
              -32.76244263517592
            ],
            [
              -71.20531696866267,
              -32.76244164638909
            ],
            [
              -71.20531812130349,
              -32.76244164638909
            ],
            [
              -71.20531812130349,
              -32.76243966881544
            ],
            [
              -71.2053192739443,
              -32.76243966881544
            ],
            [
              -71.2053192739443,
              -32.76243868002861
            ],
            [
              -71.20532042658512,
              -32.76243868002861
            ],
            [
              -71.20532042658512,
              -32.76243769124178
            ],
            [
              -71.20532157922592,
              -32.76243769124178
            ],
            [
              -71.20532157922592,
              -32.762435713668125
            ],
            [
              -71.20532273186674,
              -32.762435713668125
            ],
            [
              -71.20532273186674,
              -32.762434724881295
            ],
            [
              -71.20532388450755,
              -32.762434724881295
            ],
            [
              -71.20532388450755,
              -32.76243373609447
            ],
            [
              -71.20532503714837,
              -32.76243373609447
            ],
            [
              -71.20532503714837,
              -32.76243175852081
            ],
            [
              -71.20532618978918,
              -32.76243175852081
            ],
            [
              -71.20532618978918,
              -32.76243076973399
            ],
            [
              -71.20532734242998,
              -32.76243076973399
            ],
            [
              -71.20532734242998,
              -32.76242879216033
            ],
            [
              -71.2053284950708,
              -32.76242879216033
            ],
            [
              -71.2053284950708,
              -32.762427803373505
            ],
            [
              -71.20532964771161,
              -32.762427803373505
            ],
            [
              -71.20532964771161,
              -32.762426814586675
            ],
            [
              -71.20533080035243,
              -32.762426814586675
            ],
            [
              -71.20533080035243,
              -32.762424837013015
            ],
            [
              -71.20533195299323,
              -32.762424837013015
            ],
            [
              -71.20533195299323,
              -32.76242384822619
            ],
            [
              -71.20533310563405,
              -32.76242384822619
            ],
            [
              -71.20533310563405,
              -32.76242285943936
            ],
            [
              -71.20533425827486,
              -32.76242285943936
            ],
            [
              -71.20533425827486,
              -32.76242088186571
            ],
            [
              -71.20533541091568,
              -32.76242088186571
            ],
            [
              -71.20533541091568,
              -32.76241989307888
            ],
            [
              -71.20533656355649,
              -32.76241989307888
            ],
            [
              -71.20533656355649,
              -32.762417915505225
            ],
            [
              -71.2053377161973,
              -32.762417915505225
            ],
            [
              -71.2053377161973,
              -32.762416926718394
            ],
            [
              -71.20533886883811,
              -32.762416926718394
            ],
            [
              -71.20533886883811,
              -32.762415937931564
            ],
            [
              -71.20534002147892,
              -32.762415937931564
            ],
            [
              -71.20534002147892,
              -32.76241396035791
            ],
            [
              -71.20534117411974,
              -32.76241396035791
            ],
            [
              -71.20534117411974,
              -32.76241297157108
            ],
            [
              -71.20534232676054,
              -32.76241297157108
            ],
            [
              -71.20534232676054,
              -32.76241198278426
            ],
            [
              -71.20534347940136,
              -32.76241198278426
            ],
            [
              -71.20534347940136,
              -32.7624100052106
            ],
            [
              -71.20534463204217,
              -32.7624100052106
            ],
            [
              -71.20534463204217,
              -32.76240901642377
            ],
            [
              -71.20534578468299,
              -32.76240901642377
            ],
            [
              -71.20534578468299,
              -32.762407038850114
            ],
            [
              -71.2053469373238,
              -32.762407038850114
            ],
            [
              -71.2053469373238,
              -32.762406050063284
            ],
            [
              -71.20534808996462,
              -32.762406050063284
            ],
            [
              -71.20534808996462,
              -32.76240506127646
            ],
            [
              -71.20534924260542,
              -32.76240506127646
            ],
            [
              -71.20534924260542,
              -32.7624030837028
            ],
            [
              -71.20535039524623,
              -32.7624030837028
            ],
            [
              -71.20535039524623,
              -32.76240209491598
            ],
            [
              -71.20535154788705,
              -32.76240209491598
            ],
            [
              -71.20535154788705,
              -32.76240110612915
            ],
            [
              -71.20535270052785,
              -32.76240110612915
            ],
            [
              -71.20535270052785,
              -32.762399128555494
            ],
            [
              -71.20535385316867,
              -32.762399128555494
            ],
            [
              -71.20535385316867,
              -32.76239813976866
            ],
            [
              -71.20535500580948,
              -32.76239813976866
            ],
            [
              -71.20535500580948,
              -32.76239616219501
            ],
            [
              -71.2053561584503,
              -32.76239616219501
            ],
            [
              -71.2053561584503,
              -32.76239517340818
            ],
            [
              -71.2053573110911,
              -32.76239517340818
            ],
            [
              -71.2053573110911,
              -32.76239418462135
            ],
            [
              -71.20535846373193,
              -32.76239418462135
            ],
            [
              -71.20535846373193,
              -32.7623922070477
            ],
            [
              -71.20535961637273,
              -32.7623922070477
            ],
            [
              -71.20535961637273,
              -32.762391218260866
            ],
            [
              -71.20536076901355,
              -32.762391218260866
            ],
            [
              -71.20536076901355,
              -32.762390229474036
            ],
            [
              -71.20536192165436,
              -32.762390229474036
            ],
            [
              -71.20536192165436,
              -32.76238825190038
            ],
            [
              -71.20536307429516,
              -32.76238825190038
            ],
            [
              -71.20536307429516,
              -32.76238726311355
            ],
            [
              -71.20536422693598,
              -32.76238726311355
            ],
            [
              -71.20536422693598,
              -32.7623852855399
            ],
            [
              -71.20536537957679,
              -32.7623852855399
            ],
            [
              -71.20536537957679,
              -32.76238429675307
            ],
            [
              -71.20536653221761,
              -32.76238429675307
            ],
            [
              -71.20536653221761,
              -32.762383307966246
            ],
            [
              -71.20536768485842,
              -32.762383307966246
            ],
            [
              -71.20536768485842,
              -32.762381330392586
            ],
            [
              -71.20536883749924,
              -32.762381330392586
            ],
            [
              -71.20536883749924,
              -32.76238034160576
            ],
            [
              -71.20536999014004,
              -32.76238034160576
            ],
            [
              -71.20536999014004,
              -32.76237935281893
            ],
            [
              -71.20537114278086,
              -32.76237935281893
            ],
            [
              -71.20537114278086,
              -32.76237737524527
            ],
            [
              -71.20537229542167,
              -32.76237737524527
            ],
            [
              -71.20537229542167,
              -32.76237638645845
            ],
            [
              -71.20537344806249,
              -32.76237638645845
            ],
            [
              -71.20537344806249,
              -32.76237440888479
            ],
            [
              -71.2053746007033,
              -32.76237440888479
            ],
            [
              -71.2053746007033,
              -32.762373420097965
            ],
            [
              -71.2053757533441,
              -32.762373420097965
            ],
            [
              -71.2053757533441,
              -32.762372431311135
            ],
            [
              -71.20537690598492,
              -32.762372431311135
            ],
            [
              -71.20537690598492,
              -32.76237045373748
            ],
            [
              -71.20537805862573,
              -32.76237045373748
            ],
            [
              -71.20537805862573,
              -32.76236946495065
            ],
            [
              -71.20537921126655,
              -32.76236946495065
            ],
            [
              -71.20537921126655,
              -32.76236847616382
            ],
            [
              -71.20538036390735,
              -32.76236847616382
            ],
            [
              -71.20538036390735,
              -32.76236649859017
            ],
            [
              -71.20538151654817,
              -32.76236649859017
            ],
            [
              -71.20538151654817,
              -32.76236550980334
            ],
            [
              -71.20538266918898,
              -32.76236550980334
            ],
            [
              -71.20538266918898,
              -32.762363532229685
            ],
            [
              -71.2053838218298,
              -32.762363532229685
            ],
            [
              -71.2053838218298,
              -32.762362543442855
            ],
            [
              -71.2053849744706,
              -32.762362543442855
            ],
            [
              -71.2053849744706,
              -32.762361554656025
            ],
            [
              -71.20538612711142,
              -32.762361554656025
            ],
            [
              -71.20538612711142,
              -32.76235957708237
            ],
            [
              -71.20538727975223,
              -32.76235957708237
            ],
            [
              -71.20538727975223,
              -32.76235858829554
            ],
            [
              -71.20538843239304,
              -32.76235858829554
            ],
            [
              -71.20538843239304,
              -32.76235759950872
            ],
            [
              -71.20538958503386,
              -32.76235759950872
            ],
            [
              -71.20538958503386,
              -32.76235562193506
            ],
            [
              -71.20539073767466,
              -32.76235562193506
            ],
            [
              -71.20539073767466,
              -32.762354633148234
            ],
            [
              -71.20539189031548,
              -32.762354633148234
            ],
            [
              -71.20539189031548,
              -32.762352655574574
            ],
            [
              -71.20539304295629,
              -32.762352655574574
            ],
            [
              -71.20539304295629,
              -32.76235166678775
            ],
            [
              -71.20539419559711,
              -32.76235166678775
            ],
            [
              -71.20539419559711,
              -32.76235067800092
            ],
            [
              -71.20539534823791,
              -32.76235067800092
            ],
            [
              -71.20539534823791,
              -32.76234870042727
            ],
            [
              -71.20539650087873,
              -32.76234870042727
            ],
            [
              -71.20539650087873,
              -32.76234771164044
            ],
            [
              -71.20539765351954,
              -32.76234771164044
            ],
            [
              -71.20539765351954,
              -32.76234672285361
            ],
            [
              -71.20539880616035,
              -32.76234672285361
            ],
            [
              -71.20539880616035,
              -32.762344745279954
            ],
            [
              -71.20539995880117,
              -32.762344745279954
            ],
            [
              -71.20539995880117,
              -32.762343756493124
            ],
            [
              -71.20540111144197,
              -32.762343756493124
            ],
            [
              -71.20540111144197,
              -32.76234177891947
            ],
            [
              -71.20540226408279,
              -32.76234177891947
            ],
            [
              -71.20540226408279,
              -32.76234079013264
            ],
            [
              -71.2054034167236,
              -32.76234079013264
            ],
            [
              -71.2054034167236,
              -32.76233980134581
            ],
            [
              -71.20540456936442,
              -32.76233980134581
            ],
            [
              -71.20540456936442,
              -32.76233782377216
            ],
            [
              -71.20540572200522,
              -32.76233782377216
            ],
            [
              -71.20540572200522,
              -32.76233683498533
            ],
            [
              -71.20540687464604,
              -32.76233683498533
            ],
            [
              -71.20540687464604,
              -32.7623358461985
            ],
            [
              -71.20540802728685,
              -32.7623358461985
            ],
            [
              -71.20540802728685,
              -32.76233386862484
            ],
            [
              -71.20540917992767,
              -32.76233386862484
            ],
            [
              -71.20540917992767,
              -32.76233287983802
            ],
            [
              -71.20541033256848,
              -32.76233287983802
            ],
            [
              -71.20541033256848,
              -32.76233090226436
            ],
            [
              -71.20541148520928,
              -32.76233090226436
            ],
            [
              -71.20541148520928,
              -32.76232991347753
            ],
            [
              -71.2054126378501,
              -32.76232991347753
            ],
            [
              -71.2054126378501,
              -32.762328924690706
            ],
            [
              -71.20541379049091,
              -32.762328924690706
            ],
            [
              -71.20541379049091,
              -32.762326947117046
            ],
            [
              -71.20541494313173,
              -32.762326947117046
            ],
            [
              -71.20541494313173,
              -32.76232595833022
            ],
            [
              -71.20541609577253,
              -32.76232595833022
            ],
            [
              -71.20541609577253,
              -32.76232496954339
            ],
            [
              -71.20541724841335,
              -32.76232496954339
            ],
            [
              -71.20541724841335,
              -32.76232299196974
            ],
            [
              -71.20541840105416,
              -32.76232299196974
            ],
            [
              -71.20541840105416,
              -32.76232200318291
            ],
            [
              -71.20541955369498,
              -32.76232200318291
            ],
            [
              -71.20541955369498,
              -32.762320025609256
            ],
            [
              -71.20542070633579,
              -32.762320025609256
            ],
            [
              -71.20542070633579,
              -32.762319036822426
            ],
            [
              -71.2054218589766,
              -32.762319036822426
            ],
            [
              -71.2054218589766,
              -32.762318048035596
            ],
            [
              -71.20542301161741,
              -32.762318048035596
            ],
            [
              -71.20542301161741,
              -32.76231607046194
            ],
            [
              -71.20542416425822,
              -32.76231607046194
            ],
            [
              -71.20542416425822,
              -32.76231508167511
            ],
            [
              -71.20542531689904,
              -32.76231508167511
            ],
            [
              -71.20542531689904,
              -32.76231409288828
            ],
            [
              -71.20542646953984,
              -32.76231409288828
            ],
            [
              -71.20542646953984,
              -32.76231211531463
            ],
            [
              -71.20542762218066,
              -32.76231211531463
            ],
            [
              -71.20542762218066,
              -32.7623111265278
            ],
            [
              -71.20542877482147,
              -32.7623111265278
            ],
            [
              -71.20542877482147,
              -32.762309148954145
            ],
            [
              -71.20542992746229,
              -32.762309148954145
            ],
            [
              -71.20542992746229,
              -32.762308160167315
            ],
            [
              -71.2054310801031,
              -32.762308160167315
            ],
            [
              -71.2054310801031,
              -32.76230717138049
            ],
            [
              -71.20543223274392,
              -32.76230717138049
            ],
            [
              -71.20543223274392,
              -32.76230519380683
            ],
            [
              -71.20543338538472,
              -32.76230519380683
            ],
            [
              -71.20543338538472,
              -32.76230420502001
            ],
            [
              -71.20543453802554,
              -32.76230420502001
            ],
            [
              -71.20543453802554,
              -32.76230321623318
            ],
            [
              -71.20543569066635,
              -32.76230321623318
            ],
            [
              -71.20543569066635,
              -32.762301238659525
            ],
            [
              -71.20543684330715,
              -32.762301238659525
            ],
            [
              -71.20543684330715,
              -32.762300249872695
            ],
            [
              -71.20543799594797,
              -32.762300249872695
            ],
            [
              -71.20543799594797,
              -32.762298272299034
            ],
            [
              -71.20543914858878,
              -32.762298272299034
            ],
            [
              -71.20543914858878,
              -32.76229728351221
            ],
            [
              -71.2054403012296,
              -32.76229728351221
            ],
            [
              -71.2054403012296,
              -32.76229629472538
            ],
            [
              -71.2054414538704,
              -32.76229629472538
            ],
            [
              -71.2054414538704,
              -32.76229431715173
            ],
            [
              -71.20544260651123,
              -32.76229431715173
            ],
            [
              -71.20544260651123,
              -32.7622933283649
            ],
            [
              -71.20544375915203,
              -32.7622933283649
            ],
            [
              -71.20544375915203,
              -32.76229233957807
            ],
            [
              -71.20544491179285,
              -32.76229233957807
            ],
            [
              -71.20544491179285,
              -32.762290362004414
            ],
            [
              -71.20544606443366,
              -32.762290362004414
            ],
            [
              -71.20544606443366,
              -32.762289373217584
            ],
            [
              -71.20544721707446,
              -32.762289373217584
            ],
            [
              -71.20544721707446,
              -32.76228739564393
            ],
            [
              -71.20544836971528,
              -32.76228739564393
            ],
            [
              -71.20544836971528,
              -32.7622864068571
            ],
            [
              -71.20544952235609,
              -32.7622864068571
            ],
            [
              -71.20544952235609,
              -32.76228541807028
            ],
            [
              -71.20545067499691,
              -32.76228541807028
            ],
            [
              -71.20545067499691,
              -32.76228344049662
            ],
            [
              -71.20545182763772,
              -32.76228344049662
            ],
            [
              -71.20545182763772,
              -32.76228245170979
            ],
            [
              -71.20545298027854,
              -32.76228245170979
            ],
            [
              -71.20545298027854,
              -32.762281462922964
            ],
            [
              -71.20545413291934,
              -32.762281462922964
            ],
            [
              -71.20545413291934,
              -32.7622794853493
            ],
            [
              -71.20545528556016,
              -32.7622794853493
            ],
            [
              -71.20545528556016,
              -32.76227849656248
            ],
            [
              -71.20545643820097,
              -32.76227849656248
            ],
            [
              -71.20545643820097,
              -32.76227651898882
            ],
            [
              -71.20545759084179,
              -32.76227651898882
            ],
            [
              -71.20545759084179,
              -32.762275530202
            ],
            [
              -71.2054587434826,
              -32.762275530202
            ],
            [
              -71.2054587434826,
              -32.76227454141517
            ],
            [
              -71.2054598961234,
              -32.76227454141517
            ],
            [
              -71.2054598961234,
              -32.76227256384151
            ],
            [
              -71.20546104876422,
              -32.76227256384151
            ],
            [
              -71.20546104876422,
              -32.76227157505468
            ],
            [
              -71.20546220140503,
              -32.76227157505468
            ],
            [
              -71.20546220140503,
              -32.76227058626785
            ],
            [
              -71.20546335404585,
              -32.76227058626785
            ],
            [
              -71.20546335404585,
              -32.7622686086942
            ],
            [
              -71.20546450668665,
              -32.7622686086942
            ],
            [
              -71.20546450668665,
              -32.76226761990737
            ],
            [
              -71.20546565932747,
              -32.76226761990737
            ],
            [
              -71.20546565932747,
              -32.762265642333716
            ],
            [
              -71.20546681196828,
              -32.762265642333716
            ],
            [
              -71.20546681196828,
              -32.762264653546886
            ],
            [
              -71.2054679646091,
              -32.762264653546886
            ],
            [
              -71.2054679646091,
              -32.762263664760056
            ],
            [
              -71.2054691172499,
              -32.762263664760056
            ],
            [
              -71.2054691172499,
              -32.7622616871864
            ],
            [
              -71.20547026989072,
              -32.7622616871864
            ],
            [
              -71.20547026989072,
              -32.76226069839957
            ],
            [
              -71.20547142253153,
              -32.76226069839957
            ],
            [
              -71.20547142253153,
              -32.76225970961275
            ],
            [
              -71.20547257517234,
              -32.76225970961275
            ],
            [
              -71.20547257517234,
              -32.76225773203909
            ],
            [
              -71.20547372781316,
              -32.76225773203909
            ],
            [
              -71.20547372781316,
              -32.762256743252266
            ],
            [
              -71.20547488045396,
              -32.762256743252266
            ],
            [
              -71.20547488045396,
              -32.762254765678605
            ],
            [
              -71.20547603309478,
              -32.762254765678605
            ],
            [
              -71.20547603309478,
              -32.76225377689178
            ],
            [
              -71.20547718573559,
              -32.76225377689178
            ],
            [
              -71.20547718573559,
              -32.76225278810495
            ],
            [
              -71.20547833837641,
              -32.76225278810495
            ],
            [
              -71.20547833837641,
              -32.76225081053129
            ],
            [
              -71.20547949101721,
              -32.76225081053129
            ],
            [
              -71.20547949101721,
              -32.76224982174447
            ],
            [
              -71.20548064365803,
              -32.76224982174447
            ],
            [
              -71.20548064365803,
              -32.76224883295764
            ],
            [
              -71.20548179629884,
              -32.76224883295764
            ],
            [
              -71.20548179629884,
              -32.762246855383985
            ],
            [
              -71.20548294893966,
              -32.762246855383985
            ],
            [
              -71.20548294893966,
              -32.762245866597155
            ],
            [
              -71.20548410158047,
              -32.762245866597155
            ],
            [
              -71.20548410158047,
              -32.7622438890235
            ],
            [
              -71.20548525422127,
              -32.7622438890235
            ],
            [
              -71.20548525422127,
              -32.76224290023667
            ],
            [
              -71.2054864068621,
              -32.76224290023667
            ],
            [
              -71.2054864068621,
              -32.76224191144984
            ],
            [
              -71.2054875595029,
              -32.76224191144984
            ],
            [
              -71.2054875595029,
              -32.76223993387619
            ],
            [
              -71.20548871214372,
              -32.76223993387619
            ],
            [
              -71.20548871214372,
              -32.76223894508936
            ],
            [
              -71.20548986478452,
              -32.76223894508936
            ],
            [
              -71.20548986478452,
              -32.762237956302535
            ],
            [
              -71.20549101742535,
              -32.762237956302535
            ],
            [
              -71.20549101742535,
              -32.762235978728874
            ],
            [
              -71.20549217006615,
              -32.762235978728874
            ],
            [
              -71.20549217006615,
              -32.762234989942044
            ],
            [
              -71.20549332270697,
              -32.762234989942044
            ],
            [
              -71.20549332270697,
              -32.76223301236839
            ],
            [
              -71.20549447534778,
              -32.76223301236839
            ],
            [
              -71.20549447534778,
              -32.76223202358156
            ],
            [
              -71.2054956279886,
              -32.76223202358156
            ],
            [
              -71.2054956279886,
              -32.76223103479474
            ],
            [
              -71.2054967806294,
              -32.76223103479474
            ],
            [
              -71.2054967806294,
              -32.76222905722108
            ],
            [
              -71.20549793327021,
              -32.76222905722108
            ],
            [
              -71.20549793327021,
              -32.762228068434254
            ],
            [
              -71.20549908591103,
              -32.762228068434254
            ],
            [
              -71.20549908591103,
              -32.762227079647424
            ],
            [
              -71.20550023855183,
              -32.762227079647424
            ],
            [
              -71.20550023855183,
              -32.76222510207377
            ],
            [
              -71.20550139119266,
              -32.76222510207377
            ],
            [
              -71.20550139119266,
              -32.76222411328694
            ],
            [
              -71.20550254383346,
              -32.76222411328694
            ],
            [
              -71.20550254383346,
              -32.76222213571329
            ],
            [
              -71.20550369647428,
              -32.76222213571329
            ],
            [
              -71.20550369647428,
              -32.76222114692646
            ],
            [
              -71.20550484911509,
              -32.76222114692646
            ],
            [
              -71.20550484911509,
              -32.76222015813963
            ],
            [
              -71.20550600175591,
              -32.76222015813963
            ],
            [
              -71.20550600175591,
              -32.762218180565974
            ],
            [
              -71.20550715439671,
              -32.762218180565974
            ],
            [
              -71.20550715439671,
              -32.76221719177914
            ],
            [
              -71.20550830703752,
              -32.76221719177914
            ],
            [
              -71.20550830703752,
              -32.76221620299231
            ],
            [
              -71.20550945967834,
              -32.76221620299231
            ],
            [
              -71.20550945967834,
              -32.76221422541866
            ],
            [
              -71.20551061231915,
              -32.76221422541866
            ],
            [
              -71.20551061231915,
              -32.76221323663183
            ],
            [
              -71.20551176495997,
              -32.76221323663183
            ],
            [
              -71.20551176495997,
              -32.762211259058176
            ],
            [
              -71.20551291760077,
              -32.762211259058176
            ],
            [
              -71.20551291760077,
              -32.762210270271346
            ],
            [
              -71.20551407024159,
              -32.762210270271346
            ],
            [
              -71.20551407024159,
              -32.76220928148452
            ],
            [
              -71.2055152228824,
              -32.76220928148452
            ],
            [
              -71.2055152228824,
              -32.76220730391086
            ],
            [
              -71.20551637552322,
              -32.76220730391086
            ],
            [
              -71.20551637552322,
              -32.76220631512404
            ],
            [
              -71.20551752816402,
              -32.76220631512404
            ],
            [
              -71.20551752816402,
              -32.76220532633721
            ],
            [
              -71.20551868080484,
              -32.76220532633721
            ],
            [
              -71.20551868080484,
              -32.76220334876355
            ],
            [
              -71.20551983344565,
              -32.76220334876355
            ],
            [
              -71.20551983344565,
              -32.762202359976726
            ],
            [
              -71.20552098608646,
              -32.762202359976726
            ],
            [
              -71.20552098608646,
              -32.762200382403066
            ],
            [
              -71.20552213872728,
              -32.762200382403066
            ],
            [
              -71.20552213872728,
              -32.76219939361624
            ],
            [
              -71.20552329136808,
              -32.76219939361624
            ],
            [
              -71.20552329136808,
              -32.76219840482941
            ],
            [
              -71.2055244440089,
              -32.76219840482941
            ],
            [
              -71.2055244440089,
              -32.76219642725576
            ],
            [
              -71.20552559664971,
              -32.76219642725576
            ],
            [
              -71.20552559664971,
              -32.76219543846893
            ],
            [
              -71.20552674929053,
              -32.76219543846893
            ],
            [
              -71.20552674929053,
              -32.7621944496821
            ],
            [
              -71.20552790193133,
              -32.7621944496821
            ],
            [
              -71.20552790193133,
              -32.762192472108445
            ],
            [
              -71.20552905457215,
              -32.762192472108445
            ],
            [
              -71.20552905457215,
              -32.762191483321615
            ],
            [
              -71.20553020721296,
              -32.762191483321615
            ],
            [
              -71.20553020721296,
              -32.76218950574796
            ],
            [
              -71.20553135985378,
              -32.76218950574796
            ],
            [
              -71.20553135985378,
              -32.76218851696113
            ],
            [
              -71.20553251249459,
              -32.76218851696113
            ],
            [
              -71.20553251249459,
              -32.7621875281743
            ],
            [
              -71.20553366513539,
              -32.7621875281743
            ],
            [
              -71.20553366513539,
              -32.76218555060065
            ],
            [
              -71.20553481777621,
              -32.76218555060065
            ],
            [
              -71.20553481777621,
              -32.76218456181382
            ],
            [
              -71.20553597041702,
              -32.76218456181382
            ],
            [
              -71.20553597041702,
              -32.762183573026995
            ],
            [
              -71.20553712305784,
              -32.762183573026995
            ],
            [
              -71.20553712305784,
              -32.762181595453335
            ],
            [
              -71.20553827569864,
              -32.762181595453335
            ],
            [
              -71.20553827569864,
              -32.76218060666651
            ],
            [
              -71.20553942833946,
              -32.76218060666651
            ],
            [
              -71.20553942833946,
              -32.76217862909285
            ],
            [
              -71.20554058098027,
              -32.76217862909285
            ],
            [
              -71.20554058098027,
              -32.76217764030603
            ],
            [
              -71.20554173362109,
              -32.76217764030603
            ],
            [
              -71.20554173362109,
              -32.7621766515192
            ],
            [
              -71.2055428862619,
              -32.7621766515192
            ],
            [
              -71.2055428862619,
              -32.762174673945545
            ],
            [
              -71.20554403890272,
              -32.762174673945545
            ],
            [
              -71.20554403890272,
              -32.762173685158714
            ],
            [
              -71.20554519154352,
              -32.762173685158714
            ],
            [
              -71.20554519154352,
              -32.762172696371884
            ],
            [
              -71.20554634418433,
              -32.762172696371884
            ],
            [
              -71.20554634418433,
              -32.76217071879823
            ],
            [
              -71.20554749682515,
              -32.76217071879823
            ],
            [
              -71.20554749682515,
              -32.7621697300114
            ],
            [
              -71.20554864946595,
              -32.7621697300114
            ],
            [
              -71.20554864946595,
              -32.76216775243775
            ],
            [
              -71.20554980210677,
              -32.76216775243775
            ],
            [
              -71.20554980210677,
              -32.76216676365092
            ],
            [
              -71.20555095474758,
              -32.76216676365092
            ],
            [
              -71.20555095474758,
              -32.76216577486409
            ],
            [
              -71.2055521073884,
              -32.76216577486409
            ],
            [
              -71.2055521073884,
              -32.762163797290434
            ],
            [
              -71.2055532600292,
              -32.762163797290434
            ],
            [
              -71.2055532600292,
              -32.762162808503604
            ],
            [
              -71.20555441267003,
              -32.762162808503604
            ],
            [
              -71.20555441267003,
              -32.76216181971678
            ],
            [
              -71.20555671795164,
              -32.76216181971678
            ]
          ]
        ]
      }
    }
  ]
}
