{
  "type": "FeatureCollection",
  "name": "drone_outlines_c_alvarado_20260618_ndvi",
  "features": [
    {
      "type": "Feature",
      "properties": {
        "id_cuartel": "c00018",
        "nom_cuartel": "1",
        "cultivo": "Nogales",
        "nom_predio": "NN",
        "propietario": "Claudio Alvarado",
        "superficie": "2.16838",
        "predio_id": "c_alvarado",
        "raster_key": "c_alvarado_20260618_ndvi",
        "fuente": "drone_webp_alpha"
      },
      "geometry": {
        "type": "Polygon",
        "coordinates": [
          [
            [
              -70.54504284329163,
              -32.82726070318638
            ],
            [
              -70.54504284329163,
              -32.827264532569465
            ],
            [
              -70.5450419464292,
              -32.827264532569465
            ],
            [
              -70.5450419464292,
              -32.82726912782917
            ],
            [
              -70.54504104956675,
              -32.82726912782917
            ],
            [
              -70.54504104956675,
              -32.82727295721225
            ],
            [
              -70.54504015270432,
              -32.82727295721225
            ],
            [
              -70.54504015270432,
              -32.827276786595334
            ],
            [
              -70.54503925584187,
              -32.827276786595334
            ],
            [
              -70.54503925584187,
              -32.82728138185504
            ],
            [
              -70.54503835897944,
              -32.82728138185504
            ],
            [
              -70.54503835897944,
              -32.82728521123812
            ],
            [
              -70.545037462117,
              -32.82728521123812
            ],
            [
              -70.545037462117,
              -32.8272890406212
            ],
            [
              -70.54503656525456,
              -32.8272890406212
            ],
            [
              -70.54503656525456,
              -32.827292870004285
            ],
            [
              -70.54503566839212,
              -32.827292870004285
            ],
            [
              -70.54503566839212,
              -32.82729746526399
            ],
            [
              -70.54503477152969,
              -32.82729746526399
            ],
            [
              -70.54503477152969,
              -32.82730129464707
            ],
            [
              -70.54503387466724,
              -32.82730129464707
            ],
            [
              -70.54503387466724,
              -32.827305124030154
            ],
            [
              -70.54503297780481,
              -32.827305124030154
            ],
            [
              -70.54503297780481,
              -32.82730971928985
            ],
            [
              -70.54503208094238,
              -32.82730971928985
            ],
            [
              -70.54503208094238,
              -32.82731354867294
            ],
            [
              -70.54503118407993,
              -32.82731354867294
            ],
            [
              -70.54503118407993,
              -32.82731737805602
            ],
            [
              -70.5450302872175,
              -32.82731737805602
            ],
            [
              -70.5450302872175,
              -32.827321207439105
            ],
            [
              -70.54502939035505,
              -32.827321207439105
            ],
            [
              -70.54502939035505,
              -32.82732580269881
            ],
            [
              -70.54502849349262,
              -32.82732580269881
            ],
            [
              -70.54502849349262,
              -32.82732963208189
            ],
            [
              -70.54502759663018,
              -32.82732963208189
            ],
            [
              -70.54502759663018,
              -32.827333461464974
            ],
            [
              -70.54502669976775,
              -32.827333461464974
            ],
            [
              -70.54502669976775,
              -32.82733805672467
            ],
            [
              -70.5450258029053,
              -32.82733805672467
            ],
            [
              -70.5450258029053,
              -32.82734188610776
            ],
            [
              -70.54502490604287,
              -32.82734188610776
            ],
            [
              -70.54502490604287,
              -32.82734571549084
            ],
            [
              -70.54502400918042,
              -32.82734571549084
            ],
            [
              -70.54502400918042,
              -32.827349544873925
            ],
            [
              -70.54502311231799,
              -32.827349544873925
            ],
            [
              -70.54502311231799,
              -32.82735414013363
            ],
            [
              -70.54502221545555,
              -32.82735414013363
            ],
            [
              -70.54502221545555,
              -32.82735796951671
            ],
            [
              -70.54502131859311,
              -32.82735796951671
            ],
            [
              -70.54502131859311,
              -32.827361798899794
            ],
            [
              -70.54502042173067,
              -32.827361798899794
            ],
            [
              -70.54502042173067,
              -32.82736639415949
            ],
            [
              -70.54501952486824,
              -32.82736639415949
            ],
            [
              -70.54501952486824,
              -32.82737022354258
            ],
            [
              -70.54501862800579,
              -32.82737022354258
            ],
            [
              -70.54501862800579,
              -32.82737405292566
            ],
            [
              -70.54501773114336,
              -32.82737405292566
            ],
            [
              -70.54501773114336,
              -32.827377882308745
            ],
            [
              -70.54501683428091,
              -32.827377882308745
            ],
            [
              -70.54501683428091,
              -32.82738247756844
            ],
            [
              -70.54501593741848,
              -32.82738247756844
            ],
            [
              -70.54501593741848,
              -32.82738630695153
            ],
            [
              -70.54501504055604,
              -32.82738630695153
            ],
            [
              -70.54501504055604,
              -32.827390136334614
            ],
            [
              -70.5450141436936,
              -32.827390136334614
            ],
            [
              -70.5450141436936,
              -32.82739473159431
            ],
            [
              -70.54501324683116,
              -32.82739473159431
            ],
            [
              -70.54501324683116,
              -32.8273985609774
            ],
            [
              -70.54501234996873,
              -32.8273985609774
            ],
            [
              -70.54501234996873,
              -32.82740239036048
            ],
            [
              -70.54501145310628,
              -32.82740239036048
            ],
            [
              -70.54501145310628,
              -32.827406219743565
            ],
            [
              -70.54501055624385,
              -32.827406219743565
            ],
            [
              -70.54501055624385,
              -32.82741081500326
            ],
            [
              -70.5450096593814,
              -32.82741081500326
            ],
            [
              -70.5450096593814,
              -32.82741464438635
            ],
            [
              -70.54500876251898,
              -32.82741464438635
            ],
            [
              -70.54500876251898,
              -32.827418473769434
            ],
            [
              -70.54500786565653,
              -32.827418473769434
            ],
            [
              -70.54500786565653,
              -32.82742306902913
            ],
            [
              -70.5450069687941,
              -32.82742306902913
            ],
            [
              -70.5450069687941,
              -32.82742689841221
            ],
            [
              -70.54500607193165,
              -32.82742689841221
            ],
            [
              -70.54500607193165,
              -32.8274307277953
            ],
            [
              -70.54500517506922,
              -32.8274307277953
            ],
            [
              -70.54500517506922,
              -32.827434557178385
            ],
            [
              -70.54500427820678,
              -32.827434557178385
            ],
            [
              -70.54500427820678,
              -32.82743915243808
            ],
            [
              -70.54500338134434,
              -32.82743915243808
            ],
            [
              -70.54500338134434,
              -32.82744298182117
            ],
            [
              -70.5450024844819,
              -32.82744298182117
            ],
            [
              -70.5450024844819,
              -32.827446811204254
            ],
            [
              -70.54500158761947,
              -32.827446811204254
            ],
            [
              -70.54500158761947,
              -32.82745140646395
            ],
            [
              -70.54500069075702,
              -32.82745140646395
            ],
            [
              -70.54500069075702,
              -32.82745523584703
            ],
            [
              -70.54499979389459,
              -32.82745523584703
            ],
            [
              -70.54499979389459,
              -32.82745906523012
            ],
            [
              -70.54499889703214,
              -32.82745906523012
            ],
            [
              -70.54499889703214,
              -32.827462894613205
            ],
            [
              -70.54499800016971,
              -32.827462894613205
            ],
            [
              -70.54499800016971,
              -32.8274674898729
            ],
            [
              -70.54499710330727,
              -32.8274674898729
            ],
            [
              -70.54499710330727,
              -32.827471319255984
            ],
            [
              -70.54499620644484,
              -32.827471319255984
            ],
            [
              -70.54499620644484,
              -32.827475148639074
            ],
            [
              -70.54499530958239,
              -32.827475148639074
            ],
            [
              -70.54499530958239,
              -32.82747974389877
            ],
            [
              -70.54499441271996,
              -32.82747974389877
            ],
            [
              -70.54499441271996,
              -32.82748357328185
            ],
            [
              -70.54499351585751,
              -32.82748357328185
            ],
            [
              -70.54499351585751,
              -32.82748740266494
            ],
            [
              -70.54499261899508,
              -32.82748740266494
            ],
            [
              -70.54499261899508,
              -32.827491232048025
            ],
            [
              -70.54499172213264,
              -32.827491232048025
            ],
            [
              -70.54499172213264,
              -32.82749582730772
            ],
            [
              -70.5449908252702,
              -32.82749582730772
            ],
            [
              -70.5449908252702,
              -32.827499656690804
            ],
            [
              -70.54498992840776,
              -32.827499656690804
            ],
            [
              -70.54498992840776,
              -32.827503486073894
            ],
            [
              -70.54498903154533,
              -32.827503486073894
            ],
            [
              -70.54498903154533,
              -32.82750808133359
            ],
            [
              -70.54498813468288,
              -32.82750808133359
            ],
            [
              -70.54498813468288,
              -32.82751191071667
            ],
            [
              -70.54498723782045,
              -32.82751191071667
            ],
            [
              -70.54498723782045,
              -32.82751574009976
            ],
            [
              -70.544986340958,
              -32.82751574009976
            ],
            [
              -70.544986340958,
              -32.827519569482845
            ],
            [
              -70.54498544409557,
              -32.827519569482845
            ],
            [
              -70.54498544409557,
              -32.82752416474254
            ],
            [
              -70.54498454723313,
              -32.82752416474254
            ],
            [
              -70.54498454723313,
              -32.827527994125624
            ],
            [
              -70.5449836503707,
              -32.827527994125624
            ],
            [
              -70.5449836503707,
              -32.827531823508714
            ],
            [
              -70.54498275350826,
              -32.827531823508714
            ],
            [
              -70.54498275350826,
              -32.82753641876841
            ],
            [
              -70.54498185664582,
              -32.82753641876841
            ],
            [
              -70.54498185664582,
              -32.82754024815149
            ],
            [
              -70.54498095978339,
              -32.82754024815149
            ],
            [
              -70.54498095978339,
              -32.827544077534576
            ],
            [
              -70.54498006292094,
              -32.827544077534576
            ],
            [
              -70.54498006292094,
              -32.827547906917665
            ],
            [
              -70.54497916605851,
              -32.827547906917665
            ],
            [
              -70.54497916605851,
              -32.82755250217736
            ],
            [
              -70.54497826919606,
              -32.82755250217736
            ],
            [
              -70.54497826919606,
              -32.827556331560444
            ],
            [
              -70.54497737233363,
              -32.827556331560444
            ],
            [
              -70.54497737233363,
              -32.827560160943534
            ],
            [
              -70.54497647547119,
              -32.827560160943534
            ],
            [
              -70.54497647547119,
              -32.82756475620323
            ],
            [
              -70.54497557860876,
              -32.82756475620323
            ],
            [
              -70.54497557860876,
              -32.82756858558631
            ],
            [
              -70.54497468174631,
              -32.82756858558631
            ],
            [
              -70.54497468174631,
              -32.827572414969396
            ],
            [
              -70.54497378488388,
              -32.827572414969396
            ],
            [
              -70.54497378488388,
              -32.827576244352485
            ],
            [
              -70.54497288802143,
              -32.827576244352485
            ],
            [
              -70.54497288802143,
              -32.82758083961218
            ],
            [
              -70.544971991159,
              -32.82758083961218
            ],
            [
              -70.544971991159,
              -32.827584668995264
            ],
            [
              -70.54497109429656,
              -32.827584668995264
            ],
            [
              -70.54497109429656,
              -32.82758849837835
            ],
            [
              -70.54497019743413,
              -32.82758849837835
            ],
            [
              -70.54497019743413,
              -32.82759309363805
            ],
            [
              -70.54496930057168,
              -32.82759309363805
            ],
            [
              -70.54496930057168,
              -32.82759692302113
            ],
            [
              -70.54496840370925,
              -32.82759692302113
            ],
            [
              -70.54496840370925,
              -32.827600752404216
            ],
            [
              -70.5449675068468,
              -32.827600752404216
            ],
            [
              -70.5449675068468,
              -32.827604581787305
            ],
            [
              -70.54496660998437,
              -32.827604581787305
            ],
            [
              -70.54496660998437,
              -32.827609177047
            ],
            [
              -70.54496571312193,
              -32.827609177047
            ],
            [
              -70.54496571312193,
              -32.827613006430084
            ],
            [
              -70.5449648162595,
              -32.827613006430084
            ],
            [
              -70.5449648162595,
              -32.82761683581317
            ],
            [
              -70.54496391939705,
              -32.82761683581317
            ],
            [
              -70.54496391939705,
              -32.82762143107287
            ],
            [
              -70.54496302253462,
              -32.82762143107287
            ],
            [
              -70.54496302253462,
              -32.82762526045595
            ],
            [
              -70.54496212567217,
              -32.82762526045595
            ],
            [
              -70.54496212567217,
              -32.827629089839036
            ],
            [
              -70.54496122880974,
              -32.827629089839036
            ],
            [
              -70.54496122880974,
              -32.82763291922212
            ],
            [
              -70.5449603319473,
              -32.82763291922212
            ],
            [
              -70.5449603319473,
              -32.82763751448182
            ],
            [
              -70.54495943508486,
              -32.82763751448182
            ],
            [
              -70.54495943508486,
              -32.827641343864904
            ],
            [
              -70.54495853822242,
              -32.827641343864904
            ],
            [
              -70.54495853822242,
              -32.82764517324799
            ],
            [
              -70.54495764135999,
              -32.82764517324799
            ],
            [
              -70.54495764135999,
              -32.82764976850769
            ],
            [
              -70.54495674449754,
              -32.82764976850769
            ],
            [
              -70.54495674449754,
              -32.82765359789077
            ],
            [
              -70.54495584763511,
              -32.82765359789077
            ],
            [
              -70.54495584763511,
              -32.827657427273856
            ],
            [
              -70.54495495077266,
              -32.827657427273856
            ],
            [
              -70.54495495077266,
              -32.82766202253356
            ],
            [
              -70.54495405391023,
              -32.82766202253356
            ],
            [
              -70.54495405391023,
              -32.82766585191664
            ],
            [
              -70.54495315704779,
              -32.82766585191664
            ],
            [
              -70.54495315704779,
              -32.827669681299724
            ],
            [
              -70.54495226018535,
              -32.827669681299724
            ],
            [
              -70.54495226018535,
              -32.82767351068281
            ],
            [
              -70.54495136332291,
              -32.82767351068281
            ],
            [
              -70.54495136332291,
              -32.82767810594251
            ],
            [
              -70.54495046646048,
              -32.82767810594251
            ],
            [
              -70.54495046646048,
              -32.82768193532559
            ],
            [
              -70.54494956959803,
              -32.82768193532559
            ],
            [
              -70.54494956959803,
              -32.827685764708676
            ],
            [
              -70.5449486727356,
              -32.827685764708676
            ],
            [
              -70.5449486727356,
              -32.82769035996838
            ],
            [
              -70.54494777587315,
              -32.82769035996838
            ],
            [
              -70.54494777587315,
              -32.82769418935146
            ],
            [
              -70.54494687901072,
              -32.82769418935146
            ],
            [
              -70.54494687901072,
              -32.827698018734544
            ],
            [
              -70.54494598214828,
              -32.827698018734544
            ],
            [
              -70.54494598214828,
              -32.82770184811763
            ],
            [
              -70.54494508528585,
              -32.82770184811763
            ],
            [
              -70.54494508528585,
              -32.82770644337733
            ],
            [
              -70.5449441884234,
              -32.82770644337733
            ],
            [
              -70.5449441884234,
              -32.82771027276041
            ],
            [
              -70.54494329156097,
              -32.82771027276041
            ],
            [
              -70.54494329156097,
              -32.827714102143496
            ],
            [
              -70.54494239469852,
              -32.827714102143496
            ],
            [
              -70.54494239469852,
              -32.8277186974032
            ],
            [
              -70.54494149783609,
              -32.8277186974032
            ],
            [
              -70.54494149783609,
              -32.82772252678628
            ],
            [
              -70.54494060097365,
              -32.82772252678628
            ],
            [
              -70.54494060097365,
              -32.827726356169364
            ],
            [
              -70.54493970411121,
              -32.827726356169364
            ],
            [
              -70.54493970411121,
              -32.82773018555245
            ],
            [
              -70.54493880724877,
              -32.82773018555245
            ],
            [
              -70.54493880724877,
              -32.82773478081215
            ],
            [
              -70.54493791038634,
              -32.82773478081215
            ],
            [
              -70.54493791038634,
              -32.82773861019523
            ],
            [
              -70.54493701352389,
              -32.82773861019523
            ],
            [
              -70.54493701352389,
              -32.827742439578316
            ],
            [
              -70.54493611666146,
              -32.827742439578316
            ],
            [
              -70.54493611666146,
              -32.82774703483802
            ],
            [
              -70.54493521979902,
              -32.82774703483802
            ],
            [
              -70.54493521979902,
              -32.8277508642211
            ],
            [
              -70.54493432293658,
              -32.8277508642211
            ],
            [
              -70.54493432293658,
              -32.827754693604184
            ],
            [
              -70.54493342607414,
              -32.827754693604184
            ],
            [
              -70.54493342607414,
              -32.82775852298727
            ],
            [
              -70.5449325292117,
              -32.82775852298727
            ],
            [
              -70.5449325292117,
              -32.82776311824697
            ],
            [
              -70.54493163234928,
              -32.82776311824697
            ],
            [
              -70.54493163234928,
              -32.82776694763005
            ],
            [
              -70.54493073548683,
              -32.82776694763005
            ],
            [
              -70.54493073548683,
              -32.827770777013136
            ],
            [
              -70.5449298386244,
              -32.827770777013136
            ],
            [
              -70.5449298386244,
              -32.82777537227284
            ],
            [
              -70.54492894176195,
              -32.82777537227284
            ],
            [
              -70.54492894176195,
              -32.82777920165592
            ],
            [
              -70.54492804489952,
              -32.82777920165592
            ],
            [
              -70.54492804489952,
              -32.827783031039004
            ],
            [
              -70.54492714803708,
              -32.827783031039004
            ],
            [
              -70.54492714803708,
              -32.82778686042209
            ],
            [
              -70.54492625117464,
              -32.82778686042209
            ],
            [
              -70.54492625117464,
              -32.82779145568179
            ],
            [
              -70.5449253543122,
              -32.82779145568179
            ],
            [
              -70.5449253543122,
              -32.82779528506487
            ],
            [
              -70.54492445744977,
              -32.82779528506487
            ],
            [
              -70.54492445744977,
              -32.827799114447956
            ],
            [
              -70.54492356058732,
              -32.827799114447956
            ],
            [
              -70.54492356058732,
              -32.82780370970766
            ],
            [
              -70.54492266372489,
              -32.82780370970766
            ],
            [
              -70.54492266372489,
              -32.82780753909074
            ],
            [
              -70.54492176686244,
              -32.82780753909074
            ],
            [
              -70.54492176686244,
              -32.827811368473824
            ],
            [
              -70.54492087000001,
              -32.827811368473824
            ],
            [
              -70.54492087000001,
              -32.82781519785691
            ],
            [
              -70.54491997313757,
              -32.82781519785691
            ],
            [
              -70.54491997313757,
              -32.82781979311661
            ],
            [
              -70.54491907627514,
              -32.82781979311661
            ],
            [
              -70.54491907627514,
              -32.82782362249969
            ],
            [
              -70.54491817941269,
              -32.82782362249969
            ],
            [
              -70.54491817941269,
              -32.827827451882776
            ],
            [
              -70.54491728255026,
              -32.827827451882776
            ],
            [
              -70.54491728255026,
              -32.82783204714248
            ],
            [
              -70.54491638568781,
              -32.82783204714248
            ],
            [
              -70.54491638568781,
              -32.82783587652556
            ],
            [
              -70.54491548882538,
              -32.82783587652556
            ],
            [
              -70.54491548882538,
              -32.827839705908644
            ],
            [
              -70.54491459196294,
              -32.827839705908644
            ],
            [
              -70.54491459196294,
              -32.82784353529173
            ],
            [
              -70.5449136951005,
              -32.82784353529173
            ],
            [
              -70.5449136951005,
              -32.82784813055143
            ],
            [
              -70.54491279823806,
              -32.82784813055143
            ],
            [
              -70.54491279823806,
              -32.82785195993451
            ],
            [
              -70.54491190137563,
              -32.82785195993451
            ],
            [
              -70.54491190137563,
              -32.827855789317596
            ],
            [
              -70.54491100451318,
              -32.827855789317596
            ],
            [
              -70.54491100451318,
              -32.8278603845773
            ],
            [
              -70.54491010765075,
              -32.8278603845773
            ],
            [
              -70.54491010765075,
              -32.82786421396038
            ],
            [
              -70.5449092107883,
              -32.82786421396038
            ],
            [
              -70.5449092107883,
              -32.82787263860316
            ],
            [
              -70.54490831392587,
              -32.82787263860316
            ],
            [
              -70.54490831392587,
              -32.82788182912257
            ],
            [
              -70.54490741706343,
              -32.82788182912257
            ],
            [
              -70.54490741706343,
              -32.82789101964197
            ],
            [
              -70.544906520201,
              -32.82789101964197
            ],
            [
              -70.544906520201,
              -32.82790021016137
            ],
            [
              -70.54490562333855,
              -32.82790021016137
            ],
            [
              -70.54490562333855,
              -32.82790940068077
            ],
            [
              -70.54490472647612,
              -32.82790940068077
            ],
            [
              -70.54490472647612,
              -32.82791859120017
            ],
            [
              -70.54490382961367,
              -32.82791859120017
            ],
            [
              -70.54490382961367,
              -32.82792701584295
            ],
            [
              -70.54490293275124,
              -32.82792701584295
            ],
            [
              -70.54490293275124,
              -32.82793620636235
            ],
            [
              -70.5449020358888,
              -32.82793620636235
            ],
            [
              -70.5449020358888,
              -32.82794539688175
            ],
            [
              -70.54490113902636,
              -32.82794539688175
            ],
            [
              -70.54490113902636,
              -32.82795458740116
            ],
            [
              -70.54490024216392,
              -32.82795458740116
            ],
            [
              -70.54490024216392,
              -32.82796377792056
            ],
            [
              -70.54489934530149,
              -32.82796377792056
            ],
            [
              -70.54489934530149,
              -32.82797296843996
            ],
            [
              -70.54489844843904,
              -32.82797296843996
            ],
            [
              -70.54489844843904,
              -32.82798215895936
            ],
            [
              -70.54489755157661,
              -32.82798215895936
            ],
            [
              -70.54489755157661,
              -32.827990583602144
            ],
            [
              -70.54489665471417,
              -32.827990583602144
            ],
            [
              -70.54489665471417,
              -32.827999774121544
            ],
            [
              -70.54489575785173,
              -32.827999774121544
            ],
            [
              -70.54489575785173,
              -32.828008964640944
            ],
            [
              -70.54489486098929,
              -32.828008964640944
            ],
            [
              -70.54489486098929,
              -32.82801815516034
            ],
            [
              -70.54489396412686,
              -32.82801815516034
            ],
            [
              -70.54489396412686,
              -32.82802734567975
            ],
            [
              -70.54489306726441,
              -32.82802734567975
            ],
            [
              -70.54489306726441,
              -32.82803653619915
            ],
            [
              -70.54489217040198,
              -32.82803653619915
            ],
            [
              -70.54489217040198,
              -32.82804496084193
            ],
            [
              -70.54489127353953,
              -32.82804496084193
            ],
            [
              -70.54489127353953,
              -32.828054151361336
            ],
            [
              -70.5448903766771,
              -32.828054151361336
            ],
            [
              -70.5448903766771,
              -32.828063341880735
            ],
            [
              -70.54488947981466,
              -32.828063341880735
            ],
            [
              -70.54488947981466,
              -32.828072532400135
            ],
            [
              -70.54488858295223,
              -32.828072532400135
            ],
            [
              -70.54488858295223,
              -32.828081722919535
            ],
            [
              -70.54488768608978,
              -32.828081722919535
            ],
            [
              -70.54488768608978,
              -32.828090913438935
            ],
            [
              -70.54488678922735,
              -32.828090913438935
            ],
            [
              -70.54488678922735,
              -32.82809933808172
            ],
            [
              -70.5448858923649,
              -32.82809933808172
            ],
            [
              -70.5448858923649,
              -32.82810852860112
            ],
            [
              -70.54488499550247,
              -32.82810852860112
            ],
            [
              -70.54488499550247,
              -32.82811771912052
            ],
            [
              -70.54488409864003,
              -32.82811771912052
            ],
            [
              -70.54488409864003,
              -32.82812690963993
            ],
            [
              -70.5448832017776,
              -32.82812690963993
            ],
            [
              -70.5448832017776,
              -32.82813610015933
            ],
            [
              -70.54488230491516,
              -32.82813610015933
            ],
            [
              -70.54488230491516,
              -32.82814529067873
            ],
            [
              -70.54488140805272,
              -32.82814529067873
            ],
            [
              -70.54488140805272,
              -32.82815371532151
            ],
            [
              -70.54488051119029,
              -32.82815371532151
            ],
            [
              -70.54488051119029,
              -32.82816290584091
            ],
            [
              -70.54487961432784,
              -32.82816290584091
            ],
            [
              -70.54487961432784,
              -32.82817209636031
            ],
            [
              -70.54487871746541,
              -32.82817209636031
            ],
            [
              -70.54487871746541,
              -32.82818128687971
            ],
            [
              -70.54487782060296,
              -32.82818128687971
            ],
            [
              -70.54487782060296,
              -32.82819047739911
            ],
            [
              -70.54487692374053,
              -32.82819047739911
            ],
            [
              -70.54487692374053,
              -32.82819966791852
            ],
            [
              -70.54487602687809,
              -32.82819966791852
            ],
            [
              -70.54487602687809,
              -32.8282080925613
            ],
            [
              -70.54487513001565,
              -32.8282080925613
            ],
            [
              -70.54487513001565,
              -32.828217283080704
            ],
            [
              -70.54487423315321,
              -32.828217283080704
            ],
            [
              -70.54487423315321,
              -32.828226473600104
            ],
            [
              -70.54487333629078,
              -32.828226473600104
            ],
            [
              -70.54487333629078,
              -32.828235664119504
            ],
            [
              -70.54487243942833,
              -32.828235664119504
            ],
            [
              -70.54487243942833,
              -32.8282448546389
            ],
            [
              -70.5448715425659,
              -32.8282448546389
            ],
            [
              -70.5448715425659,
              -32.8282540451583
            ],
            [
              -70.54487064570345,
              -32.8282540451583
            ],
            [
              -70.54487064570345,
              -32.8282632356777
            ],
            [
              -70.54486974884102,
              -32.8282632356777
            ],
            [
              -70.54486974884102,
              -32.82827166032049
            ],
            [
              -70.54486885197858,
              -32.82827166032049
            ],
            [
              -70.54486885197858,
              -32.82828085083989
            ],
            [
              -70.54486795511615,
              -32.82828085083989
            ],
            [
              -70.54486795511615,
              -32.82829004135929
            ],
            [
              -70.5448670582537,
              -32.82829004135929
            ],
            [
              -70.5448670582537,
              -32.828299231878695
            ],
            [
              -70.54486616139127,
              -32.828299231878695
            ],
            [
              -70.54486616139127,
              -32.828308422398095
            ],
            [
              -70.54486526452882,
              -32.828308422398095
            ],
            [
              -70.54486526452882,
              -32.828317612917495
            ],
            [
              -70.54486436766639,
              -32.828317612917495
            ],
            [
              -70.54486436766639,
              -32.82832603756028
            ],
            [
              -70.54486347080395,
              -32.82832603756028
            ],
            [
              -70.54486347080395,
              -32.82833522807968
            ],
            [
              -70.54486257394151,
              -32.82833522807968
            ],
            [
              -70.54486257394151,
              -32.82834441859908
            ],
            [
              -70.54486167707907,
              -32.82834441859908
            ],
            [
              -70.54486167707907,
              -32.82835360911848
            ],
            [
              -70.54486078021664,
              -32.82835360911848
            ],
            [
              -70.54486078021664,
              -32.82836279963788
            ],
            [
              -70.54485988335419,
              -32.82836279963788
            ],
            [
              -70.54485988335419,
              -32.82837199015729
            ],
            [
              -70.54485898649176,
              -32.82837199015729
            ],
            [
              -70.54485898649176,
              -32.828380414800066
            ],
            [
              -70.54485808962932,
              -32.828380414800066
            ],
            [
              -70.54485808962932,
              -32.82838960531947
            ],
            [
              -70.54485719276688,
              -32.82838960531947
            ],
            [
              -70.54485719276688,
              -32.82839879583887
            ],
            [
              -70.54485629590444,
              -32.82839879583887
            ],
            [
              -70.54485629590444,
              -32.82840798635827
            ],
            [
              -70.544855399042,
              -32.82840798635827
            ],
            [
              -70.544855399042,
              -32.82841717687767
            ],
            [
              -70.54485450217956,
              -32.82841717687767
            ],
            [
              -70.54485450217956,
              -32.82842636739707
            ],
            [
              -70.54485360531713,
              -32.82842636739707
            ],
            [
              -70.54485360531713,
              -32.82843249441001
            ],
            [
              -70.5448509147298,
              -32.82843249441001
            ],
            [
              -70.5448509147298,
              -32.82843326028662
            ],
            [
              -70.5448482241425,
              -32.82843326028662
            ],
            [
              -70.5448482241425,
              -32.828434026163244
            ],
            [
              -70.54484553355518,
              -32.828434026163244
            ],
            [
              -70.54484553355518,
              -32.82843479203986
            ],
            [
              -70.5448437398303,
              -32.82843479203986
            ],
            [
              -70.5448437398303,
              -32.82843555791647
            ],
            [
              -70.54484104924299,
              -32.82843555791647
            ],
            [
              -70.54484104924299,
              -32.82843632379309
            ],
            [
              -70.54483835865567,
              -32.82843632379309
            ],
            [
              -70.54483835865567,
              -32.828437089669706
            ],
            [
              -70.54483566806836,
              -32.828437089669706
            ],
            [
              -70.54483566806836,
              -32.828437855546326
            ],
            [
              -70.54483387434348,
              -32.828437855546326
            ],
            [
              -70.54483387434348,
              -32.82843862142294
            ],
            [
              -70.54483118375617,
              -32.82843862142294
            ],
            [
              -70.54483118375617,
              -32.82843938729956
            ],
            [
              -70.54482849316885,
              -32.82843938729956
            ],
            [
              -70.54482849316885,
              -32.828440153176174
            ],
            [
              -70.54482580258154,
              -32.828440153176174
            ],
            [
              -70.54482580258154,
              -32.82844091905279
            ],
            [
              -70.54482311199422,
              -32.82844091905279
            ],
            [
              -70.54482311199422,
              -32.82844168492941
            ],
            [
              -70.54482131826934,
              -32.82844168492941
            ],
            [
              -70.54482131826934,
              -32.82844245080602
            ],
            [
              -70.54481862768203,
              -32.82844245080602
            ],
            [
              -70.54481862768203,
              -32.82844321668264
            ],
            [
              -70.54481593709471,
              -32.82844321668264
            ],
            [
              -70.54481593709471,
              -32.82844398255926
            ],
            [
              -70.5448132465074,
              -32.82844398255926
            ],
            [
              -70.5448132465074,
              -32.82844474843588
            ],
            [
              -70.54481145278253,
              -32.82844474843588
            ],
            [
              -70.54481145278253,
              -32.82844551431249
            ],
            [
              -70.5448087621952,
              -32.82844551431249
            ],
            [
              -70.5448087621952,
              -32.828446280189105
            ],
            [
              -70.5448060716079,
              -32.828446280189105
            ],
            [
              -70.5448060716079,
              -32.828447046065726
            ],
            [
              -70.54480338102057,
              -32.828447046065726
            ],
            [
              -70.54480338102057,
              -32.82844781194234
            ],
            [
              -70.5448015872957,
              -32.82844781194234
            ],
            [
              -70.5448015872957,
              -32.82844857781896
            ],
            [
              -70.54479889670839,
              -32.82844857781896
            ],
            [
              -70.54479889670839,
              -32.828449343695574
            ],
            [
              -70.54479620612106,
              -32.828449343695574
            ],
            [
              -70.54479620612106,
              -32.828450109572195
            ],
            [
              -70.54479351553375,
              -32.828450109572195
            ],
            [
              -70.54479351553375,
              -32.82845087544881
            ],
            [
              -70.54479172180888,
              -32.82845087544881
            ],
            [
              -70.54479172180888,
              -32.82845164132542
            ],
            [
              -70.54478903122155,
              -32.82845164132542
            ],
            [
              -70.54478903122155,
              -32.82845240720204
            ],
            [
              -70.54478634063425,
              -32.82845240720204
            ],
            [
              -70.54478634063425,
              -32.82845317307866
            ],
            [
              -70.54478365004694,
              -32.82845317307866
            ],
            [
              -70.54478365004694,
              -32.82845393895528
            ],
            [
              -70.54478095945962,
              -32.82845393895528
            ],
            [
              -70.54478095945962,
              -32.82845470483189
            ],
            [
              -70.54477916573474,
              -32.82845470483189
            ],
            [
              -70.54477916573474,
              -32.82845547070851
            ],
            [
              -70.54477647514743,
              -32.82845547070851
            ],
            [
              -70.54477647514743,
              -32.828456236585126
            ],
            [
              -70.5447737845601,
              -32.828456236585126
            ],
            [
              -70.5447737845601,
              -32.82845700246174
            ],
            [
              -70.5447710939728,
              -32.82845700246174
            ],
            [
              -70.5447710939728,
              -32.82845776833836
            ],
            [
              -70.54476930024792,
              -32.82845776833836
            ],
            [
              -70.54476930024792,
              -32.828458534214974
            ],
            [
              -70.5447666096606,
              -32.828458534214974
            ],
            [
              -70.5447666096606,
              -32.828459300091595
            ],
            [
              -70.54476391907329,
              -32.828459300091595
            ],
            [
              -70.54476391907329,
              -32.82846006596821
            ],
            [
              -70.54476122848597,
              -32.82846006596821
            ],
            [
              -70.54476122848597,
              -32.82846083184483
            ],
            [
              -70.54475943476109,
              -32.82846083184483
            ],
            [
              -70.54475943476109,
              -32.82846159772144
            ],
            [
              -70.54475674417378,
              -32.82846159772144
            ],
            [
              -70.54475674417378,
              -32.828462363598064
            ],
            [
              -70.54475405358646,
              -32.828462363598064
            ],
            [
              -70.54475405358646,
              -32.82846312947468
            ],
            [
              -70.54475136299915,
              -32.82846312947468
            ],
            [
              -70.54475136299915,
              -32.82846389535129
            ],
            [
              -70.54474956927427,
              -32.82846389535129
            ],
            [
              -70.54474956927427,
              -32.82846466122791
            ],
            [
              -70.54474687868695,
              -32.82846466122791
            ],
            [
              -70.54474687868695,
              -32.828465427104526
            ],
            [
              -70.54474418809964,
              -32.828465427104526
            ],
            [
              -70.54474418809964,
              -32.828466192981146
            ],
            [
              -70.54474149751232,
              -32.828466192981146
            ],
            [
              -70.54474149751232,
              -32.82846695885776
            ],
            [
              -70.54473880692501,
              -32.82846695885776
            ],
            [
              -70.54473880692501,
              -32.82846772473438
            ],
            [
              -70.54473701320013,
              -32.82846772473438
            ],
            [
              -70.54473701320013,
              -32.828468490610994
            ],
            [
              -70.54473432261283,
              -32.828468490610994
            ],
            [
              -70.54473432261283,
              -32.82846925648761
            ],
            [
              -70.5447316320255,
              -32.82846925648761
            ],
            [
              -70.5447316320255,
              -32.82847002236423
            ],
            [
              -70.5447289414382,
              -32.82847002236423
            ],
            [
              -70.5447289414382,
              -32.82847078824084
            ],
            [
              -70.54472714771332,
              -32.82847078824084
            ],
            [
              -70.54472714771332,
              -32.82847155411746
            ],
            [
              -70.544724457126,
              -32.82847155411746
            ],
            [
              -70.544724457126,
              -32.82847231999408
            ],
            [
              -70.54472176653869,
              -32.82847231999408
            ],
            [
              -70.54472176653869,
              -32.8284730858707
            ],
            [
              -70.54471907595136,
              -32.8284730858707
            ],
            [
              -70.54471907595136,
              -32.82847385174731
            ],
            [
              -70.54471728222649,
              -32.82847385174731
            ],
            [
              -70.54471728222649,
              -32.828474617623925
            ],
            [
              -70.54471459163918,
              -32.828474617623925
            ],
            [
              -70.54471459163918,
              -32.828475383500546
            ],
            [
              -70.54471190105185,
              -32.828475383500546
            ],
            [
              -70.54471190105185,
              -32.82847614937716
            ],
            [
              -70.54470921046455,
              -32.82847614937716
            ],
            [
              -70.54470921046455,
              -32.82847691525378
            ],
            [
              -70.54470741673967,
              -32.82847691525378
            ],
            [
              -70.54470741673967,
              -32.828477681130394
            ],
            [
              -70.54470472615235,
              -32.828477681130394
            ],
            [
              -70.54470472615235,
              -32.828478447007015
            ],
            [
              -70.54470203556504,
              -32.828478447007015
            ],
            [
              -70.54470203556504,
              -32.82847921288363
            ],
            [
              -70.54469934497772,
              -32.82847921288363
            ],
            [
              -70.54469934497772,
              -32.82847997876024
            ],
            [
              -70.5446966543904,
              -32.82847997876024
            ],
            [
              -70.5446966543904,
              -32.82848074463686
            ],
            [
              -70.54469486066553,
              -32.82848074463686
            ],
            [
              -70.54469486066553,
              -32.82848151051348
            ],
            [
              -70.5446921700782,
              -32.82848151051348
            ],
            [
              -70.5446921700782,
              -32.8284822763901
            ],
            [
              -70.5446894794909,
              -32.8284822763901
            ],
            [
              -70.5446894794909,
              -32.82848304226671
            ],
            [
              -70.54468678890358,
              -32.82848304226671
            ],
            [
              -70.54468678890358,
              -32.82848380814333
            ],
            [
              -70.54468499517871,
              -32.82848380814333
            ],
            [
              -70.54468499517871,
              -32.828484574019946
            ],
            [
              -70.54468230459139,
              -32.828484574019946
            ],
            [
              -70.54468230459139,
              -32.82848533989656
            ],
            [
              -70.54467961400408,
              -32.82848533989656
            ],
            [
              -70.54467961400408,
              -32.82848610577318
            ],
            [
              -70.54467692341676,
              -32.82848610577318
            ],
            [
              -70.54467692341676,
              -32.828486871649794
            ],
            [
              -70.54467512969188,
              -32.828486871649794
            ],
            [
              -70.54467512969188,
              -32.828487637526415
            ],
            [
              -70.54467243910457,
              -32.828487637526415
            ],
            [
              -70.54467243910457,
              -32.82848840340303
            ],
            [
              -70.54466974851725,
              -32.82848840340303
            ],
            [
              -70.54466974851725,
              -32.82848916927965
            ],
            [
              -70.54466705792994,
              -32.82848916927965
            ],
            [
              -70.54466705792994,
              -32.82848993515626
            ],
            [
              -70.54466526420507,
              -32.82848993515626
            ],
            [
              -70.54466526420507,
              -32.82849070103288
            ],
            [
              -70.54466257361774,
              -32.82849070103288
            ],
            [
              -70.54466257361774,
              -32.8284914669095
            ],
            [
              -70.54465988303043,
              -32.8284914669095
            ],
            [
              -70.54465988303043,
              -32.82849223278611
            ],
            [
              -70.54465719244311,
              -32.82849223278611
            ],
            [
              -70.54465719244311,
              -32.82849299866273
            ],
            [
              -70.5446545018558,
              -32.82849299866273
            ],
            [
              -70.5446545018558,
              -32.828493764539346
            ],
            [
              -70.54465270813093,
              -32.828493764539346
            ],
            [
              -70.54465270813093,
              -32.828494530415966
            ],
            [
              -70.5446500175436,
              -32.828494530415966
            ],
            [
              -70.5446500175436,
              -32.82849529629258
            ],
            [
              -70.5446473269563,
              -32.82849529629258
            ],
            [
              -70.5446473269563,
              -32.828496062169194
            ],
            [
              -70.54464463636897,
              -32.828496062169194
            ],
            [
              -70.54464463636897,
              -32.828496828045814
            ],
            [
              -70.5446428426441,
              -32.828496828045814
            ],
            [
              -70.5446428426441,
              -32.82849759392243
            ],
            [
              -70.54464015205679,
              -32.82849759392243
            ],
            [
              -70.54464015205679,
              -32.82849835979905
            ],
            [
              -70.54463746146946,
              -32.82849835979905
            ],
            [
              -70.54463746146946,
              -32.82849912567566
            ],
            [
              -70.54463477088215,
              -32.82849912567566
            ],
            [
              -70.54463477088215,
              -32.82849989155228
            ],
            [
              -70.54463297715728,
              -32.82849989155228
            ],
            [
              -70.54463297715728,
              -32.8285006574289
            ],
            [
              -70.54463028656997,
              -32.8285006574289
            ],
            [
              -70.54463028656997,
              -32.82850142330552
            ],
            [
              -70.54462759598265,
              -32.82850142330552
            ],
            [
              -70.54462759598265,
              -32.82850218918213
            ],
            [
              -70.54462490539534,
              -32.82850218918213
            ],
            [
              -70.54462490539534,
              -32.828502955058745
            ],
            [
              -70.54462311167046,
              -32.828502955058745
            ],
            [
              -70.54462311167046,
              -32.828503720935366
            ],
            [
              -70.54462042108314,
              -32.828503720935366
            ],
            [
              -70.54462042108314,
              -32.82850448681198
            ],
            [
              -70.54461773049583,
              -32.82850448681198
            ],
            [
              -70.54461773049583,
              -32.8285052526886
            ],
            [
              -70.5446150399085,
              -32.8285052526886
            ],
            [
              -70.5446150399085,
              -32.828506018565214
            ],
            [
              -70.5446123493212,
              -32.828506018565214
            ],
            [
              -70.5446123493212,
              -32.828506784441835
            ],
            [
              -70.54461055559632,
              -32.828506784441835
            ],
            [
              -70.54461055559632,
              -32.82850755031845
            ],
            [
              -70.544607865009,
              -32.82850755031845
            ],
            [
              -70.544607865009,
              -32.82850831619506
            ],
            [
              -70.54460517442169,
              -32.82850831619506
            ],
            [
              -70.54460517442169,
              -32.82850908207168
            ],
            [
              -70.54460248383437,
              -32.82850908207168
            ],
            [
              -70.54460248383437,
              -32.8285098479483
            ],
            [
              -70.54460069010949,
              -32.8285098479483
            ],
            [
              -70.54460069010949,
              -32.82851061382492
            ],
            [
              -70.54459799952218,
              -32.82851061382492
            ],
            [
              -70.54459799952218,
              -32.82851137970153
            ],
            [
              -70.54459530893486,
              -32.82851137970153
            ],
            [
              -70.54459530893486,
              -32.82851214557815
            ],
            [
              -70.54459261834755,
              -32.82851214557815
            ],
            [
              -70.54459261834755,
              -32.828512911454766
            ],
            [
              -70.54459082462267,
              -32.828512911454766
            ],
            [
              -70.54459082462267,
              -32.82851367733138
            ],
            [
              -70.54458813403535,
              -32.82851367733138
            ],
            [
              -70.54458813403535,
              -32.828514443208
            ],
            [
              -70.54458544344804,
              -32.828514443208
            ],
            [
              -70.54458544344804,
              -32.828515209084614
            ],
            [
              -70.54458275286073,
              -32.828515209084614
            ],
            [
              -70.54458275286073,
              -32.828515974961235
            ],
            [
              -70.54458095913586,
              -32.828515974961235
            ],
            [
              -70.54458095913586,
              -32.82851674083785
            ],
            [
              -70.54457826854853,
              -32.82851674083785
            ],
            [
              -70.54457826854853,
              -32.82851750671447
            ],
            [
              -70.54457557796123,
              -32.82851750671447
            ],
            [
              -70.54457557796123,
              -32.82851827259108
            ],
            [
              -70.5445728873739,
              -32.82851827259108
            ],
            [
              -70.5445728873739,
              -32.8285190384677
            ],
            [
              -70.5445701967866,
              -32.8285190384677
            ],
            [
              -70.5445701967866,
              -32.82851980434432
            ],
            [
              -70.54456840306172,
              -32.82851980434432
            ],
            [
              -70.54456840306172,
              -32.82852057022093
            ],
            [
              -70.5445657124744,
              -32.82852057022093
            ],
            [
              -70.5445657124744,
              -32.82852133609755
            ],
            [
              -70.54456302188709,
              -32.82852133609755
            ],
            [
              -70.54456302188709,
              -32.828522101974166
            ],
            [
              -70.54456033129976,
              -32.828522101974166
            ],
            [
              -70.54456033129976,
              -32.828522867850786
            ],
            [
              -70.54455853757489,
              -32.828522867850786
            ],
            [
              -70.54455853757489,
              -32.8285236337274
            ],
            [
              -70.54455584698758,
              -32.8285236337274
            ],
            [
              -70.54455584698758,
              -32.828524399604014
            ],
            [
              -70.54455315640026,
              -32.828524399604014
            ],
            [
              -70.54455315640026,
              -32.828525165480634
            ],
            [
              -70.54455046581295,
              -32.828525165480634
            ],
            [
              -70.54455046581295,
              -32.82852593135725
            ],
            [
              -70.54454867208807,
              -32.82852593135725
            ],
            [
              -70.54454867208807,
              -32.82852669723387
            ],
            [
              -70.54454598150075,
              -32.82852669723387
            ],
            [
              -70.54454598150075,
              -32.82852746311048
            ],
            [
              -70.54454329091344,
              -32.82852746311048
            ],
            [
              -70.54454329091344,
              -32.8285282289871
            ],
            [
              -70.54454060032612,
              -32.8285282289871
            ],
            [
              -70.54454060032612,
              -32.82852899486372
            ],
            [
              -70.54453880660124,
              -32.82852899486372
            ],
            [
              -70.54453880660124,
              -32.82852976074033
            ],
            [
              -70.54453611601393,
              -32.82852976074033
            ],
            [
              -70.54453611601393,
              -32.82853052661695
            ],
            [
              -70.54453342542662,
              -32.82853052661695
            ],
            [
              -70.54453342542662,
              -32.828531292493565
            ],
            [
              -70.5445307348393,
              -32.828531292493565
            ],
            [
              -70.5445307348393,
              -32.828532058370186
            ],
            [
              -70.54452804425199,
              -32.828532058370186
            ],
            [
              -70.54452804425199,
              -32.8285328242468
            ],
            [
              -70.54452625052711,
              -32.8285328242468
            ],
            [
              -70.54452625052711,
              -32.82853359012342
            ],
            [
              -70.54452355993979,
              -32.82853359012342
            ],
            [
              -70.54452355993979,
              -32.828534356000034
            ],
            [
              -70.54452086935248,
              -32.828534356000034
            ],
            [
              -70.54452086935248,
              -32.82853512187665
            ],
            [
              -70.54451817876516,
              -32.82853512187665
            ],
            [
              -70.54451817876516,
              -32.82853588775327
            ],
            [
              -70.54451638504028,
              -32.82853588775327
            ],
            [
              -70.54451638504028,
              -32.82853665362988
            ],
            [
              -70.54451369445297,
              -32.82853665362988
            ],
            [
              -70.54451369445297,
              -32.8285374195065
            ],
            [
              -70.54451100386565,
              -32.8285374195065
            ],
            [
              -70.54451100386565,
              -32.82853818538312
            ],
            [
              -70.54450831327834,
              -32.82853818538312
            ],
            [
              -70.54450831327834,
              -32.82853895125974
            ],
            [
              -70.54450651955347,
              -32.82853895125974
            ],
            [
              -70.54450651955347,
              -32.82853971713635
            ],
            [
              -70.54450382896614,
              -32.82853971713635
            ],
            [
              -70.54450382896614,
              -32.828540483012965
            ],
            [
              -70.54450113837883,
              -32.828540483012965
            ],
            [
              -70.54450113837883,
              -32.828541248889586
            ],
            [
              -70.54449844779151,
              -32.828541248889586
            ],
            [
              -70.54449844779151,
              -32.8285420147662
            ],
            [
              -70.54449665406663,
              -32.8285420147662
            ],
            [
              -70.54449665406663,
              -32.82854278064282
            ],
            [
              -70.54449396347933,
              -32.82854278064282
            ],
            [
              -70.54449396347933,
              -32.828543546519434
            ],
            [
              -70.544491272892,
              -32.828543546519434
            ],
            [
              -70.544491272892,
              -32.828544312396055
            ],
            [
              -70.5444885823047,
              -32.828544312396055
            ],
            [
              -70.5444885823047,
              -32.82854507827267
            ],
            [
              -70.54448589171739,
              -32.82854507827267
            ],
            [
              -70.54448589171739,
              -32.82854584414929
            ],
            [
              -70.54448409799251,
              -32.82854584414929
            ],
            [
              -70.54448409799251,
              -32.8285466100259
            ],
            [
              -70.54448140740519,
              -32.8285466100259
            ],
            [
              -70.54448140740519,
              -32.82854737590252
            ],
            [
              -70.54447871681788,
              -32.82854737590252
            ],
            [
              -70.54447871681788,
              -32.82854814177914
            ],
            [
              -70.54447602623056,
              -32.82854814177914
            ],
            [
              -70.54447602623056,
              -32.82854890765575
            ],
            [
              -70.54447423250568,
              -32.82854890765575
            ],
            [
              -70.54447423250568,
              -32.82854967353237
            ],
            [
              -70.54447154191837,
              -32.82854967353237
            ],
            [
              -70.54447154191837,
              -32.828550439408986
            ],
            [
              -70.54446885133105,
              -32.828550439408986
            ],
            [
              -70.54446885133105,
              -32.828551205285606
            ],
            [
              -70.54446616074374,
              -32.828551205285606
            ],
            [
              -70.54446616074374,
              -32.82855197116222
            ],
            [
              -70.54446436701886,
              -32.82855197116222
            ],
            [
              -70.54446436701886,
              -32.828552737038834
            ],
            [
              -70.54446167643154,
              -32.828552737038834
            ],
            [
              -70.54446167643154,
              -32.828553502915454
            ],
            [
              -70.54445898584423,
              -32.828553502915454
            ],
            [
              -70.54445898584423,
              -32.82855426879207
            ],
            [
              -70.54445629525691,
              -32.82855426879207
            ],
            [
              -70.54445629525691,
              -32.82855503466869
            ],
            [
              -70.5444536046696,
              -32.82855503466869
            ],
            [
              -70.5444536046696,
              -32.8285558005453
            ],
            [
              -70.54445181094472,
              -32.8285558005453
            ],
            [
              -70.54445181094472,
              -32.82855656642192
            ],
            [
              -70.5444491203574,
              -32.82855656642192
            ],
            [
              -70.5444491203574,
              -32.82855733229854
            ],
            [
              -70.54444642977009,
              -32.82855733229854
            ],
            [
              -70.54444642977009,
              -32.82855809817515
            ],
            [
              -70.54444373918277,
              -32.82855809817515
            ],
            [
              -70.54444373918277,
              -32.82855886405177
            ],
            [
              -70.54444194545789,
              -32.82855886405177
            ],
            [
              -70.54444194545789,
              -32.828559629928385
            ],
            [
              -70.54443925487058,
              -32.828559629928385
            ],
            [
              -70.54443925487058,
              -32.828560395805006
            ],
            [
              -70.54443656428327,
              -32.828560395805006
            ],
            [
              -70.54443656428327,
              -32.82856116168162
            ],
            [
              -70.54443387369595,
              -32.82856116168162
            ],
            [
              -70.54443387369595,
              -32.82856192755824
            ],
            [
              -70.54443207997107,
              -32.82856192755824
            ],
            [
              -70.54443207997107,
              -32.828562693434854
            ],
            [
              -70.54442938938377,
              -32.828562693434854
            ],
            [
              -70.54442938938377,
              -32.82856345931147
            ],
            [
              -70.54442669879644,
              -32.82856345931147
            ],
            [
              -70.54442669879644,
              -32.82856422518809
            ],
            [
              -70.54442400820913,
              -32.82856422518809
            ],
            [
              -70.54442400820913,
              -32.8285649910647
            ],
            [
              -70.54442221448426,
              -32.8285649910647
            ],
            [
              -70.54442221448426,
              -32.82856575694132
            ],
            [
              -70.54441952389693,
              -32.82856575694132
            ],
            [
              -70.54441952389693,
              -32.82856652281794
            ],
            [
              -70.54441683330963,
              -32.82856652281794
            ],
            [
              -70.54441683330963,
              -32.82856728869456
            ],
            [
              -70.5444141427223,
              -32.82856728869456
            ],
            [
              -70.5444141427223,
              -32.82856805457117
            ],
            [
              -70.544411452135,
              -32.82856805457117
            ],
            [
              -70.544411452135,
              -32.828568820447785
            ],
            [
              -70.54440965841012,
              -32.828568820447785
            ],
            [
              -70.54440965841012,
              -32.828569586324406
            ],
            [
              -70.5444069678228,
              -32.828569586324406
            ],
            [
              -70.5444069678228,
              -32.82857035220102
            ],
            [
              -70.54440427723549,
              -32.82857035220102
            ],
            [
              -70.54440427723549,
              -32.82857111807764
            ],
            [
              -70.54440158664816,
              -32.82857111807764
            ],
            [
              -70.54440158664816,
              -32.828571883954254
            ],
            [
              -70.54439979292329,
              -32.828571883954254
            ],
            [
              -70.54439979292329,
              -32.828572649830875
            ],
            [
              -70.54439710233598,
              -32.828572649830875
            ],
            [
              -70.54439710233598,
              -32.82857341570749
            ],
            [
              -70.54439441174866,
              -32.82857341570749
            ],
            [
              -70.54439441174866,
              -32.8285741815841
            ],
            [
              -70.54439172116135,
              -32.8285741815841
            ],
            [
              -70.54439172116135,
              -32.82857494746072
            ],
            [
              -70.54438992743647,
              -32.82857494746072
            ],
            [
              -70.54438992743647,
              -32.82857571333734
            ],
            [
              -70.54438723684916,
              -32.82857571333734
            ],
            [
              -70.54438723684916,
              -32.82857647921396
            ],
            [
              -70.54438454626184,
              -32.82857647921396
            ],
            [
              -70.54438454626184,
              -32.82857724509057
            ],
            [
              -70.54438185567453,
              -32.82857724509057
            ],
            [
              -70.54438185567453,
              -32.82857801096719
            ],
            [
              -70.54438006194965,
              -32.82857801096719
            ],
            [
              -70.54438006194965,
              -32.828578776843806
            ],
            [
              -70.54437737136233,
              -32.828578776843806
            ],
            [
              -70.54437737136233,
              -32.82857954272042
            ],
            [
              -70.54437468077502,
              -32.82857954272042
            ],
            [
              -70.54437468077502,
              -32.82858030859704
            ],
            [
              -70.5443719901877,
              -32.82858030859704
            ],
            [
              -70.5443719901877,
              -32.828581074473654
            ],
            [
              -70.54436929960039,
              -32.828581074473654
            ],
            [
              -70.54436929960039,
              -32.828581840350274
            ],
            [
              -70.54436750587551,
              -32.828581840350274
            ],
            [
              -70.54436750587551,
              -32.82858260622689
            ],
            [
              -70.54436481528819,
              -32.82858260622689
            ],
            [
              -70.54436481528819,
              -32.82858337210351
            ],
            [
              -70.54436212470088,
              -32.82858337210351
            ],
            [
              -70.54436212470088,
              -32.82858413798012
            ],
            [
              -70.54435943411356,
              -32.82858413798012
            ],
            [
              -70.54435943411356,
              -32.82858490385674
            ],
            [
              -70.54435764038868,
              -32.82858490385674
            ],
            [
              -70.54435764038868,
              -32.82858566973336
            ],
            [
              -70.54435494980137,
              -32.82858566973336
            ],
            [
              -70.54435494980137,
              -32.82858643560997
            ],
            [
              -70.54435225921405,
              -32.82858643560997
            ],
            [
              -70.54435225921405,
              -32.82858720148659
            ],
            [
              -70.54434956862674,
              -32.82858720148659
            ],
            [
              -70.54434956862674,
              -32.828587967363205
            ],
            [
              -70.54434777490187,
              -32.828587967363205
            ],
            [
              -70.54434777490187,
              -32.828588733239826
            ],
            [
              -70.54434508431454,
              -32.828588733239826
            ],
            [
              -70.54434508431454,
              -32.82858949911644
            ],
            [
              -70.54434239372723,
              -32.82858949911644
            ],
            [
              -70.54434239372723,
              -32.82859026499306
            ],
            [
              -70.54433970313991,
              -32.82859026499306
            ],
            [
              -70.54433970313991,
              -32.828591030869674
            ],
            [
              -70.54433790941503,
              -32.828591030869674
            ],
            [
              -70.54433790941503,
              -32.82859179674629
            ],
            [
              -70.54433521882773,
              -32.82859179674629
            ],
            [
              -70.54433521882773,
              -32.82859256262291
            ],
            [
              -70.54433252824042,
              -32.82859256262291
            ],
            [
              -70.54433252824042,
              -32.82859332849952
            ],
            [
              -70.5443298376531,
              -32.82859332849952
            ],
            [
              -70.5443298376531,
              -32.82859409437614
            ],
            [
              -70.54432714706579,
              -32.82859409437614
            ],
            [
              -70.54432714706579,
              -32.82859486025276
            ],
            [
              -70.54432535334091,
              -32.82859486025276
            ],
            [
              -70.54432535334091,
              -32.82859562612938
            ],
            [
              -70.54432266275359,
              -32.82859562612938
            ],
            [
              -70.54432266275359,
              -32.82859639200599
            ],
            [
              -70.54431997216628,
              -32.82859639200599
            ],
            [
              -70.54431997216628,
              -32.828597157882605
            ],
            [
              -70.54431728157896,
              -32.828597157882605
            ],
            [
              -70.54431728157896,
              -32.828597923759226
            ],
            [
              -70.54431548785408,
              -32.828597923759226
            ],
            [
              -70.54431548785408,
              -32.82859868963584
            ],
            [
              -70.54431279726677,
              -32.82859868963584
            ],
            [
              -70.54431279726677,
              -32.82859945551246
            ],
            [
              -70.54431010667945,
              -32.82859945551246
            ],
            [
              -70.54431010667945,
              -32.828600221389074
            ],
            [
              -70.54430741609214,
              -32.828600221389074
            ],
            [
              -70.54430741609214,
              -32.828600987265695
            ],
            [
              -70.54430562236726,
              -32.828600987265695
            ],
            [
              -70.54430562236726,
              -32.82860175314231
            ],
            [
              -70.54430293177994,
              -32.82860175314231
            ],
            [
              -70.54430293177994,
              -32.82860251901892
            ],
            [
              -70.54430024119263,
              -32.82860251901892
            ],
            [
              -70.54430024119263,
              -32.82860328489554
            ],
            [
              -70.54429755060531,
              -32.82860328489554
            ],
            [
              -70.54429755060531,
              -32.82860405077216
            ],
            [
              -70.54429575688043,
              -32.82860405077216
            ],
            [
              -70.54429575688043,
              -32.82860481664878
            ],
            [
              -70.54429306629312,
              -32.82860481664878
            ],
            [
              -70.54429306629312,
              -32.82860558252539
            ],
            [
              -70.5442903757058,
              -32.82860558252539
            ],
            [
              -70.5442903757058,
              -32.82860634840201
            ],
            [
              -70.54428768511849,
              -32.82860634840201
            ],
            [
              -70.54428768511849,
              -32.828607114278626
            ],
            [
              -70.54428499453118,
              -32.828607114278626
            ],
            [
              -70.54428499453118,
              -32.82860788015524
            ],
            [
              -70.5442832008063,
              -32.82860788015524
            ],
            [
              -70.5442832008063,
              -32.82860864603186
            ],
            [
              -70.54428051021898,
              -32.82860864603186
            ],
            [
              -70.54428051021898,
              -32.828609411908474
            ],
            [
              -70.54427781963167,
              -32.828609411908474
            ],
            [
              -70.54427781963167,
              -32.828610177785094
            ],
            [
              -70.54427512904435,
              -32.828610177785094
            ],
            [
              -70.54427512904435,
              -32.82861094366171
            ],
            [
              -70.54427333531947,
              -32.82861094366171
            ],
            [
              -70.54427333531947,
              -32.82861170953833
            ],
            [
              -70.54427064473217,
              -32.82861170953833
            ],
            [
              -70.54427064473217,
              -32.82861247541494
            ],
            [
              -70.54426795414484,
              -32.82861247541494
            ],
            [
              -70.54426795414484,
              -32.828613241291556
            ],
            [
              -70.54426526355753,
              -32.828613241291556
            ],
            [
              -70.54426526355753,
              -32.82861400716818
            ],
            [
              -70.54426346983266,
              -32.82861400716818
            ],
            [
              -70.54426346983266,
              -32.82861477304479
            ],
            [
              -70.54426077924533,
              -32.82861477304479
            ],
            [
              -70.54426077924533,
              -32.82861553892141
            ],
            [
              -70.54425808865803,
              -32.82861553892141
            ],
            [
              -70.54425808865803,
              -32.828616304798025
            ],
            [
              -70.5442553980707,
              -32.828616304798025
            ],
            [
              -70.5442553980707,
              -32.828617070674646
            ],
            [
              -70.54425360434583,
              -32.828617070674646
            ],
            [
              -70.54425360434583,
              -32.82861783655126
            ],
            [
              -70.54425091375852,
              -32.82861783655126
            ],
            [
              -70.54425091375852,
              -32.82861860242787
            ],
            [
              -70.5442482231712,
              -32.82861860242787
            ],
            [
              -70.5442482231712,
              -32.828619368304494
            ],
            [
              -70.54424553258389,
              -32.828619368304494
            ],
            [
              -70.54424553258389,
              -32.82862013418111
            ],
            [
              -70.54424284199656,
              -32.82862013418111
            ],
            [
              -70.54424284199656,
              -32.82862090005773
            ],
            [
              -70.54424104827169,
              -32.82862090005773
            ],
            [
              -70.54424104827169,
              -32.82862166593434
            ],
            [
              -70.54423835768438,
              -32.82862166593434
            ],
            [
              -70.54423835768438,
              -32.82862243181096
            ],
            [
              -70.54423566709707,
              -32.82862243181096
            ],
            [
              -70.54423566709707,
              -32.82862319768758
            ],
            [
              -70.54423297650975,
              -32.82862319768758
            ],
            [
              -70.54423297650975,
              -32.8286239635642
            ],
            [
              -70.54423118278487,
              -32.8286239635642
            ],
            [
              -70.54423118278487,
              -32.82862472944081
            ],
            [
              -70.54422849219756,
              -32.82862472944081
            ],
            [
              -70.54422849219756,
              -32.828625495317425
            ],
            [
              -70.54422580161024,
              -32.828625495317425
            ],
            [
              -70.54422580161024,
              -32.828626261194046
            ],
            [
              -70.54422311102293,
              -32.828626261194046
            ],
            [
              -70.54422311102293,
              -32.82862702707066
            ],
            [
              -70.54422131729805,
              -32.82862702707066
            ],
            [
              -70.54422131729805,
              -32.82862779294728
            ],
            [
              -70.54421862671073,
              -32.82862779294728
            ],
            [
              -70.54421862671073,
              -32.828628558823894
            ],
            [
              -70.54421593612342,
              -32.828628558823894
            ],
            [
              -70.54421593612342,
              -32.828629324700515
            ],
            [
              -70.5442132455361,
              -32.828629324700515
            ],
            [
              -70.5442132455361,
              -32.82863009057713
            ],
            [
              -70.54421145181122,
              -32.82863009057713
            ],
            [
              -70.54421145181122,
              -32.82863085645374
            ],
            [
              -70.54420876122391,
              -32.82863085645374
            ],
            [
              -70.54420876122391,
              -32.82863162233036
            ],
            [
              -70.54420607063659,
              -32.82863162233036
            ],
            [
              -70.54420607063659,
              -32.82863238820698
            ],
            [
              -70.54420338004928,
              -32.82863238820698
            ],
            [
              -70.54420338004928,
              -32.8286331540836
            ],
            [
              -70.54420068946196,
              -32.8286331540836
            ],
            [
              -70.54420068946196,
              -32.82863391996021
            ],
            [
              -70.54419889573708,
              -32.82863391996021
            ],
            [
              -70.54419889573708,
              -32.82863468583683
            ],
            [
              -70.54419620514977,
              -32.82863468583683
            ],
            [
              -70.54419620514977,
              -32.828635451713446
            ],
            [
              -70.54419351456245,
              -32.828635451713446
            ],
            [
              -70.54419351456245,
              -32.82863621759006
            ],
            [
              -70.54419082397514,
              -32.82863621759006
            ],
            [
              -70.54419082397514,
              -32.82863698346668
            ],
            [
              -70.54418903025027,
              -32.82863698346668
            ],
            [
              -70.54418903025027,
              -32.828637749343294
            ],
            [
              -70.54418633966296,
              -32.828637749343294
            ],
            [
              -70.54418633966296,
              -32.828638515219914
            ],
            [
              -70.54418364907563,
              -32.828638515219914
            ],
            [
              -70.54418364907563,
              -32.82863928109653
            ],
            [
              -70.54418095848833,
              -32.82863928109653
            ],
            [
              -70.54418095848833,
              -32.82864004697315
            ],
            [
              -70.54417916476345,
              -32.82864004697315
            ],
            [
              -70.54417916476345,
              -32.82864081284976
            ],
            [
              -70.54417647417613,
              -32.82864081284976
            ],
            [
              -70.54417647417613,
              -32.828641578726376
            ],
            [
              -70.54417378358882,
              -32.828641578726376
            ],
            [
              -70.54417378358882,
              -32.828642344603
            ],
            [
              -70.5441710930015,
              -32.828642344603
            ],
            [
              -70.5441710930015,
              -32.82864311047961
            ],
            [
              -70.54416929927662,
              -32.82864311047961
            ],
            [
              -70.54416929927662,
              -32.82864387635623
            ],
            [
              -70.54416660868931,
              -32.82864387635623
            ],
            [
              -70.54416660868931,
              -32.828644642232845
            ],
            [
              -70.54416391810199,
              -32.828644642232845
            ],
            [
              -70.54416391810199,
              -32.828645408109466
            ],
            [
              -70.54416122751468,
              -32.828645408109466
            ],
            [
              -70.54416122751468,
              -32.82864617398608
            ],
            [
              -70.54415853692736,
              -32.82864617398608
            ],
            [
              -70.54415853692736,
              -32.82864693986269
            ],
            [
              -70.54415674320248,
              -32.82864693986269
            ],
            [
              -70.54415674320248,
              -32.828647705739314
            ],
            [
              -70.54415405261517,
              -32.828647705739314
            ],
            [
              -70.54415405261517,
              -32.82864847161593
            ],
            [
              -70.54415136202785,
              -32.82864847161593
            ],
            [
              -70.54415136202785,
              -32.82864923749255
            ],
            [
              -70.54414867144054,
              -32.82864923749255
            ],
            [
              -70.54414867144054,
              -32.82865000336916
            ],
            [
              -70.54414687771566,
              -32.82865000336916
            ],
            [
              -70.54414687771566,
              -32.82865076924578
            ],
            [
              -70.54414418712834,
              -32.82865076924578
            ],
            [
              -70.54414418712834,
              -32.8286515351224
            ],
            [
              -70.54414149654103,
              -32.8286515351224
            ],
            [
              -70.54414149654103,
              -32.82865230099901
            ],
            [
              -70.54413880595372,
              -32.82865230099901
            ],
            [
              -70.54413880595372,
              -32.82865306687563
            ],
            [
              -70.54413701222884,
              -32.82865306687563
            ],
            [
              -70.54413701222884,
              -32.828653832752245
            ],
            [
              -70.54413432164152,
              -32.828653832752245
            ],
            [
              -70.54413432164152,
              -32.828654598628866
            ],
            [
              -70.54413163105421,
              -32.828654598628866
            ],
            [
              -70.54413163105421,
              -32.82865536450548
            ],
            [
              -70.54412894046689,
              -32.82865536450548
            ],
            [
              -70.54412894046689,
              -32.8286561303821
            ],
            [
              -70.54412714674201,
              -32.8286561303821
            ],
            [
              -70.54412714674201,
              -32.828656896258714
            ],
            [
              -70.5441244561547,
              -32.828656896258714
            ],
            [
              -70.5441244561547,
              -32.82865766213533
            ],
            [
              -70.54412176556738,
              -32.82865766213533
            ],
            [
              -70.54412176556738,
              -32.82865842801195
            ],
            [
              -70.54411907498007,
              -32.82865842801195
            ],
            [
              -70.54411907498007,
              -32.82865919388856
            ],
            [
              -70.54411638439275,
              -32.82865919388856
            ],
            [
              -70.54411638439275,
              -32.82865995976518
            ],
            [
              -70.54411459066787,
              -32.82865995976518
            ],
            [
              -70.54411459066787,
              -32.8286607256418
            ],
            [
              -70.54411190008057,
              -32.8286607256418
            ],
            [
              -70.54411190008057,
              -32.82866149151842
            ],
            [
              -70.54410920949324,
              -32.82866149151842
            ],
            [
              -70.54410920949324,
              -32.82866225739503
            ],
            [
              -70.54410651890593,
              -32.82866225739503
            ],
            [
              -70.54410651890593,
              -32.828663023271645
            ],
            [
              -70.54410472518106,
              -32.828663023271645
            ],
            [
              -70.54410472518106,
              -32.828663789148266
            ],
            [
              -70.54410203459373,
              -32.828663789148266
            ],
            [
              -70.54410203459373,
              -32.82866455502488
            ],
            [
              -70.54409934400643,
              -32.82866455502488
            ],
            [
              -70.54409934400643,
              -32.8286653209015
            ],
            [
              -70.5440966534191,
              -32.8286653209015
            ],
            [
              -70.5440966534191,
              -32.828666086778114
            ],
            [
              -70.54409485969423,
              -32.828666086778114
            ],
            [
              -70.54409485969423,
              -32.828666852654734
            ],
            [
              -70.54409216910692,
              -32.828666852654734
            ],
            [
              -70.54409216910692,
              -32.82866761853135
            ],
            [
              -70.5440894785196,
              -32.82866761853135
            ],
            [
              -70.5440894785196,
              -32.82866838440797
            ],
            [
              -70.54408678793229,
              -32.82866838440797
            ],
            [
              -70.54408678793229,
              -32.82866915028458
            ],
            [
              -70.54408409734498,
              -32.82866915028458
            ],
            [
              -70.54408409734498,
              -32.828669916161196
            ],
            [
              -70.5440823036201,
              -32.828669916161196
            ],
            [
              -70.5440823036201,
              -32.82867068203782
            ],
            [
              -70.54407961303278,
              -32.82867068203782
            ],
            [
              -70.54407961303278,
              -32.82867144791443
            ],
            [
              -70.54407692244547,
              -32.82867144791443
            ],
            [
              -70.54407692244547,
              -32.82867221379105
            ],
            [
              -70.54407423185815,
              -32.82867221379105
            ],
            [
              -70.54407423185815,
              -32.828672979667665
            ],
            [
              -70.54407243813327,
              -32.828672979667665
            ],
            [
              -70.54407243813327,
              -32.828673745544286
            ],
            [
              -70.54406974754596,
              -32.828673745544286
            ],
            [
              -70.54406974754596,
              -32.8286745114209
            ],
            [
              -70.54406705695864,
              -32.8286745114209
            ],
            [
              -70.54406705695864,
              -32.82867527729751
            ],
            [
              -70.54406436637133,
              -32.82867527729751
            ],
            [
              -70.54406436637133,
              -32.828676043174134
            ],
            [
              -70.54406257264645,
              -32.828676043174134
            ],
            [
              -70.54406257264645,
              -32.82867680905075
            ],
            [
              -70.54405988205913,
              -32.82867680905075
            ],
            [
              -70.54405988205913,
              -32.82867757492737
            ],
            [
              -70.54405719147182,
              -32.82867757492737
            ],
            [
              -70.54405719147182,
              -32.82867834080398
            ],
            [
              -70.5440545008845,
              -32.82867834080398
            ],
            [
              -70.5440545008845,
              -32.8286791066806
            ],
            [
              -70.54405270715962,
              -32.8286791066806
            ],
            [
              -70.54405270715962,
              -32.82867987255722
            ],
            [
              -70.54405001657231,
              -32.82867987255722
            ],
            [
              -70.54405001657231,
              -32.82868063843383
            ],
            [
              -70.54404732598499,
              -32.82868063843383
            ],
            [
              -70.54404732598499,
              -32.82868140431045
            ],
            [
              -70.54404463539768,
              -32.82868140431045
            ],
            [
              -70.54404463539768,
              -32.828682170187065
            ],
            [
              -70.54404194481036,
              -32.828682170187065
            ],
            [
              -70.54404194481036,
              -32.828682936063686
            ],
            [
              -70.54404015108548,
              -32.828682936063686
            ],
            [
              -70.54404015108548,
              -32.8286837019403
            ],
            [
              -70.54403746049817,
              -32.8286837019403
            ],
            [
              -70.54403746049817,
              -32.82868446781692
            ],
            [
              -70.54403476991087,
              -32.82868446781692
            ],
            [
              -70.54403476991087,
              -32.828685233693534
            ],
            [
              -70.54403207932354,
              -32.828685233693534
            ],
            [
              -70.54403207932354,
              -32.82868599957015
            ],
            [
              -70.54403028559867,
              -32.82868599957015
            ],
            [
              -70.54403028559867,
              -32.82868676544677
            ],
            [
              -70.54402759501136,
              -32.82868676544677
            ],
            [
              -70.54402759501136,
              -32.82868753132338
            ],
            [
              -70.54402490442403,
              -32.82868753132338
            ],
            [
              -70.54402490442403,
              -32.8286882972
            ],
            [
              -70.54402221383673,
              -32.8286882972
            ],
            [
              -70.54402221383673,
              -32.82868906307662
            ],
            [
              -70.54402042011185,
              -32.82868906307662
            ],
            [
              -70.54402042011185,
              -32.82868982895324
            ],
            [
              -70.54401772952453,
              -32.82868982895324
            ],
            [
              -70.54401772952453,
              -32.82869059482985
            ],
            [
              -70.54401503893722,
              -32.82869059482985
            ],
            [
              -70.54401503893722,
              -32.828691360706465
            ],
            [
              -70.5440123483499,
              -32.828691360706465
            ],
            [
              -70.5440123483499,
              -32.828692126583086
            ],
            [
              -70.54401055462502,
              -32.828692126583086
            ],
            [
              -70.54401055462502,
              -32.8286928924597
            ],
            [
              -70.54400786403771,
              -32.8286928924597
            ],
            [
              -70.54400786403771,
              -32.82869365833632
            ],
            [
              -70.54400517345039,
              -32.82869365833632
            ],
            [
              -70.54400517345039,
              -32.828694424212934
            ],
            [
              -70.54400248286308,
              -32.828694424212934
            ],
            [
              -70.54400248286308,
              -32.828695190089555
            ],
            [
              -70.54399979227576,
              -32.828695190089555
            ],
            [
              -70.54399979227576,
              -32.82869595596617
            ],
            [
              -70.54399799855088,
              -32.82869595596617
            ],
            [
              -70.54399799855088,
              -32.82869672184278
            ],
            [
              -70.54399530796357,
              -32.82869672184278
            ],
            [
              -70.54399530796357,
              -32.8286974877194
            ],
            [
              -70.54399261737625,
              -32.8286974877194
            ],
            [
              -70.54399261737625,
              -32.828698253596016
            ],
            [
              -70.54398992678894,
              -32.828698253596016
            ],
            [
              -70.54398992678894,
              -32.82869901947264
            ],
            [
              -70.54398813306406,
              -32.82869901947264
            ],
            [
              -70.54398813306406,
              -32.82869978534925
            ],
            [
              -70.54398544247675,
              -32.82869978534925
            ],
            [
              -70.54398544247675,
              -32.82870055122587
            ],
            [
              -70.54398275188943,
              -32.82870055122587
            ],
            [
              -70.54398275188943,
              -32.828701317102485
            ],
            [
              -70.54398006130212,
              -32.828701317102485
            ],
            [
              -70.54398006130212,
              -32.8287020829791
            ],
            [
              -70.54397826757724,
              -32.8287020829791
            ],
            [
              -70.54397826757724,
              -32.82870284885572
            ],
            [
              -70.54397557698992,
              -32.82870284885572
            ],
            [
              -70.54397557698992,
              -32.82870361473233
            ],
            [
              -70.54397288640261,
              -32.82870361473233
            ],
            [
              -70.54397288640261,
              -32.828704380608954
            ],
            [
              -70.54397019581529,
              -32.828704380608954
            ],
            [
              -70.54397019581529,
              -32.82870514648557
            ],
            [
              -70.54396840209041,
              -32.82870514648557
            ],
            [
              -70.54396840209041,
              -32.82870591236219
            ],
            [
              -70.5439657115031,
              -32.82870591236219
            ],
            [
              -70.5439657115031,
              -32.8287066782388
            ],
            [
              -70.54396302091578,
              -32.8287066782388
            ],
            [
              -70.54396302091578,
              -32.82870744411542
            ],
            [
              -70.54396033032847,
              -32.82870744411542
            ],
            [
              -70.54396033032847,
              -32.82870820999204
            ],
            [
              -70.54395763974115,
              -32.82870820999204
            ],
            [
              -70.54395763974115,
              -32.82870897586865
            ],
            [
              -70.54395584601627,
              -32.82870897586865
            ],
            [
              -70.54395584601627,
              -32.82870974174527
            ],
            [
              -70.54395315542897,
              -32.82870974174527
            ],
            [
              -70.54395315542897,
              -32.828710507621885
            ],
            [
              -70.54395046484164,
              -32.828710507621885
            ],
            [
              -70.54395046484164,
              -32.828711273498506
            ],
            [
              -70.54394777425433,
              -32.828711273498506
            ],
            [
              -70.54394777425433,
              -32.82871203937512
            ],
            [
              -70.54394598052946,
              -32.82871203937512
            ],
            [
              -70.54394598052946,
              -32.82871280525174
            ],
            [
              -70.54394328994213,
              -32.82871280525174
            ],
            [
              -70.54394328994213,
              -32.828713571128354
            ],
            [
              -70.54394059935483,
              -32.828713571128354
            ],
            [
              -70.54394059935483,
              -32.82871433700497
            ],
            [
              -70.54393790876752,
              -32.82871433700497
            ],
            [
              -70.54393790876752,
              -32.82871510288159
            ],
            [
              -70.54393611504264,
              -32.82871510288159
            ],
            [
              -70.54393611504264,
              -32.8287158687582
            ],
            [
              -70.54393342445532,
              -32.8287158687582
            ],
            [
              -70.54393342445532,
              -32.82871663463482
            ],
            [
              -70.54393073386801,
              -32.82871663463482
            ],
            [
              -70.54393073386801,
              -32.82871740051144
            ],
            [
              -70.54392804328069,
              -32.82871740051144
            ],
            [
              -70.54392804328069,
              -32.82871816638806
            ],
            [
              -70.54392624955581,
              -32.82871816638806
            ],
            [
              -70.54392624955581,
              -32.82871893226467
            ],
            [
              -70.5439235589685,
              -32.82871893226467
            ],
            [
              -70.5439235589685,
              -32.828719698141285
            ],
            [
              -70.54392086838118,
              -32.828719698141285
            ],
            [
              -70.54392086838118,
              -32.828720464017906
            ],
            [
              -70.54391817779387,
              -32.828720464017906
            ],
            [
              -70.54391817779387,
              -32.82872122989452
            ],
            [
              -70.54391548720655,
              -32.82872122989452
            ],
            [
              -70.54391548720655,
              -32.82872199577114
            ],
            [
              -70.54391369348167,
              -32.82872199577114
            ],
            [
              -70.54391369348167,
              -32.828722761647754
            ],
            [
              -70.54391100289436,
              -32.828722761647754
            ],
            [
              -70.54391100289436,
              -32.828723527524375
            ],
            [
              -70.54390831230704,
              -32.828723527524375
            ],
            [
              -70.54390831230704,
              -32.82872429340099
            ],
            [
              -70.54390562171973,
              -32.82872429340099
            ],
            [
              -70.54390562171973,
              -32.8287250592776
            ],
            [
              -70.54390382799485,
              -32.8287250592776
            ],
            [
              -70.54390382799485,
              -32.82872582515422
            ],
            [
              -70.54390113740753,
              -32.82872582515422
            ],
            [
              -70.54390113740753,
              -32.828726591030836
            ],
            [
              -70.54389844682022,
              -32.828726591030836
            ],
            [
              -70.54389844682022,
              -32.82872735690746
            ],
            [
              -70.5438957562329,
              -32.82872735690746
            ],
            [
              -70.5438957562329,
              -32.82872812278407
            ],
            [
              -70.54389396250802,
              -32.82872812278407
            ],
            [
              -70.54389396250802,
              -32.82872888866069
            ],
            [
              -70.54389127192071,
              -32.82872888866069
            ],
            [
              -70.54389127192071,
              -32.828729654537305
            ],
            [
              -70.5438885813334,
              -32.828729654537305
            ],
            [
              -70.5438885813334,
              -32.82873042041392
            ],
            [
              -70.54388589074608,
              -32.82873042041392
            ],
            [
              -70.54388589074608,
              -32.82873118629054
            ],
            [
              -70.5438840970212,
              -32.82873118629054
            ],
            [
              -70.5438840970212,
              -32.82873195216715
            ],
            [
              -70.5438814064339,
              -32.82873195216715
            ],
            [
              -70.5438814064339,
              -32.828732718043774
            ],
            [
              -70.54387871584657,
              -32.828732718043774
            ],
            [
              -70.54387871584657,
              -32.82873348392039
            ],
            [
              -70.54387602525927,
              -32.82873348392039
            ],
            [
              -70.54387602525927,
              -32.82873424979701
            ],
            [
              -70.54387333467194,
              -32.82873424979701
            ],
            [
              -70.54387333467194,
              -32.82873501567362
            ],
            [
              -70.54387154094707,
              -32.82873501567362
            ],
            [
              -70.54387154094707,
              -32.828735781550236
            ],
            [
              -70.54386885035976,
              -32.828735781550236
            ],
            [
              -70.54386885035976,
              -32.82873654742686
            ],
            [
              -70.54386615977243,
              -32.82873654742686
            ],
            [
              -70.54386615977243,
              -32.82873731330347
            ],
            [
              -70.54386346918513,
              -32.82873731330347
            ],
            [
              -70.54386346918513,
              -32.82873807918009
            ],
            [
              -70.54386167546025,
              -32.82873807918009
            ],
            [
              -70.54386167546025,
              -32.828738845056705
            ],
            [
              -70.54385898487293,
              -32.828738845056705
            ],
            [
              -70.54385898487293,
              -32.828739610933326
            ],
            [
              -70.54385629428562,
              -32.828739610933326
            ],
            [
              -70.54385629428562,
              -32.82874037680994
            ],
            [
              -70.5438536036983,
              -32.82874037680994
            ],
            [
              -70.5438536036983,
              -32.82874114268655
            ],
            [
              -70.54385180997342,
              -32.82874114268655
            ],
            [
              -70.54385180997342,
              -32.828741908563174
            ],
            [
              -70.54384911938611,
              -32.828741908563174
            ],
            [
              -70.54384911938611,
              -32.82874267443979
            ],
            [
              -70.54384642879879,
              -32.82874267443979
            ],
            [
              -70.54384642879879,
              -32.82874344031641
            ],
            [
              -70.54384373821148,
              -32.82874344031641
            ],
            [
              -70.54384373821148,
              -32.82874420619302
            ],
            [
              -70.5438419444866,
              -32.82874420619302
            ],
            [
              -70.5438419444866,
              -32.82874497206964
            ],
            [
              -70.54383925389929,
              -32.82874497206964
            ],
            [
              -70.54383925389929,
              -32.82874573794626
            ],
            [
              -70.54383656331197,
              -32.82874573794626
            ],
            [
              -70.54383656331197,
              -32.82874650382288
            ],
            [
              -70.54383387272466,
              -32.82874650382288
            ],
            [
              -70.54383387272466,
              -32.82874726969949
            ],
            [
              -70.54383118213734,
              -32.82874726969949
            ],
            [
              -70.54383118213734,
              -32.828748035576105
            ],
            [
              -70.54382938841246,
              -32.828748035576105
            ],
            [
              -70.54382938841246,
              -32.828748801452726
            ],
            [
              -70.54382669782515,
              -32.828748801452726
            ],
            [
              -70.54382669782515,
              -32.82874956732934
            ],
            [
              -70.54382400723783,
              -32.82874956732934
            ],
            [
              -70.54382400723783,
              -32.82875033320596
            ],
            [
              -70.54382131665052,
              -32.82875033320596
            ],
            [
              -70.54382131665052,
              -32.828751099082574
            ],
            [
              -70.54381952292565,
              -32.828751099082574
            ],
            [
              -70.54381952292565,
              -32.828751864959195
            ],
            [
              -70.54381683233832,
              -32.828751864959195
            ],
            [
              -70.54381683233832,
              -32.82875263083581
            ],
            [
              -70.54381414175101,
              -32.82875263083581
            ],
            [
              -70.54381414175101,
              -32.82875339671242
            ],
            [
              -70.54381145116369,
              -32.82875339671242
            ],
            [
              -70.54381145116369,
              -32.82875416258904
            ],
            [
              -70.54380965743881,
              -32.82875416258904
            ],
            [
              -70.54380965743881,
              -32.828754928465656
            ],
            [
              -70.5438069668515,
              -32.828754928465656
            ],
            [
              -70.5438069668515,
              -32.82875569434228
            ],
            [
              -70.54380427626418,
              -32.82875569434228
            ],
            [
              -70.54380427626418,
              -32.82875646021889
            ],
            [
              -70.54380158567687,
              -32.82875646021889
            ],
            [
              -70.54380158567687,
              -32.82875722609551
            ],
            [
              -70.543799791952,
              -32.82875722609551
            ],
            [
              -70.543799791952,
              -32.828757991972125
            ],
            [
              -70.54379710136467,
              -32.828757991972125
            ],
            [
              -70.54379710136467,
              -32.82875875784874
            ],
            [
              -70.54379441077737,
              -32.82875875784874
            ],
            [
              -70.54379441077737,
              -32.82875952372536
            ],
            [
              -70.54379172019004,
              -32.82875952372536
            ],
            [
              -70.54379172019004,
              -32.82876028960197
            ],
            [
              -70.54378902960273,
              -32.82876028960197
            ],
            [
              -70.54378902960273,
              -32.828761055478594
            ],
            [
              -70.54378723587786,
              -32.828761055478594
            ],
            [
              -70.54378723587786,
              -32.82876182135521
            ],
            [
              -70.54378454529055,
              -32.82876182135521
            ],
            [
              -70.54378454529055,
              -32.82876258723183
            ],
            [
              -70.54378185470323,
              -32.82876258723183
            ],
            [
              -70.54378185470323,
              -32.82876335310844
            ],
            [
              -70.54377916411592,
              -32.82876335310844
            ],
            [
              -70.54377916411592,
              -32.828764118985056
            ],
            [
              -70.54377737039104,
              -32.828764118985056
            ],
            [
              -70.54377737039104,
              -32.82876488486168
            ],
            [
              -70.54377467980372,
              -32.82876488486168
            ],
            [
              -70.54377467980372,
              -32.82876565073829
            ],
            [
              -70.54377198921641,
              -32.82876565073829
            ],
            [
              -70.54377198921641,
              -32.82876641661491
            ],
            [
              -70.54376929862909,
              -32.82876641661491
            ],
            [
              -70.54376929862909,
              -32.828767182491525
            ],
            [
              -70.54376750490421,
              -32.828767182491525
            ],
            [
              -70.54376750490421,
              -32.828767948368146
            ],
            [
              -70.5437648143169,
              -32.828767948368146
            ],
            [
              -70.5437648143169,
              -32.82876871424476
            ],
            [
              -70.54376212372958,
              -32.82876871424476
            ],
            [
              -70.54376212372958,
              -32.82876948012137
            ],
            [
              -70.54375943314227,
              -32.82876948012137
            ],
            [
              -70.54375943314227,
              -32.828770245997994
            ],
            [
              -70.5437576394174,
              -32.828770245997994
            ],
            [
              -70.5437576394174,
              -32.82877101187461
            ],
            [
              -70.54375494883007,
              -32.82877101187461
            ],
            [
              -70.54375494883007,
              -32.82877177775123
            ],
            [
              -70.54375225824276,
              -32.82877177775123
            ],
            [
              -70.54375225824276,
              -32.82877254362784
            ],
            [
              -70.54374956765544,
              -32.82877254362784
            ],
            [
              -70.54374956765544,
              -32.82877330950446
            ],
            [
              -70.54374687706813,
              -32.82877330950446
            ],
            [
              -70.54374687706813,
              -32.82877407538108
            ],
            [
              -70.54374508334325,
              -32.82877407538108
            ],
            [
              -70.54374508334325,
              -32.82877484125769
            ],
            [
              -70.54374239275593,
              -32.82877484125769
            ],
            [
              -70.54374239275593,
              -32.82877560713431
            ],
            [
              -70.54373970216862,
              -32.82877560713431
            ],
            [
              -70.54373970216862,
              -32.828776373010925
            ],
            [
              -70.54373701158131,
              -32.828776373010925
            ],
            [
              -70.54373701158131,
              -32.828777138887546
            ],
            [
              -70.54373521785644,
              -32.828777138887546
            ],
            [
              -70.54373521785644,
              -32.82877790476416
            ],
            [
              -70.54373252726911,
              -32.82877790476416
            ],
            [
              -70.54373252726911,
              -32.82877867064078
            ],
            [
              -70.5437298366818,
              -32.82877867064078
            ],
            [
              -70.5437298366818,
              -32.828779436517394
            ],
            [
              -70.54372714609448,
              -32.828779436517394
            ],
            [
              -70.54372714609448,
              -32.82878020239401
            ],
            [
              -70.5437253523696,
              -32.82878020239401
            ],
            [
              -70.5437253523696,
              -32.82878096827063
            ],
            [
              -70.5437226617823,
              -32.82878096827063
            ],
            [
              -70.5437226617823,
              -32.82878173414724
            ],
            [
              -70.54371997119497,
              -32.82878173414724
            ],
            [
              -70.54371997119497,
              -32.82878250002386
            ],
            [
              -70.54371728060767,
              -32.82878250002386
            ],
            [
              -70.54371728060767,
              -32.828783265900476
            ],
            [
              -70.54371548688279,
              -32.828783265900476
            ],
            [
              -70.54371548688279,
              -32.8287840317771
            ],
            [
              -70.54371279629547,
              -32.8287840317771
            ],
            [
              -70.54371279629547,
              -32.82878479765371
            ],
            [
              -70.54371010570816,
              -32.82878479765371
            ],
            [
              -70.54371010570816,
              -32.828785563530325
            ],
            [
              -70.54370741512083,
              -32.828785563530325
            ],
            [
              -70.54370741512083,
              -32.828786329406945
            ],
            [
              -70.54370472453353,
              -32.828786329406945
            ],
            [
              -70.54370472453353,
              -32.82878709528356
            ],
            [
              -70.54370293080865,
              -32.82878709528356
            ],
            [
              -70.54370293080865,
              -32.82878786116018
            ],
            [
              -70.54370024022133,
              -32.82878786116018
            ],
            [
              -70.54370024022133,
              -32.82878862703679
            ],
            [
              -70.54369754963402,
              -32.82878862703679
            ],
            [
              -70.54369754963402,
              -32.828789392913414
            ],
            [
              -70.5436948590467,
              -32.828789392913414
            ],
            [
              -70.5436948590467,
              -32.82879015879003
            ],
            [
              -70.54369306532182,
              -32.82879015879003
            ],
            [
              -70.54369306532182,
              -32.82879092466665
            ],
            [
              -70.54369037473451,
              -32.82879092466665
            ],
            [
              -70.54369037473451,
              -32.82879169054326
            ],
            [
              -70.5436876841472,
              -32.82879169054326
            ],
            [
              -70.5436876841472,
              -32.828792456419876
            ],
            [
              -70.54368499355988,
              -32.828792456419876
            ],
            [
              -70.54368499355988,
              -32.8287932222965
            ],
            [
              -70.543683199835,
              -32.8287932222965
            ],
            [
              -70.543683199835,
              -32.82879398817311
            ],
            [
              -70.5436805092477,
              -32.82879398817311
            ],
            [
              -70.5436805092477,
              -32.82879475404973
            ],
            [
              -70.54367781866037,
              -32.82879475404973
            ],
            [
              -70.54367781866037,
              -32.828795519926345
            ],
            [
              -70.54367512807306,
              -32.828795519926345
            ],
            [
              -70.54367512807306,
              -32.828796285802966
            ],
            [
              -70.54367243748574,
              -32.828796285802966
            ],
            [
              -70.54367243748574,
              -32.82879705167958
            ],
            [
              -70.54367064376086,
              -32.82879705167958
            ],
            [
              -70.54367064376086,
              -32.82879781755619
            ],
            [
              -70.54366795317355,
              -32.82879781755619
            ],
            [
              -70.54366795317355,
              -32.828798583432814
            ],
            [
              -70.54366526258623,
              -32.828798583432814
            ],
            [
              -70.54366526258623,
              -32.82879934930943
            ],
            [
              -70.54366257199892,
              -32.82879934930943
            ],
            [
              -70.54366257199892,
              -32.82880011518605
            ],
            [
              -70.54366077827405,
              -32.82880011518605
            ],
            [
              -70.54366077827405,
              -32.82880088106266
            ],
            [
              -70.54365808768672,
              -32.82880088106266
            ],
            [
              -70.54365808768672,
              -32.82880164693928
            ],
            [
              -70.54365539709941,
              -32.82880164693928
            ],
            [
              -70.54365539709941,
              -32.8288024128159
            ],
            [
              -70.54365270651209,
              -32.8288024128159
            ],
            [
              -70.54365270651209,
              -32.82880317869251
            ],
            [
              -70.54365091278721,
              -32.82880317869251
            ],
            [
              -70.54365091278721,
              -32.82880394456913
            ],
            [
              -70.5436482221999,
              -32.82880394456913
            ],
            [
              -70.5436482221999,
              -32.828804710445745
            ],
            [
              -70.54364553161258,
              -32.828804710445745
            ],
            [
              -70.54364553161258,
              -32.828805476322366
            ],
            [
              -70.54364284102527,
              -32.828805476322366
            ],
            [
              -70.54364284102527,
              -32.82880624219898
            ],
            [
              -70.5436410473004,
              -32.82880624219898
            ],
            [
              -70.5436410473004,
              -32.8288070080756
            ],
            [
              -70.54363835671309,
              -32.8288070080756
            ],
            [
              -70.54363835671309,
              -32.828807773952214
            ],
            [
              -70.54363566612577,
              -32.828807773952214
            ],
            [
              -70.54363566612577,
              -32.82880853982883
            ],
            [
              -70.54363297553846,
              -32.82880853982883
            ],
            [
              -70.54363297553846,
              -32.82880930570545
            ],
            [
              -70.54363028495113,
              -32.82880930570545
            ],
            [
              -70.54363028495113,
              -32.82881007158206
            ],
            [
              -70.54362849122626,
              -32.82881007158206
            ],
            [
              -70.54362849122626,
              -32.82881083745868
            ],
            [
              -70.54362580063895,
              -32.82881083745868
            ],
            [
              -70.54362580063895,
              -32.828811603335296
            ],
            [
              -70.54362311005163,
              -32.828811603335296
            ],
            [
              -70.54362311005163,
              -32.82881236921192
            ],
            [
              -70.54362041946432,
              -32.82881236921192
            ],
            [
              -70.54362041946432,
              -32.82881313508853
            ],
            [
              -70.54361862573944,
              -32.82881313508853
            ],
            [
              -70.54361862573944,
              -32.828813900965145
            ],
            [
              -70.54361593515212,
              -32.828813900965145
            ],
            [
              -70.54361593515212,
              -32.828814666841765
            ],
            [
              -70.54361324456481,
              -32.828814666841765
            ],
            [
              -70.54361324456481,
              -32.82881543271838
            ],
            [
              -70.54361055397749,
              -32.82881543271838
            ],
            [
              -70.54361055397749,
              -32.828816198595
            ],
            [
              -70.54360876025261,
              -32.828816198595
            ],
            [
              -70.54360876025261,
              -32.82881696447161
            ],
            [
              -70.5436060696653,
              -32.82881696447161
            ],
            [
              -70.5436060696653,
              -32.828817730348234
            ],
            [
              -70.54360337907798,
              -32.828817730348234
            ],
            [
              -70.54360337907798,
              -32.82881849622485
            ],
            [
              -70.54360068849067,
              -32.82881849622485
            ],
            [
              -70.54360068849067,
              -32.82881926210146
            ],
            [
              -70.5435988947658,
              -32.82881926210146
            ],
            [
              -70.5435988947658,
              -32.82882002797808
            ],
            [
              -70.54359620417847,
              -32.82882002797808
            ],
            [
              -70.54359620417847,
              -32.828820793854696
            ],
            [
              -70.54359351359116,
              -32.828820793854696
            ],
            [
              -70.54359351359116,
              -32.82882155973132
            ],
            [
              -70.54359082300385,
              -32.82882155973132
            ],
            [
              -70.54359082300385,
              -32.82882232560793
            ],
            [
              -70.54358813241653,
              -32.82882232560793
            ],
            [
              -70.54358813241653,
              -32.82882309148455
            ],
            [
              -70.54358633869165,
              -32.82882309148455
            ],
            [
              -70.54358633869165,
              -32.828823857361165
            ],
            [
              -70.54358364810435,
              -32.828823857361165
            ],
            [
              -70.54358364810435,
              -32.82882462323778
            ],
            [
              -70.54358095751702,
              -32.82882462323778
            ],
            [
              -70.54358095751702,
              -32.8288253891144
            ],
            [
              -70.54357826692971,
              -32.8288253891144
            ],
            [
              -70.54357826692971,
              -32.82882615499101
            ],
            [
              -70.54357647320484,
              -32.82882615499101
            ],
            [
              -70.54357647320484,
              -32.828826920867634
            ],
            [
              -70.54357378261751,
              -32.828826920867634
            ],
            [
              -70.54357378261751,
              -32.82882768674425
            ],
            [
              -70.5435710920302,
              -32.82882768674425
            ],
            [
              -70.5435710920302,
              -32.82882845262087
            ],
            [
              -70.54356840144288,
              -32.82882845262087
            ],
            [
              -70.54356840144288,
              -32.82882921849748
            ],
            [
              -70.543566607718,
              -32.82882921849748
            ],
            [
              -70.543566607718,
              -32.8288299843741
            ],
            [
              -70.5435639171307,
              -32.8288299843741
            ],
            [
              -70.5435639171307,
              -32.82883075025072
            ],
            [
              -70.54356122654337,
              -32.82883075025072
            ],
            [
              -70.54356122654337,
              -32.82883151612733
            ],
            [
              -70.54355853595607,
              -32.82883151612733
            ],
            [
              -70.54355853595607,
              -32.82883228200395
            ],
            [
              -70.54355674223119,
              -32.82883228200395
            ],
            [
              -70.54355674223119,
              -32.828833047880565
            ],
            [
              -70.54355405164387,
              -32.828833047880565
            ],
            [
              -70.54355405164387,
              -32.828833813757186
            ],
            [
              -70.54355136105656,
              -32.828833813757186
            ],
            [
              -70.54355136105656,
              -32.8288345796338
            ],
            [
              -70.54354867046924,
              -32.8288345796338
            ],
            [
              -70.54354867046924,
              -32.82883534551042
            ],
            [
              -70.54354597988193,
              -32.82883534551042
            ],
            [
              -70.54354597988193,
              -32.828836111387034
            ],
            [
              -70.54354418615705,
              -32.828836111387034
            ],
            [
              -70.54354418615705,
              -32.82883687726365
            ],
            [
              -70.54354149556974,
              -32.82883687726365
            ],
            [
              -70.54354149556974,
              -32.82883764314027
            ],
            [
              -70.54353880498242,
              -32.82883764314027
            ],
            [
              -70.54353880498242,
              -32.82883840901688
            ],
            [
              -70.54353611439511,
              -32.82883840901688
            ],
            [
              -70.54353611439511,
              -32.8288391748935
            ],
            [
              -70.54353432067023,
              -32.8288391748935
            ],
            [
              -70.54353432067023,
              -32.828839940770116
            ],
            [
              -70.54353163008291,
              -32.828839940770116
            ],
            [
              -70.54353163008291,
              -32.82884070664674
            ],
            [
              -70.5435289394956,
              -32.82884070664674
            ],
            [
              -70.5435289394956,
              -32.82884147252335
            ],
            [
              -70.54352624890828,
              -32.82884147252335
            ],
            [
              -70.54352624890828,
              -32.828842238399965
            ],
            [
              -70.5435244551834,
              -32.828842238399965
            ],
            [
              -70.5435244551834,
              -32.828843004276585
            ],
            [
              -70.5435217645961,
              -32.828843004276585
            ],
            [
              -70.5435217645961,
              -32.8288437701532
            ],
            [
              -70.54351907400877,
              -32.8288437701532
            ],
            [
              -70.54351907400877,
              -32.82884453602982
            ],
            [
              -70.54351638342146,
              -32.82884453602982
            ],
            [
              -70.54351638342146,
              -32.82884530190643
            ],
            [
              -70.54351458969658,
              -32.82884530190643
            ],
            [
              -70.54351458969658,
              -32.828846067783054
            ],
            [
              -70.54351189910926,
              -32.828846067783054
            ],
            [
              -70.54351189910926,
              -32.82884683365967
            ],
            [
              -70.54350920852195,
              -32.82884683365967
            ],
            [
              -70.54350920852195,
              -32.82884759953628
            ],
            [
              -70.54350651793463,
              -32.82884759953628
            ],
            [
              -70.54350651793463,
              -32.8288483654129
            ],
            [
              -70.54350382734732,
              -32.8288483654129
            ],
            [
              -70.54350382734732,
              -32.828849131289516
            ],
            [
              -70.54350203362245,
              -32.828849131289516
            ],
            [
              -70.54350203362245,
              -32.82884989716614
            ],
            [
              -70.54349934303512,
              -32.82884989716614
            ],
            [
              -70.54349934303512,
              -32.82885066304275
            ],
            [
              -70.54349665244781,
              -32.82885066304275
            ],
            [
              -70.54349665244781,
              -32.82885142891937
            ],
            [
              -70.54349396186049,
              -32.82885142891937
            ],
            [
              -70.54349396186049,
              -32.828852194795985
            ],
            [
              -70.54349216813563,
              -32.828852194795985
            ],
            [
              -70.54349216813563,
              -32.8288529606726
            ],
            [
              -70.5434894775483,
              -32.8288529606726
            ],
            [
              -70.5434894775483,
              -32.82885372654922
            ],
            [
              -70.543486786961,
              -32.82885372654922
            ],
            [
              -70.543486786961,
              -32.82885449242583
            ],
            [
              -70.54348409637367,
              -32.82885449242583
            ],
            [
              -70.54348409637367,
              -32.828855258302454
            ],
            [
              -70.5434823026488,
              -32.828855258302454
            ],
            [
              -70.5434823026488,
              -32.82885602417907
            ],
            [
              -70.54347961206149,
              -32.82885602417907
            ],
            [
              -70.54347961206149,
              -32.82885679005569
            ],
            [
              -70.54347692147417,
              -32.82885679005569
            ],
            [
              -70.54347692147417,
              -32.8288575559323
            ],
            [
              -70.54347423088686,
              -32.8288575559323
            ],
            [
              -70.54347423088686,
              -32.828858321808916
            ],
            [
              -70.54347243716198,
              -32.828858321808916
            ],
            [
              -70.54347243716198,
              -32.82885908768554
            ],
            [
              -70.54346974657466,
              -32.82885908768554
            ],
            [
              -70.54346974657466,
              -32.82885985356215
            ],
            [
              -70.54346705598735,
              -32.82885985356215
            ],
            [
              -70.54346705598735,
              -32.82886061943877
            ],
            [
              -70.54346436540003,
              -32.82886061943877
            ],
            [
              -70.54346436540003,
              -32.828861385315385
            ],
            [
              -70.54346167481272,
              -32.828861385315385
            ],
            [
              -70.54346167481272,
              -32.828862151192006
            ],
            [
              -70.54345988108784,
              -32.828862151192006
            ],
            [
              -70.54345988108784,
              -32.82886291706862
            ],
            [
              -70.54345719050052,
              -32.82886291706862
            ],
            [
              -70.54345719050052,
              -32.82886368294523
            ],
            [
              -70.54345449991321,
              -32.82886368294523
            ],
            [
              -70.54345449991321,
              -32.828864448821854
            ],
            [
              -70.54345180932589,
              -32.828864448821854
            ],
            [
              -70.54345180932589,
              -32.82886521469847
            ],
            [
              -70.54345001560101,
              -32.82886521469847
            ],
            [
              -70.54345001560101,
              -32.82886598057509
            ],
            [
              -70.5434473250137,
              -32.82886598057509
            ],
            [
              -70.5434473250137,
              -32.8288667464517
            ],
            [
              -70.54344463442638,
              -32.8288667464517
            ],
            [
              -70.54344463442638,
              -32.82886751232832
            ],
            [
              -70.54344194383907,
              -32.82886751232832
            ],
            [
              -70.54344194383907,
              -32.828868278204936
            ],
            [
              -70.5434401501142,
              -32.828868278204936
            ],
            [
              -70.5434401501142,
              -32.82886904408156
            ],
            [
              -70.54343745952688,
              -32.82886904408156
            ],
            [
              -70.54343745952688,
              -32.82886980995817
            ],
            [
              -70.54343476893956,
              -32.82886980995817
            ],
            [
              -70.54343476893956,
              -32.828870575834785
            ],
            [
              -70.54343207835225,
              -32.828870575834785
            ],
            [
              -70.54343207835225,
              -32.828871341711405
            ],
            [
              -70.54343028462738,
              -32.828871341711405
            ],
            [
              -70.54343028462738,
              -32.82887210758802
            ],
            [
              -70.54342759404005,
              -32.82887210758802
            ],
            [
              -70.54342759404005,
              -32.82887287346464
            ],
            [
              -70.54342490345275,
              -32.82887287346464
            ],
            [
              -70.54342490345275,
              -32.82887363934125
            ],
            [
              -70.54342221286542,
              -32.82887363934125
            ],
            [
              -70.54342221286542,
              -32.828874405217874
            ],
            [
              -70.54341952227811,
              -32.828874405217874
            ],
            [
              -70.54341952227811,
              -32.82887517109449
            ],
            [
              -70.54341772855324,
              -32.82887517109449
            ],
            [
              -70.54341772855324,
              -32.8288759369711
            ],
            [
              -70.54341503796591,
              -32.8288759369711
            ],
            [
              -70.54341503796591,
              -32.82887670284772
            ],
            [
              -70.5434123473786,
              -32.82887670284772
            ],
            [
              -70.5434123473786,
              -32.828877468724336
            ],
            [
              -70.54340965679128,
              -32.828877468724336
            ],
            [
              -70.54340965679128,
              -32.82887823460096
            ],
            [
              -70.5434078630664,
              -32.82887823460096
            ],
            [
              -70.5434078630664,
              -32.82887900047757
            ],
            [
              -70.5434051724791,
              -32.82887900047757
            ],
            [
              -70.5434051724791,
              -32.82887976635419
            ],
            [
              -70.54340248189177,
              -32.82887976635419
            ],
            [
              -70.54340248189177,
              -32.828880532230805
            ],
            [
              -70.54339979130447,
              -32.828880532230805
            ],
            [
              -70.54339979130447,
              -32.82888129810742
            ],
            [
              -70.54339799757959,
              -32.82888129810742
            ],
            [
              -70.54339799757959,
              -32.82888206398404
            ],
            [
              -70.54339530699227,
              -32.82888206398404
            ],
            [
              -70.54339530699227,
              -32.82888282986065
            ],
            [
              -70.54339261640496,
              -32.82888282986065
            ],
            [
              -70.54339261640496,
              -32.828883595737274
            ],
            [
              -70.54338992581765,
              -32.828883595737274
            ],
            [
              -70.54338992581765,
              -32.82888436161389
            ],
            [
              -70.54338813209277,
              -32.82888436161389
            ],
            [
              -70.54338813209277,
              -32.82888512749051
            ],
            [
              -70.54338544150545,
              -32.82888512749051
            ],
            [
              -70.54338544150545,
              -32.82888589336712
            ],
            [
              -70.54338275091814,
              -32.82888589336712
            ],
            [
              -70.54338275091814,
              -32.828886659243736
            ],
            [
              -70.54338006033082,
              -32.828886659243736
            ],
            [
              -70.54338006033082,
              -32.82888742512036
            ],
            [
              -70.54337736974351,
              -32.82888742512036
            ],
            [
              -70.54337736974351,
              -32.82888819099697
            ],
            [
              -70.54337557601863,
              -32.82888819099697
            ],
            [
              -70.54337557601863,
              -32.82888895687359
            ],
            [
              -70.54337288543131,
              -32.82888895687359
            ],
            [
              -70.54337288543131,
              -32.828889722750205
            ],
            [
              -70.543370194844,
              -32.828889722750205
            ],
            [
              -70.543370194844,
              -32.828890488626826
            ],
            [
              -70.54336750425668,
              -32.828890488626826
            ],
            [
              -70.54336750425668,
              -32.82889125450344
            ],
            [
              -70.5433657105318,
              -32.82889125450344
            ],
            [
              -70.5433657105318,
              -32.82889202038005
            ],
            [
              -70.5433630199445,
              -32.82889202038005
            ],
            [
              -70.5433630199445,
              -32.828892786256674
            ],
            [
              -70.54336032935717,
              -32.828892786256674
            ],
            [
              -70.54336032935717,
              -32.82889355213329
            ],
            [
              -70.54335763876986,
              -32.82889355213329
            ],
            [
              -70.54335763876986,
              -32.82889431800991
            ],
            [
              -70.54335584504499,
              -32.82889431800991
            ],
            [
              -70.54335584504499,
              -32.82889508388652
            ],
            [
              -70.54335315445766,
              -32.82889508388652
            ],
            [
              -70.54335315445766,
              -32.82889584976314
            ],
            [
              -70.54335046387035,
              -32.82889584976314
            ],
            [
              -70.54335046387035,
              -32.828896615639756
            ],
            [
              -70.54334777328303,
              -32.828896615639756
            ],
            [
              -70.54334777328303,
              -32.82889738151637
            ],
            [
              -70.54334597955815,
              -32.82889738151637
            ],
            [
              -70.54334597955815,
              -32.82889814739299
            ],
            [
              -70.54334328897085,
              -32.82889814739299
            ],
            [
              -70.54334328897085,
              -32.828898913269605
            ],
            [
              -70.54334059838354,
              -32.828898913269605
            ],
            [
              -70.54334059838354,
              -32.828899679146225
            ],
            [
              -70.54333790779621,
              -32.828899679146225
            ],
            [
              -70.54333790779621,
              -32.82890044502284
            ],
            [
              -70.5433352172089,
              -32.82890044502284
            ],
            [
              -70.5433352172089,
              -32.82890121089946
            ],
            [
              -70.54333342348403,
              -32.82890121089946
            ],
            [
              -70.54333342348403,
              -32.82890197677607
            ],
            [
              -70.5433307328967,
              -32.82890197677607
            ],
            [
              -70.5433307328967,
              -32.82890274265269
            ],
            [
              -70.5433280423094,
              -32.82890274265269
            ],
            [
              -70.5433280423094,
              -32.82890350852931
            ],
            [
              -70.54332535172207,
              -32.82890350852931
            ],
            [
              -70.54332535172207,
              -32.82890427440592
            ],
            [
              -70.5433235579972,
              -32.82890427440592
            ],
            [
              -70.5433235579972,
              -32.82890504028254
            ],
            [
              -70.54332086740989,
              -32.82890504028254
            ],
            [
              -70.54332086740989,
              -32.828905806159156
            ],
            [
              -70.54331817682257,
              -32.828905806159156
            ],
            [
              -70.54331817682257,
              -32.82890657203578
            ],
            [
              -70.54331548623526,
              -32.82890657203578
            ],
            [
              -70.54331548623526,
              -32.82890733791239
            ],
            [
              -70.54331369251038,
              -32.82890733791239
            ],
            [
              -70.54331369251038,
              -32.828908103789004
            ],
            [
              -70.54331100192306,
              -32.828908103789004
            ],
            [
              -70.54331100192306,
              -32.828908869665625
            ],
            [
              -70.54330831133575,
              -32.828908869665625
            ],
            [
              -70.54330831133575,
              -32.82890963554224
            ],
            [
              -70.54330562074843,
              -32.82890963554224
            ],
            [
              -70.54330562074843,
              -32.82891040141886
            ],
            [
              -70.54330293016112,
              -32.82891040141886
            ],
            [
              -70.54330293016112,
              -32.82891116729547
            ],
            [
              -70.54330113643624,
              -32.82891116729547
            ],
            [
              -70.54330113643624,
              -32.828911933172094
            ],
            [
              -70.54329844584892,
              -32.828911933172094
            ],
            [
              -70.54329844584892,
              -32.82891269904871
            ],
            [
              -70.54329575526161,
              -32.82891269904871
            ],
            [
              -70.54329575526161,
              -32.82891346492533
            ],
            [
              -70.5432930646743,
              -32.82891346492533
            ],
            [
              -70.5432930646743,
              -32.82891423080194
            ],
            [
              -70.54329127094942,
              -32.82891423080194
            ],
            [
              -70.54329127094942,
              -32.828914996678556
            ],
            [
              -70.5432885803621,
              -32.828914996678556
            ],
            [
              -70.5432885803621,
              -32.82891576255518
            ],
            [
              -70.5432858897748,
              -32.82891576255518
            ],
            [
              -70.5432858897748,
              -32.82891652843179
            ],
            [
              -70.54328319918747,
              -32.82891652843179
            ],
            [
              -70.54328319918747,
              -32.82891729430841
            ],
            [
              -70.5432814054626,
              -32.82891729430841
            ],
            [
              -70.5432814054626,
              -32.828918060185025
            ],
            [
              -70.54327871487529,
              -32.828918060185025
            ],
            [
              -70.54327871487529,
              -32.828918826061646
            ],
            [
              -70.54327602428796,
              -32.828918826061646
            ],
            [
              -70.54327602428796,
              -32.82891959193826
            ],
            [
              -70.54327333370065,
              -32.82891959193826
            ],
            [
              -70.54327333370065,
              -32.82892035781487
            ],
            [
              -70.54327153997578,
              -32.82892035781487
            ],
            [
              -70.54327153997578,
              -32.828921123691494
            ],
            [
              -70.54326884938845,
              -32.828921123691494
            ],
            [
              -70.54326884938845,
              -32.82892188956811
            ],
            [
              -70.54326615880115,
              -32.82892188956811
            ],
            [
              -70.54326615880115,
              -32.82892265544473
            ],
            [
              -70.54326346821382,
              -32.82892265544473
            ],
            [
              -70.54326346821382,
              -32.82892342132134
            ],
            [
              -70.54326077762651,
              -32.82892342132134
            ],
            [
              -70.54326077762651,
              -32.82892418719796
            ],
            [
              -70.54325898390164,
              -32.82892418719796
            ],
            [
              -70.54325898390164,
              -32.828924953074576
            ],
            [
              -70.54325629331431,
              -32.828924953074576
            ],
            [
              -70.54325629331431,
              -32.82892571895119
            ],
            [
              -70.543253602727,
              -32.82892571895119
            ],
            [
              -70.543253602727,
              -32.82892648482781
            ],
            [
              -70.54325091213968,
              -32.82892648482781
            ],
            [
              -70.54325091213968,
              -32.828927250704425
            ],
            [
              -70.5432491184148,
              -32.828927250704425
            ],
            [
              -70.5432491184148,
              -32.828928016581045
            ],
            [
              -70.5432464278275,
              -32.828928016581045
            ],
            [
              -70.5432464278275,
              -32.82892878245766
            ],
            [
              -70.54324373724019,
              -32.82892878245766
            ],
            [
              -70.54324373724019,
              -32.82892954833428
            ],
            [
              -70.54324104665287,
              -32.82892954833428
            ],
            [
              -70.54324104665287,
              -32.82893031421089
            ],
            [
              -70.54323925292799,
              -32.82893031421089
            ],
            [
              -70.54323925292799,
              -32.82893108008751
            ],
            [
              -70.54323656234068,
              -32.82893108008751
            ],
            [
              -70.54323656234068,
              -32.82893184596413
            ],
            [
              -70.54323387175336,
              -32.82893184596413
            ],
            [
              -70.54323387175336,
              -32.82893261184074
            ],
            [
              -70.54323118116605,
              -32.82893261184074
            ],
            [
              -70.54323118116605,
              -32.82893337771736
            ],
            [
              -70.54322938744117,
              -32.82893337771736
            ],
            [
              -70.54322938744117,
              -32.828934143593976
            ],
            [
              -70.54322669685385,
              -32.828934143593976
            ],
            [
              -70.54322669685385,
              -32.8289349094706
            ],
            [
              -70.54322400626654,
              -32.8289349094706
            ],
            [
              -70.54322400626654,
              -32.82893567534721
            ],
            [
              -70.54322131567922,
              -32.82893567534721
            ],
            [
              -70.54322131567922,
              -32.828936441223824
            ],
            [
              -70.54321862509191,
              -32.828936441223824
            ],
            [
              -70.54321862509191,
              -32.828937207100445
            ],
            [
              -70.54321683136703,
              -32.828937207100445
            ],
            [
              -70.54321683136703,
              -32.82893797297706
            ],
            [
              -70.54321414077971,
              -32.82893797297706
            ],
            [
              -70.54321414077971,
              -32.82893873885368
            ],
            [
              -70.5432114501924,
              -32.82893873885368
            ],
            [
              -70.5432114501924,
              -32.82893950473029
            ],
            [
              -70.54320875960508,
              -32.82893950473029
            ],
            [
              -70.54320875960508,
              -32.828940270606914
            ],
            [
              -70.5432069658802,
              -32.828940270606914
            ],
            [
              -70.5432069658802,
              -32.82894103648353
            ],
            [
              -70.5432042752929,
              -32.82894103648353
            ],
            [
              -70.5432042752929,
              -32.82894180236014
            ],
            [
              -70.54320158470557,
              -32.82894180236014
            ],
            [
              -70.54320158470557,
              -32.82894256823676
            ],
            [
              -70.54319889411826,
              -32.82894256823676
            ],
            [
              -70.54319889411826,
              -32.828943334113376
            ],
            [
              -70.54319710039339,
              -32.828943334113376
            ],
            [
              -70.54319710039339,
              -32.82894409999
            ],
            [
              -70.54319440980608,
              -32.82894409999
            ],
            [
              -70.54319440980608,
              -32.82894486586661
            ],
            [
              -70.54319171921875,
              -32.82894486586661
            ],
            [
              -70.54319171921875,
              -32.82894563174323
            ],
            [
              -70.54318902863145,
              -32.82894563174323
            ],
            [
              -70.54318902863145,
              -32.828946397619845
            ],
            [
              -70.54318723490657,
              -32.828946397619845
            ],
            [
              -70.54318723490657,
              -32.82894716349646
            ],
            [
              -70.54318454431925,
              -32.82894716349646
            ],
            [
              -70.54318454431925,
              -32.82894792937308
            ],
            [
              -70.54318185373194,
              -32.82894792937308
            ],
            [
              -70.54318185373194,
              -32.82894869524969
            ],
            [
              -70.54317916314461,
              -32.82894869524969
            ],
            [
              -70.54317916314461,
              -32.828949461126314
            ],
            [
              -70.5431764725573,
              -32.828949461126314
            ],
            [
              -70.5431764725573,
              -32.82895022700293
            ],
            [
              -70.54317467883243,
              -32.82895022700293
            ],
            [
              -70.54317467883243,
              -32.82895099287955
            ],
            [
              -70.5431719882451,
              -32.82895099287955
            ],
            [
              -70.5431719882451,
              -32.82895175875616
            ],
            [
              -70.5431692976578,
              -32.82895175875616
            ],
            [
              -70.5431692976578,
              -32.82895252463278
            ],
            [
              -70.54316660707048,
              -32.82895252463278
            ],
            [
              -70.54316660707048,
              -32.828953290509396
            ],
            [
              -70.5431648133456,
              -32.828953290509396
            ],
            [
              -70.5431648133456,
              -32.82895405638601
            ],
            [
              -70.54316212275829,
              -32.82895405638601
            ],
            [
              -70.54316212275829,
              -32.82895482226263
            ],
            [
              -70.54315943217097,
              -32.82895482226263
            ],
            [
              -70.54315943217097,
              -32.828955588139245
            ],
            [
              -70.54315674158366,
              -32.828955588139245
            ],
            [
              -70.54315674158366,
              -32.828956354015865
            ],
            [
              -70.54315494785878,
              -32.828956354015865
            ],
            [
              -70.54315494785878,
              -32.82895711989248
            ],
            [
              -70.54315225727146,
              -32.82895711989248
            ],
            [
              -70.54315225727146,
              -32.8289578857691
            ],
            [
              -70.54314956668415,
              -32.8289578857691
            ],
            [
              -70.54314956668415,
              -32.82895865164571
            ],
            [
              -70.54314687609683,
              -32.82895865164571
            ],
            [
              -70.54314687609683,
              -32.82895941752233
            ],
            [
              -70.54314508237196,
              -32.82895941752233
            ],
            [
              -70.54314508237196,
              -32.82896018339895
            ],
            [
              -70.54314239178464,
              -32.82896018339895
            ],
            [
              -70.54314239178464,
              -32.82896094927556
            ],
            [
              -70.54313970119733,
              -32.82896094927556
            ],
            [
              -70.54313970119733,
              -32.82896171515218
            ],
            [
              -70.54313701061001,
              -32.82896171515218
            ],
            [
              -70.54313701061001,
              -32.828962481028796
            ],
            [
              -70.5431343200227,
              -32.828962481028796
            ],
            [
              -70.5431343200227,
              -32.82896324690542
            ],
            [
              -70.54313252629782,
              -32.82896324690542
            ],
            [
              -70.54313252629782,
              -32.82896401278203
            ],
            [
              -70.5431298357105,
              -32.82896401278203
            ],
            [
              -70.5431298357105,
              -32.828964778658644
            ],
            [
              -70.5431271451232,
              -32.828964778658644
            ],
            [
              -70.5431271451232,
              -32.828965544535265
            ],
            [
              -70.54312445453587,
              -32.828965544535265
            ],
            [
              -70.54312445453587,
              -32.82896631041188
            ],
            [
              -70.543122660811,
              -32.82896631041188
            ],
            [
              -70.543122660811,
              -32.8289670762885
            ],
            [
              -70.54311997022369,
              -32.8289670762885
            ],
            [
              -70.54311997022369,
              -32.82896784216511
            ],
            [
              -70.54311727963636,
              -32.82896784216511
            ],
            [
              -70.54311727963636,
              -32.828968608041734
            ],
            [
              -70.54311458904905,
              -32.828968608041734
            ],
            [
              -70.54311458904905,
              -32.82896937391835
            ],
            [
              -70.54311279532418,
              -32.82896937391835
            ],
            [
              -70.54311279532418,
              -32.82897013979496
            ],
            [
              -70.54311010473685,
              -32.82897013979496
            ],
            [
              -70.54311010473685,
              -32.82897090567158
            ],
            [
              -70.54310741414955,
              -32.82897090567158
            ],
            [
              -70.54310741414955,
              -32.828971671548196
            ],
            [
              -70.54310472356222,
              -32.828971671548196
            ],
            [
              -70.54310472356222,
              -32.82897243742482
            ],
            [
              -70.54310292983735,
              -32.82897243742482
            ],
            [
              -70.54310292983735,
              -32.82897320330143
            ],
            [
              -70.54310023925004,
              -32.82897320330143
            ],
            [
              -70.54310023925004,
              -32.82897396917805
            ],
            [
              -70.54309754866271,
              -32.82897396917805
            ],
            [
              -70.54309754866271,
              -32.828974735054665
            ],
            [
              -70.5430948580754,
              -32.828974735054665
            ],
            [
              -70.5430948580754,
              -32.82897550093128
            ],
            [
              -70.5430921674881,
              -32.82897550093128
            ],
            [
              -70.5430921674881,
              -32.8289762668079
            ],
            [
              -70.54309037376322,
              -32.8289762668079
            ],
            [
              -70.54309037376322,
              -32.82897703268451
            ],
            [
              -70.5430876831759,
              -32.82897703268451
            ],
            [
              -70.5430876831759,
              -32.828977798561134
            ],
            [
              -70.54308499258859,
              -32.828977798561134
            ],
            [
              -70.54308499258859,
              -32.82897856443775
            ],
            [
              -70.54308230200127,
              -32.82897856443775
            ],
            [
              -70.54308230200127,
              -32.82897933031437
            ],
            [
              -70.54308050827639,
              -32.82897933031437
            ],
            [
              -70.54308050827639,
              -32.82898009619098
            ],
            [
              -70.54307781768908,
              -32.82898009619098
            ],
            [
              -70.54307781768908,
              -32.828980862067596
            ],
            [
              -70.54307512710176,
              -32.828980862067596
            ],
            [
              -70.54307512710176,
              -32.828981627944216
            ],
            [
              -70.54307243651445,
              -32.828981627944216
            ],
            [
              -70.54307243651445,
              -32.82898239382083
            ],
            [
              -70.54307064278957,
              -32.82898239382083
            ],
            [
              -70.54307064278957,
              -32.82898315969745
            ],
            [
              -70.54306795220225,
              -32.82898315969745
            ],
            [
              -70.54306795220225,
              -32.828983925574065
            ],
            [
              -70.54306526161494,
              -32.828983925574065
            ],
            [
              -70.54306526161494,
              -32.828984691450685
            ],
            [
              -70.54306257102762,
              -32.828984691450685
            ],
            [
              -70.54306257102762,
              -32.8289854573273
            ],
            [
              -70.54306077730274,
              -32.8289854573273
            ],
            [
              -70.54306077730274,
              -32.82898622320391
            ],
            [
              -70.54305808671543,
              -32.82898622320391
            ],
            [
              -70.54305808671543,
              -32.82898698908053
            ],
            [
              -70.54305539612811,
              -32.82898698908053
            ],
            [
              -70.54305539612811,
              -32.82898775495715
            ],
            [
              -70.5430527055408,
              -32.82898775495715
            ],
            [
              -70.5430527055408,
              -32.82898852083377
            ],
            [
              -70.54305001495348,
              -32.82898852083377
            ],
            [
              -70.54305001495348,
              -32.82898928671038
            ],
            [
              -70.5430482212286,
              -32.82898928671038
            ],
            [
              -70.5430482212286,
              -32.828990052587
            ],
            [
              -70.5430455306413,
              -32.828990052587
            ],
            [
              -70.5430455306413,
              -32.828990818463616
            ],
            [
              -70.54304284005399,
              -32.828990818463616
            ],
            [
              -70.54304284005399,
              -32.82899158434023
            ],
            [
              -70.54304014946666,
              -32.82899158434023
            ],
            [
              -70.54304014946666,
              -32.82899235021685
            ],
            [
              -70.54303835574179,
              -32.82899235021685
            ],
            [
              -70.54303835574179,
              -32.828993116093464
            ],
            [
              -70.54303566515448,
              -32.828993116093464
            ],
            [
              -70.54303566515448,
              -32.828993881970085
            ],
            [
              -70.54303297456715,
              -32.828993881970085
            ],
            [
              -70.54303297456715,
              -32.8289946478467
            ],
            [
              -70.54303028397985,
              -32.8289946478467
            ],
            [
              -70.54303028397985,
              -32.82899541372332
            ],
            [
              -70.54302849025497,
              -32.82899541372332
            ],
            [
              -70.54302849025497,
              -32.82899617959993
            ],
            [
              -70.54302579966765,
              -32.82899617959993
            ],
            [
              -70.54302579966765,
              -32.828996945476554
            ],
            [
              -70.54302310908034,
              -32.828996945476554
            ],
            [
              -70.54302310908034,
              -32.82899771135317
            ],
            [
              -70.54302041849301,
              -32.82899771135317
            ],
            [
              -70.54302041849301,
              -32.82899847722978
            ],
            [
              -70.54301862476814,
              -32.82899847722978
            ],
            [
              -70.54301862476814,
              -32.8289992431064
            ],
            [
              -70.54301593418083,
              -32.8289992431064
            ],
            [
              -70.54301593418083,
              -32.829000008983016
            ],
            [
              -70.5430132435935,
              -32.829000008983016
            ],
            [
              -70.5430132435935,
              -32.82900077485964
            ],
            [
              -70.5430105530062,
              -32.82900077485964
            ],
            [
              -70.5430105530062,
              -32.82900154073625
            ],
            [
              -70.54300786241888,
              -32.82900154073625
            ],
            [
              -70.54300786241888,
              -32.82900230661287
            ],
            [
              -70.543006068694,
              -32.82900230661287
            ],
            [
              -70.543006068694,
              -32.829003072489485
            ],
            [
              -70.54300337810669,
              -32.829003072489485
            ],
            [
              -70.54300337810669,
              -32.8290038383661
            ],
            [
              -70.54300068751937,
              -32.8290038383661
            ],
            [
              -70.54300068751937,
              -32.82900460424272
            ],
            [
              -70.54299799693206,
              -32.82900460424272
            ],
            [
              -70.54299799693206,
              -32.82900537011933
            ],
            [
              -70.54299620320718,
              -32.82900537011933
            ],
            [
              -70.54299620320718,
              -32.829006135995954
            ],
            [
              -70.54299351261987,
              -32.829006135995954
            ],
            [
              -70.54299351261987,
              -32.82900690187257
            ],
            [
              -70.54299082203255,
              -32.82900690187257
            ],
            [
              -70.54299082203255,
              -32.82900766774919
            ],
            [
              -70.54298813144524,
              -32.82900766774919
            ],
            [
              -70.54298813144524,
              -32.8290084336258
            ],
            [
              -70.54298633772036,
              -32.8290084336258
            ],
            [
              -70.54298633772036,
              -32.829009199502416
            ],
            [
              -70.54298364713304,
              -32.829009199502416
            ],
            [
              -70.54298364713304,
              -32.829009965379036
            ],
            [
              -70.54298095654573,
              -32.829009965379036
            ],
            [
              -70.54298095654573,
              -32.82901073125565
            ],
            [
              -70.54297826595841,
              -32.82901073125565
            ],
            [
              -70.54297826595841,
              -32.82901149713227
            ],
            [
              -70.54297647223353,
              -32.82901149713227
            ],
            [
              -70.54297647223353,
              -32.829012263008885
            ],
            [
              -70.54297378164623,
              -32.829012263008885
            ],
            [
              -70.54297378164623,
              -32.829013028885505
            ],
            [
              -70.5429710910589,
              -32.829013028885505
            ],
            [
              -70.5429710910589,
              -32.82901379476212
            ],
            [
              -70.5429684004716,
              -32.82901379476212
            ],
            [
              -70.5429684004716,
              -32.82901456063873
            ],
            [
              -70.54296570988427,
              -32.82901456063873
            ],
            [
              -70.54296570988427,
              -32.82901532651535
            ],
            [
              -70.5429639161594,
              -32.82901532651535
            ],
            [
              -70.5429639161594,
              -32.82901609239197
            ],
            [
              -70.54296122557209,
              -32.82901609239197
            ],
            [
              -70.54296122557209,
              -32.82901685826859
            ],
            [
              -70.54295853498476,
              -32.82901685826859
            ],
            [
              -70.54295853498476,
              -32.8290176241452
            ],
            [
              -70.54295584439745,
              -32.8290176241452
            ],
            [
              -70.54295584439745,
              -32.82901839002182
            ],
            [
              -70.54295405067258,
              -32.82901839002182
            ],
            [
              -70.54295405067258,
              -32.829019155898436
            ],
            [
              -70.54295136008525,
              -32.829019155898436
            ],
            [
              -70.54295136008525,
              -32.82901992177505
            ],
            [
              -70.54294866949795,
              -32.82901992177505
            ],
            [
              -70.54294866949795,
              -32.82902068765167
            ],
            [
              -70.54294597891064,
              -32.82902068765167
            ],
            [
              -70.54294597891064,
              -32.829021453528284
            ],
            [
              -70.54294418518576,
              -32.829021453528284
            ],
            [
              -70.54294418518576,
              -32.829022219404905
            ],
            [
              -70.54294149459844,
              -32.829022219404905
            ],
            [
              -70.54294149459844,
              -32.82902298528152
            ],
            [
              -70.54293880401113,
              -32.82902298528152
            ],
            [
              -70.54293880401113,
              -32.82902375115814
            ],
            [
              -70.5429361134238,
              -32.82902375115814
            ],
            [
              -70.5429361134238,
              -32.82902451703475
            ],
            [
              -70.54293431969893,
              -32.82902451703475
            ],
            [
              -70.54293431969893,
              -32.82902528291137
            ],
            [
              -70.54293162911162,
              -32.82902528291137
            ],
            [
              -70.54293162911162,
              -32.82902604878799
            ],
            [
              -70.5429289385243,
              -32.82902604878799
            ],
            [
              -70.5429289385243,
              -32.8290268146646
            ],
            [
              -70.54292624793699,
              -32.8290268146646
            ],
            [
              -70.54292624793699,
              -32.82902758054122
            ],
            [
              -70.54292355734967,
              -32.82902758054122
            ],
            [
              -70.54292355734967,
              -32.829028346417836
            ],
            [
              -70.54292176362479,
              -32.829028346417836
            ],
            [
              -70.54292176362479,
              -32.82902911229446
            ],
            [
              -70.54291907303748,
              -32.82902911229446
            ],
            [
              -70.54291907303748,
              -32.82902987817107
            ],
            [
              -70.54291638245016,
              -32.82902987817107
            ],
            [
              -70.54291638245016,
              -32.829030644047684
            ],
            [
              -70.54291369186285,
              -32.829030644047684
            ],
            [
              -70.54291369186285,
              -32.829031409924305
            ],
            [
              -70.54291189813797,
              -32.829031409924305
            ],
            [
              -70.54291189813797,
              -32.82903217580092
            ],
            [
              -70.54290920755065,
              -32.82903217580092
            ],
            [
              -70.54290920755065,
              -32.82903294167754
            ],
            [
              -70.54290651696334,
              -32.82903294167754
            ],
            [
              -70.54290651696334,
              -32.82903370755415
            ],
            [
              -70.54290382637602,
              -32.82903370755415
            ],
            [
              -70.54290382637602,
              -32.829034473430774
            ],
            [
              -70.54290203265114,
              -32.829034473430774
            ],
            [
              -70.54290203265114,
              -32.82903523930739
            ],
            [
              -70.54289934206383,
              -32.82903523930739
            ],
            [
              -70.54289934206383,
              -32.82903600518401
            ],
            [
              -70.54289665147652,
              -32.82903600518401
            ],
            [
              -70.54289665147652,
              -32.82903677106062
            ],
            [
              -70.5428939608892,
              -32.82903677106062
            ],
            [
              -70.5428939608892,
              -32.829037536937236
            ],
            [
              -70.5428912703019,
              -32.829037536937236
            ],
            [
              -70.5428912703019,
              -32.829038302813856
            ],
            [
              -70.54288947657702,
              -32.829038302813856
            ],
            [
              -70.54288947657702,
              -32.82903906869047
            ],
            [
              -70.5428867859897,
              -32.82903906869047
            ],
            [
              -70.5428867859897,
              -32.82903983456709
            ],
            [
              -70.54288409540239,
              -32.82903983456709
            ],
            [
              -70.54288409540239,
              -32.829040600443705
            ],
            [
              -70.54288140481506,
              -32.829040600443705
            ],
            [
              -70.54288140481506,
              -32.829041366320325
            ],
            [
              -70.54287961109019,
              -32.829041366320325
            ],
            [
              -70.54287961109019,
              -32.82904213219694
            ],
            [
              -70.54287692050288,
              -32.82904213219694
            ],
            [
              -70.54287692050288,
              -32.82904289807355
            ],
            [
              -70.54287422991555,
              -32.82904289807355
            ],
            [
              -70.54287422991555,
              -32.82904366395017
            ],
            [
              -70.54287153932825,
              -32.82904366395017
            ],
            [
              -70.54287153932825,
              -32.82904442982679
            ],
            [
              -70.54286974560337,
              -32.82904442982679
            ],
            [
              -70.54286974560337,
              -32.82904519570341
            ],
            [
              -70.54286705501605,
              -32.82904519570341
            ],
            [
              -70.54286705501605,
              -32.82904596158002
            ],
            [
              -70.54286436442874,
              -32.82904596158002
            ],
            [
              -70.54286436442874,
              -32.82904672745664
            ],
            [
              -70.54286167384141,
              -32.82904672745664
            ],
            [
              -70.54286167384141,
              -32.829047493333256
            ],
            [
              -70.54285988011654,
              -32.829047493333256
            ],
            [
              -70.54285988011654,
              -32.82904825920987
            ],
            [
              -70.54285718952923,
              -32.82904825920987
            ],
            [
              -70.54285718952923,
              -32.82904902508649
            ],
            [
              -70.5428544989419,
              -32.82904902508649
            ],
            [
              -70.5428544989419,
              -32.829049790963104
            ],
            [
              -70.5428518083546,
              -32.829049790963104
            ],
            [
              -70.5428518083546,
              -32.829050556839725
            ],
            [
              -70.54284911776728,
              -32.829050556839725
            ],
            [
              -70.54284911776728,
              -32.82905132271634
            ],
            [
              -70.54284732404241,
              -32.82905132271634
            ],
            [
              -70.54284732404241,
              -32.82905208859296
            ],
            [
              -70.54284463345509,
              -32.82905208859296
            ],
            [
              -70.54284463345509,
              -32.82905285446957
            ],
            [
              -70.54284194286778,
              -32.82905285446957
            ],
            [
              -70.54284194286778,
              -32.82905362034619
            ],
            [
              -70.54283925228046,
              -32.82905362034619
            ],
            [
              -70.54283925228046,
              -32.82905438622281
            ],
            [
              -70.54283745855558,
              -32.82905438622281
            ],
            [
              -70.54283745855558,
              -32.82905515209942
            ],
            [
              -70.54283476796827,
              -32.82905515209942
            ],
            [
              -70.54283476796827,
              -32.82905591797604
            ],
            [
              -70.54283207738095,
              -32.82905591797604
            ],
            [
              -70.54283207738095,
              -32.829056683852656
            ],
            [
              -70.54282938679364,
              -32.829056683852656
            ],
            [
              -70.54282938679364,
              -32.82905744972928
            ],
            [
              -70.54282759306876,
              -32.82905744972928
            ],
            [
              -70.54282759306876,
              -32.82905821560589
            ],
            [
              -70.54282490248144,
              -32.82905821560589
            ],
            [
              -70.54282490248144,
              -32.829058981482504
            ],
            [
              -70.54282221189413,
              -32.829058981482504
            ],
            [
              -70.54282221189413,
              -32.829059747359125
            ],
            [
              -70.54281952130681,
              -32.829059747359125
            ],
            [
              -70.54281952130681,
              -32.82906051323574
            ],
            [
              -70.54281772758193,
              -32.82906051323574
            ],
            [
              -70.54281772758193,
              -32.82906127911236
            ],
            [
              -70.54281503699463,
              -32.82906127911236
            ],
            [
              -70.54281503699463,
              -32.82906204498897
            ],
            [
              -70.5428123464073,
              -32.82906204498897
            ],
            [
              -70.5428123464073,
              -32.829062810865594
            ],
            [
              -70.54280965582,
              -32.829062810865594
            ],
            [
              -70.54280965582,
              -32.82906357674221
            ],
            [
              -70.54280696523267,
              -32.82906357674221
            ],
            [
              -70.54280696523267,
              -32.82906434261882
            ],
            [
              -70.5428051715078,
              -32.82906434261882
            ],
            [
              -70.5428051715078,
              -32.82906510849544
            ],
            [
              -70.54280248092049,
              -32.82906510849544
            ],
            [
              -70.54280248092049,
              -32.829065874372056
            ],
            [
              -70.54279979033316,
              -32.829065874372056
            ],
            [
              -70.54279979033316,
              -32.829066640248676
            ],
            [
              -70.54279709974585,
              -32.829066640248676
            ],
            [
              -70.54279709974585,
              -32.82906740612529
            ],
            [
              -70.54279530602098,
              -32.82906740612529
            ],
            [
              -70.54279530602098,
              -32.82906817200191
            ],
            [
              -70.54279261543367,
              -32.82906817200191
            ],
            [
              -70.54279261543367,
              -32.829068937878525
            ],
            [
              -70.54278992484635,
              -32.829068937878525
            ],
            [
              -70.54278992484635,
              -32.82906970375514
            ],
            [
              -70.54278723425904,
              -32.82906970375514
            ],
            [
              -70.54278723425904,
              -32.82907046963176
            ],
            [
              -70.54278544053416,
              -32.82907046963176
            ],
            [
              -70.54278544053416,
              -32.82907123550837
            ],
            [
              -70.54278274994684,
              -32.82907123550837
            ],
            [
              -70.54278274994684,
              -32.82907200138499
            ],
            [
              -70.54278005935953,
              -32.82907200138499
            ],
            [
              -70.54278005935953,
              -32.82907276726161
            ],
            [
              -70.5427773687722,
              -32.82907276726161
            ],
            [
              -70.5427773687722,
              -32.82907353313823
            ],
            [
              -70.54277557504733,
              -32.82907353313823
            ],
            [
              -70.54277557504733,
              -32.82907429901484
            ],
            [
              -70.54277288446002,
              -32.82907429901484
            ],
            [
              -70.54277288446002,
              -32.82907506489146
            ],
            [
              -70.5427701938727,
              -32.82907506489146
            ],
            [
              -70.5427701938727,
              -32.829075830768076
            ],
            [
              -70.54276750328539,
              -32.829075830768076
            ],
            [
              -70.54276750328539,
              -32.82907659664469
            ],
            [
              -70.54276481269807,
              -32.82907659664469
            ],
            [
              -70.54276481269807,
              -32.82907736252131
            ],
            [
              -70.54276301897319,
              -32.82907736252131
            ],
            [
              -70.54276301897319,
              -32.829078128397924
            ],
            [
              -70.54276032838588,
              -32.829078128397924
            ],
            [
              -70.54276032838588,
              -32.829078894274545
            ],
            [
              -70.54275763779856,
              -32.829078894274545
            ],
            [
              -70.54275763779856,
              -32.82907966015116
            ],
            [
              -70.54275494721125,
              -32.82907966015116
            ],
            [
              -70.54275494721125,
              -32.82908042602778
            ],
            [
              -70.54275315348637,
              -32.82908042602778
            ],
            [
              -70.54275315348637,
              -32.82908119190439
            ],
            [
              -70.54275046289905,
              -32.82908119190439
            ],
            [
              -70.54275046289905,
              -32.82908195778101
            ],
            [
              -70.54274777231174,
              -32.82908195778101
            ],
            [
              -70.54274777231174,
              -32.82908272365763
            ],
            [
              -70.54274508172443,
              -32.82908272365763
            ],
            [
              -70.54274508172443,
              -32.82908348953424
            ],
            [
              -70.54274328799956,
              -32.82908348953424
            ],
            [
              -70.54274328799956,
              -32.82908425541086
            ],
            [
              -70.54274059741223,
              -32.82908425541086
            ],
            [
              -70.54274059741223,
              -32.829085021287476
            ],
            [
              -70.54273790682493,
              -32.829085021287476
            ],
            [
              -70.54273790682493,
              -32.8290857871641
            ],
            [
              -70.5427352162376,
              -32.8290857871641
            ],
            [
              -70.5427352162376,
              -32.82908655304071
            ],
            [
              -70.54273342251273,
              -32.82908655304071
            ],
            [
              -70.54273342251273,
              -32.829087318917324
            ],
            [
              -70.54273073192542,
              -32.829087318917324
            ],
            [
              -70.54273073192542,
              -32.829088084793945
            ],
            [
              -70.5427280413381,
              -32.829088084793945
            ],
            [
              -70.5427280413381,
              -32.82908885067056
            ],
            [
              -70.54272535075079,
              -32.82908885067056
            ],
            [
              -70.54272535075079,
              -32.82908961654718
            ],
            [
              -70.54272266016346,
              -32.82908961654718
            ],
            [
              -70.54272266016346,
              -32.82909038242379
            ],
            [
              -70.54272086643859,
              -32.82909038242379
            ],
            [
              -70.54272086643859,
              -32.829091148300414
            ],
            [
              -70.54271817585128,
              -32.829091148300414
            ],
            [
              -70.54271817585128,
              -32.82909191417703
            ],
            [
              -70.54271548526395,
              -32.82909191417703
            ],
            [
              -70.54271548526395,
              -32.82909268005364
            ],
            [
              -70.54271279467665,
              -32.82909268005364
            ],
            [
              -70.54271279467665,
              -32.82909344593026
            ],
            [
              -70.54271100095177,
              -32.82909344593026
            ],
            [
              -70.54271100095177,
              -32.829094211806876
            ],
            [
              -70.54270831036445,
              -32.829094211806876
            ],
            [
              -70.54270831036445,
              -32.829094977683496
            ],
            [
              -70.54270561977714,
              -32.829094977683496
            ],
            [
              -70.54270561977714,
              -32.82909574356011
            ],
            [
              -70.54270292918982,
              -32.82909574356011
            ],
            [
              -70.54270292918982,
              -32.82909650943673
            ],
            [
              -70.54270113546494,
              -32.82909650943673
            ],
            [
              -70.54270113546494,
              -32.829097275313345
            ],
            [
              -70.54269844487763,
              -32.829097275313345
            ],
            [
              -70.54269844487763,
              -32.82909804118996
            ],
            [
              -70.54269575429032,
              -32.82909804118996
            ],
            [
              -70.54269575429032,
              -32.82909880706658
            ],
            [
              -70.542693063703,
              -32.82909880706658
            ],
            [
              -70.542693063703,
              -32.82909957294319
            ],
            [
              -70.54269126997812,
              -32.82909957294319
            ],
            [
              -70.54269126997812,
              -32.82910033881981
            ],
            [
              -70.54268857939081,
              -32.82910033881981
            ],
            [
              -70.54268857939081,
              -32.82910110469643
            ],
            [
              -70.54268588880349,
              -32.82910110469643
            ],
            [
              -70.54268588880349,
              -32.82910187057305
            ],
            [
              -70.54268319821618,
              -32.82910187057305
            ],
            [
              -70.54268319821618,
              -32.82910263644966
            ],
            [
              -70.54268050762886,
              -32.82910263644966
            ],
            [
              -70.54268050762886,
              -32.829103402326275
            ],
            [
              -70.54267871390398,
              -32.829103402326275
            ],
            [
              -70.54267871390398,
              -32.829104168202896
            ],
            [
              -70.54267602331667,
              -32.829104168202896
            ],
            [
              -70.54267602331667,
              -32.82910493407951
            ],
            [
              -70.54267333272935,
              -32.82910493407951
            ],
            [
              -70.54267333272935,
              -32.82910569995613
            ],
            [
              -70.54267064214204,
              -32.82910569995613
            ],
            [
              -70.54267064214204,
              -32.829106465832744
            ],
            [
              -70.54266884841716,
              -32.829106465832744
            ],
            [
              -70.54266884841716,
              -32.829107231709365
            ],
            [
              -70.54266615782984,
              -32.829107231709365
            ],
            [
              -70.54266615782984,
              -32.82910799758598
            ],
            [
              -70.54266346724253,
              -32.82910799758598
            ],
            [
              -70.54266346724253,
              -32.82910876346259
            ],
            [
              -70.54266077665521,
              -32.82910876346259
            ],
            [
              -70.54266077665521,
              -32.82910952933921
            ],
            [
              -70.54265898293033,
              -32.82910952933921
            ],
            [
              -70.54265898293033,
              -32.82911029521583
            ],
            [
              -70.54265629234303,
              -32.82911029521583
            ],
            [
              -70.54265629234303,
              -32.82911106109245
            ],
            [
              -70.5426536017557,
              -32.82911106109245
            ],
            [
              -70.5426536017557,
              -32.82911182696906
            ],
            [
              -70.5426509111684,
              -32.82911182696906
            ],
            [
              -70.5426509111684,
              -32.82911259284568
            ],
            [
              -70.54264911744352,
              -32.82911259284568
            ],
            [
              -70.54264911744352,
              -32.829113358722296
            ],
            [
              -70.54264642685621,
              -32.829113358722296
            ],
            [
              -70.54264642685621,
              -32.82911412459891
            ],
            [
              -70.54264373626889,
              -32.82911412459891
            ],
            [
              -70.54264373626889,
              -32.82911489047553
            ],
            [
              -70.54264104568158,
              -32.82911489047553
            ],
            [
              -70.54264104568158,
              -32.829115656352144
            ],
            [
              -70.54263835509425,
              -32.829115656352144
            ],
            [
              -70.54263835509425,
              -32.829116422228765
            ],
            [
              -70.54263656136938,
              -32.829116422228765
            ],
            [
              -70.54263656136938,
              -32.82911718810538
            ],
            [
              -70.54263387078207,
              -32.82911718810538
            ],
            [
              -70.54263387078207,
              -32.829117953982
            ],
            [
              -70.54263118019475,
              -32.829117953982
            ],
            [
              -70.54263118019475,
              -32.82911871985861
            ],
            [
              -70.54262848960744,
              -32.82911871985861
            ],
            [
              -70.54262848960744,
              -32.829119485735234
            ],
            [
              -70.54262669588256,
              -32.829119485735234
            ],
            [
              -70.54262669588256,
              -32.82912025161185
            ],
            [
              -70.54262400529524,
              -32.82912025161185
            ],
            [
              -70.54262400529524,
              -32.82912101748846
            ],
            [
              -70.54262131470793,
              -32.82912101748846
            ],
            [
              -70.54262131470793,
              -32.82912178336508
            ],
            [
              -70.5426186241206,
              -32.82912178336508
            ],
            [
              -70.5426186241206,
              -32.829122549241696
            ],
            [
              -70.54261683039573,
              -32.829122549241696
            ],
            [
              -70.54261683039573,
              -32.829123315118316
            ],
            [
              -70.54261413980842,
              -32.829123315118316
            ],
            [
              -70.54261413980842,
              -32.82912408099493
            ],
            [
              -70.5426114492211,
              -32.82912408099493
            ],
            [
              -70.5426114492211,
              -32.82912484687155
            ],
            [
              -70.54260875863379,
              -32.82912484687155
            ],
            [
              -70.54260875863379,
              -32.829125612748165
            ],
            [
              -70.54260696490891,
              -32.829125612748165
            ],
            [
              -70.54260696490891,
              -32.82912637862478
            ],
            [
              -70.54260427432159,
              -32.82912637862478
            ],
            [
              -70.54260427432159,
              -32.8291271445014
            ],
            [
              -70.54260158373428,
              -32.8291271445014
            ],
            [
              -70.54260158373428,
              -32.82912791037801
            ],
            [
              -70.54259889314697,
              -32.82912791037801
            ],
            [
              -70.54259889314697,
              -32.82912867625463
            ],
            [
              -70.54259620255965,
              -32.82912867625463
            ],
            [
              -70.54259620255965,
              -32.82912944213125
            ],
            [
              -70.54259440883477,
              -32.82912944213125
            ],
            [
              -70.54259440883477,
              -32.82913020800787
            ],
            [
              -70.54259171824746,
              -32.82913020800787
            ],
            [
              -70.54259171824746,
              -32.82913097388448
            ],
            [
              -70.54258902766014,
              -32.82913097388448
            ],
            [
              -70.54258902766014,
              -32.829131739761095
            ],
            [
              -70.54258633707283,
              -32.829131739761095
            ],
            [
              -70.54258633707283,
              -32.829132505637716
            ],
            [
              -70.54258454334796,
              -32.829132505637716
            ],
            [
              -70.54258454334796,
              -32.82913327151433
            ],
            [
              -70.54258185276063,
              -32.82913327151433
            ],
            [
              -70.54258185276063,
              -32.82913403739095
            ],
            [
              -70.54257916217333,
              -32.82913403739095
            ],
            [
              -70.54257916217333,
              -32.829134803267564
            ],
            [
              -70.542576471586,
              -32.829134803267564
            ],
            [
              -70.542576471586,
              -32.829135569144185
            ],
            [
              -70.54257467786113,
              -32.829135569144185
            ],
            [
              -70.54257467786113,
              -32.8291363350208
            ],
            [
              -70.54257198727382,
              -32.8291363350208
            ],
            [
              -70.54257198727382,
              -32.82913710089741
            ],
            [
              -70.5425692966865,
              -32.82913710089741
            ],
            [
              -70.5425692966865,
              -32.82913786677403
            ],
            [
              -70.54256660609919,
              -32.82913786677403
            ],
            [
              -70.54256660609919,
              -32.82913863265065
            ],
            [
              -70.54256481237431,
              -32.82913863265065
            ],
            [
              -70.54256481237431,
              -32.82913939852727
            ],
            [
              -70.54256212178699,
              -32.82913939852727
            ],
            [
              -70.54256212178699,
              -32.82914016440388
            ],
            [
              -70.54255943119968,
              -32.82914016440388
            ],
            [
              -70.54255943119968,
              -32.8291409302805
            ],
            [
              -70.54255674061235,
              -32.8291409302805
            ],
            [
              -70.54255674061235,
              -32.829141696157116
            ],
            [
              -70.54255405002505,
              -32.829141696157116
            ],
            [
              -70.54255405002505,
              -32.82914246203373
            ],
            [
              -70.54255225630017,
              -32.82914246203373
            ],
            [
              -70.54255225630017,
              -32.82914322791035
            ],
            [
              -70.54254956571286,
              -32.82914322791035
            ],
            [
              -70.54254956571286,
              -32.829143993786964
            ],
            [
              -70.54254687512554,
              -32.829143993786964
            ],
            [
              -70.54254687512554,
              -32.829144759663585
            ],
            [
              -70.54254418453823,
              -32.829144759663585
            ],
            [
              -70.54254418453823,
              -32.8291455255402
            ],
            [
              -70.54254239081335,
              -32.8291455255402
            ],
            [
              -70.54254239081335,
              -32.82914629141682
            ],
            [
              -70.54253970022603,
              -32.82914629141682
            ],
            [
              -70.54253970022603,
              -32.82914705729343
            ],
            [
              -70.54253700963872,
              -32.82914705729343
            ],
            [
              -70.54253700963872,
              -32.82914782317005
            ],
            [
              -70.5425343190514,
              -32.82914782317005
            ],
            [
              -70.5425343190514,
              -32.82914858904667
            ],
            [
              -70.54253252532652,
              -32.82914858904667
            ],
            [
              -70.54253252532652,
              -32.82914935492328
            ],
            [
              -70.54252983473921,
              -32.82914935492328
            ],
            [
              -70.54252983473921,
              -32.8291501207999
            ],
            [
              -70.54252714415189,
              -32.8291501207999
            ],
            [
              -70.54252714415189,
              -32.829150886676516
            ],
            [
              -70.54252445356458,
              -32.829150886676516
            ],
            [
              -70.54252445356458,
              -32.829151652553136
            ],
            [
              -70.54252176297726,
              -32.829151652553136
            ],
            [
              -70.54252176297726,
              -32.82915241842975
            ],
            [
              -70.54251996925238,
              -32.82915241842975
            ],
            [
              -70.54251996925238,
              -32.829153184306364
            ],
            [
              -70.54251727866507,
              -32.829153184306364
            ],
            [
              -70.54251727866507,
              -32.829153950182985
            ],
            [
              -70.54251458807775,
              -32.829153950182985
            ],
            [
              -70.54251458807775,
              -32.8291547160596
            ],
            [
              -70.54251189749044,
              -32.8291547160596
            ],
            [
              -70.54251189749044,
              -32.82915548193622
            ],
            [
              -70.54251010376557,
              -32.82915548193622
            ],
            [
              -70.54251010376557,
              -32.82915624781283
            ],
            [
              -70.54250741317824,
              -32.82915624781283
            ],
            [
              -70.54250741317824,
              -32.82915701368945
            ],
            [
              -70.54250472259093,
              -32.82915701368945
            ],
            [
              -70.54250472259093,
              -32.82915777956607
            ],
            [
              -70.54250203200361,
              -32.82915777956607
            ],
            [
              -70.54250203200361,
              -32.82915854544269
            ],
            [
              -70.54250023827875,
              -32.82915854544269
            ],
            [
              -70.54250023827875,
              -32.8291593113193
            ],
            [
              -70.54249754769143,
              -32.8291593113193
            ],
            [
              -70.54249754769143,
              -32.829160077195915
            ],
            [
              -70.54249485710412,
              -32.829160077195915
            ],
            [
              -70.54249485710412,
              -32.829160843072536
            ],
            [
              -70.5424921665168,
              -32.829160843072536
            ],
            [
              -70.5424921665168,
              -32.82916160894915
            ],
            [
              -70.54249037279192,
              -32.82916160894915
            ],
            [
              -70.54249037279192,
              -32.82916237482577
            ],
            [
              -70.54248768220461,
              -32.82916237482577
            ],
            [
              -70.54248768220461,
              -32.829163140702384
            ],
            [
              -70.54248499161729,
              -32.829163140702384
            ],
            [
              -70.54248499161729,
              -32.829163906579005
            ],
            [
              -70.54248230102998,
              -32.829163906579005
            ],
            [
              -70.54248230102998,
              -32.82916467245562
            ],
            [
              -70.54247961044265,
              -32.82916467245562
            ],
            [
              -70.54247961044265,
              -32.82916543833223
            ],
            [
              -70.54247781671778,
              -32.82916543833223
            ],
            [
              -70.54247781671778,
              -32.82916620420885
            ],
            [
              -70.54247512613047,
              -32.82916620420885
            ],
            [
              -70.54247512613047,
              -32.82916697008547
            ],
            [
              -70.54247243554315,
              -32.82916697008547
            ],
            [
              -70.54247243554315,
              -32.82916773596209
            ],
            [
              -70.54246974495584,
              -32.82916773596209
            ],
            [
              -70.54246974495584,
              -32.8291685018387
            ],
            [
              -70.54246795123096,
              -32.8291685018387
            ],
            [
              -70.54246795123096,
              -32.82916926771532
            ],
            [
              -70.54246526064364,
              -32.82916926771532
            ],
            [
              -70.54246526064364,
              -32.829170033591936
            ],
            [
              -70.54246257005633,
              -32.829170033591936
            ],
            [
              -70.54246257005633,
              -32.82917079946855
            ],
            [
              -70.542459879469,
              -32.82917079946855
            ],
            [
              -70.542459879469,
              -32.82917156534517
            ],
            [
              -70.54245808574413,
              -32.82917156534517
            ],
            [
              -70.54245808574413,
              -32.829172331221784
            ],
            [
              -70.54245539515682,
              -32.829172331221784
            ],
            [
              -70.54245539515682,
              -32.829173097098405
            ],
            [
              -70.5424527045695,
              -32.829173097098405
            ],
            [
              -70.5424527045695,
              -32.82917386297502
            ],
            [
              -70.54245001398219,
              -32.82917386297502
            ],
            [
              -70.54245001398219,
              -32.82917462885164
            ],
            [
              -70.54244822025731,
              -32.82917462885164
            ],
            [
              -70.54244822025731,
              -32.82917539472825
            ],
            [
              -70.54244552967,
              -32.82917539472825
            ],
            [
              -70.54244552967,
              -32.82917616060487
            ],
            [
              -70.54244283908268,
              -32.82917616060487
            ],
            [
              -70.54244283908268,
              -32.82917692648149
            ],
            [
              -70.54244014849537,
              -32.82917692648149
            ],
            [
              -70.54244014849537,
              -32.8291776923581
            ],
            [
              -70.54243745790805,
              -32.8291776923581
            ],
            [
              -70.54243745790805,
              -32.82917845823472
            ],
            [
              -70.54243566418317,
              -32.82917845823472
            ],
            [
              -70.54243566418317,
              -32.829179224111336
            ],
            [
              -70.54243297359587,
              -32.829179224111336
            ],
            [
              -70.54243297359587,
              -32.829179989987956
            ],
            [
              -70.54243028300854,
              -32.829179989987956
            ],
            [
              -70.54243028300854,
              -32.82918075586457
            ],
            [
              -70.54242759242123,
              -32.82918075586457
            ],
            [
              -70.54242759242123,
              -32.829181521741184
            ],
            [
              -70.54242579869636,
              -32.829181521741184
            ],
            [
              -70.54242579869636,
              -32.829182287617805
            ],
            [
              -70.54242310810903,
              -32.829182287617805
            ],
            [
              -70.54242310810903,
              -32.82918305349442
            ],
            [
              -70.54242041752173,
              -32.82918305349442
            ],
            [
              -70.54242041752173,
              -32.82918381937104
            ],
            [
              -70.5424177269344,
              -32.82918381937104
            ],
            [
              -70.5424177269344,
              -32.82918458524765
            ],
            [
              -70.54241593320953,
              -32.82918458524765
            ],
            [
              -70.54241593320953,
              -32.82918535112427
            ],
            [
              -70.54241324262222,
              -32.82918535112427
            ],
            [
              -70.54241324262222,
              -32.82918611700089
            ],
            [
              -70.5424105520349,
              -32.82918611700089
            ],
            [
              -70.5424105520349,
              -32.8291868828775
            ],
            [
              -70.54240786144759,
              -32.8291868828775
            ],
            [
              -70.54240786144759,
              -32.82918764875412
            ],
            [
              -70.54240606772271,
              -32.82918764875412
            ],
            [
              -70.54240606772271,
              -32.829188414630735
            ],
            [
              -70.54240337713539,
              -32.829188414630735
            ],
            [
              -70.54240337713539,
              -32.829189180507356
            ],
            [
              -70.54240068654808,
              -32.829189180507356
            ],
            [
              -70.54240068654808,
              -32.82918994638397
            ],
            [
              -70.54239799596077,
              -32.82918994638397
            ],
            [
              -70.54239799596077,
              -32.82919071226059
            ],
            [
              -70.54239530537345,
              -32.82919071226059
            ],
            [
              -70.54239530537345,
              -32.829191478137204
            ],
            [
              -70.54239351164857,
              -32.829191478137204
            ],
            [
              -70.54239351164857,
              -32.82919224401382
            ],
            [
              -70.54239082106126,
              -32.82919224401382
            ],
            [
              -70.54239082106126,
              -32.82919300989044
            ],
            [
              -70.54238813047394,
              -32.82919300989044
            ],
            [
              -70.54238813047394,
              -32.82919377576705
            ],
            [
              -70.54238543988663,
              -32.82919377576705
            ],
            [
              -70.54238543988663,
              -32.82919454164367
            ],
            [
              -70.54238364616175,
              -32.82919454164367
            ],
            [
              -70.54238364616175,
              -32.82919530752029
            ],
            [
              -70.54238095557443,
              -32.82919530752029
            ],
            [
              -70.54238095557443,
              -32.82919607339691
            ],
            [
              -70.54237826498712,
              -32.82919607339691
            ],
            [
              -70.54237826498712,
              -32.82919683927352
            ],
            [
              -70.5423755743998,
              -32.82919683927352
            ],
            [
              -70.5423755743998,
              -32.82919760515014
            ],
            [
              -70.54237378067492,
              -32.82919760515014
            ],
            [
              -70.54237378067492,
              -32.829198371026756
            ],
            [
              -70.54237109008761,
              -32.829198371026756
            ],
            [
              -70.54237109008761,
              -32.82919913690337
            ],
            [
              -70.54236839950029,
              -32.82919913690337
            ],
            [
              -70.54236839950029,
              -32.82919990277999
            ],
            [
              -70.54236570891298,
              -32.82919990277999
            ],
            [
              -70.54236570891298,
              -32.829200668656604
            ],
            [
              -70.5423639151881,
              -32.829200668656604
            ],
            [
              -70.5423639151881,
              -32.829201434533225
            ],
            [
              -70.54236122460078,
              -32.829201434533225
            ],
            [
              -70.54236122460078,
              -32.82920220040984
            ],
            [
              -70.54235853401347,
              -32.82920220040984
            ],
            [
              -70.54235853401347,
              -32.82920296628646
            ],
            [
              -70.54235584342615,
              -32.82920296628646
            ],
            [
              -70.54235584342615,
              -32.82920373216307
            ],
            [
              -70.54235315283884,
              -32.82920373216307
            ],
            [
              -70.54235315283884,
              -32.82920449803969
            ],
            [
              -70.54235135911397,
              -32.82920449803969
            ],
            [
              -70.54235135911397,
              -32.82920526391631
            ],
            [
              -70.54234866852666,
              -32.82920526391631
            ],
            [
              -70.54234866852666,
              -32.82920602979292
            ],
            [
              -70.54234597793933,
              -32.82920602979292
            ],
            [
              -70.54234597793933,
              -32.82920679566954
            ],
            [
              -70.54234328735203,
              -32.82920679566954
            ],
            [
              -70.54234328735203,
              -32.829207561546156
            ],
            [
              -70.54234149362715,
              -32.829207561546156
            ],
            [
              -70.54234149362715,
              -32.829208327422776
            ],
            [
              -70.54233880303983,
              -32.829208327422776
            ],
            [
              -70.54233880303983,
              -32.82920909329939
            ],
            [
              -70.54233611245252,
              -32.82920909329939
            ],
            [
              -70.54233611245252,
              -32.829209859176004
            ],
            [
              -70.5423334218652,
              -32.829209859176004
            ],
            [
              -70.5423334218652,
              -32.829210625052625
            ],
            [
              -70.54233162814032,
              -32.829210625052625
            ],
            [
              -70.54233162814032,
              -32.82921139092924
            ],
            [
              -70.54232893755301,
              -32.82921139092924
            ],
            [
              -70.54232893755301,
              -32.82921215680586
            ],
            [
              -70.54232624696569,
              -32.82921215680586
            ],
            [
              -70.54232624696569,
              -32.82921292268247
            ],
            [
              -70.54232355637838,
              -32.82921292268247
            ],
            [
              -70.54232355637838,
              -32.82921368855909
            ],
            [
              -70.5423217626535,
              -32.82921368855909
            ],
            [
              -70.5423217626535,
              -32.82921445443571
            ],
            [
              -70.54231907206618,
              -32.82921445443571
            ],
            [
              -70.54231907206618,
              -32.82921522031232
            ],
            [
              -70.54231638147887,
              -32.82921522031232
            ],
            [
              -70.54231638147887,
              -32.82921598618894
            ],
            [
              -70.54231369089155,
              -32.82921598618894
            ],
            [
              -70.54231369089155,
              -32.829216752065555
            ],
            [
              -70.54231100030424,
              -32.829216752065555
            ],
            [
              -70.54231100030424,
              -32.829217517942176
            ],
            [
              -70.54230920657936,
              -32.829217517942176
            ],
            [
              -70.54230920657936,
              -32.82921828381879
            ],
            [
              -70.54230651599204,
              -32.82921828381879
            ],
            [
              -70.54230651599204,
              -32.82921904969541
            ],
            [
              -70.54230382540473,
              -32.82921904969541
            ],
            [
              -70.54230382540473,
              -32.829219815572024
            ],
            [
              -70.54230113481742,
              -32.829219815572024
            ],
            [
              -70.54230113481742,
              -32.82922058144864
            ],
            [
              -70.5422984442301,
              -32.82922058144864
            ],
            [
              -70.5422984442301,
              -32.82922134732526
            ],
            [
              -70.54229575364279,
              -32.82922134732526
            ],
            [
              -70.54229575364279,
              -32.82922211320187
            ],
            [
              -70.54229306305547,
              -32.82922211320187
            ],
            [
              -70.54229306305547,
              -32.82922287907849
            ],
            [
              -70.54229126933059,
              -32.82922287907849
            ],
            [
              -70.54229126933059,
              -32.82922364495511
            ],
            [
              -70.54228857874328,
              -32.82922364495511
            ],
            [
              -70.54228857874328,
              -32.82922441083173
            ],
            [
              -70.54228588815596,
              -32.82922441083173
            ],
            [
              -70.54228588815596,
              -32.82922517670834
            ],
            [
              -70.54228319756865,
              -32.82922517670834
            ],
            [
              -70.54228319756865,
              -32.829225942584955
            ],
            [
              -70.54228050698133,
              -32.829225942584955
            ],
            [
              -70.54228050698133,
              -32.829226708461576
            ],
            [
              -70.54227781639402,
              -32.829226708461576
            ],
            [
              -70.54227781639402,
              -32.82922747433819
            ],
            [
              -70.5422751258067,
              -32.82922747433819
            ],
            [
              -70.5422751258067,
              -32.82922824021481
            ],
            [
              -70.54227333208182,
              -32.82922824021481
            ],
            [
              -70.54227333208182,
              -32.829229006091424
            ],
            [
              -70.54227064149451,
              -32.829229006091424
            ],
            [
              -70.54227064149451,
              -32.829229771968045
            ],
            [
              -70.54226795090719,
              -32.829229771968045
            ],
            [
              -70.54226795090719,
              -32.82923053784466
            ],
            [
              -70.54226526031988,
              -32.82923053784466
            ],
            [
              -70.54226526031988,
              -32.82923130372127
            ],
            [
              -70.54226256973256,
              -32.82923130372127
            ],
            [
              -70.54226256973256,
              -32.82923206959789
            ],
            [
              -70.54225987914525,
              -32.82923206959789
            ],
            [
              -70.54225987914525,
              -32.82923283547451
            ],
            [
              -70.54225718855793,
              -32.82923283547451
            ],
            [
              -70.54225718855793,
              -32.82923360135113
            ],
            [
              -70.54225539483305,
              -32.82923360135113
            ],
            [
              -70.54225539483305,
              -32.82923436722774
            ],
            [
              -70.54225270424574,
              -32.82923436722774
            ],
            [
              -70.54225270424574,
              -32.82923513310436
            ],
            [
              -70.54225001365843,
              -32.82923513310436
            ],
            [
              -70.54225001365843,
              -32.829235898980976
            ],
            [
              -70.54224732307111,
              -32.829235898980976
            ],
            [
              -70.54224732307111,
              -32.82923666485759
            ],
            [
              -70.5422446324838,
              -32.82923666485759
            ],
            [
              -70.5422446324838,
              -32.82923743073421
            ],
            [
              -70.54224194189648,
              -32.82923743073421
            ],
            [
              -70.54224194189648,
              -32.829238196610824
            ],
            [
              -70.54223925130917,
              -32.829238196610824
            ],
            [
              -70.54223925130917,
              -32.829238962487445
            ],
            [
              -70.54223745758429,
              -32.829238962487445
            ],
            [
              -70.54223745758429,
              -32.82923972836406
            ],
            [
              -70.54223476699697,
              -32.82923972836406
            ],
            [
              -70.54223476699697,
              -32.82924049424068
            ],
            [
              -70.54223207640966,
              -32.82924049424068
            ],
            [
              -70.54223207640966,
              -32.82924126011729
            ],
            [
              -70.54222938582234,
              -32.82924126011729
            ],
            [
              -70.54222938582234,
              -32.82924202599391
            ],
            [
              -70.54222669523503,
              -32.82924202599391
            ],
            [
              -70.54222669523503,
              -32.82924279187053
            ],
            [
              -70.54222400464771,
              -32.82924279187053
            ],
            [
              -70.54222400464771,
              -32.82924355774714
            ],
            [
              -70.5422213140604,
              -32.82924355774714
            ],
            [
              -70.5422213140604,
              -32.82924432362376
            ],
            [
              -70.54221862347308,
              -32.82924432362376
            ],
            [
              -70.54221862347308,
              -32.829245089500375
            ],
            [
              -70.5422168297482,
              -32.829245089500375
            ],
            [
              -70.5422168297482,
              -32.829245855376996
            ],
            [
              -70.54221413916089,
              -32.829245855376996
            ],
            [
              -70.54221413916089,
              -32.82924662125361
            ],
            [
              -70.54221144857357,
              -32.82924662125361
            ],
            [
              -70.54221144857357,
              -32.82924738713023
            ],
            [
              -70.54220875798626,
              -32.82924738713023
            ],
            [
              -70.54220875798626,
              -32.829248153006844
            ],
            [
              -70.54220606739894,
              -32.829248153006844
            ],
            [
              -70.54220606739894,
              -32.82924891888346
            ],
            [
              -70.54220337681163,
              -32.82924891888346
            ],
            [
              -70.54220337681163,
              -32.82924968476008
            ],
            [
              -70.54220068622432,
              -32.82924968476008
            ],
            [
              -70.54220068622432,
              -32.82925045063669
            ],
            [
              -70.54219889249944,
              -32.82925045063669
            ],
            [
              -70.54219889249944,
              -32.82925121651331
            ],
            [
              -70.54219620191212,
              -32.82925121651331
            ],
            [
              -70.54219620191212,
              -32.82925198238993
            ],
            [
              -70.54219351132481,
              -32.82925198238993
            ],
            [
              -70.54219351132481,
              -32.82925274826655
            ],
            [
              -70.54219082073749,
              -32.82925274826655
            ],
            [
              -70.54219082073749,
              -32.82925351414316
            ],
            [
              -70.54218813015018,
              -32.82925351414316
            ],
            [
              -70.54218813015018,
              -32.829254280019775
            ],
            [
              -70.54218543956286,
              -32.829254280019775
            ],
            [
              -70.54218543956286,
              -32.829255045896396
            ],
            [
              -70.54218274897555,
              -32.829255045896396
            ],
            [
              -70.54218274897555,
              -32.82925581177301
            ],
            [
              -70.54218095525067,
              -32.82925581177301
            ],
            [
              -70.54218095525067,
              -32.82925657764963
            ],
            [
              -70.54217826466335,
              -32.82925657764963
            ],
            [
              -70.54217826466335,
              -32.829257343526244
            ],
            [
              -70.54217557407604,
              -32.829257343526244
            ],
            [
              -70.54217557407604,
              -32.829258109402865
            ],
            [
              -70.54217288348872,
              -32.829258109402865
            ],
            [
              -70.54217288348872,
              -32.82925887527948
            ],
            [
              -70.54217019290141,
              -32.82925887527948
            ],
            [
              -70.54217019290141,
              -32.82925964115609
            ],
            [
              -70.54216750231409,
              -32.82925964115609
            ],
            [
              -70.54216750231409,
              -32.82926040703271
            ],
            [
              -70.54216481172678,
              -32.82926040703271
            ],
            [
              -70.54216481172678,
              -32.82926117290933
            ],
            [
              -70.54216212113946,
              -32.82926117290933
            ],
            [
              -70.54216212113946,
              -32.82926193878595
            ],
            [
              -70.54216032741458,
              -32.82926193878595
            ],
            [
              -70.54216032741458,
              -32.82926270466256
            ],
            [
              -70.54215763682727,
              -32.82926270466256
            ],
            [
              -70.54215763682727,
              -32.82926347053918
            ],
            [
              -70.54215494623995,
              -32.82926347053918
            ],
            [
              -70.54215494623995,
              -32.829264236415796
            ],
            [
              -70.54215225565264,
              -32.829264236415796
            ],
            [
              -70.54215225565264,
              -32.82926500229241
            ],
            [
              -70.54214956506533,
              -32.82926500229241
            ],
            [
              -70.54214956506533,
              -32.82926576816903
            ],
            [
              -70.54214687447801,
              -32.82926576816903
            ],
            [
              -70.54214687447801,
              -32.829266534045644
            ],
            [
              -70.5421441838907,
              -32.829266534045644
            ],
            [
              -70.5421441838907,
              -32.829267299922265
            ],
            [
              -70.54214239016582,
              -32.829267299922265
            ],
            [
              -70.54214239016582,
              -32.82926806579888
            ],
            [
              -70.5421396995785,
              -32.82926806579888
            ],
            [
              -70.5421396995785,
              -32.8292688316755
            ],
            [
              -70.54213700899119,
              -32.8292688316755
            ],
            [
              -70.54213700899119,
              -32.82926959755211
            ],
            [
              -70.54213431840387,
              -32.82926959755211
            ],
            [
              -70.54213431840387,
              -32.829270363428726
            ],
            [
              -70.54213162781656,
              -32.829270363428726
            ],
            [
              -70.54213162781656,
              -32.82927112930535
            ],
            [
              -70.54212893722924,
              -32.82927112930535
            ],
            [
              -70.54212893722924,
              -32.82927189518196
            ],
            [
              -70.54212624664193,
              -32.82927189518196
            ],
            [
              -70.54212624664193,
              -32.82927266105858
            ],
            [
              -70.54212445291705,
              -32.82927266105858
            ],
            [
              -70.54212445291705,
              -32.829273426935195
            ],
            [
              -70.54212176232973,
              -32.829273426935195
            ],
            [
              -70.54212176232973,
              -32.829274192811816
            ],
            [
              -70.54211907174242,
              -32.829274192811816
            ],
            [
              -70.54211907174242,
              -32.82927495868843
            ],
            [
              -70.5421163811551,
              -32.82927495868843
            ],
            [
              -70.5421163811551,
              -32.82927572456504
            ],
            [
              -70.54211369056779,
              -32.82927572456504
            ],
            [
              -70.54211369056779,
              -32.829276490441664
            ],
            [
              -70.54211099998047,
              -32.829276490441664
            ],
            [
              -70.54211099998047,
              -32.82927725631828
            ],
            [
              -70.54210830939316,
              -32.82927725631828
            ],
            [
              -70.54210830939316,
              -32.8292780221949
            ],
            [
              -70.54210651566828,
              -32.8292780221949
            ],
            [
              -70.54210651566828,
              -32.82927878807151
            ],
            [
              -70.54210382508096,
              -32.82927878807151
            ],
            [
              -70.54210382508096,
              -32.82927955394813
            ],
            [
              -70.54210113449365,
              -32.82927955394813
            ],
            [
              -70.54210113449365,
              -32.82928031982475
            ],
            [
              -70.54209844390634,
              -32.82928031982475
            ],
            [
              -70.54209844390634,
              -32.82928108570137
            ],
            [
              -70.54209575331902,
              -32.82928108570137
            ],
            [
              -70.54209575331902,
              -32.82928185157798
            ],
            [
              -70.54209306273171,
              -32.82928185157798
            ],
            [
              -70.54209306273171,
              -32.829282617454595
            ],
            [
              -70.54209037214439,
              -32.829282617454595
            ],
            [
              -70.54209037214439,
              -32.829283383331216
            ],
            [
              -70.54208768155708,
              -32.829283383331216
            ],
            [
              -70.54208768155708,
              -32.82928414920783
            ],
            [
              -70.5420858878322,
              -32.82928414920783
            ],
            [
              -70.5420858878322,
              -32.82928491508445
            ],
            [
              -70.54208319724488,
              -32.82928491508445
            ],
            [
              -70.54208319724488,
              -32.829285680961064
            ],
            [
              -70.54208050665757,
              -32.829285680961064
            ],
            [
              -70.54208050665757,
              -32.829286446837685
            ],
            [
              -70.54207781607025,
              -32.829286446837685
            ],
            [
              -70.54207781607025,
              -32.8292872127143
            ],
            [
              -70.54207512548294,
              -32.8292872127143
            ],
            [
              -70.54207512548294,
              -32.82928797859091
            ],
            [
              -70.54207243489562,
              -32.82928797859091
            ],
            [
              -70.54207243489562,
              -32.82928874446753
            ],
            [
              -70.54206974430831,
              -32.82928874446753
            ],
            [
              -70.54206974430831,
              -32.82928951034415
            ],
            [
              -70.54206795058343,
              -32.82928951034415
            ],
            [
              -70.54206795058343,
              -32.82929027622077
            ],
            [
              -70.54206525999611,
              -32.82929027622077
            ],
            [
              -70.54206525999611,
              -32.82929104209738
            ],
            [
              -70.5420625694088,
              -32.82929104209738
            ],
            [
              -70.5420625694088,
              -32.829291807974
            ],
            [
              -70.54205987882148,
              -32.829291807974
            ],
            [
              -70.54205987882148,
              -32.829292573850616
            ],
            [
              -70.54205718823417,
              -32.829292573850616
            ],
            [
              -70.54205718823417,
              -32.82929333972723
            ],
            [
              -70.54205449764684,
              -32.82929333972723
            ],
            [
              -70.54205449764684,
              -32.82929410560385
            ],
            [
              -70.54205180705954,
              -32.82929410560385
            ],
            [
              -70.54205180705954,
              -32.829294871480464
            ],
            [
              -70.54205001333466,
              -32.829294871480464
            ],
            [
              -70.54205001333466,
              -32.829295637357085
            ],
            [
              -70.54204732274735,
              -32.829295637357085
            ],
            [
              -70.54204732274735,
              -32.8292964032337
            ],
            [
              -70.54204463216003,
              -32.8292964032337
            ],
            [
              -70.54204463216003,
              -32.82929716911032
            ],
            [
              -70.54204194157272,
              -32.82929716911032
            ],
            [
              -70.54204194157272,
              -32.82929793498693
            ],
            [
              -70.5420392509854,
              -32.82929793498693
            ],
            [
              -70.5420392509854,
              -32.829298700863546
            ],
            [
              -70.54203656039809,
              -32.829298700863546
            ],
            [
              -70.54203656039809,
              -32.82929946674017
            ],
            [
              -70.54203386981077,
              -32.82929946674017
            ],
            [
              -70.54203386981077,
              -32.82930023261678
            ],
            [
              -70.54203117922346,
              -32.82930023261678
            ],
            [
              -70.54203117922346,
              -32.8293009984934
            ],
            [
              -70.54202938549858,
              -32.8293009984934
            ],
            [
              -70.54202938549858,
              -32.829301764370015
            ],
            [
              -70.54202669491126,
              -32.829301764370015
            ],
            [
              -70.54202669491126,
              -32.829302530246636
            ],
            [
              -70.54202400432395,
              -32.829302530246636
            ],
            [
              -70.54202400432395,
              -32.82930329612325
            ],
            [
              -70.54202131373663,
              -32.82930329612325
            ],
            [
              -70.54202131373663,
              -32.82930406199986
            ],
            [
              -70.54201862314932,
              -32.82930406199986
            ],
            [
              -70.54201862314932,
              -32.829304827876484
            ],
            [
              -70.542015932562,
              -32.829304827876484
            ],
            [
              -70.542015932562,
              -32.8293055937531
            ],
            [
              -70.54201324197469,
              -32.8293055937531
            ],
            [
              -70.54201324197469,
              -32.82930635962972
            ],
            [
              -70.54201144824981,
              -32.82930635962972
            ],
            [
              -70.54201144824981,
              -32.82930712550633
            ],
            [
              -70.54200875766249,
              -32.82930712550633
            ],
            [
              -70.54200875766249,
              -32.82930789138295
            ],
            [
              -70.54200606707518,
              -32.82930789138295
            ],
            [
              -70.54200606707518,
              -32.82930865725957
            ],
            [
              -70.54200337648787,
              -32.82930865725957
            ],
            [
              -70.54200337648787,
              -32.82930942313618
            ],
            [
              -70.54200068590055,
              -32.82930942313618
            ],
            [
              -70.54200068590055,
              -32.8293101890128
            ],
            [
              -70.54199799531324,
              -32.8293101890128
            ],
            [
              -70.54199799531324,
              -32.829310954889415
            ],
            [
              -70.54199530472592,
              -32.829310954889415
            ],
            [
              -70.54199530472592,
              -32.829311720766036
            ],
            [
              -70.54199351100104,
              -32.829311720766036
            ],
            [
              -70.54199351100104,
              -32.82931248664265
            ],
            [
              -70.54199082041373,
              -32.82931248664265
            ],
            [
              -70.54199082041373,
              -32.82931325251927
            ],
            [
              -70.54198812982641,
              -32.82931325251927
            ],
            [
              -70.54198812982641,
              -32.829314018395884
            ],
            [
              -70.5419854392391,
              -32.829314018395884
            ],
            [
              -70.5419854392391,
              -32.8293147842725
            ],
            [
              -70.54198274865178,
              -32.8293147842725
            ],
            [
              -70.54198274865178,
              -32.82931555014912
            ],
            [
              -70.54198005806447,
              -32.82931555014912
            ],
            [
              -70.54198005806447,
              -32.82931631602573
            ],
            [
              -70.54197736747714,
              -32.82931631602573
            ],
            [
              -70.54197736747714,
              -32.82931708190235
            ],
            [
              -70.54197557375227,
              -32.82931708190235
            ],
            [
              -70.54197557375227,
              -32.82931784777897
            ],
            [
              -70.54197288316496,
              -32.82931784777897
            ],
            [
              -70.54197288316496,
              -32.82931861365559
            ],
            [
              -70.54197019257764,
              -32.82931861365559
            ],
            [
              -70.54197019257764,
              -32.8293193795322
            ],
            [
              -70.54196750199033,
              -32.8293193795322
            ],
            [
              -70.54196750199033,
              -32.82932014540882
            ],
            [
              -70.541964811403,
              -32.82932014540882
            ],
            [
              -70.541964811403,
              -32.829320911285436
            ],
            [
              -70.5419621208157,
              -32.829320911285436
            ],
            [
              -70.5419621208157,
              -32.82932167716205
            ],
            [
              -70.54195943022837,
              -32.82932167716205
            ],
            [
              -70.54195943022837,
              -32.82932244303867
            ],
            [
              -70.54195673964107,
              -32.82932244303867
            ],
            [
              -70.54195673964107,
              -32.829323208915284
            ],
            [
              -70.54195494591619,
              -32.829323208915284
            ],
            [
              -70.54195494591619,
              -32.829323974791905
            ],
            [
              -70.54195225532888,
              -32.829323974791905
            ],
            [
              -70.54195225532888,
              -32.82932474066852
            ],
            [
              -70.54194956474156,
              -32.82932474066852
            ],
            [
              -70.54194956474156,
              -32.82932550654514
            ],
            [
              -70.54194687415425,
              -32.82932550654514
            ],
            [
              -70.54194687415425,
              -32.82932627242175
            ],
            [
              -70.54194418356693,
              -32.82932627242175
            ],
            [
              -70.54194418356693,
              -32.829327038298366
            ],
            [
              -70.54194149297962,
              -32.829327038298366
            ],
            [
              -70.54194149297962,
              -32.82932780417499
            ],
            [
              -70.5419388023923,
              -32.82932780417499
            ],
            [
              -70.5419388023923,
              -32.8293285700516
            ],
            [
              -70.54193700866742,
              -32.8293285700516
            ],
            [
              -70.54193700866742,
              -32.82932933592822
            ],
            [
              -70.54193431808011,
              -32.82932933592822
            ],
            [
              -70.54193431808011,
              -32.829330101804835
            ],
            [
              -70.54193162749279,
              -32.829330101804835
            ],
            [
              -70.54193162749279,
              -32.829330867681456
            ],
            [
              -70.54192893690548,
              -32.829330867681456
            ],
            [
              -70.54192893690548,
              -32.82933163355807
            ],
            [
              -70.54192624631816,
              -32.82933163355807
            ],
            [
              -70.54192624631816,
              -32.82933239943468
            ],
            [
              -70.54192355573085,
              -32.82933239943468
            ],
            [
              -70.54192355573085,
              -32.829333165311304
            ],
            [
              -70.54192086514352,
              -32.829333165311304
            ],
            [
              -70.54192086514352,
              -32.82933393118792
            ],
            [
              -70.54191907141865,
              -32.82933393118792
            ],
            [
              -70.54191907141865,
              -32.82933469706454
            ],
            [
              -70.54191638083134,
              -32.82933469706454
            ],
            [
              -70.54191638083134,
              -32.82933546294115
            ],
            [
              -70.54191369024402,
              -32.82933546294115
            ],
            [
              -70.54191369024402,
              -32.82933622881777
            ],
            [
              -70.54191099965671,
              -32.82933622881777
            ],
            [
              -70.54191099965671,
              -32.82933699469439
            ],
            [
              -70.54190830906938,
              -32.82933699469439
            ],
            [
              -70.54190830906938,
              -32.829337760571
            ],
            [
              -70.54190561848208,
              -32.829337760571
            ],
            [
              -70.54190561848208,
              -32.82933852644762
            ],
            [
              -70.54190292789477,
              -32.82933852644762
            ],
            [
              -70.54190292789477,
              -32.829339292324235
            ],
            [
              -70.54190113416989,
              -32.829339292324235
            ],
            [
              -70.54190113416989,
              -32.829340058200856
            ],
            [
              -70.54189844358257,
              -32.829340058200856
            ],
            [
              -70.54189844358257,
              -32.82934082407747
            ],
            [
              -70.54189575299526,
              -32.82934082407747
            ],
            [
              -70.54189575299526,
              -32.82934158995409
            ],
            [
              -70.54189306240794,
              -32.82934158995409
            ],
            [
              -70.54189306240794,
              -32.829342355830704
            ],
            [
              -70.54189037182063,
              -32.829342355830704
            ],
            [
              -70.54189037182063,
              -32.82934312170732
            ],
            [
              -70.5418876812333,
              -32.82934312170732
            ],
            [
              -70.5418876812333,
              -32.82934388758394
            ],
            [
              -70.541884990646,
              -32.82934388758394
            ],
            [
              -70.541884990646,
              -32.82934465346055
            ],
            [
              -70.54188230005867,
              -32.82934465346055
            ],
            [
              -70.54188230005867,
              -32.82934541933717
            ],
            [
              -70.5418805063338,
              -32.82934541933717
            ],
            [
              -70.5418805063338,
              -32.82934618521379
            ],
            [
              -70.54187781574649,
              -32.82934618521379
            ],
            [
              -70.54187781574649,
              -32.82934695109041
            ],
            [
              -70.54187512515917,
              -32.82934695109041
            ],
            [
              -70.54187512515917,
              -32.82934771696702
            ],
            [
              -70.54187243457186,
              -32.82934771696702
            ],
            [
              -70.54187243457186,
              -32.829348482843635
            ],
            [
              -70.54186974398453,
              -32.829348482843635
            ],
            [
              -70.54186974398453,
              -32.829349248720256
            ],
            [
              -70.54186705339723,
              -32.829349248720256
            ],
            [
              -70.54186705339723,
              -32.82935001459687
            ],
            [
              -70.5418643628099,
              -32.82935001459687
            ],
            [
              -70.5418643628099,
              -32.82935078047349
            ],
            [
              -70.54186256908503,
              -32.82935078047349
            ],
            [
              -70.54186256908503,
              -32.829351546350104
            ],
            [
              -70.54185987849772,
              -32.829351546350104
            ],
            [
              -70.54185987849772,
              -32.829352312226725
            ],
            [
              -70.5418571879104,
              -32.829352312226725
            ],
            [
              -70.5418571879104,
              -32.82935307810334
            ],
            [
              -70.54185449732309,
              -32.82935307810334
            ],
            [
              -70.54185449732309,
              -32.82935384397995
            ],
            [
              -70.54185180673578,
              -32.82935384397995
            ],
            [
              -70.54185180673578,
              -32.82935460985657
            ],
            [
              -70.54184911614846,
              -32.82935460985657
            ],
            [
              -70.54184911614846,
              -32.829355375733186
            ],
            [
              -70.54184642556115,
              -32.829355375733186
            ],
            [
              -70.54184642556115,
              -32.82935614160981
            ],
            [
              -70.54184463183627,
              -32.82935614160981
            ],
            [
              -70.54184463183627,
              -32.82935690748642
            ],
            [
              -70.54184194124895,
              -32.82935690748642
            ],
            [
              -70.54184194124895,
              -32.82935767336304
            ],
            [
              -70.54183925066164,
              -32.82935767336304
            ],
            [
              -70.54183925066164,
              -32.829358439239655
            ],
            [
              -70.54183656007432,
              -32.829358439239655
            ],
            [
              -70.54183656007432,
              -32.82935920511627
            ],
            [
              -70.54183386948701,
              -32.82935920511627
            ],
            [
              -70.54183386948701,
              -32.82935997099289
            ],
            [
              -70.54183117889968,
              -32.82935997099289
            ],
            [
              -70.54183117889968,
              -32.8293607368695
            ],
            [
              -70.54182848831238,
              -32.8293607368695
            ],
            [
              -70.54182848831238,
              -32.829361502746124
            ],
            [
              -70.54182579772505,
              -32.829361502746124
            ],
            [
              -70.54182579772505,
              -32.82936226862274
            ],
            [
              -70.54182400400018,
              -32.82936226862274
            ],
            [
              -70.54182400400018,
              -32.82936303449936
            ],
            [
              -70.54182131341287,
              -32.82936303449936
            ],
            [
              -70.54182131341287,
              -32.82936380037597
            ],
            [
              -70.54181862282555,
              -32.82936380037597
            ],
            [
              -70.54181862282555,
              -32.82936456625259
            ],
            [
              -70.54181593223824,
              -32.82936456625259
            ],
            [
              -70.54181593223824,
              -32.82936533212921
            ],
            [
              -70.54181324165091,
              -32.82936533212921
            ],
            [
              -70.54181324165091,
              -32.82936609800582
            ],
            [
              -70.5418105510636,
              -32.82936609800582
            ],
            [
              -70.5418105510636,
              -32.82936686388244
            ],
            [
              -70.54180786047628,
              -32.82936686388244
            ],
            [
              -70.54180786047628,
              -32.829367629759055
            ],
            [
              -70.5418060667514,
              -32.829367629759055
            ],
            [
              -70.5418060667514,
              -32.829368395635676
            ],
            [
              -70.5418033761641,
              -32.829368395635676
            ],
            [
              -70.5418033761641,
              -32.82936916151229
            ],
            [
              -70.54180068557679,
              -32.82936916151229
            ],
            [
              -70.54180068557679,
              -32.82936992738891
            ],
            [
              -70.54179799498947,
              -32.82936992738891
            ],
            [
              -70.54179799498947,
              -32.829370693265524
            ],
            [
              -70.54179530440216,
              -32.829370693265524
            ],
            [
              -70.54179530440216,
              -32.82937145914214
            ],
            [
              -70.54179261381483,
              -32.82937145914214
            ],
            [
              -70.54179261381483,
              -32.82937222501876
            ],
            [
              -70.5417917169524,
              -32.82937222501876
            ],
            [
              -70.5417917169524,
              -32.82937145914214
            ],
            [
              -70.54179082008996,
              -32.82937145914214
            ],
            [
              -70.54179082008996,
              -32.82936916151229
            ],
            [
              -70.54178992322753,
              -32.82936916151229
            ],
            [
              -70.54178992322753,
              -32.82936686388244
            ],
            [
              -70.54178902636508,
              -32.82936686388244
            ],
            [
              -70.54178902636508,
              -32.82936380037597
            ],
            [
              -70.54178812950265,
              -32.82936380037597
            ],
            [
              -70.54178812950265,
              -32.829361502746124
            ],
            [
              -70.5417872326402,
              -32.829361502746124
            ],
            [
              -70.5417872326402,
              -32.82935920511627
            ],
            [
              -70.54178633577777,
              -32.82935920511627
            ],
            [
              -70.54178633577777,
              -32.82935690748642
            ],
            [
              -70.54178543891533,
              -32.82935690748642
            ],
            [
              -70.54178543891533,
              -32.82935460985657
            ],
            [
              -70.5417845420529,
              -32.82935460985657
            ],
            [
              -70.5417845420529,
              -32.829352312226725
            ],
            [
              -70.54178364519045,
              -32.829352312226725
            ],
            [
              -70.54178364519045,
              -32.82935001459687
            ],
            [
              -70.54178274832802,
              -32.82935001459687
            ],
            [
              -70.54178274832802,
              -32.82934695109041
            ],
            [
              -70.54178185146557,
              -32.82934695109041
            ],
            [
              -70.54178185146557,
              -32.82934465346055
            ],
            [
              -70.54178095460314,
              -32.82934465346055
            ],
            [
              -70.54178095460314,
              -32.829342355830704
            ],
            [
              -70.5417800577407,
              -32.829342355830704
            ],
            [
              -70.5417800577407,
              -32.829340058200856
            ],
            [
              -70.54177916087826,
              -32.829340058200856
            ],
            [
              -70.54177916087826,
              -32.829337760571
            ],
            [
              -70.54177826401582,
              -32.829337760571
            ],
            [
              -70.54177826401582,
              -32.82933546294115
            ],
            [
              -70.54177736715339,
              -32.82933546294115
            ],
            [
              -70.54177736715339,
              -32.829333165311304
            ],
            [
              -70.54177647029094,
              -32.829333165311304
            ],
            [
              -70.54177647029094,
              -32.829330101804835
            ],
            [
              -70.54177557342851,
              -32.829330101804835
            ],
            [
              -70.54177557342851,
              -32.82932780417499
            ],
            [
              -70.54177467656606,
              -32.82932780417499
            ],
            [
              -70.54177467656606,
              -32.82932550654514
            ],
            [
              -70.54177377970363,
              -32.82932550654514
            ],
            [
              -70.54177377970363,
              -32.829323208915284
            ],
            [
              -70.54177288284119,
              -32.829323208915284
            ],
            [
              -70.54177288284119,
              -32.829320911285436
            ],
            [
              -70.54177198597876,
              -32.829320911285436
            ],
            [
              -70.54177198597876,
              -32.82931861365559
            ],
            [
              -70.54177108911631,
              -32.82931861365559
            ],
            [
              -70.54177108911631,
              -32.82931631602573
            ],
            [
              -70.54177019225388,
              -32.82931631602573
            ],
            [
              -70.54177019225388,
              -32.82931325251927
            ],
            [
              -70.54176929539143,
              -32.82931325251927
            ],
            [
              -70.54176929539143,
              -32.829310954889415
            ],
            [
              -70.541768398529,
              -32.829310954889415
            ],
            [
              -70.541768398529,
              -32.82930865725957
            ],
            [
              -70.54176750166656,
              -32.82930865725957
            ],
            [
              -70.54176750166656,
              -32.82930635962972
            ],
            [
              -70.54176660480412,
              -32.82930635962972
            ],
            [
              -70.54176660480412,
              -32.82930406199986
            ],
            [
              -70.54176570794168,
              -32.82930406199986
            ],
            [
              -70.54176570794168,
              -32.829301764370015
            ],
            [
              -70.54176481107925,
              -32.829301764370015
            ],
            [
              -70.54176481107925,
              -32.82929946674017
            ],
            [
              -70.5417639142168,
              -32.82929946674017
            ],
            [
              -70.5417639142168,
              -32.8292964032337
            ],
            [
              -70.54176301735437,
              -32.8292964032337
            ],
            [
              -70.54176301735437,
              -32.82929410560385
            ],
            [
              -70.54176212049192,
              -32.82929410560385
            ],
            [
              -70.54176212049192,
              -32.829291807974
            ],
            [
              -70.54176122362949,
              -32.829291807974
            ],
            [
              -70.54176122362949,
              -32.82928951034415
            ],
            [
              -70.54176032676705,
              -32.82928951034415
            ],
            [
              -70.54176032676705,
              -32.8292872127143
            ],
            [
              -70.54175942990462,
              -32.8292872127143
            ],
            [
              -70.54175942990462,
              -32.82928491508445
            ],
            [
              -70.54175853304217,
              -32.82928491508445
            ],
            [
              -70.54175853304217,
              -32.829282617454595
            ],
            [
              -70.54175763617974,
              -32.829282617454595
            ],
            [
              -70.54175763617974,
              -32.82927955394813
            ],
            [
              -70.5417567393173,
              -32.82927955394813
            ],
            [
              -70.5417567393173,
              -32.82927725631828
            ],
            [
              -70.54175584245486,
              -32.82927725631828
            ],
            [
              -70.54175584245486,
              -32.82927495868843
            ],
            [
              -70.54175494559243,
              -32.82927495868843
            ],
            [
              -70.54175494559243,
              -32.82927266105858
            ],
            [
              -70.54175404872998,
              -32.82927266105858
            ],
            [
              -70.54175404872998,
              -32.829270363428726
            ],
            [
              -70.54175315186755,
              -32.829270363428726
            ],
            [
              -70.54175315186755,
              -32.82926806579888
            ],
            [
              -70.54175225500511,
              -32.82926806579888
            ],
            [
              -70.54175225500511,
              -32.82926576816903
            ],
            [
              -70.54175135814268,
              -32.82926576816903
            ],
            [
              -70.54175135814268,
              -32.82926270466256
            ],
            [
              -70.54175046128023,
              -32.82926270466256
            ],
            [
              -70.54175046128023,
              -32.82926040703271
            ],
            [
              -70.5417495644178,
              -32.82926040703271
            ],
            [
              -70.5417495644178,
              -32.829258109402865
            ],
            [
              -70.54174866755535,
              -32.829258109402865
            ],
            [
              -70.54174866755535,
              -32.82925581177301
            ],
            [
              -70.54174777069292,
              -32.82925581177301
            ],
            [
              -70.54174777069292,
              -32.82925351414316
            ],
            [
              -70.54174687383048,
              -32.82925351414316
            ],
            [
              -70.54174687383048,
              -32.82925121651331
            ],
            [
              -70.54174597696804,
              -32.82925121651331
            ],
            [
              -70.54174597696804,
              -32.82924891888346
            ],
            [
              -70.5417450801056,
              -32.82924891888346
            ],
            [
              -70.5417450801056,
              -32.829245855376996
            ],
            [
              -70.54174418324317,
              -32.829245855376996
            ],
            [
              -70.54174418324317,
              -32.82924355774714
            ],
            [
              -70.54174328638072,
              -32.82924355774714
            ],
            [
              -70.54174328638072,
              -32.82924126011729
            ],
            [
              -70.54174238951829,
              -32.82924126011729
            ],
            [
              -70.54174238951829,
              -32.829238962487445
            ],
            [
              -70.54174149265585,
              -32.829238962487445
            ],
            [
              -70.54174149265585,
              -32.82923666485759
            ],
            [
              -70.54174059579341,
              -32.82923666485759
            ],
            [
              -70.54174059579341,
              -32.82923436722774
            ],
            [
              -70.54173969893097,
              -32.82923436722774
            ],
            [
              -70.54173969893097,
              -32.82923206959789
            ],
            [
              -70.54173880206854,
              -32.82923206959789
            ],
            [
              -70.54173880206854,
              -32.829229006091424
            ],
            [
              -70.54173790520609,
              -32.829229006091424
            ],
            [
              -70.54173790520609,
              -32.829226708461576
            ],
            [
              -70.54173700834366,
              -32.829226708461576
            ],
            [
              -70.54173700834366,
              -32.82922441083173
            ],
            [
              -70.54173611148121,
              -32.82922441083173
            ],
            [
              -70.54173611148121,
              -32.82922211320187
            ],
            [
              -70.54173521461878,
              -32.82922211320187
            ],
            [
              -70.54173521461878,
              -32.829219815572024
            ],
            [
              -70.54173431775634,
              -32.829219815572024
            ],
            [
              -70.54173431775634,
              -32.829217517942176
            ],
            [
              -70.5417334208939,
              -32.829217517942176
            ],
            [
              -70.5417334208939,
              -32.82921522031232
            ],
            [
              -70.54173252403146,
              -32.82921522031232
            ],
            [
              -70.54173252403146,
              -32.82921292268247
            ],
            [
              -70.54173162716903,
              -32.82921292268247
            ],
            [
              -70.54173162716903,
              -32.829209859176004
            ],
            [
              -70.54173073030658,
              -32.829209859176004
            ],
            [
              -70.54173073030658,
              -32.829207561546156
            ],
            [
              -70.54172983344415,
              -32.829207561546156
            ],
            [
              -70.54172983344415,
              -32.82920526391631
            ],
            [
              -70.5417289365817,
              -32.82920526391631
            ],
            [
              -70.5417289365817,
              -32.82920296628646
            ],
            [
              -70.54172803971927,
              -32.82920296628646
            ],
            [
              -70.54172803971927,
              -32.829200668656604
            ],
            [
              -70.54172714285683,
              -32.829200668656604
            ],
            [
              -70.54172714285683,
              -32.829198371026756
            ],
            [
              -70.5417262459944,
              -32.829198371026756
            ],
            [
              -70.5417262459944,
              -32.82919607339691
            ],
            [
              -70.54172534913195,
              -32.82919607339691
            ],
            [
              -70.54172534913195,
              -32.82919300989044
            ],
            [
              -70.54172445226952,
              -32.82919300989044
            ],
            [
              -70.54172445226952,
              -32.82919071226059
            ],
            [
              -70.54172355540707,
              -32.82919071226059
            ],
            [
              -70.54172355540707,
              -32.829188414630735
            ],
            [
              -70.54172265854464,
              -32.829188414630735
            ],
            [
              -70.54172265854464,
              -32.82918611700089
            ],
            [
              -70.5417217616822,
              -32.82918611700089
            ],
            [
              -70.5417217616822,
              -32.82918381937104
            ],
            [
              -70.54172086481977,
              -32.82918381937104
            ],
            [
              -70.54172086481977,
              -32.829181521741184
            ],
            [
              -70.54171996795732,
              -32.829181521741184
            ],
            [
              -70.54171996795732,
              -32.829179224111336
            ],
            [
              -70.54171907109489,
              -32.829179224111336
            ],
            [
              -70.54171907109489,
              -32.82917616060487
            ],
            [
              -70.54171817423244,
              -32.82917616060487
            ],
            [
              -70.54171817423244,
              -32.82917386297502
            ],
            [
              -70.54171727737001,
              -32.82917386297502
            ],
            [
              -70.54171727737001,
              -32.82917156534517
            ],
            [
              -70.54171638050757,
              -32.82917156534517
            ],
            [
              -70.54171638050757,
              -32.82916926771532
            ],
            [
              -70.54171548364513,
              -32.82916926771532
            ],
            [
              -70.54171548364513,
              -32.82916697008547
            ],
            [
              -70.54171458678269,
              -32.82916697008547
            ],
            [
              -70.54171458678269,
              -32.82916467245562
            ],
            [
              -70.54171368992026,
              -32.82916467245562
            ],
            [
              -70.54171368992026,
              -32.82916237482577
            ],
            [
              -70.54171279305781,
              -32.82916237482577
            ],
            [
              -70.54171279305781,
              -32.8291593113193
            ],
            [
              -70.54171189619538,
              -32.8291593113193
            ],
            [
              -70.54171189619538,
              -32.82915701368945
            ],
            [
              -70.54171099933293,
              -32.82915701368945
            ],
            [
              -70.54171099933293,
              -32.8291547160596
            ],
            [
              -70.5417101024705,
              -32.8291547160596
            ],
            [
              -70.5417101024705,
              -32.82915241842975
            ],
            [
              -70.54170920560806,
              -32.82915241842975
            ],
            [
              -70.54170920560806,
              -32.8291501207999
            ],
            [
              -70.54170830874563,
              -32.8291501207999
            ],
            [
              -70.54170830874563,
              -32.82914782317005
            ],
            [
              -70.54170741188318,
              -32.82914782317005
            ],
            [
              -70.54170741188318,
              -32.8291455255402
            ],
            [
              -70.54170651502075,
              -32.8291455255402
            ],
            [
              -70.54170651502075,
              -32.82914246203373
            ],
            [
              -70.54170561815832,
              -32.82914246203373
            ],
            [
              -70.54170561815832,
              -32.82914016440388
            ],
            [
              -70.54170472129587,
              -32.82914016440388
            ],
            [
              -70.54170472129587,
              -32.82913786677403
            ],
            [
              -70.54170382443344,
              -32.82913786677403
            ],
            [
              -70.54170382443344,
              -32.829135569144185
            ],
            [
              -70.541702927571,
              -32.829135569144185
            ],
            [
              -70.541702927571,
              -32.82913327151433
            ],
            [
              -70.54170203070856,
              -32.82913327151433
            ],
            [
              -70.54170203070856,
              -32.82913097388448
            ],
            [
              -70.54170113384612,
              -32.82913097388448
            ],
            [
              -70.54170113384612,
              -32.82912867625463
            ],
            [
              -70.54170023698369,
              -32.82912867625463
            ],
            [
              -70.54170023698369,
              -32.829125612748165
            ],
            [
              -70.54169934012124,
              -32.829125612748165
            ],
            [
              -70.54169934012124,
              -32.829123315118316
            ],
            [
              -70.54169844325881,
              -32.829123315118316
            ],
            [
              -70.54169844325881,
              -32.82912101748846
            ],
            [
              -70.54169754639636,
              -32.82912101748846
            ],
            [
              -70.54169754639636,
              -32.82911871985861
            ],
            [
              -70.54169664953393,
              -32.82911871985861
            ],
            [
              -70.54169664953393,
              -32.829116422228765
            ],
            [
              -70.54169575267149,
              -32.829116422228765
            ],
            [
              -70.54169575267149,
              -32.82911412459891
            ],
            [
              -70.54169485580906,
              -32.82911412459891
            ],
            [
              -70.54169485580906,
              -32.82911182696906
            ],
            [
              -70.54169395894661,
              -32.82911182696906
            ],
            [
              -70.54169395894661,
              -32.82910876346259
            ],
            [
              -70.54169306208418,
              -32.82910876346259
            ],
            [
              -70.54169306208418,
              -32.829106465832744
            ],
            [
              -70.54169216522173,
              -32.829106465832744
            ],
            [
              -70.54169216522173,
              -32.829104168202896
            ],
            [
              -70.5416912683593,
              -32.829104168202896
            ],
            [
              -70.5416912683593,
              -32.82910187057305
            ],
            [
              -70.54169037149686,
              -32.82910187057305
            ],
            [
              -70.54169037149686,
              -32.82909957294319
            ],
            [
              -70.54168947463442,
              -32.82909957294319
            ],
            [
              -70.54168947463442,
              -32.829097275313345
            ],
            [
              -70.54168857777198,
              -32.829097275313345
            ],
            [
              -70.54168857777198,
              -32.829094977683496
            ],
            [
              -70.54168768090955,
              -32.829094977683496
            ],
            [
              -70.54168768090955,
              -32.82909191417703
            ],
            [
              -70.5416867840471,
              -32.82909191417703
            ],
            [
              -70.5416867840471,
              -32.82908961654718
            ],
            [
              -70.54168588718467,
              -32.82908961654718
            ],
            [
              -70.54168588718467,
              -32.829087318917324
            ],
            [
              -70.54168499032222,
              -32.829087318917324
            ],
            [
              -70.54168499032222,
              -32.829085021287476
            ],
            [
              -70.54168409345979,
              -32.829085021287476
            ],
            [
              -70.54168409345979,
              -32.82908272365763
            ],
            [
              -70.54168319659735,
              -32.82908272365763
            ],
            [
              -70.54168319659735,
              -32.82908042602778
            ],
            [
              -70.54168229973492,
              -32.82908042602778
            ],
            [
              -70.54168229973492,
              -32.829078128397924
            ],
            [
              -70.54168140287247,
              -32.829078128397924
            ],
            [
              -70.54168140287247,
              -32.82907506489146
            ],
            [
              -70.54168050601004,
              -32.82907506489146
            ],
            [
              -70.54168050601004,
              -32.82907276726161
            ],
            [
              -70.5416796091476,
              -32.82907276726161
            ],
            [
              -70.5416796091476,
              -32.82907046963176
            ],
            [
              -70.54167871228516,
              -32.82907046963176
            ],
            [
              -70.54167871228516,
              -32.82906817200191
            ],
            [
              -70.54167781542272,
              -32.82906817200191
            ],
            [
              -70.54167781542272,
              -32.829065874372056
            ],
            [
              -70.54167691856028,
              -32.829065874372056
            ],
            [
              -70.54167691856028,
              -32.82906357674221
            ],
            [
              -70.54167602169784,
              -32.82906357674221
            ],
            [
              -70.54167602169784,
              -32.82906127911236
            ],
            [
              -70.54167512483541,
              -32.82906127911236
            ],
            [
              -70.54167512483541,
              -32.82905821560589
            ],
            [
              -70.54167422797296,
              -32.82905821560589
            ],
            [
              -70.54167422797296,
              -32.82905591797604
            ],
            [
              -70.54167333111053,
              -32.82905591797604
            ],
            [
              -70.54167333111053,
              -32.82905362034619
            ],
            [
              -70.54167243424808,
              -32.82905362034619
            ],
            [
              -70.54167243424808,
              -32.82905132271634
            ],
            [
              -70.54167153738565,
              -32.82905132271634
            ],
            [
              -70.54167153738565,
              -32.82904902508649
            ],
            [
              -70.54167064052321,
              -32.82904902508649
            ],
            [
              -70.54167064052321,
              -32.82904672745664
            ],
            [
              -70.54166974366078,
              -32.82904672745664
            ],
            [
              -70.54166974366078,
              -32.82904442982679
            ],
            [
              -70.54166884679833,
              -32.82904442982679
            ],
            [
              -70.54166884679833,
              -32.82904213219694
            ],
            [
              -70.5416679499359,
              -32.82904213219694
            ],
            [
              -70.5416679499359,
              -32.82903906869047
            ],
            [
              -70.54166705307345,
              -32.82903906869047
            ],
            [
              -70.54166705307345,
              -32.82903677106062
            ],
            [
              -70.54166615621102,
              -32.82903677106062
            ],
            [
              -70.54166615621102,
              -32.829034473430774
            ],
            [
              -70.54166525934858,
              -32.829034473430774
            ],
            [
              -70.54166525934858,
              -32.82903217580092
            ],
            [
              -70.54166436248615,
              -32.82903217580092
            ],
            [
              -70.54166436248615,
              -32.82902987817107
            ],
            [
              -70.5416634656237,
              -32.82902987817107
            ],
            [
              -70.5416634656237,
              -32.82902758054122
            ],
            [
              -70.54166256876127,
              -32.82902758054122
            ],
            [
              -70.54166256876127,
              -32.82902528291137
            ],
            [
              -70.54166167189882,
              -32.82902528291137
            ],
            [
              -70.54166167189882,
              -32.829022219404905
            ],
            [
              -70.54166077503639,
              -32.829022219404905
            ],
            [
              -70.54166077503639,
              -32.82901992177505
            ],
            [
              -70.54165987817395,
              -32.82901992177505
            ],
            [
              -70.54165987817395,
              -32.8290176241452
            ],
            [
              -70.54165898131151,
              -32.8290176241452
            ],
            [
              -70.54165898131151,
              -32.82901532651535
            ],
            [
              -70.54165808444907,
              -32.82901532651535
            ],
            [
              -70.54165808444907,
              -32.829013028885505
            ],
            [
              -70.54165718758664,
              -32.829013028885505
            ],
            [
              -70.54165718758664,
              -32.82901073125565
            ],
            [
              -70.5416562907242,
              -32.82901073125565
            ],
            [
              -70.5416562907242,
              -32.8290084336258
            ],
            [
              -70.54165539386176,
              -32.8290084336258
            ],
            [
              -70.54165539386176,
              -32.82900537011933
            ],
            [
              -70.54165449699933,
              -32.82900537011933
            ],
            [
              -70.54165449699933,
              -32.829003072489485
            ],
            [
              -70.54165360013688,
              -32.829003072489485
            ],
            [
              -70.54165360013688,
              -32.82900077485964
            ],
            [
              -70.54165270327445,
              -32.82900077485964
            ],
            [
              -70.54165270327445,
              -32.82899847722978
            ],
            [
              -70.541651806412,
              -32.82899847722978
            ],
            [
              -70.541651806412,
              -32.82899617959993
            ],
            [
              -70.54165090954957,
              -32.82899617959993
            ],
            [
              -70.54165090954957,
              -32.828993881970085
            ],
            [
              -70.54165001268713,
              -32.828993881970085
            ],
            [
              -70.54165001268713,
              -32.82899158434023
            ],
            [
              -70.5416491158247,
              -32.82899158434023
            ],
            [
              -70.5416491158247,
              -32.82898852083377
            ],
            [
              -70.54164821896225,
              -32.82898852083377
            ],
            [
              -70.54164821896225,
              -32.82898622320391
            ],
            [
              -70.54164732209982,
              -32.82898622320391
            ],
            [
              -70.54164732209982,
              -32.828983925574065
            ],
            [
              -70.54164642523737,
              -32.828983925574065
            ],
            [
              -70.54164642523737,
              -32.828981627944216
            ],
            [
              -70.54164552837494,
              -32.828981627944216
            ],
            [
              -70.54164552837494,
              -32.82897933031437
            ],
            [
              -70.5416446315125,
              -32.82897933031437
            ],
            [
              -70.5416446315125,
              -32.82897703268451
            ],
            [
              -70.54164373465007,
              -32.82897703268451
            ],
            [
              -70.54164373465007,
              -32.828974735054665
            ],
            [
              -70.54164283778762,
              -32.828974735054665
            ],
            [
              -70.54164283778762,
              -32.828971671548196
            ],
            [
              -70.54164194092519,
              -32.828971671548196
            ],
            [
              -70.54164194092519,
              -32.82896937391835
            ],
            [
              -70.54164104406274,
              -32.82896937391835
            ],
            [
              -70.54164104406274,
              -32.8289670762885
            ],
            [
              -70.54164014720031,
              -32.8289670762885
            ],
            [
              -70.54164014720031,
              -32.828964778658644
            ],
            [
              -70.54163925033787,
              -32.828964778658644
            ],
            [
              -70.54163925033787,
              -32.828962481028796
            ],
            [
              -70.54163835347543,
              -32.828962481028796
            ],
            [
              -70.54163835347543,
              -32.82896018339895
            ],
            [
              -70.54163745661299,
              -32.82896018339895
            ],
            [
              -70.54163745661299,
              -32.8289578857691
            ],
            [
              -70.54163655975056,
              -32.8289578857691
            ],
            [
              -70.54163655975056,
              -32.82895482226263
            ],
            [
              -70.54163566288811,
              -32.82895482226263
            ],
            [
              -70.54163566288811,
              -32.82895252463278
            ],
            [
              -70.54163476602568,
              -32.82895252463278
            ],
            [
              -70.54163476602568,
              -32.82895022700293
            ],
            [
              -70.54163386916323,
              -32.82895022700293
            ],
            [
              -70.54163386916323,
              -32.82894792937308
            ],
            [
              -70.5416329723008,
              -32.82894792937308
            ],
            [
              -70.5416329723008,
              -32.82894563174323
            ],
            [
              -70.54163207543836,
              -32.82894563174323
            ],
            [
              -70.54163207543836,
              -32.828943334113376
            ],
            [
              -70.54163117857593,
              -32.828943334113376
            ],
            [
              -70.54163117857593,
              -32.82894103648353
            ],
            [
              -70.54163028171348,
              -32.82894103648353
            ],
            [
              -70.54163028171348,
              -32.82893797297706
            ],
            [
              -70.54162938485105,
              -32.82893797297706
            ],
            [
              -70.54162938485105,
              -32.82893567534721
            ],
            [
              -70.5416284879886,
              -32.82893567534721
            ],
            [
              -70.5416284879886,
              -32.82893337771736
            ],
            [
              -70.54162759112617,
              -32.82893337771736
            ],
            [
              -70.54162759112617,
              -32.82893108008751
            ],
            [
              -70.54162669426373,
              -32.82893108008751
            ],
            [
              -70.54162669426373,
              -32.82892878245766
            ],
            [
              -70.5416257974013,
              -32.82892878245766
            ],
            [
              -70.5416257974013,
              -32.82892648482781
            ],
            [
              -70.54162490053885,
              -32.82892648482781
            ],
            [
              -70.54162490053885,
              -32.82892418719796
            ],
            [
              -70.54162400367642,
              -32.82892418719796
            ],
            [
              -70.54162400367642,
              -32.828921123691494
            ],
            [
              -70.54162310681397,
              -32.828921123691494
            ],
            [
              -70.54162310681397,
              -32.828918826061646
            ],
            [
              -70.54162220995154,
              -32.828918826061646
            ],
            [
              -70.54162220995154,
              -32.82891652843179
            ],
            [
              -70.5416213130891,
              -32.82891652843179
            ],
            [
              -70.5416213130891,
              -32.82891423080194
            ],
            [
              -70.54162041622666,
              -32.82891423080194
            ],
            [
              -70.54162041622666,
              -32.828911933172094
            ],
            [
              -70.54161951936422,
              -32.828911933172094
            ],
            [
              -70.54161951936422,
              -32.82890963554224
            ],
            [
              -70.54161862250179,
              -32.82890963554224
            ],
            [
              -70.54161862250179,
              -32.82890733791239
            ],
            [
              -70.54161772563934,
              -32.82890733791239
            ],
            [
              -70.54161772563934,
              -32.82890427440592
            ],
            [
              -70.54161682877691,
              -32.82890427440592
            ],
            [
              -70.54161682877691,
              -32.82890197677607
            ],
            [
              -70.54161593191446,
              -32.82890197677607
            ],
            [
              -70.54161593191446,
              -32.828899679146225
            ],
            [
              -70.54161503505203,
              -32.828899679146225
            ],
            [
              -70.54161503505203,
              -32.82889738151637
            ],
            [
              -70.54161413818959,
              -32.82889738151637
            ],
            [
              -70.54161413818959,
              -32.82889508388652
            ],
            [
              -70.54161324132716,
              -32.82889508388652
            ],
            [
              -70.54161324132716,
              -32.828892786256674
            ],
            [
              -70.54161234446471,
              -32.828892786256674
            ],
            [
              -70.54161234446471,
              -32.828890488626826
            ],
            [
              -70.54161144760228,
              -32.828890488626826
            ],
            [
              -70.54161144760228,
              -32.82888742512036
            ],
            [
              -70.54161055073983,
              -32.82888742512036
            ],
            [
              -70.54161055073983,
              -32.82888512749051
            ],
            [
              -70.5416096538774,
              -32.82888512749051
            ],
            [
              -70.5416096538774,
              -32.82888282986065
            ],
            [
              -70.54160875701496,
              -32.82888282986065
            ],
            [
              -70.54160875701496,
              -32.828880532230805
            ],
            [
              -70.54160786015252,
              -32.828880532230805
            ],
            [
              -70.54160786015252,
              -32.82887823460096
            ],
            [
              -70.54160696329009,
              -32.82887823460096
            ],
            [
              -70.54160696329009,
              -32.8288759369711
            ],
            [
              -70.54160606642765,
              -32.8288759369711
            ],
            [
              -70.54160606642765,
              -32.82887363934125
            ],
            [
              -70.54160516956522,
              -32.82887363934125
            ],
            [
              -70.54160516956522,
              -32.828871341711405
            ],
            [
              -70.54160427270277,
              -32.828871341711405
            ],
            [
              -70.54160427270277,
              -32.828868278204936
            ],
            [
              -70.54160337584034,
              -32.828868278204936
            ],
            [
              -70.54160337584034,
              -32.82886598057509
            ],
            [
              -70.5416024789779,
              -32.82886598057509
            ],
            [
              -70.5416024789779,
              -32.82886368294523
            ],
            [
              -70.54160158211546,
              -32.82886368294523
            ],
            [
              -70.54160158211546,
              -32.828861385315385
            ],
            [
              -70.54160068525302,
              -32.828861385315385
            ],
            [
              -70.54160068525302,
              -32.82885908768554
            ],
            [
              -70.54159978839058,
              -32.82885908768554
            ],
            [
              -70.54159978839058,
              -32.82885679005569
            ],
            [
              -70.54159889152814,
              -32.82885679005569
            ],
            [
              -70.54159889152814,
              -32.82885449242583
            ],
            [
              -70.54159799466571,
              -32.82885449242583
            ],
            [
              -70.54159799466571,
              -32.82885142891937
            ],
            [
              -70.54159709780326,
              -32.82885142891937
            ],
            [
              -70.54159709780326,
              -32.828849131289516
            ],
            [
              -70.54159620094083,
              -32.828849131289516
            ],
            [
              -70.54159620094083,
              -32.82884683365967
            ],
            [
              -70.54159530407838,
              -32.82884683365967
            ],
            [
              -70.54159530407838,
              -32.82884453602982
            ],
            [
              -70.54159440721595,
              -32.82884453602982
            ],
            [
              -70.54159440721595,
              -32.828842238399965
            ],
            [
              -70.54159351035351,
              -32.828842238399965
            ],
            [
              -70.54159351035351,
              -32.828839940770116
            ],
            [
              -70.54159261349108,
              -32.828839940770116
            ],
            [
              -70.54159261349108,
              -32.82883764314027
            ],
            [
              -70.54159171662863,
              -32.82883764314027
            ],
            [
              -70.54159171662863,
              -32.8288345796338
            ],
            [
              -70.5415908197662,
              -32.8288345796338
            ],
            [
              -70.5415908197662,
              -32.82883228200395
            ],
            [
              -70.54158992290375,
              -32.82883228200395
            ],
            [
              -70.54158992290375,
              -32.8288299843741
            ],
            [
              -70.54158902604132,
              -32.8288299843741
            ],
            [
              -70.54158902604132,
              -32.82882768674425
            ],
            [
              -70.54158812917888,
              -32.82882768674425
            ],
            [
              -70.54158812917888,
              -32.8288253891144
            ],
            [
              -70.54158723231645,
              -32.8288253891144
            ],
            [
              -70.54158723231645,
              -32.82882309148455
            ],
            [
              -70.541586335454,
              -32.82882309148455
            ],
            [
              -70.541586335454,
              -32.828820793854696
            ],
            [
              -70.54158543859157,
              -32.828820793854696
            ],
            [
              -70.54158543859157,
              -32.828817730348234
            ],
            [
              -70.54158454172912,
              -32.828817730348234
            ],
            [
              -70.54158454172912,
              -32.82881543271838
            ],
            [
              -70.54158364486669,
              -32.82881543271838
            ],
            [
              -70.54158364486669,
              -32.82881313508853
            ],
            [
              -70.54158274800425,
              -32.82881313508853
            ],
            [
              -70.54158274800425,
              -32.82881083745868
            ],
            [
              -70.54158185114181,
              -32.82881083745868
            ],
            [
              -70.54158185114181,
              -32.82880853982883
            ],
            [
              -70.54158095427937,
              -32.82880853982883
            ],
            [
              -70.54158095427937,
              -32.82880624219898
            ],
            [
              -70.54158005741694,
              -32.82880624219898
            ],
            [
              -70.54158005741694,
              -32.82880394456913
            ],
            [
              -70.54157916055449,
              -32.82880394456913
            ],
            [
              -70.54157916055449,
              -32.82880088106266
            ],
            [
              -70.54157826369206,
              -32.82880088106266
            ],
            [
              -70.54157826369206,
              -32.828798583432814
            ],
            [
              -70.54157736682961,
              -32.828798583432814
            ],
            [
              -70.54157736682961,
              -32.828796285802966
            ],
            [
              -70.54157646996718,
              -32.828796285802966
            ],
            [
              -70.54157646996718,
              -32.82879398817311
            ],
            [
              -70.54157557310474,
              -32.82879398817311
            ],
            [
              -70.54157557310474,
              -32.82879169054326
            ],
            [
              -70.5415746762423,
              -32.82879169054326
            ],
            [
              -70.5415746762423,
              -32.828789392913414
            ],
            [
              -70.54157377937986,
              -32.828789392913414
            ],
            [
              -70.54157377937986,
              -32.82878709528356
            ],
            [
              -70.54157288251743,
              -32.82878709528356
            ],
            [
              -70.54157288251743,
              -32.8287840317771
            ],
            [
              -70.54157198565498,
              -32.8287840317771
            ],
            [
              -70.54157198565498,
              -32.82878173414724
            ],
            [
              -70.54157108879255,
              -32.82878173414724
            ],
            [
              -70.54157108879255,
              -32.828779436517394
            ],
            [
              -70.5415701919301,
              -32.828779436517394
            ],
            [
              -70.5415701919301,
              -32.828777138887546
            ],
            [
              -70.54156929506767,
              -32.828777138887546
            ],
            [
              -70.54156929506767,
              -32.82877484125769
            ],
            [
              -70.54156839820523,
              -32.82877484125769
            ],
            [
              -70.54156839820523,
              -32.82877254362784
            ],
            [
              -70.5415675013428,
              -32.82877254362784
            ],
            [
              -70.5415675013428,
              -32.828770245997994
            ],
            [
              -70.54156660448035,
              -32.828770245997994
            ],
            [
              -70.54156660448035,
              -32.828767182491525
            ],
            [
              -70.54156570761792,
              -32.828767182491525
            ],
            [
              -70.54156570761792,
              -32.82876488486168
            ],
            [
              -70.54156481075547,
              -32.82876488486168
            ],
            [
              -70.54156481075547,
              -32.82876258723183
            ],
            [
              -70.54156391389304,
              -32.82876258723183
            ],
            [
              -70.54156391389304,
              -32.82876028960197
            ],
            [
              -70.5415630170306,
              -32.82876028960197
            ],
            [
              -70.5415630170306,
              -32.828757991972125
            ],
            [
              -70.54156212016817,
              -32.828757991972125
            ],
            [
              -70.54156212016817,
              -32.82875569434228
            ],
            [
              -70.54156122330572,
              -32.82875569434228
            ],
            [
              -70.54156122330572,
              -32.82875339671242
            ],
            [
              -70.54156032644329,
              -32.82875339671242
            ],
            [
              -70.54156032644329,
              -32.82875033320596
            ],
            [
              -70.54155942958084,
              -32.82875033320596
            ],
            [
              -70.54155942958084,
              -32.828748035576105
            ],
            [
              -70.54155853271841,
              -32.828748035576105
            ],
            [
              -70.54155853271841,
              -32.82874573794626
            ],
            [
              -70.54155763585598,
              -32.82874573794626
            ],
            [
              -70.54155763585598,
              -32.82874344031641
            ],
            [
              -70.54155673899353,
              -32.82874344031641
            ],
            [
              -70.54155673899353,
              -32.82874114268655
            ],
            [
              -70.5415558421311,
              -32.82874114268655
            ],
            [
              -70.5415558421311,
              -32.828738845056705
            ],
            [
              -70.54155494526866,
              -32.828738845056705
            ],
            [
              -70.54155494526866,
              -32.82873654742686
            ],
            [
              -70.54155404840623,
              -32.82873654742686
            ],
            [
              -70.54155404840623,
              -32.82873348392039
            ],
            [
              -70.54155315154378,
              -32.82873348392039
            ],
            [
              -70.54155315154378,
              -32.82873118629054
            ],
            [
              -70.54155225468135,
              -32.82873118629054
            ],
            [
              -70.54155225468135,
              -32.82872888866069
            ],
            [
              -70.5415513578189,
              -32.82872888866069
            ],
            [
              -70.5415513578189,
              -32.828726591030836
            ],
            [
              -70.54155046095647,
              -32.828726591030836
            ],
            [
              -70.54155046095647,
              -32.82872429340099
            ],
            [
              -70.54154956409403,
              -32.82872429340099
            ],
            [
              -70.54154956409403,
              -32.82872199577114
            ],
            [
              -70.5415486672316,
              -32.82872199577114
            ],
            [
              -70.5415486672316,
              -32.828719698141285
            ],
            [
              -70.54154777036915,
              -32.828719698141285
            ],
            [
              -70.54154777036915,
              -32.82871663463482
            ],
            [
              -70.54154687350672,
              -32.82871663463482
            ],
            [
              -70.54154687350672,
              -32.82871433700497
            ],
            [
              -70.54154597664427,
              -32.82871433700497
            ],
            [
              -70.54154597664427,
              -32.82871203937512
            ],
            [
              -70.54154507978184,
              -32.82871203937512
            ],
            [
              -70.54154507978184,
              -32.82870974174527
            ],
            [
              -70.5415441829194,
              -32.82870974174527
            ],
            [
              -70.5415441829194,
              -32.82870744411542
            ],
            [
              -70.54154328605696,
              -32.82870744411542
            ],
            [
              -70.54154328605696,
              -32.82870514648557
            ],
            [
              -70.54154238919452,
              -32.82870514648557
            ],
            [
              -70.54154238919452,
              -32.82870284885572
            ],
            [
              -70.54154149233209,
              -32.82870284885572
            ],
            [
              -70.54154149233209,
              -32.82870055122587
            ],
            [
              -70.54154059546964,
              -32.82870055122587
            ],
            [
              -70.54154059546964,
              -32.8286974877194
            ],
            [
              -70.54153969860721,
              -32.8286974877194
            ],
            [
              -70.54153969860721,
              -32.828695190089555
            ],
            [
              -70.54153880174476,
              -32.828695190089555
            ],
            [
              -70.54153880174476,
              -32.8286928924597
            ],
            [
              -70.54153790488233,
              -32.8286928924597
            ],
            [
              -70.54153790488233,
              -32.82869059482985
            ],
            [
              -70.54153700801989,
              -32.82869059482985
            ],
            [
              -70.54153700801989,
              -32.8286882972
            ],
            [
              -70.54153611115746,
              -32.8286882972
            ],
            [
              -70.54153611115746,
              -32.82868599957015
            ],
            [
              -70.54153521429501,
              -32.82868599957015
            ],
            [
              -70.54153521429501,
              -32.8286837019403
            ],
            [
              -70.54153431743258,
              -32.8286837019403
            ],
            [
              -70.54153431743258,
              -32.82868063843383
            ],
            [
              -70.54153342057013,
              -32.82868063843383
            ],
            [
              -70.54153342057013,
              -32.82867834080398
            ],
            [
              -70.5415325237077,
              -32.82867834080398
            ],
            [
              -70.5415325237077,
              -32.828676043174134
            ],
            [
              -70.54153162684526,
              -32.828676043174134
            ],
            [
              -70.54153162684526,
              -32.828673745544286
            ],
            [
              -70.54153072998282,
              -32.828673745544286
            ],
            [
              -70.54153072998282,
              -32.82867144791443
            ],
            [
              -70.54152983312038,
              -32.82867144791443
            ],
            [
              -70.54152983312038,
              -32.82866915028458
            ],
            [
              -70.54152893625795,
              -32.82866915028458
            ],
            [
              -70.54152893625795,
              -32.828666852654734
            ],
            [
              -70.5415280393955,
              -32.828666852654734
            ],
            [
              -70.5415280393955,
              -32.828663789148266
            ],
            [
              -70.54152714253307,
              -32.828663789148266
            ],
            [
              -70.54152714253307,
              -32.82866149151842
            ],
            [
              -70.54152624567062,
              -32.82866149151842
            ],
            [
              -70.54152624567062,
              -32.82865919388856
            ],
            [
              -70.5415253488082,
              -32.82865919388856
            ],
            [
              -70.5415253488082,
              -32.828656896258714
            ],
            [
              -70.54152445194575,
              -32.828656896258714
            ],
            [
              -70.54152445194575,
              -32.828654598628866
            ],
            [
              -70.54152355508332,
              -32.828654598628866
            ],
            [
              -70.54152355508332,
              -32.82865230099901
            ],
            [
              -70.54152265822087,
              -32.82865230099901
            ],
            [
              -70.54152265822087,
              -32.82865000336916
            ],
            [
              -70.54152176135844,
              -32.82865000336916
            ],
            [
              -70.54152176135844,
              -32.82864693986269
            ],
            [
              -70.541520864496,
              -32.82864693986269
            ],
            [
              -70.541520864496,
              -32.828644642232845
            ],
            [
              -70.54151996763356,
              -32.828644642232845
            ],
            [
              -70.54151996763356,
              -32.828642344603
            ],
            [
              -70.54151907077112,
              -32.828642344603
            ],
            [
              -70.54151907077112,
              -32.82864004697315
            ],
            [
              -70.54151817390868,
              -32.82864004697315
            ],
            [
              -70.54151817390868,
              -32.828637749343294
            ],
            [
              -70.54151727704624,
              -32.828637749343294
            ],
            [
              -70.54151727704624,
              -32.828635451713446
            ],
            [
              -70.54151638018381,
              -32.828635451713446
            ],
            [
              -70.54151638018381,
              -32.8286331540836
            ],
            [
              -70.54151548332136,
              -32.8286331540836
            ],
            [
              -70.54151548332136,
              -32.82863009057713
            ],
            [
              -70.54151458645893,
              -32.82863009057713
            ],
            [
              -70.54151458645893,
              -32.82862779294728
            ],
            [
              -70.54151368959648,
              -32.82862779294728
            ],
            [
              -70.54151368959648,
              -32.828625495317425
            ],
            [
              -70.54151279273405,
              -32.828625495317425
            ],
            [
              -70.54151279273405,
              -32.82862319768758
            ],
            [
              -70.54151189587161,
              -32.82862319768758
            ],
            [
              -70.54151189587161,
              -32.82862090005773
            ],
            [
              -70.54151099900918,
              -32.82862090005773
            ],
            [
              -70.54151099900918,
              -32.82861860242787
            ],
            [
              -70.54151010214673,
              -32.82861860242787
            ],
            [
              -70.54151010214673,
              -32.828616304798025
            ],
            [
              -70.5415092052843,
              -32.828616304798025
            ],
            [
              -70.5415092052843,
              -32.828613241291556
            ],
            [
              -70.54150830842185,
              -32.828613241291556
            ],
            [
              -70.54150830842185,
              -32.82861094366171
            ],
            [
              -70.54150741155942,
              -32.82861094366171
            ],
            [
              -70.54150741155942,
              -32.82860864603186
            ],
            [
              -70.54150651469699,
              -32.82860864603186
            ],
            [
              -70.54150651469699,
              -32.82860634840201
            ],
            [
              -70.54150561783455,
              -32.82860634840201
            ],
            [
              -70.54150561783455,
              -32.82860405077216
            ],
            [
              -70.54150472097211,
              -32.82860405077216
            ],
            [
              -70.54150472097211,
              -32.82860175314231
            ],
            [
              -70.54150382410967,
              -32.82860175314231
            ],
            [
              -70.54150382410967,
              -32.82859945551246
            ],
            [
              -70.54150292724724,
              -32.82859945551246
            ],
            [
              -70.54150292724724,
              -32.82859639200599
            ],
            [
              -70.54150203038479,
              -32.82859639200599
            ],
            [
              -70.54150203038479,
              -32.82859409437614
            ],
            [
              -70.54150113352236,
              -32.82859409437614
            ],
            [
              -70.54150113352236,
              -32.82859179674629
            ],
            [
              -70.54150023665991,
              -32.82859179674629
            ],
            [
              -70.54150023665991,
              -32.82858949911644
            ],
            [
              -70.54149933979748,
              -32.82858949911644
            ],
            [
              -70.54149933979748,
              -32.82858720148659
            ],
            [
              -70.54149844293504,
              -32.82858720148659
            ],
            [
              -70.54149844293504,
              -32.82858490385674
            ],
            [
              -70.5414975460726,
              -32.82858490385674
            ],
            [
              -70.5414975460726,
              -32.82858260622689
            ],
            [
              -70.54149664921016,
              -32.82858260622689
            ],
            [
              -70.54149664921016,
              -32.82857954272042
            ],
            [
              -70.54149575234773,
              -32.82857954272042
            ],
            [
              -70.54149575234773,
              -32.82857724509057
            ],
            [
              -70.54149485548528,
              -32.82857724509057
            ],
            [
              -70.54149485548528,
              -32.82857494746072
            ],
            [
              -70.54149395862285,
              -32.82857494746072
            ],
            [
              -70.54149395862285,
              -32.828572649830875
            ],
            [
              -70.5414930617604,
              -32.828572649830875
            ],
            [
              -70.5414930617604,
              -32.82857035220102
            ],
            [
              -70.54149216489797,
              -32.82857035220102
            ],
            [
              -70.54149216489797,
              -32.82856805457117
            ],
            [
              -70.54149126803553,
              -32.82856805457117
            ],
            [
              -70.54149126803553,
              -32.82856575694132
            ],
            [
              -70.5414903711731,
              -32.82856575694132
            ],
            [
              -70.5414903711731,
              -32.828562693434854
            ],
            [
              -70.54148947431065,
              -32.828562693434854
            ],
            [
              -70.54148947431065,
              -32.828560395805006
            ],
            [
              -70.54148857744822,
              -32.828560395805006
            ],
            [
              -70.54148857744822,
              -32.82855809817515
            ],
            [
              -70.54148768058577,
              -32.82855809817515
            ],
            [
              -70.54148768058577,
              -32.8285558005453
            ],
            [
              -70.54148678372334,
              -32.8285558005453
            ],
            [
              -70.54148678372334,
              -32.828553502915454
            ],
            [
              -70.5414858868609,
              -32.828553502915454
            ],
            [
              -70.5414858868609,
              -32.828551205285606
            ],
            [
              -70.54148498999847,
              -32.828551205285606
            ],
            [
              -70.54148498999847,
              -32.82854890765575
            ],
            [
              -70.54148409313602,
              -32.82854890765575
            ],
            [
              -70.54148409313602,
              -32.82854584414929
            ],
            [
              -70.54148319627359,
              -32.82854584414929
            ],
            [
              -70.54148319627359,
              -32.828543546519434
            ],
            [
              -70.54148229941114,
              -32.828543546519434
            ],
            [
              -70.54148229941114,
              -32.828541248889586
            ],
            [
              -70.54148140254871,
              -32.828541248889586
            ],
            [
              -70.54148140254871,
              -32.82853895125974
            ],
            [
              -70.54148050568627,
              -32.82853895125974
            ],
            [
              -70.54148050568627,
              -32.82853665362988
            ],
            [
              -70.54147960882383,
              -32.82853665362988
            ],
            [
              -70.54147960882383,
              -32.828534356000034
            ],
            [
              -70.54147871196139,
              -32.828534356000034
            ],
            [
              -70.54147871196139,
              -32.828532058370186
            ],
            [
              -70.54147781509896,
              -32.828532058370186
            ],
            [
              -70.54147781509896,
              -32.82852976074033
            ],
            [
              -70.54147691823651,
              -32.82852976074033
            ],
            [
              -70.54147691823651,
              -32.82852669723387
            ],
            [
              -70.54147602137408,
              -32.82852669723387
            ],
            [
              -70.54147602137408,
              -32.828524399604014
            ],
            [
              -70.54147512451163,
              -32.828524399604014
            ],
            [
              -70.54147512451163,
              -32.828522101974166
            ],
            [
              -70.5414742276492,
              -32.828522101974166
            ],
            [
              -70.5414742276492,
              -32.82851980434432
            ],
            [
              -70.54147333078676,
              -32.82851980434432
            ],
            [
              -70.54147333078676,
              -32.82851750671447
            ],
            [
              -70.54147243392433,
              -32.82851750671447
            ],
            [
              -70.54147243392433,
              -32.828515209084614
            ],
            [
              -70.54147153706188,
              -32.828515209084614
            ],
            [
              -70.54147153706188,
              -32.828512911454766
            ],
            [
              -70.54147064019945,
              -32.828512911454766
            ],
            [
              -70.54147064019945,
              -32.8285098479483
            ],
            [
              -70.541469743337,
              -32.8285098479483
            ],
            [
              -70.541469743337,
              -32.82850755031845
            ],
            [
              -70.54146884647457,
              -32.82850755031845
            ],
            [
              -70.54146884647457,
              -32.8285052526886
            ],
            [
              -70.54146794961213,
              -32.8285052526886
            ],
            [
              -70.54146794961213,
              -32.828502955058745
            ],
            [
              -70.5414670527497,
              -32.828502955058745
            ],
            [
              -70.5414670527497,
              -32.8285006574289
            ],
            [
              -70.54146615588725,
              -32.8285006574289
            ],
            [
              -70.54146615588725,
              -32.82849835979905
            ],
            [
              -70.54146525902482,
              -32.82849835979905
            ],
            [
              -70.54146525902482,
              -32.828496062169194
            ],
            [
              -70.54146436216237,
              -32.828496062169194
            ],
            [
              -70.54146436216237,
              -32.82849299866273
            ],
            [
              -70.54146346529994,
              -32.82849299866273
            ],
            [
              -70.54146346529994,
              -32.82849070103288
            ],
            [
              -70.5414625684375,
              -32.82849070103288
            ],
            [
              -70.5414625684375,
              -32.82848840340303
            ],
            [
              -70.54146167157506,
              -32.82848840340303
            ],
            [
              -70.54146167157506,
              -32.82848610577318
            ],
            [
              -70.54146077471262,
              -32.82848610577318
            ],
            [
              -70.54146077471262,
              -32.82848380814333
            ],
            [
              -70.54145987785019,
              -32.82848380814333
            ],
            [
              -70.54145987785019,
              -32.82848151051348
            ],
            [
              -70.54145898098774,
              -32.82848151051348
            ],
            [
              -70.54145898098774,
              -32.82847921288363
            ],
            [
              -70.54145808412531,
              -32.82847921288363
            ],
            [
              -70.54145808412531,
              -32.82847614937716
            ],
            [
              -70.54145718726288,
              -32.82847614937716
            ],
            [
              -70.54145718726288,
              -32.82847385174731
            ],
            [
              -70.54145629040043,
              -32.82847385174731
            ],
            [
              -70.54145629040043,
              -32.82847155411746
            ],
            [
              -70.541455393538,
              -32.82847155411746
            ],
            [
              -70.541455393538,
              -32.82846925648761
            ],
            [
              -70.54145449667556,
              -32.82846925648761
            ],
            [
              -70.54145449667556,
              -32.82846695885776
            ],
            [
              -70.54145359981312,
              -32.82846695885776
            ],
            [
              -70.54145359981312,
              -32.82846466122791
            ],
            [
              -70.54145270295068,
              -32.82846466122791
            ],
            [
              -70.54145270295068,
              -32.828462363598064
            ],
            [
              -70.54145180608825,
              -32.828462363598064
            ],
            [
              -70.54145180608825,
              -32.828459300091595
            ],
            [
              -70.5414509092258,
              -32.828459300091595
            ],
            [
              -70.5414509092258,
              -32.82845700246174
            ],
            [
              -70.54145001236337,
              -32.82845700246174
            ],
            [
              -70.54145001236337,
              -32.82845470483189
            ],
            [
              -70.54144911550092,
              -32.82845470483189
            ],
            [
              -70.54144911550092,
              -32.82845240720204
            ],
            [
              -70.5414482186385,
              -32.82845240720204
            ],
            [
              -70.5414482186385,
              -32.828450109572195
            ],
            [
              -70.54144732177605,
              -32.828450109572195
            ],
            [
              -70.54144732177605,
              -32.82844781194234
            ],
            [
              -70.54144642491362,
              -32.82844781194234
            ],
            [
              -70.54144642491362,
              -32.82844551431249
            ],
            [
              -70.54144552805117,
              -32.82844551431249
            ],
            [
              -70.54144552805117,
              -32.82844245080602
            ],
            [
              -70.54144463118874,
              -32.82844245080602
            ],
            [
              -70.54144463118874,
              -32.828440153176174
            ],
            [
              -70.5414437343263,
              -32.828440153176174
            ],
            [
              -70.5414437343263,
              -32.828437855546326
            ],
            [
              -70.54144283746386,
              -32.828437855546326
            ],
            [
              -70.54144283746386,
              -32.82843555791647
            ],
            [
              -70.54144194060142,
              -32.82843555791647
            ],
            [
              -70.54144194060142,
              -32.82843326028662
            ],
            [
              -70.54144104373898,
              -32.82843326028662
            ],
            [
              -70.54144104373898,
              -32.828430962656775
            ],
            [
              -70.54144014687654,
              -32.828430962656775
            ],
            [
              -70.54144014687654,
              -32.82842866502693
            ],
            [
              -70.54143925001411,
              -32.82842866502693
            ],
            [
              -70.54143925001411,
              -32.82842560152046
            ],
            [
              -70.54143835315166,
              -32.82842560152046
            ],
            [
              -70.54143835315166,
              -32.82842330389061
            ],
            [
              -70.54143745628923,
              -32.82842330389061
            ],
            [
              -70.54143745628923,
              -32.828421006260754
            ],
            [
              -70.54143655942678,
              -32.828421006260754
            ],
            [
              -70.54143655942678,
              -32.828418708630906
            ],
            [
              -70.54143566256435,
              -32.828418708630906
            ],
            [
              -70.54143566256435,
              -32.82841641100106
            ],
            [
              -70.54143476570191,
              -32.82841641100106
            ],
            [
              -70.54143476570191,
              -32.8284141133712
            ],
            [
              -70.54143386883948,
              -32.8284141133712
            ],
            [
              -70.54143386883948,
              -32.828411815741354
            ],
            [
              -70.54143297197703,
              -32.828411815741354
            ],
            [
              -70.54143297197703,
              -32.828408752234886
            ],
            [
              -70.5414320751146,
              -32.828408752234886
            ],
            [
              -70.5414320751146,
              -32.82840645460504
            ],
            [
              -70.54143117825215,
              -32.82840645460504
            ],
            [
              -70.54143117825215,
              -32.82840415697519
            ],
            [
              -70.54143028138972,
              -32.82840415697519
            ],
            [
              -70.54143028138972,
              -32.828401859345334
            ],
            [
              -70.54142938452728,
              -32.828401859345334
            ],
            [
              -70.54142938452728,
              -32.828399561715486
            ],
            [
              -70.54142848766485,
              -32.828399561715486
            ],
            [
              -70.54142848766485,
              -32.82839726408564
            ],
            [
              -70.5414275908024,
              -32.82839726408564
            ],
            [
              -70.5414275908024,
              -32.82839649820902
            ],
            [
              -70.54143028138972,
              -32.82839649820902
            ],
            [
              -70.54143028138972,
              -32.8283957323324
            ],
            [
              -70.54143297197703,
              -32.8283957323324
            ],
            [
              -70.54143297197703,
              -32.82839496645579
            ],
            [
              -70.54143476570191,
              -32.82839496645579
            ],
            [
              -70.54143476570191,
              -32.82839420057917
            ],
            [
              -70.54143745628923,
              -32.82839420057917
            ],
            [
              -70.54143745628923,
              -32.828393434702555
            ],
            [
              -70.54144014687654,
              -32.828393434702555
            ],
            [
              -70.54144014687654,
              -32.828392668825934
            ],
            [
              -70.54144194060142,
              -32.828392668825934
            ],
            [
              -70.54144194060142,
              -32.82839190294932
            ],
            [
              -70.54144463118874,
              -32.82839190294932
            ],
            [
              -70.54144463118874,
              -32.8283911370727
            ],
            [
              -70.54144732177605,
              -32.8283911370727
            ],
            [
              -70.54144732177605,
              -32.828390371196086
            ],
            [
              -70.54144911550092,
              -32.828390371196086
            ],
            [
              -70.54144911550092,
              -32.82838960531947
            ],
            [
              -70.54145180608825,
              -32.82838960531947
            ],
            [
              -70.54145180608825,
              -32.82838883944285
            ],
            [
              -70.54145449667556,
              -32.82838883944285
            ],
            [
              -70.54145449667556,
              -32.82838807356624
            ],
            [
              -70.54145629040043,
              -32.82838807356624
            ],
            [
              -70.54145629040043,
              -32.82838730768962
            ],
            [
              -70.54145898098774,
              -32.82838730768962
            ],
            [
              -70.54145898098774,
              -32.828386541813
            ],
            [
              -70.54146167157506,
              -32.828386541813
            ],
            [
              -70.54146167157506,
              -32.82838577593638
            ],
            [
              -70.54146436216237,
              -32.82838577593638
            ],
            [
              -70.54146436216237,
              -32.82838501005977
            ],
            [
              -70.54146615588725,
              -32.82838501005977
            ],
            [
              -70.54146615588725,
              -32.828384244183155
            ],
            [
              -70.54146884647457,
              -32.828384244183155
            ],
            [
              -70.54146884647457,
              -32.828383478306534
            ],
            [
              -70.54147153706188,
              -32.828383478306534
            ],
            [
              -70.54147153706188,
              -32.82838271242992
            ],
            [
              -70.54147333078676,
              -32.82838271242992
            ],
            [
              -70.54147333078676,
              -32.8283819465533
            ],
            [
              -70.54147602137408,
              -32.8283819465533
            ],
            [
              -70.54147602137408,
              -32.828381180676686
            ],
            [
              -70.54147871196139,
              -32.828381180676686
            ],
            [
              -70.54147871196139,
              -32.828380414800066
            ],
            [
              -70.54148050568627,
              -32.828380414800066
            ],
            [
              -70.54148050568627,
              -32.82837964892345
            ],
            [
              -70.54148319627359,
              -32.82837964892345
            ],
            [
              -70.54148319627359,
              -32.82837888304684
            ],
            [
              -70.5414858868609,
              -32.82837888304684
            ],
            [
              -70.5414858868609,
              -32.82837811717022
            ],
            [
              -70.54148768058577,
              -32.82837811717022
            ],
            [
              -70.54148768058577,
              -32.828377351293604
            ],
            [
              -70.5414903711731,
              -32.828377351293604
            ],
            [
              -70.5414903711731,
              -32.82837658541698
            ],
            [
              -70.5414930617604,
              -32.82837658541698
            ],
            [
              -70.5414930617604,
              -32.82837581954037
            ],
            [
              -70.54149575234773,
              -32.82837581954037
            ],
            [
              -70.54149575234773,
              -32.82837505366375
            ],
            [
              -70.5414975460726,
              -32.82837505366375
            ],
            [
              -70.5414975460726,
              -32.828374287787135
            ],
            [
              -70.54150023665991,
              -32.828374287787135
            ],
            [
              -70.54150023665991,
              -32.828373521910514
            ],
            [
              -70.54150292724724,
              -32.828373521910514
            ],
            [
              -70.54150292724724,
              -32.8283727560339
            ],
            [
              -70.54150472097211,
              -32.8283727560339
            ],
            [
              -70.54150472097211,
              -32.82837199015729
            ],
            [
              -70.54150741155942,
              -32.82837199015729
            ],
            [
              -70.54150741155942,
              -32.828371224280666
            ],
            [
              -70.54151010214673,
              -32.828371224280666
            ],
            [
              -70.54151010214673,
              -32.82837045840405
            ],
            [
              -70.54151189587161,
              -32.82837045840405
            ],
            [
              -70.54151189587161,
              -32.82836969252743
            ],
            [
              -70.54151458645893,
              -32.82836969252743
            ],
            [
              -70.54151458645893,
              -32.82836892665082
            ],
            [
              -70.54151727704624,
              -32.82836892665082
            ],
            [
              -70.54151727704624,
              -32.8283681607742
            ],
            [
              -70.54151907077112,
              -32.8283681607742
            ],
            [
              -70.54151907077112,
              -32.82836739489758
            ],
            [
              -70.54152176135844,
              -32.82836739489758
            ],
            [
              -70.54152176135844,
              -32.82836662902097
            ],
            [
              -70.54152445194575,
              -32.82836662902097
            ],
            [
              -70.54152445194575,
              -32.82836586314435
            ],
            [
              -70.54152714253307,
              -32.82836586314435
            ],
            [
              -70.54152714253307,
              -32.828365097267735
            ],
            [
              -70.54152893625795,
              -32.828365097267735
            ],
            [
              -70.54152893625795,
              -32.828364331391114
            ],
            [
              -70.54153162684526,
              -32.828364331391114
            ],
            [
              -70.54153162684526,
              -32.8283635655145
            ],
            [
              -70.54153431743258,
              -32.8283635655145
            ],
            [
              -70.54153431743258,
              -32.82836279963788
            ],
            [
              -70.54153611115746,
              -32.82836279963788
            ],
            [
              -70.54153611115746,
              -32.828362033761266
            ],
            [
              -70.54153880174476,
              -32.828362033761266
            ],
            [
              -70.54153880174476,
              -32.82836126788465
            ],
            [
              -70.54154149233209,
              -32.82836126788465
            ],
            [
              -70.54154149233209,
              -32.82836050200803
            ],
            [
              -70.54154328605696,
              -32.82836050200803
            ],
            [
              -70.54154328605696,
              -32.82835973613142
            ],
            [
              -70.54154597664427,
              -32.82835973613142
            ],
            [
              -70.54154597664427,
              -32.8283589702548
            ],
            [
              -70.5415486672316,
              -32.8283589702548
            ],
            [
              -70.5415486672316,
              -32.82835820437818
            ],
            [
              -70.54155046095647,
              -32.82835820437818
            ],
            [
              -70.54155046095647,
              -32.82835743850156
            ],
            [
              -70.54155315154378,
              -32.82835743850156
            ],
            [
              -70.54155315154378,
              -32.82835667262495
            ],
            [
              -70.5415558421311,
              -32.82835667262495
            ],
            [
              -70.5415558421311,
              -32.828355906748335
            ],
            [
              -70.54155763585598,
              -32.828355906748335
            ],
            [
              -70.54155763585598,
              -32.828355140871714
            ],
            [
              -70.54156032644329,
              -32.828355140871714
            ],
            [
              -70.54156032644329,
              -32.8283543749951
            ],
            [
              -70.5415630170306,
              -32.8283543749951
            ],
            [
              -70.5415630170306,
              -32.82835360911848
            ],
            [
              -70.54156570761792,
              -32.82835360911848
            ],
            [
              -70.54156570761792,
              -32.828352843241866
            ],
            [
              -70.5415675013428,
              -32.828352843241866
            ],
            [
              -70.5415675013428,
              -32.828352077365246
            ],
            [
              -70.5415701919301,
              -32.828352077365246
            ],
            [
              -70.5415701919301,
              -32.82835131148863
            ],
            [
              -70.54157288251743,
              -32.82835131148863
            ],
            [
              -70.54157288251743,
              -32.82835054561202
            ],
            [
              -70.5415746762423,
              -32.82835054561202
            ],
            [
              -70.5415746762423,
              -32.8283497797354
            ],
            [
              -70.54157736682961,
              -32.8283497797354
            ],
            [
              -70.54157736682961,
              -32.828349013858784
            ],
            [
              -70.54158005741694,
              -32.828349013858784
            ],
            [
              -70.54158005741694,
              -32.82834824798216
            ],
            [
              -70.54158185114181,
              -32.82834824798216
            ],
            [
              -70.54158185114181,
              -32.82834748210555
            ],
            [
              -70.54158454172912,
              -32.82834748210555
            ],
            [
              -70.54158454172912,
              -32.82834671622893
            ],
            [
              -70.54158723231645,
              -32.82834671622893
            ],
            [
              -70.54158723231645,
              -32.828345950352315
            ],
            [
              -70.54158902604132,
              -32.828345950352315
            ],
            [
              -70.54158902604132,
              -32.8283451844757
            ],
            [
              -70.54159171662863,
              -32.8283451844757
            ],
            [
              -70.54159171662863,
              -32.82834441859908
            ],
            [
              -70.54159440721595,
              -32.82834441859908
            ],
            [
              -70.54159440721595,
              -32.82834365272247
            ],
            [
              -70.54159709780326,
              -32.82834365272247
            ],
            [
              -70.54159709780326,
              -32.828342886845846
            ],
            [
              -70.54159889152814,
              -32.828342886845846
            ],
            [
              -70.54159889152814,
              -32.82834212096923
            ],
            [
              -70.54160158211546,
              -32.82834212096923
            ],
            [
              -70.54160158211546,
              -32.82834135509261
            ],
            [
              -70.54160427270277,
              -32.82834135509261
            ],
            [
              -70.54160427270277,
              -32.828340589216
            ],
            [
              -70.54160606642765,
              -32.828340589216
            ],
            [
              -70.54160606642765,
              -32.828339823339384
            ],
            [
              -70.54160875701496,
              -32.828339823339384
            ],
            [
              -70.54160875701496,
              -32.82833905746276
            ],
            [
              -70.54161144760228,
              -32.82833905746276
            ],
            [
              -70.54161144760228,
              -32.82833829158615
            ],
            [
              -70.54161324132716,
              -32.82833829158615
            ],
            [
              -70.54161324132716,
              -32.82833752570953
            ],
            [
              -70.54161593191446,
              -32.82833752570953
            ],
            [
              -70.54161593191446,
              -32.828336759832915
            ],
            [
              -70.54161862250179,
              -32.828336759832915
            ],
            [
              -70.54161862250179,
              -32.828335993956294
            ],
            [
              -70.54162041622666,
              -32.828335993956294
            ],
            [
              -70.54162041622666,
              -32.82833522807968
            ],
            [
              -70.54162310681397,
              -32.82833522807968
            ],
            [
              -70.54162310681397,
              -32.82833446220306
            ],
            [
              -70.5416257974013,
              -32.82833446220306
            ],
            [
              -70.5416257974013,
              -32.828333696326446
            ],
            [
              -70.5416284879886,
              -32.828333696326446
            ],
            [
              -70.5416284879886,
              -32.82833293044983
            ],
            [
              -70.54163028171348,
              -32.82833293044983
            ],
            [
              -70.54163028171348,
              -32.82833216457321
            ],
            [
              -70.5416329723008,
              -32.82833216457321
            ],
            [
              -70.5416329723008,
              -32.8283313986966
            ],
            [
              -70.54163566288811,
              -32.8283313986966
            ],
            [
              -70.54163566288811,
              -32.82833063281998
            ],
            [
              -70.54163745661299,
              -32.82833063281998
            ],
            [
              -70.54163745661299,
              -32.82832986694336
            ],
            [
              -70.54164014720031,
              -32.82832986694336
            ],
            [
              -70.54164014720031,
              -32.82832910106674
            ],
            [
              -70.54164283778762,
              -32.82832910106674
            ],
            [
              -70.54164283778762,
              -32.82832833519013
            ],
            [
              -70.5416446315125,
              -32.82832833519013
            ],
            [
              -70.5416446315125,
              -32.828327569313515
            ],
            [
              -70.54164732209982,
              -32.828327569313515
            ],
            [
              -70.54164732209982,
              -32.828326803436894
            ],
            [
              -70.54165001268713,
              -32.828326803436894
            ],
            [
              -70.54165001268713,
              -32.82832603756028
            ],
            [
              -70.541651806412,
              -32.82832603756028
            ],
            [
              -70.541651806412,
              -32.82832527168366
            ],
            [
              -70.54165449699933,
              -32.82832527168366
            ],
            [
              -70.54165449699933,
              -32.828324505807046
            ],
            [
              -70.54165718758664,
              -32.828324505807046
            ],
            [
              -70.54165718758664,
              -32.828323739930426
            ],
            [
              -70.54165898131151,
              -32.828323739930426
            ],
            [
              -70.54165898131151,
              -32.82832297405381
            ],
            [
              -70.54166167189882,
              -32.82832297405381
            ],
            [
              -70.54166167189882,
              -32.8283222081772
            ],
            [
              -70.54166436248615,
              -32.8283222081772
            ],
            [
              -70.54166436248615,
              -32.82832144230058
            ],
            [
              -70.54166705307345,
              -32.82832144230058
            ],
            [
              -70.54166705307345,
              -32.828320676423964
            ],
            [
              -70.54166884679833,
              -32.828320676423964
            ],
            [
              -70.54166884679833,
              -32.82831991054734
            ],
            [
              -70.54167153738565,
              -32.82831991054734
            ],
            [
              -70.54167153738565,
              -32.82831914467073
            ],
            [
              -70.54167422797296,
              -32.82831914467073
            ],
            [
              -70.54167422797296,
              -32.82831837879411
            ],
            [
              -70.54167602169784,
              -32.82831837879411
            ],
            [
              -70.54167602169784,
              -32.828317612917495
            ],
            [
              -70.54167871228516,
              -32.828317612917495
            ],
            [
              -70.54167871228516,
              -32.82831684704088
            ],
            [
              -70.54168140287247,
              -32.82831684704088
            ],
            [
              -70.54168140287247,
              -32.82831608116426
            ],
            [
              -70.54168319659735,
              -32.82831608116426
            ],
            [
              -70.54168319659735,
              -32.82831531528765
            ],
            [
              -70.54168588718467,
              -32.82831531528765
            ],
            [
              -70.54168588718467,
              -32.828314549411026
            ],
            [
              -70.54168857777198,
              -32.828314549411026
            ],
            [
              -70.54168857777198,
              -32.82831378353441
            ],
            [
              -70.54169037149686,
              -32.82831378353441
            ],
            [
              -70.54169037149686,
              -32.82831301765779
            ],
            [
              -70.54169306208418,
              -32.82831301765779
            ],
            [
              -70.54169306208418,
              -32.82831225178118
            ],
            [
              -70.54169575267149,
              -32.82831225178118
            ],
            [
              -70.54169575267149,
              -32.828311485904564
            ],
            [
              -70.54169844325881,
              -32.828311485904564
            ],
            [
              -70.54169844325881,
              -32.82831072002794
            ],
            [
              -70.54170023698369,
              -32.82831072002794
            ],
            [
              -70.54170023698369,
              -32.82830995415133
            ],
            [
              -70.541702927571,
              -32.82830995415133
            ],
            [
              -70.541702927571,
              -32.82830918827471
            ],
            [
              -70.54170561815832,
              -32.82830918827471
            ],
            [
              -70.54170561815832,
              -32.828308422398095
            ],
            [
              -70.54170741188318,
              -32.828308422398095
            ],
            [
              -70.54170741188318,
              -32.828307656521474
            ],
            [
              -70.5417101024705,
              -32.828307656521474
            ],
            [
              -70.5417101024705,
              -32.82830689064486
            ],
            [
              -70.54171279305781,
              -32.82830689064486
            ],
            [
              -70.54171279305781,
              -32.82830612476825
            ],
            [
              -70.54171458678269,
              -32.82830612476825
            ],
            [
              -70.54171458678269,
              -32.828305358891626
            ],
            [
              -70.54171727737001,
              -32.828305358891626
            ],
            [
              -70.54171727737001,
              -32.82830459301501
            ],
            [
              -70.54171996795732,
              -32.82830459301501
            ],
            [
              -70.54171996795732,
              -32.82830382713839
            ],
            [
              -70.5417217616822,
              -32.82830382713839
            ],
            [
              -70.5417217616822,
              -32.82830306126178
            ],
            [
              -70.54172445226952,
              -32.82830306126178
            ],
            [
              -70.54172445226952,
              -32.82830229538516
            ],
            [
              -70.54172714285683,
              -32.82830229538516
            ],
            [
              -70.54172714285683,
              -32.82830152950854
            ],
            [
              -70.54172983344415,
              -32.82830152950854
            ],
            [
              -70.54172983344415,
              -32.82830076363193
            ],
            [
              -70.54173162716903,
              -32.82830076363193
            ],
            [
              -70.54173162716903,
              -32.82829999775531
            ],
            [
              -70.54173431775634,
              -32.82829999775531
            ],
            [
              -70.54173431775634,
              -32.828299231878695
            ],
            [
              -70.54173700834366,
              -32.828299231878695
            ],
            [
              -70.54173700834366,
              -32.828298466002074
            ],
            [
              -70.54173880206854,
              -32.828298466002074
            ],
            [
              -70.54173880206854,
              -32.82829770012546
            ],
            [
              -70.54174149265585,
              -32.82829770012546
            ],
            [
              -70.54174149265585,
              -32.82829693424884
            ],
            [
              -70.54174418324317,
              -32.82829693424884
            ],
            [
              -70.54174418324317,
              -32.828296168372226
            ],
            [
              -70.54174597696804,
              -32.828296168372226
            ],
            [
              -70.54174597696804,
              -32.82829540249561
            ],
            [
              -70.54174866755535,
              -32.82829540249561
            ],
            [
              -70.54174866755535,
              -32.82829463661899
            ],
            [
              -70.54175135814268,
              -32.82829463661899
            ],
            [
              -70.54175135814268,
              -32.82829387074238
            ],
            [
              -70.54175315186755,
              -32.82829387074238
            ],
            [
              -70.54175315186755,
              -32.82829310486576
            ],
            [
              -70.54175584245486,
              -32.82829310486576
            ],
            [
              -70.54175584245486,
              -32.828292338989144
            ],
            [
              -70.54175853304217,
              -32.828292338989144
            ],
            [
              -70.54175853304217,
              -32.82829157311252
            ],
            [
              -70.54176032676705,
              -32.82829157311252
            ],
            [
              -70.54176032676705,
              -32.82829080723591
            ],
            [
              -70.54176301735437,
              -32.82829080723591
            ],
            [
              -70.54176301735437,
              -32.82829004135929
            ],
            [
              -70.54176570794168,
              -32.82829004135929
            ],
            [
              -70.54176570794168,
              -32.828289275482675
            ],
            [
              -70.541768398529,
              -32.828289275482675
            ],
            [
              -70.541768398529,
              -32.82828850960606
            ],
            [
              -70.54177019225388,
              -32.82828850960606
            ],
            [
              -70.54177019225388,
              -32.82828774372944
            ],
            [
              -70.54177288284119,
              -32.82828774372944
            ],
            [
              -70.54177288284119,
              -32.82828697785283
            ],
            [
              -70.54177557342851,
              -32.82828697785283
            ],
            [
              -70.54177557342851,
              -32.828286211976206
            ],
            [
              -70.54177736715339,
              -32.828286211976206
            ],
            [
              -70.54177736715339,
              -32.82828544609959
            ],
            [
              -70.5417800577407,
              -32.82828544609959
            ],
            [
              -70.5417800577407,
              -32.82828468022297
            ],
            [
              -70.54178274832802,
              -32.82828468022297
            ],
            [
              -70.54178274832802,
              -32.82828391434636
            ],
            [
              -70.5417845420529,
              -32.82828391434636
            ],
            [
              -70.5417845420529,
              -32.828283148469744
            ],
            [
              -70.5417872326402,
              -32.828283148469744
            ],
            [
              -70.5417872326402,
              -32.82828238259312
            ],
            [
              -70.54178992322753,
              -32.82828238259312
            ],
            [
              -70.54178992322753,
              -32.82828161671651
            ],
            [
              -70.5417917169524,
              -32.82828161671651
            ],
            [
              -70.5417917169524,
              -32.82828085083989
            ],
            [
              -70.54179440753971,
              -32.82828085083989
            ],
            [
              -70.54179440753971,
              -32.828280084963275
            ],
            [
              -70.54179709812703,
              -32.828280084963275
            ],
            [
              -70.54179709812703,
              -32.828279319086654
            ],
            [
              -70.54179978871434,
              -32.828279319086654
            ],
            [
              -70.54179978871434,
              -32.82827855321004
            ],
            [
              -70.54180158243922,
              -32.82827855321004
            ],
            [
              -70.54180158243922,
              -32.82827778733343
            ],
            [
              -70.54180427302654,
              -32.82827778733343
            ],
            [
              -70.54180427302654,
              -32.828277021456806
            ],
            [
              -70.54180696361385,
              -32.828277021456806
            ],
            [
              -70.54180696361385,
              -32.82827625558019
            ],
            [
              -70.54180875733873,
              -32.82827625558019
            ],
            [
              -70.54180875733873,
              -32.82827548970357
            ],
            [
              -70.54181144792604,
              -32.82827548970357
            ],
            [
              -70.54181144792604,
              -32.82827472382696
            ],
            [
              -70.54181413851336,
              -32.82827472382696
            ],
            [
              -70.54181413851336,
              -32.82827395795034
            ],
            [
              -70.54181593223824,
              -32.82827395795034
            ],
            [
              -70.54181593223824,
              -32.82827319207372
            ],
            [
              -70.54181862282555,
              -32.82827319207372
            ],
            [
              -70.54181862282555,
              -32.82827242619711
            ],
            [
              -70.54182131341287,
              -32.82827242619711
            ],
            [
              -70.54182131341287,
              -32.82827166032049
            ],
            [
              -70.54182310713774,
              -32.82827166032049
            ],
            [
              -70.54182310713774,
              -32.828270894443875
            ],
            [
              -70.54182579772505,
              -32.828270894443875
            ],
            [
              -70.54182579772505,
              -32.828270128567254
            ],
            [
              -70.54182848831238,
              -32.828270128567254
            ],
            [
              -70.54182848831238,
              -32.82826936269064
            ],
            [
              -70.54183117889968,
              -32.82826936269064
            ],
            [
              -70.54183117889968,
              -32.82826859681402
            ],
            [
              -70.54183297262456,
              -32.82826859681402
            ],
            [
              -70.54183297262456,
              -32.828267830937406
            ],
            [
              -70.54183566321188,
              -32.828267830937406
            ],
            [
              -70.54183566321188,
              -32.82826706506079
            ],
            [
              -70.54183835379919,
              -32.82826706506079
            ],
            [
              -70.54183835379919,
              -32.82826629918417
            ],
            [
              -70.54184014752407,
              -32.82826629918417
            ],
            [
              -70.54184014752407,
              -32.82826553330756
            ],
            [
              -70.54184283811139,
              -32.82826553330756
            ],
            [
              -70.54184283811139,
              -32.82826476743094
            ],
            [
              -70.5418455286987,
              -32.82826476743094
            ],
            [
              -70.5418455286987,
              -32.828264001554324
            ],
            [
              -70.54184732242358,
              -32.828264001554324
            ],
            [
              -70.54184732242358,
              -32.8282632356777
            ],
            [
              -70.5418500130109,
              -32.8282632356777
            ],
            [
              -70.5418500130109,
              -32.82826246980109
            ],
            [
              -70.54185270359821,
              -32.82826246980109
            ],
            [
              -70.54185270359821,
              -32.828261703924476
            ],
            [
              -70.54185449732309,
              -32.828261703924476
            ],
            [
              -70.54185449732309,
              -32.828260938047855
            ],
            [
              -70.5418571879104,
              -32.828260938047855
            ],
            [
              -70.5418571879104,
              -32.82826017217124
            ],
            [
              -70.54185987849772,
              -32.82826017217124
            ],
            [
              -70.54185987849772,
              -32.82825940629462
            ],
            [
              -70.5418616722226,
              -32.82825940629462
            ],
            [
              -70.5418616722226,
              -32.82825864041801
            ],
            [
              -70.5418643628099,
              -32.82825864041801
            ],
            [
              -70.5418643628099,
              -32.828257874541386
            ],
            [
              -70.54186705339723,
              -32.828257874541386
            ],
            [
              -70.54186705339723,
              -32.82825710866477
            ],
            [
              -70.54186974398453,
              -32.82825710866477
            ],
            [
              -70.54186974398453,
              -32.82825634278816
            ],
            [
              -70.54187153770941,
              -32.82825634278816
            ],
            [
              -70.54187153770941,
              -32.82825557691154
            ],
            [
              -70.54187422829673,
              -32.82825557691154
            ],
            [
              -70.54187422829673,
              -32.828254811034924
            ],
            [
              -70.54187691888404,
              -32.828254811034924
            ],
            [
              -70.54187691888404,
              -32.8282540451583
            ],
            [
              -70.54187871260892,
              -32.8282540451583
            ],
            [
              -70.54187871260892,
              -32.82825327928169
            ],
            [
              -70.54188140319624,
              -32.82825327928169
            ],
            [
              -70.54188140319624,
              -32.82825251340507
            ],
            [
              -70.54188409378355,
              -32.82825251340507
            ],
            [
              -70.54188409378355,
              -32.828251747528455
            ],
            [
              -70.54188588750843,
              -32.828251747528455
            ],
            [
              -70.54188588750843,
              -32.828250981651834
            ],
            [
              -70.54188857809575,
              -32.828250981651834
            ],
            [
              -70.54188857809575,
              -32.82825021577522
            ],
            [
              -70.54189126868306,
              -32.82825021577522
            ],
            [
              -70.54189126868306,
              -32.82824944989861
            ],
            [
              -70.54189306240794,
              -32.82824944989861
            ],
            [
              -70.54189306240794,
              -32.828248684021986
            ],
            [
              -70.54189575299526,
              -32.828248684021986
            ],
            [
              -70.54189575299526,
              -32.82824791814537
            ],
            [
              -70.54189844358257,
              -32.82824791814537
            ],
            [
              -70.54189844358257,
              -32.82824715226875
            ],
            [
              -70.54190113416989,
              -32.82824715226875
            ],
            [
              -70.54190113416989,
              -32.82824638639214
            ],
            [
              -70.54190292789477,
              -32.82824638639214
            ],
            [
              -70.54190292789477,
              -32.82824562051552
            ],
            [
              -70.54190561848208,
              -32.82824562051552
            ],
            [
              -70.54190561848208,
              -32.8282448546389
            ],
            [
              -70.54190830906938,
              -32.8282448546389
            ],
            [
              -70.54190830906938,
              -32.82824408876229
            ],
            [
              -70.54191010279426,
              -32.82824408876229
            ],
            [
              -70.54191010279426,
              -32.82824332288567
            ],
            [
              -70.54191279338158,
              -32.82824332288567
            ],
            [
              -70.54191279338158,
              -32.828242557009055
            ],
            [
              -70.54191548396889,
              -32.828242557009055
            ],
            [
              -70.54191548396889,
              -32.828241791132434
            ],
            [
              -70.54191727769377,
              -32.828241791132434
            ],
            [
              -70.54191727769377,
              -32.82824102525582
            ],
            [
              -70.54191996828109,
              -32.82824102525582
            ],
            [
              -70.54191996828109,
              -32.8282402593792
            ],
            [
              -70.5419226588684,
              -32.8282402593792
            ],
            [
              -70.5419226588684,
              -32.828239493502586
            ],
            [
              -70.54192445259328,
              -32.828239493502586
            ],
            [
              -70.54192445259328,
              -32.82823872762597
            ],
            [
              -70.5419271431806,
              -32.82823872762597
            ],
            [
              -70.5419271431806,
              -32.82823796174935
            ],
            [
              -70.54192983376791,
              -32.82823796174935
            ],
            [
              -70.54192983376791,
              -32.82823719587274
            ],
            [
              -70.54193252435523,
              -32.82823719587274
            ],
            [
              -70.54193252435523,
              -32.82823642999612
            ],
            [
              -70.54193431808011,
              -32.82823642999612
            ],
            [
              -70.54193431808011,
              -32.828235664119504
            ],
            [
              -70.54193700866742,
              -32.828235664119504
            ],
            [
              -70.54193700866742,
              -32.82823489824288
            ],
            [
              -70.54193969925474,
              -32.82823489824288
            ],
            [
              -70.54193969925474,
              -32.82823413236627
            ],
            [
              -70.54194149297962,
              -32.82823413236627
            ],
            [
              -70.54194149297962,
              -32.828233366489656
            ],
            [
              -70.54194418356693,
              -32.828233366489656
            ],
            [
              -70.54194418356693,
              -32.828232600613035
            ],
            [
              -70.54194687415425,
              -32.828232600613035
            ],
            [
              -70.54194687415425,
              -32.82823183473642
            ],
            [
              -70.54194866787913,
              -32.82823183473642
            ],
            [
              -70.54194866787913,
              -32.8282310688598
            ],
            [
              -70.54195135846643,
              -32.8282310688598
            ],
            [
              -70.54195135846643,
              -32.82823030298319
            ],
            [
              -70.54195404905376,
              -32.82823030298319
            ],
            [
              -70.54195404905376,
              -32.828229537106566
            ],
            [
              -70.54195584277862,
              -32.828229537106566
            ],
            [
              -70.54195584277862,
              -32.82822877122995
            ],
            [
              -70.54195853336594,
              -32.82822877122995
            ],
            [
              -70.54195853336594,
              -32.82822800535334
            ],
            [
              -70.54196122395325,
              -32.82822800535334
            ],
            [
              -70.54196122395325,
              -32.82822723947672
            ],
            [
              -70.54196301767813,
              -32.82822723947672
            ],
            [
              -70.54196301767813,
              -32.828226473600104
            ],
            [
              -70.54196570826545,
              -32.828226473600104
            ],
            [
              -70.54196570826545,
              -32.82822570772348
            ],
            [
              -70.54196839885276,
              -32.82822570772348
            ],
            [
              -70.54196839885276,
              -32.82822494184687
            ],
            [
              -70.54197108944008,
              -32.82822494184687
            ],
            [
              -70.54197108944008,
              -32.82822417597025
            ],
            [
              -70.54197288316496,
              -32.82822417597025
            ],
            [
              -70.54197288316496,
              -32.828223410093635
            ],
            [
              -70.54197557375227,
              -32.828223410093635
            ],
            [
              -70.54197557375227,
              -32.82822264421702
            ],
            [
              -70.54197826433959,
              -32.82822264421702
            ],
            [
              -70.54197826433959,
              -32.8282218783404
            ],
            [
              -70.54198005806447,
              -32.8282218783404
            ],
            [
              -70.54198005806447,
              -32.82822111246379
            ],
            [
              -70.54198274865178,
              -32.82822111246379
            ],
            [
              -70.54198274865178,
              -32.828220346587166
            ],
            [
              -70.5419854392391,
              -32.828220346587166
            ],
            [
              -70.5419854392391,
              -32.82821958071055
            ],
            [
              -70.54198723296398,
              -32.82821958071055
            ],
            [
              -70.54198723296398,
              -32.82821881483393
            ],
            [
              -70.54198992355128,
              -32.82821881483393
            ],
            [
              -70.54198992355128,
              -32.82821804895732
            ],
            [
              -70.54199261413861,
              -32.82821804895732
            ],
            [
              -70.54199261413861,
              -32.828217283080704
            ],
            [
              -70.54199440786348,
              -32.828217283080704
            ],
            [
              -70.54199440786348,
              -32.82821651720408
            ],
            [
              -70.54199709845079,
              -32.82821651720408
            ],
            [
              -70.54199709845079,
              -32.82821575132747
            ],
            [
              -70.54199978903812,
              -32.82821575132747
            ],
            [
              -70.54199978903812,
              -32.82821498545085
            ],
            [
              -70.54200247962542,
              -32.82821498545085
            ],
            [
              -70.54200247962542,
              -32.828214219574235
            ],
            [
              -70.5420042733503,
              -32.828214219574235
            ],
            [
              -70.5420042733503,
              -32.828213453697614
            ],
            [
              -70.54200696393761,
              -32.828213453697614
            ],
            [
              -70.54200696393761,
              -32.828212687821
            ],
            [
              -70.54200965452493,
              -32.828212687821
            ],
            [
              -70.54200965452493,
              -32.82821192194438
            ],
            [
              -70.54201144824981,
              -32.82821192194438
            ],
            [
              -70.54201144824981,
              -32.828211156067766
            ],
            [
              -70.54201413883712,
              -32.828211156067766
            ],
            [
              -70.54201413883712,
              -32.82821039019115
            ],
            [
              -70.54201682942444,
              -32.82821039019115
            ],
            [
              -70.54201682942444,
              -32.82820962431453
            ],
            [
              -70.54201862314932,
              -32.82820962431453
            ],
            [
              -70.54201862314932,
              -32.82820885843792
            ],
            [
              -70.54202131373663,
              -32.82820885843792
            ],
            [
              -70.54202131373663,
              -32.8282080925613
            ],
            [
              -70.54202400432395,
              -32.8282080925613
            ],
            [
              -70.54202400432395,
              -32.828207326684684
            ],
            [
              -70.54202579804883,
              -32.828207326684684
            ],
            [
              -70.54202579804883,
              -32.82820656080806
            ],
            [
              -70.54202848863613,
              -32.82820656080806
            ],
            [
              -70.54202848863613,
              -32.82820579493145
            ],
            [
              -70.54203117922346,
              -32.82820579493145
            ],
            [
              -70.54203117922346,
              -32.828205029054836
            ],
            [
              -70.54203386981077,
              -32.828205029054836
            ],
            [
              -70.54203386981077,
              -32.828204263178215
            ],
            [
              -70.54203566353564,
              -32.828204263178215
            ],
            [
              -70.54203566353564,
              -32.8282034973016
            ],
            [
              -70.54203835412297,
              -32.8282034973016
            ],
            [
              -70.54203835412297,
              -32.82820273142498
            ],
            [
              -70.54204104471027,
              -32.82820273142498
            ],
            [
              -70.54204104471027,
              -32.82820196554837
            ],
            [
              -70.54204283843515,
              -32.82820196554837
            ],
            [
              -70.54204283843515,
              -32.828201199671746
            ],
            [
              -70.54204552902247,
              -32.828201199671746
            ],
            [
              -70.54204552902247,
              -32.82820043379513
            ],
            [
              -70.54204821960978,
              -32.82820043379513
            ],
            [
              -70.54204821960978,
              -32.82819966791852
            ],
            [
              -70.54205001333466,
              -32.82819966791852
            ],
            [
              -70.54205001333466,
              -32.8281989020419
            ],
            [
              -70.54205270392198,
              -32.8281989020419
            ],
            [
              -70.54205270392198,
              -32.828198136165284
            ],
            [
              -70.54205539450929,
              -32.828198136165284
            ],
            [
              -70.54205539450929,
              -32.82819737028866
            ],
            [
              -70.54205718823417,
              -32.82819737028866
            ],
            [
              -70.54205718823417,
              -32.82819660441205
            ],
            [
              -70.54205987882148,
              -32.82819660441205
            ],
            [
              -70.54205987882148,
              -32.82819583853543
            ],
            [
              -70.5420625694088,
              -32.82819583853543
            ],
            [
              -70.5420625694088,
              -32.828195072658815
            ],
            [
              -70.54206436313368,
              -32.828195072658815
            ],
            [
              -70.54206436313368,
              -32.8281943067822
            ],
            [
              -70.54206705372098,
              -32.8281943067822
            ],
            [
              -70.54206705372098,
              -32.82819354090558
            ],
            [
              -70.54206974430831,
              -32.82819354090558
            ],
            [
              -70.54206974430831,
              -32.82819277502897
            ],
            [
              -70.54207243489562,
              -32.82819277502897
            ],
            [
              -70.54207243489562,
              -32.828192009152346
            ],
            [
              -70.54207422862049,
              -32.828192009152346
            ],
            [
              -70.54207422862049,
              -32.82819124327573
            ],
            [
              -70.54207691920782,
              -32.82819124327573
            ],
            [
              -70.54207691920782,
              -32.82819047739911
            ],
            [
              -70.54207960979512,
              -32.82819047739911
            ],
            [
              -70.54207960979512,
              -32.8281897115225
            ],
            [
              -70.54208140352,
              -32.8281897115225
            ],
            [
              -70.54208140352,
              -32.828188945645884
            ],
            [
              -70.54208409410732,
              -32.828188945645884
            ],
            [
              -70.54208409410732,
              -32.82818817976926
            ],
            [
              -70.54208678469463,
              -32.82818817976926
            ],
            [
              -70.54208678469463,
              -32.82818741389265
            ],
            [
              -70.54208857841951,
              -32.82818741389265
            ],
            [
              -70.54208857841951,
              -32.82818664801603
            ],
            [
              -70.54209126900683,
              -32.82818664801603
            ],
            [
              -70.54209126900683,
              -32.828185882139415
            ],
            [
              -70.54209395959414,
              -32.828185882139415
            ],
            [
              -70.54209395959414,
              -32.828185116262794
            ],
            [
              -70.54209575331902,
              -32.828185116262794
            ],
            [
              -70.54209575331902,
              -32.82818435038618
            ],
            [
              -70.54209844390634,
              -32.82818435038618
            ],
            [
              -70.54209844390634,
              -32.82818358450957
            ],
            [
              -70.54210113449365,
              -32.82818358450957
            ],
            [
              -70.54210113449365,
              -32.828182818632946
            ],
            [
              -70.54210382508096,
              -32.828182818632946
            ],
            [
              -70.54210382508096,
              -32.82818205275633
            ],
            [
              -70.54210561880583,
              -32.82818205275633
            ],
            [
              -70.54210561880583,
              -32.82818128687971
            ],
            [
              -70.54210830939316,
              -32.82818128687971
            ],
            [
              -70.54210830939316,
              -32.8281805210031
            ],
            [
              -70.54211099998047,
              -32.8281805210031
            ],
            [
              -70.54211099998047,
              -32.82817975512648
            ],
            [
              -70.54211279370534,
              -32.82817975512648
            ],
            [
              -70.54211279370534,
              -32.828178989249864
            ],
            [
              -70.54211548429267,
              -32.828178989249864
            ],
            [
              -70.54211548429267,
              -32.82817822337325
            ],
            [
              -70.54211817487997,
              -32.82817822337325
            ],
            [
              -70.54211817487997,
              -32.82817745749663
            ],
            [
              -70.54211996860485,
              -32.82817745749663
            ],
            [
              -70.54211996860485,
              -32.828176691620016
            ],
            [
              -70.54212265919217,
              -32.828176691620016
            ],
            [
              -70.54212265919217,
              -32.828175925743395
            ],
            [
              -70.54212534977948,
              -32.828175925743395
            ],
            [
              -70.54212534977948,
              -32.82817515986678
            ],
            [
              -70.54212714350436,
              -32.82817515986678
            ],
            [
              -70.54212714350436,
              -32.82817439399016
            ],
            [
              -70.54212983409168,
              -32.82817439399016
            ],
            [
              -70.54212983409168,
              -32.82817362811355
            ],
            [
              -70.54213252467899,
              -32.82817362811355
            ],
            [
              -70.54213252467899,
              -32.82817286223693
            ],
            [
              -70.54213521526631,
              -32.82817286223693
            ],
            [
              -70.54213521526631,
              -32.82817209636031
            ],
            [
              -70.54213700899119,
              -32.82817209636031
            ],
            [
              -70.54213700899119,
              -32.8281713304837
            ],
            [
              -70.5421396995785,
              -32.8281713304837
            ],
            [
              -70.5421396995785,
              -32.82817056460708
            ],
            [
              -70.54214239016582,
              -32.82817056460708
            ],
            [
              -70.54214239016582,
              -32.828169798730464
            ],
            [
              -70.5421441838907,
              -32.828169798730464
            ],
            [
              -70.5421441838907,
              -32.82816903285384
            ],
            [
              -70.54214687447801,
              -32.82816903285384
            ],
            [
              -70.54214687447801,
              -32.82816826697723
            ],
            [
              -70.54214956506533,
              -32.82816826697723
            ],
            [
              -70.54214956506533,
              -32.82816750110061
            ],
            [
              -70.5421513587902,
              -32.82816750110061
            ],
            [
              -70.5421513587902,
              -32.828166735223995
            ],
            [
              -70.54215404937752,
              -32.828166735223995
            ],
            [
              -70.54215404937752,
              -32.82816596934738
            ],
            [
              -70.54215673996482,
              -32.82816596934738
            ],
            [
              -70.54215673996482,
              -32.82816520347076
            ],
            [
              -70.5421585336897,
              -32.82816520347076
            ],
            [
              -70.5421585336897,
              -32.82816443759415
            ],
            [
              -70.54216122427702,
              -32.82816443759415
            ],
            [
              -70.54216122427702,
              -32.828163671717526
            ],
            [
              -70.54216391486433,
              -32.828163671717526
            ],
            [
              -70.54216391486433,
              -32.82816290584091
            ],
            [
              -70.54216570858921,
              -32.82816290584091
            ],
            [
              -70.54216570858921,
              -32.82816213996429
            ],
            [
              -70.54216839917653,
              -32.82816213996429
            ],
            [
              -70.54216839917653,
              -32.82816137408768
            ],
            [
              -70.54217108976384,
              -32.82816137408768
            ],
            [
              -70.54217108976384,
              -32.828160608211064
            ],
            [
              -70.54217378035116,
              -32.828160608211064
            ],
            [
              -70.54217378035116,
              -32.82815984233444
            ],
            [
              -70.54217557407604,
              -32.82815984233444
            ],
            [
              -70.54217557407604,
              -32.82815907645783
            ],
            [
              -70.54217826466335,
              -32.82815907645783
            ],
            [
              -70.54217826466335,
              -32.82815831058121
            ],
            [
              -70.54218095525067,
              -32.82815831058121
            ],
            [
              -70.54218095525067,
              -32.828157544704595
            ],
            [
              -70.54218274897555,
              -32.828157544704595
            ],
            [
              -70.54218274897555,
              -32.828156778827974
            ],
            [
              -70.54218543956286,
              -32.828156778827974
            ],
            [
              -70.54218543956286,
              -32.82815601295136
            ],
            [
              -70.54218813015018,
              -32.82815601295136
            ],
            [
              -70.54218813015018,
              -32.82815524707475
            ],
            [
              -70.54218992387506,
              -32.82815524707475
            ],
            [
              -70.54218992387506,
              -32.828154481198126
            ],
            [
              -70.54219261446237,
              -32.828154481198126
            ],
            [
              -70.54219261446237,
              -32.82815371532151
            ],
            [
              -70.54219530504969,
              -32.82815371532151
            ],
            [
              -70.54219530504969,
              -32.82815294944489
            ],
            [
              -70.54219709877457,
              -32.82815294944489
            ],
            [
              -70.54219709877457,
              -32.82815218356828
            ],
            [
              -70.54219978936187,
              -32.82815218356828
            ],
            [
              -70.54219978936187,
              -32.82815141769166
            ],
            [
              -70.5422024799492,
              -32.82815141769166
            ],
            [
              -70.5422024799492,
              -32.828150651815044
            ],
            [
              -70.5422051705365,
              -32.828150651815044
            ],
            [
              -70.5422051705365,
              -32.82814988593843
            ],
            [
              -70.54220696426138,
              -32.82814988593843
            ],
            [
              -70.54220696426138,
              -32.82814912006181
            ],
            [
              -70.54220965484869,
              -32.82814912006181
            ],
            [
              -70.54220965484869,
              -32.828148354185196
            ],
            [
              -70.54221234543601,
              -32.828148354185196
            ],
            [
              -70.54221234543601,
              -32.828147588308575
            ],
            [
              -70.54221413916089,
              -32.828147588308575
            ],
            [
              -70.54221413916089,
              -32.82814682243196
            ],
            [
              -70.5422168297482,
              -32.82814682243196
            ],
            [
              -70.5422168297482,
              -32.82814605655534
            ],
            [
              -70.54221952033552,
              -32.82814605655534
            ],
            [
              -70.54221952033552,
              -32.82814529067873
            ],
            [
              -70.5422213140604,
              -32.82814529067873
            ],
            [
              -70.5422213140604,
              -32.82814452480211
            ],
            [
              -70.54222400464771,
              -32.82814452480211
            ],
            [
              -70.54222400464771,
              -32.82814375892549
            ],
            [
              -70.54222669523503,
              -32.82814375892549
            ],
            [
              -70.54222669523503,
              -32.82814299304888
            ],
            [
              -70.5422284889599,
              -32.82814299304888
            ],
            [
              -70.5422284889599,
              -32.82814222717226
            ],
            [
              -70.54223117954722,
              -32.82814222717226
            ],
            [
              -70.54223117954722,
              -32.828141461295644
            ],
            [
              -70.54223387013454,
              -32.828141461295644
            ],
            [
              -70.54223387013454,
              -32.82814069541902
            ],
            [
              -70.54223656072185,
              -32.82814069541902
            ],
            [
              -70.54223656072185,
              -32.82813992954241
            ],
            [
              -70.54223835444672,
              -32.82813992954241
            ],
            [
              -70.54223835444672,
              -32.828139163665796
            ],
            [
              -70.54224104503405,
              -32.828139163665796
            ],
            [
              -70.54224104503405,
              -32.828138397789175
            ],
            [
              -70.54224373562135,
              -32.828138397789175
            ],
            [
              -70.54224373562135,
              -32.82813763191256
            ],
            [
              -70.54224552934623,
              -32.82813763191256
            ],
            [
              -70.54224552934623,
              -32.82813686603594
            ],
            [
              -70.54224821993355,
              -32.82813686603594
            ],
            [
              -70.54224821993355,
              -32.82813610015933
            ],
            [
              -70.54225091052086,
              -32.82813610015933
            ],
            [
              -70.54225091052086,
              -32.828135334282706
            ],
            [
              -70.54225270424574,
              -32.828135334282706
            ],
            [
              -70.54225270424574,
              -32.82813456840609
            ],
            [
              -70.54225539483305,
              -32.82813456840609
            ],
            [
              -70.54225539483305,
              -32.82813380252948
            ],
            [
              -70.54225808542037,
              -32.82813380252948
            ],
            [
              -70.54225808542037,
              -32.82813303665286
            ],
            [
              -70.54225987914525,
              -32.82813303665286
            ],
            [
              -70.54225987914525,
              -32.828132270776244
            ],
            [
              -70.54226256973256,
              -32.828132270776244
            ],
            [
              -70.54226256973256,
              -32.82813150489962
            ],
            [
              -70.54226526031988,
              -32.82813150489962
            ],
            [
              -70.54226526031988,
              -32.82813073902301
            ],
            [
              -70.54226705404476,
              -32.82813073902301
            ],
            [
              -70.54226705404476,
              -32.82812997314639
            ],
            [
              -70.54226974463207,
              -32.82812997314639
            ],
            [
              -70.54226974463207,
              -32.828129207269775
            ],
            [
              -70.54227243521939,
              -32.828129207269775
            ],
            [
              -70.54227243521939,
              -32.828128441393154
            ],
            [
              -70.5422751258067,
              -32.828128441393154
            ],
            [
              -70.5422751258067,
              -32.82812767551654
            ],
            [
              -70.54227691953157,
              -32.82812767551654
            ],
            [
              -70.54227691953157,
              -32.82812690963993
            ],
            [
              -70.5422796101189,
              -32.82812690963993
            ],
            [
              -70.5422796101189,
              -32.828126143763306
            ],
            [
              -70.5422823007062,
              -32.828126143763306
            ],
            [
              -70.5422823007062,
              -32.82812537788669
            ],
            [
              -70.54228409443108,
              -32.82812537788669
            ],
            [
              -70.54228409443108,
              -32.82812461201007
            ],
            [
              -70.5422867850184,
              -32.82812461201007
            ],
            [
              -70.5422867850184,
              -32.82812384613346
            ],
            [
              -70.54228947560571,
              -32.82812384613346
            ],
            [
              -70.54228947560571,
              -32.82812308025684
            ],
            [
              -70.54229126933059,
              -32.82812308025684
            ],
            [
              -70.54229126933059,
              -32.828122314380224
            ],
            [
              -70.54229395991791,
              -32.828122314380224
            ],
            [
              -70.54229395991791,
              -32.82812154850361
            ],
            [
              -70.54229665050522,
              -32.82812154850361
            ],
            [
              -70.54229665050522,
              -32.82812078262699
            ],
            [
              -70.5422984442301,
              -32.82812078262699
            ],
            [
              -70.5422984442301,
              -32.828120016750375
            ],
            [
              -70.54230113481742,
              -32.828120016750375
            ],
            [
              -70.54230113481742,
              -32.828119250873755
            ],
            [
              -70.54230382540473,
              -32.828119250873755
            ],
            [
              -70.54230382540473,
              -32.82811848499714
            ],
            [
              -70.54230651599204,
              -32.82811848499714
            ],
            [
              -70.54230651599204,
              -32.82811771912052
            ],
            [
              -70.54230830971692,
              -32.82811771912052
            ],
            [
              -70.54230830971692,
              -32.82811695324391
            ],
            [
              -70.54231100030424,
              -32.82811695324391
            ],
            [
              -70.54231100030424,
              -32.82811618736729
            ],
            [
              -70.54231369089155,
              -32.82811618736729
            ],
            [
              -70.54231369089155,
              -32.82811542149067
            ],
            [
              -70.54231548461642,
              -32.82811542149067
            ],
            [
              -70.54231548461642,
              -32.82811465561406
            ],
            [
              -70.54231817520375,
              -32.82811465561406
            ],
            [
              -70.54231817520375,
              -32.82811388973744
            ],
            [
              -70.54232086579105,
              -32.82811388973744
            ],
            [
              -70.54232086579105,
              -32.828113123860824
            ],
            [
              -70.54232265951593,
              -32.828113123860824
            ],
            [
              -70.54232265951593,
              -32.8281123579842
            ],
            [
              -70.54232535010325,
              -32.8281123579842
            ],
            [
              -70.54232535010325,
              -32.82811159210759
            ],
            [
              -70.54232804069056,
              -32.82811159210759
            ],
            [
              -70.54232804069056,
              -32.828110826230976
            ],
            [
              -70.54232983441544,
              -32.828110826230976
            ],
            [
              -70.54232983441544,
              -32.828110060354355
            ],
            [
              -70.54233252500276,
              -32.828110060354355
            ],
            [
              -70.54233252500276,
              -32.82810929447774
            ],
            [
              -70.54233521559007,
              -32.82810929447774
            ],
            [
              -70.54233521559007,
              -32.82810852860112
            ],
            [
              -70.5423379061774,
              -32.82810852860112
            ],
            [
              -70.5423379061774,
              -32.82810776272451
            ],
            [
              -70.54233969990227,
              -32.82810776272451
            ],
            [
              -70.54233969990227,
              -32.828106996847886
            ],
            [
              -70.54234239048958,
              -32.828106996847886
            ],
            [
              -70.54234239048958,
              -32.82810623097127
            ],
            [
              -70.5423450810769,
              -32.82810623097127
            ],
            [
              -70.5423450810769,
              -32.82810546509466
            ],
            [
              -70.54234687480178,
              -32.82810546509466
            ],
            [
              -70.54234687480178,
              -32.82810469921804
            ],
            [
              -70.54234956538909,
              -32.82810469921804
            ],
            [
              -70.54234956538909,
              -32.828103933341424
            ],
            [
              -70.5423522559764,
              -32.828103933341424
            ],
            [
              -70.5423522559764,
              -32.8281031674648
            ],
            [
              -70.54235404970127,
              -32.8281031674648
            ],
            [
              -70.54235404970127,
              -32.82810240158819
            ],
            [
              -70.5423567402886,
              -32.82810240158819
            ],
            [
              -70.5423567402886,
              -32.82810163571157
            ],
            [
              -70.5423594308759,
              -32.82810163571157
            ],
            [
              -70.5423594308759,
              -32.828100869834955
            ],
            [
              -70.54236122460078,
              -32.828100869834955
            ],
            [
              -70.54236122460078,
              -32.82810010395834
            ],
            [
              -70.5423639151881,
              -32.82810010395834
            ],
            [
              -70.5423639151881,
              -32.82809933808172
            ],
            [
              -70.54236660577541,
              -32.82809933808172
            ],
            [
              -70.54236660577541,
              -32.82809857220511
            ],
            [
              -70.54236839950029,
              -32.82809857220511
            ],
            [
              -70.54236839950029,
              -32.828097806328486
            ],
            [
              -70.54237109008761,
              -32.828097806328486
            ],
            [
              -70.54237109008761,
              -32.82809704045187
            ],
            [
              -70.54237378067492,
              -32.82809704045187
            ],
            [
              -70.54237378067492,
              -32.82809627457525
            ],
            [
              -70.54237647126224,
              -32.82809627457525
            ],
            [
              -70.54237647126224,
              -32.82809550869864
            ],
            [
              -70.54237826498712,
              -32.82809550869864
            ],
            [
              -70.54237826498712,
              -32.828094742822024
            ],
            [
              -70.54238095557443,
              -32.828094742822024
            ],
            [
              -70.54238095557443,
              -32.828093976945404
            ],
            [
              -70.54238364616175,
              -32.828093976945404
            ],
            [
              -70.54238364616175,
              -32.82809321106879
            ],
            [
              -70.54238543988663,
              -32.82809321106879
            ],
            [
              -70.54238543988663,
              -32.82809244519217
            ],
            [
              -70.54238813047394,
              -32.82809244519217
            ],
            [
              -70.54238813047394,
              -32.828091679315555
            ],
            [
              -70.54239082106126,
              -32.828091679315555
            ],
            [
              -70.54239082106126,
              -32.828090913438935
            ],
            [
              -70.54239261478614,
              -32.828090913438935
            ],
            [
              -70.54239261478614,
              -32.82809014756232
            ],
            [
              -70.54239530537345,
              -32.82809014756232
            ],
            [
              -70.54239530537345,
              -32.82808938168571
            ],
            [
              -70.54239799596077,
              -32.82808938168571
            ],
            [
              -70.54239799596077,
              -32.82808861580909
            ],
            [
              -70.54239978968565,
              -32.82808861580909
            ],
            [
              -70.54239978968565,
              -32.82808784993247
            ],
            [
              -70.54240248027295,
              -32.82808784993247
            ],
            [
              -70.54240248027295,
              -32.82808708405585
            ],
            [
              -70.54240517086026,
              -32.82808708405585
            ],
            [
              -70.54240517086026,
              -32.82808631817924
            ],
            [
              -70.54240786144759,
              -32.82808631817924
            ],
            [
              -70.54240786144759,
              -32.82808555230262
            ],
            [
              -70.54240965517246,
              -32.82808555230262
            ],
            [
              -70.54240965517246,
              -32.828084786426004
            ],
            [
              -70.54241234575977,
              -32.828084786426004
            ],
            [
              -70.54241234575977,
              -32.82808402054938
            ],
            [
              -70.5424150363471,
              -32.82808402054938
            ],
            [
              -70.5424150363471,
              -32.82808325467277
            ],
            [
              -70.54241683007197,
              -32.82808325467277
            ],
            [
              -70.54241683007197,
              -32.828082488796156
            ],
            [
              -70.54241952065928,
              -32.828082488796156
            ],
            [
              -70.54241952065928,
              -32.828081722919535
            ],
            [
              -70.5424222112466,
              -32.828081722919535
            ],
            [
              -70.5424222112466,
              -32.82808095704292
            ],
            [
              -70.54242400497148,
              -32.82808095704292
            ],
            [
              -70.54242400497148,
              -32.8280801911663
            ],
            [
              -70.54242669555879,
              -32.8280801911663
            ],
            [
              -70.54242669555879,
              -32.82807942528969
            ],
            [
              -70.54242938614611,
              -32.82807942528969
            ],
            [
              -70.54242938614611,
              -32.828078659413066
            ],
            [
              -70.54243117987099,
              -32.828078659413066
            ],
            [
              -70.54243117987099,
              -32.82807789353645
            ],
            [
              -70.5424338704583,
              -32.82807789353645
            ],
            [
              -70.5424338704583,
              -32.82807712765984
            ],
            [
              -70.54243656104562,
              -32.82807712765984
            ],
            [
              -70.54243656104562,
              -32.82807636178322
            ],
            [
              -70.54243925163293,
              -32.82807636178322
            ],
            [
              -70.54243925163293,
              -32.828075595906604
            ],
            [
              -70.5424410453578,
              -32.828075595906604
            ],
            [
              -70.5424410453578,
              -32.82807483002998
            ],
            [
              -70.54244373594513,
              -32.82807483002998
            ],
            [
              -70.54244373594513,
              -32.82807406415337
            ],
            [
              -70.54244642653244,
              -32.82807406415337
            ],
            [
              -70.54244642653244,
              -32.82807329827675
            ],
            [
              -70.54244822025731,
              -32.82807329827675
            ],
            [
              -70.54244822025731,
              -32.828072532400135
            ],
            [
              -70.54245091084464,
              -32.828072532400135
            ],
            [
              -70.54245091084464,
              -32.82807176652352
            ],
            [
              -70.54245360143194,
              -32.82807176652352
            ],
            [
              -70.54245360143194,
              -32.8280710006469
            ],
            [
              -70.54245539515682,
              -32.8280710006469
            ],
            [
              -70.54245539515682,
              -32.82807023477029
            ],
            [
              -70.54245808574413,
              -32.82807023477029
            ],
            [
              -70.54245808574413,
              -32.828069468893666
            ],
            [
              -70.54246077633145,
              -32.828069468893666
            ],
            [
              -70.54246077633145,
              -32.82806870301705
            ],
            [
              -70.54246257005633,
              -32.82806870301705
            ],
            [
              -70.54246257005633,
              -32.82806793714043
            ],
            [
              -70.54246526064364,
              -32.82806793714043
            ],
            [
              -70.54246526064364,
              -32.82806717126382
            ],
            [
              -70.54246795123096,
              -32.82806717126382
            ],
            [
              -70.54246795123096,
              -32.828066405387204
            ],
            [
              -70.54247064181827,
              -32.828066405387204
            ],
            [
              -70.54247064181827,
              -32.828065639510584
            ],
            [
              -70.54247243554315,
              -32.828065639510584
            ],
            [
              -70.54247243554315,
              -32.82806487363397
            ],
            [
              -70.54247512613047,
              -32.82806487363397
            ],
            [
              -70.54247512613047,
              -32.82806410775735
            ],
            [
              -70.54247781671778,
              -32.82806410775735
            ],
            [
              -70.54247781671778,
              -32.828063341880735
            ],
            [
              -70.54247961044265,
              -32.828063341880735
            ],
            [
              -70.54247961044265,
              -32.828062576004115
            ],
            [
              -70.54248230102998,
              -32.828062576004115
            ],
            [
              -70.54248230102998,
              -32.8280618101275
            ],
            [
              -70.54248499161729,
              -32.8280618101275
            ],
            [
              -70.54248499161729,
              -32.82806104425089
            ],
            [
              -70.54248678534216,
              -32.82806104425089
            ],
            [
              -70.54248678534216,
              -32.82806027837427
            ],
            [
              -70.54248947592949,
              -32.82806027837427
            ],
            [
              -70.54248947592949,
              -32.82805951249765
            ],
            [
              -70.5424921665168,
              -32.82805951249765
            ],
            [
              -70.5424921665168,
              -32.82805874662103
            ],
            [
              -70.54249396024167,
              -32.82805874662103
            ],
            [
              -70.54249396024167,
              -32.82805798074442
            ],
            [
              -70.542496650829,
              -32.82805798074442
            ],
            [
              -70.542496650829,
              -32.8280572148678
            ],
            [
              -70.5424993414163,
              -32.8280572148678
            ],
            [
              -70.5424993414163,
              -32.828056448991184
            ],
            [
              -70.54250113514118,
              -32.828056448991184
            ],
            [
              -70.54250113514118,
              -32.82805568311457
            ],
            [
              -70.54250382572849,
              -32.82805568311457
            ],
            [
              -70.54250382572849,
              -32.82805491723795
            ],
            [
              -70.54250651631581,
              -32.82805491723795
            ],
            [
              -70.54250651631581,
              -32.828054151361336
            ],
            [
              -70.54250920690312,
              -32.828054151361336
            ],
            [
              -70.54250920690312,
              -32.828053385484715
            ],
            [
              -70.542511000628,
              -32.828053385484715
            ],
            [
              -70.542511000628,
              -32.8280526196081
            ],
            [
              -70.54251369121532,
              -32.8280526196081
            ],
            [
              -70.54251369121532,
              -32.82805185373148
            ],
            [
              -70.54251638180263,
              -32.82805185373148
            ],
            [
              -70.54251638180263,
              -32.82805108785487
            ],
            [
              -70.5425181755275,
              -32.82805108785487
            ],
            [
              -70.5425181755275,
              -32.82805032197825
            ],
            [
              -70.54252086611483,
              -32.82805032197825
            ],
            [
              -70.54252086611483,
              -32.82804955610163
            ],
            [
              -70.54252355670214,
              -32.82804955610163
            ],
            [
              -70.54252355670214,
              -32.82804879022502
            ],
            [
              -70.54252535042701,
              -32.82804879022502
            ],
            [
              -70.54252535042701,
              -32.8280480243484
            ],
            [
              -70.54252804101434,
              -32.8280480243484
            ],
            [
              -70.54252804101434,
              -32.828047258471784
            ],
            [
              -70.54253073160164,
              -32.828047258471784
            ],
            [
              -70.54253073160164,
              -32.82804649259516
            ],
            [
              -70.54253252532652,
              -32.82804649259516
            ],
            [
              -70.54253252532652,
              -32.82804572671855
            ],
            [
              -70.54253521591384,
              -32.82804572671855
            ],
            [
              -70.54253521591384,
              -32.82804496084193
            ],
            [
              -70.54253790650115,
              -32.82804496084193
            ],
            [
              -70.54253790650115,
              -32.828044194965315
            ],
            [
              -70.54254059708848,
              -32.828044194965315
            ],
            [
              -70.54254059708848,
              -32.8280434290887
            ],
            [
              -70.54254239081335,
              -32.8280434290887
            ],
            [
              -70.54254239081335,
              -32.82804266321208
            ],
            [
              -70.54254508140066,
              -32.82804266321208
            ],
            [
              -70.54254508140066,
              -32.82804189733547
            ],
            [
              -70.54254777198798,
              -32.82804189733547
            ],
            [
              -70.54254777198798,
              -32.828041131458846
            ],
            [
              -70.54254956571286,
              -32.828041131458846
            ],
            [
              -70.54254956571286,
              -32.82804036558223
            ],
            [
              -70.54255225630017,
              -32.82804036558223
            ],
            [
              -70.54255225630017,
              -32.82803959970561
            ],
            [
              -70.54255494688748,
              -32.82803959970561
            ],
            [
              -70.54255494688748,
              -32.828038833829
            ],
            [
              -70.54255674061235,
              -32.828038833829
            ],
            [
              -70.54255674061235,
              -32.828038067952384
            ],
            [
              -70.54255943119968,
              -32.828038067952384
            ],
            [
              -70.54255943119968,
              -32.828037302075764
            ],
            [
              -70.54256212178699,
              -32.828037302075764
            ],
            [
              -70.54256212178699,
              -32.82803653619915
            ],
            [
              -70.54256391551186,
              -32.82803653619915
            ],
            [
              -70.54256391551186,
              -32.82803577032253
            ],
            [
              -70.54256660609919,
              -32.82803577032253
            ],
            [
              -70.54256660609919,
              -32.828035004445915
            ],
            [
              -70.5425692966865,
              -32.828035004445915
            ],
            [
              -70.5425692966865,
              -32.828034238569295
            ],
            [
              -70.54257198727382,
              -32.828034238569295
            ],
            [
              -70.54257198727382,
              -32.82803347269268
            ],
            [
              -70.5425737809987,
              -32.82803347269268
            ],
            [
              -70.5425737809987,
              -32.82803270681607
            ],
            [
              -70.542576471586,
              -32.82803270681607
            ],
            [
              -70.542576471586,
              -32.82803194093945
            ],
            [
              -70.54257916217333,
              -32.82803194093945
            ],
            [
              -70.54257916217333,
              -32.82803117506283
            ],
            [
              -70.5425809558982,
              -32.82803117506283
            ],
            [
              -70.5425809558982,
              -32.82803040918621
            ],
            [
              -70.54258364648551,
              -32.82803040918621
            ],
            [
              -70.54258364648551,
              -32.8280296433096
            ],
            [
              -70.54258633707283,
              -32.8280296433096
            ],
            [
              -70.54258633707283,
              -32.82802887743298
            ],
            [
              -70.54258813079771,
              -32.82802887743298
            ],
            [
              -70.54258813079771,
              -32.828028111556364
            ],
            [
              -70.54259082138502,
              -32.828028111556364
            ],
            [
              -70.54259082138502,
              -32.82802734567975
            ],
            [
              -70.54259351197234,
              -32.82802734567975
            ],
            [
              -70.54259351197234,
              -32.82802657980313
            ],
            [
              -70.54259530569722,
              -32.82802657980313
            ],
            [
              -70.54259530569722,
              -32.828025813926516
            ],
            [
              -70.54259799628453,
              -32.828025813926516
            ],
            [
              -70.54259799628453,
              -32.828025048049895
            ],
            [
              -70.54260068687184,
              -32.828025048049895
            ],
            [
              -70.54260068687184,
              -32.82802428217328
            ],
            [
              -70.54260248059671,
              -32.82802428217328
            ],
            [
              -70.54260248059671,
              -32.82802351629666
            ],
            [
              -70.54260517118404,
              -32.82802351629666
            ],
            [
              -70.54260517118404,
              -32.82802275042005
            ],
            [
              -70.54260786177134,
              -32.82802275042005
            ],
            [
              -70.54260786177134,
              -32.82802198454343
            ],
            [
              -70.54261055235867,
              -32.82802198454343
            ],
            [
              -70.54261055235867,
              -32.82802121866681
            ],
            [
              -70.54261234608354,
              -32.82802121866681
            ],
            [
              -70.54261234608354,
              -32.8280204527902
            ],
            [
              -70.54261503667085,
              -32.8280204527902
            ],
            [
              -70.54261503667085,
              -32.82801968691358
            ],
            [
              -70.54261772725818,
              -32.82801968691358
            ],
            [
              -70.54261772725818,
              -32.828018921036964
            ],
            [
              -70.54261952098305,
              -32.828018921036964
            ],
            [
              -70.54261952098305,
              -32.82801815516034
            ],
            [
              -70.54262221157036,
              -32.82801815516034
            ],
            [
              -70.54262221157036,
              -32.82801738928373
            ],
            [
              -70.54262490215768,
              -32.82801738928373
            ],
            [
              -70.54262490215768,
              -32.828016623407116
            ],
            [
              -70.54262669588256,
              -32.828016623407116
            ],
            [
              -70.54262669588256,
              -32.828015857530495
            ],
            [
              -70.54262938646987,
              -32.828015857530495
            ],
            [
              -70.54262938646987,
              -32.82801509165388
            ],
            [
              -70.54263207705719,
              -32.82801509165388
            ],
            [
              -70.54263207705719,
              -32.82801432577726
            ],
            [
              -70.54263387078207,
              -32.82801432577726
            ],
            [
              -70.54263387078207,
              -32.82801355990065
            ],
            [
              -70.54263656136938,
              -32.82801355990065
            ],
            [
              -70.54263656136938,
              -32.828012794024026
            ],
            [
              -70.5426392519567,
              -32.828012794024026
            ],
            [
              -70.5426392519567,
              -32.82801202814741
            ],
            [
              -70.54264194254401,
              -32.82801202814741
            ],
            [
              -70.54264194254401,
              -32.8280112622708
            ],
            [
              -70.54264373626889,
              -32.8280112622708
            ],
            [
              -70.54264373626889,
              -32.82801049639418
            ],
            [
              -70.54264642685621,
              -32.82801049639418
            ],
            [
              -70.54264642685621,
              -32.828009730517564
            ],
            [
              -70.54264911744352,
              -32.828009730517564
            ],
            [
              -70.54264911744352,
              -32.828008964640944
            ],
            [
              -70.5426509111684,
              -32.828008964640944
            ],
            [
              -70.5426509111684,
              -32.82800819876433
            ],
            [
              -70.5426536017557,
              -32.82800819876433
            ],
            [
              -70.5426536017557,
              -32.82800743288771
            ],
            [
              -70.54265629234303,
              -32.82800743288771
            ],
            [
              -70.54265629234303,
              -32.828006667011095
            ],
            [
              -70.5426580860679,
              -32.828006667011095
            ],
            [
              -70.5426580860679,
              -32.828005901134475
            ],
            [
              -70.54266077665521,
              -32.828005901134475
            ],
            [
              -70.54266077665521,
              -32.82800513525786
            ],
            [
              -70.54266346724253,
              -32.82800513525786
            ],
            [
              -70.54266346724253,
              -32.82800436938125
            ],
            [
              -70.54266526096741,
              -32.82800436938125
            ],
            [
              -70.54266526096741,
              -32.82800360350463
            ],
            [
              -70.54266795155472,
              -32.82800360350463
            ],
            [
              -70.54266795155472,
              -32.82800283762801
            ],
            [
              -70.54267064214204,
              -32.82800283762801
            ],
            [
              -70.54267064214204,
              -32.82800207175139
            ],
            [
              -70.54267333272935,
              -32.82800207175139
            ],
            [
              -70.54267333272935,
              -32.82800130587478
            ],
            [
              -70.54267512645423,
              -32.82800130587478
            ],
            [
              -70.54267512645423,
              -32.82800053999816
            ],
            [
              -70.54267781704155,
              -32.82800053999816
            ],
            [
              -70.54267781704155,
              -32.827999774121544
            ],
            [
              -70.54268050762886,
              -32.827999774121544
            ],
            [
              -70.54268050762886,
              -32.82799900824493
            ],
            [
              -70.54268230135374,
              -32.82799900824493
            ],
            [
              -70.54268230135374,
              -32.82799824236831
            ],
            [
              -70.54268499194106,
              -32.82799824236831
            ],
            [
              -70.54268499194106,
              -32.827997476491696
            ],
            [
              -70.54268768252837,
              -32.827997476491696
            ],
            [
              -70.54268768252837,
              -32.827996710615075
            ],
            [
              -70.54268947625324,
              -32.827996710615075
            ],
            [
              -70.54268947625324,
              -32.82799594473846
            ],
            [
              -70.54269216684057,
              -32.82799594473846
            ],
            [
              -70.54269216684057,
              -32.82799517886184
            ],
            [
              -70.54269485742788,
              -32.82799517886184
            ],
            [
              -70.54269485742788,
              -32.82799441298523
            ],
            [
              -70.54269665115275,
              -32.82799441298523
            ],
            [
              -70.54269665115275,
              -32.82799364710861
            ],
            [
              -70.54269934174008,
              -32.82799364710861
            ],
            [
              -70.54269934174008,
              -32.82799288123199
            ],
            [
              -70.54270203232738,
              -32.82799288123199
            ],
            [
              -70.54270203232738,
              -32.82799211535538
            ],
            [
              -70.54270382605226,
              -32.82799211535538
            ],
            [
              -70.54270382605226,
              -32.82799134947876
            ],
            [
              -70.54270651663957,
              -32.82799134947876
            ],
            [
              -70.54270651663957,
              -32.827990583602144
            ],
            [
              -70.54270920722689,
              -32.827990583602144
            ],
            [
              -70.54270920722689,
              -32.82798981772552
            ],
            [
              -70.5427118978142,
              -32.82798981772552
            ],
            [
              -70.5427118978142,
              -32.82798905184891
            ],
            [
              -70.54271369153908,
              -32.82798905184891
            ],
            [
              -70.54271369153908,
              -32.827988285972296
            ],
            [
              -70.5427163821264,
              -32.827988285972296
            ],
            [
              -70.5427163821264,
              -32.827987520095675
            ],
            [
              -70.54271907271371,
              -32.827987520095675
            ],
            [
              -70.54271907271371,
              -32.82798675421906
            ],
            [
              -70.54272086643859,
              -32.82798675421906
            ],
            [
              -70.54272086643859,
              -32.82798598834244
            ],
            [
              -70.54272355702591,
              -32.82798598834244
            ],
            [
              -70.54272355702591,
              -32.82798522246583
            ],
            [
              -70.54272624761322,
              -32.82798522246583
            ],
            [
              -70.54272624761322,
              -32.827984456589206
            ],
            [
              -70.5427280413381,
              -32.827984456589206
            ],
            [
              -70.5427280413381,
              -32.82798369071259
            ],
            [
              -70.54273073192542,
              -32.82798369071259
            ],
            [
              -70.54273073192542,
              -32.82798292483598
            ],
            [
              -70.54273342251273,
              -32.82798292483598
            ],
            [
              -70.54273342251273,
              -32.82798215895936
            ],
            [
              -70.5427352162376,
              -32.82798215895936
            ],
            [
              -70.5427352162376,
              -32.827981393082744
            ],
            [
              -70.54273790682493,
              -32.827981393082744
            ],
            [
              -70.54273790682493,
              -32.827980627206124
            ],
            [
              -70.54274059741223,
              -32.827980627206124
            ],
            [
              -70.54274059741223,
              -32.82797986132951
            ],
            [
              -70.54274328799956,
              -32.82797986132951
            ],
            [
              -70.54274328799956,
              -32.82797909545289
            ],
            [
              -70.54274508172443,
              -32.82797909545289
            ],
            [
              -70.54274508172443,
              -32.827978329576275
            ],
            [
              -70.54274777231174,
              -32.827978329576275
            ],
            [
              -70.54274777231174,
              -32.82797756369966
            ],
            [
              -70.54275046289905,
              -32.82797756369966
            ],
            [
              -70.54275046289905,
              -32.82797679782304
            ],
            [
              -70.54275225662393,
              -32.82797679782304
            ],
            [
              -70.54275225662393,
              -32.82797603194643
            ],
            [
              -70.54275494721125,
              -32.82797603194643
            ],
            [
              -70.54275494721125,
              -32.82797526606981
            ],
            [
              -70.54275763779856,
              -32.82797526606981
            ],
            [
              -70.54275763779856,
              -32.82797450019319
            ],
            [
              -70.54275943152344,
              -32.82797450019319
            ],
            [
              -70.54275943152344,
              -32.82797373431657
            ],
            [
              -70.54276212211076,
              -32.82797373431657
            ],
            [
              -70.54276212211076,
              -32.82797296843996
            ],
            [
              -70.54276481269807,
              -32.82797296843996
            ],
            [
              -70.54276481269807,
              -32.827972202563345
            ],
            [
              -70.54276660642294,
              -32.827972202563345
            ],
            [
              -70.54276660642294,
              -32.827971436686724
            ],
            [
              -70.54276929701027,
              -32.827971436686724
            ],
            [
              -70.54276929701027,
              -32.82797067081011
            ],
            [
              -70.54277198759758,
              -32.82797067081011
            ],
            [
              -70.54277198759758,
              -32.82796990493349
            ],
            [
              -70.5427746781849,
              -32.82796990493349
            ],
            [
              -70.5427746781849,
              -32.827969139056876
            ],
            [
              -70.54277647190978,
              -32.827969139056876
            ],
            [
              -70.54277647190978,
              -32.827968373180255
            ],
            [
              -70.54277916249708,
              -32.827968373180255
            ],
            [
              -70.54277916249708,
              -32.82796760730364
            ],
            [
              -70.5427818530844,
              -32.82796760730364
            ],
            [
              -70.5427818530844,
              -32.82796684142703
            ],
            [
              -70.54278364680928,
              -32.82796684142703
            ],
            [
              -70.54278364680928,
              -32.82796607555041
            ],
            [
              -70.54278633739659,
              -32.82796607555041
            ],
            [
              -70.54278633739659,
              -32.82796530967379
            ],
            [
              -70.54278902798391,
              -32.82796530967379
            ],
            [
              -70.54278902798391,
              -32.82796454379717
            ],
            [
              -70.54279082170879,
              -32.82796454379717
            ],
            [
              -70.54279082170879,
              -32.82796377792056
            ],
            [
              -70.5427935122961,
              -32.82796377792056
            ],
            [
              -70.5427935122961,
              -32.82796301204394
            ],
            [
              -70.54279620288342,
              -32.82796301204394
            ],
            [
              -70.54279620288342,
              -32.827962246167324
            ],
            [
              -70.5427979966083,
              -32.827962246167324
            ],
            [
              -70.5427979966083,
              -32.8279614802907
            ],
            [
              -70.54280068719561,
              -32.8279614802907
            ],
            [
              -70.54280068719561,
              -32.82796071441409
            ],
            [
              -70.54280337778292,
              -32.82796071441409
            ],
            [
              -70.54280337778292,
              -32.827959948537476
            ],
            [
              -70.5428051715078,
              -32.827959948537476
            ],
            [
              -70.5428051715078,
              -32.827959182660855
            ],
            [
              -70.54280786209512,
              -32.827959182660855
            ],
            [
              -70.54280786209512,
              -32.82795841678424
            ],
            [
              -70.54281055268243,
              -32.82795841678424
            ],
            [
              -70.54281055268243,
              -32.82795765090762
            ],
            [
              -70.54281324326975,
              -32.82795765090762
            ],
            [
              -70.54281324326975,
              -32.82795688503101
            ],
            [
              -70.54281503699463,
              -32.82795688503101
            ],
            [
              -70.54281503699463,
              -32.827956119154386
            ],
            [
              -70.54281772758193,
              -32.827956119154386
            ],
            [
              -70.54281772758193,
              -32.82795535327777
            ],
            [
              -70.54282041816926,
              -32.82795535327777
            ],
            [
              -70.54282041816926,
              -32.82795458740116
            ],
            [
              -70.54282221189413,
              -32.82795458740116
            ],
            [
              -70.54282221189413,
              -32.82795382152454
            ],
            [
              -70.54282490248144,
              -32.82795382152454
            ],
            [
              -70.54282490248144,
              -32.827953055647924
            ],
            [
              -70.54282759306876,
              -32.827953055647924
            ],
            [
              -70.54282759306876,
              -32.827952289771304
            ],
            [
              -70.54282938679364,
              -32.827952289771304
            ],
            [
              -70.54282938679364,
              -32.82795152389469
            ],
            [
              -70.54283207738095,
              -32.82795152389469
            ],
            [
              -70.54283207738095,
              -32.82795075801807
            ],
            [
              -70.54283476796827,
              -32.82795075801807
            ],
            [
              -70.54283476796827,
              -32.827949992141455
            ],
            [
              -70.54283656169315,
              -32.827949992141455
            ],
            [
              -70.54283656169315,
              -32.82794922626484
            ],
            [
              -70.54283925228046,
              -32.82794922626484
            ],
            [
              -70.54283925228046,
              -32.82794846038822
            ],
            [
              -70.54284194286778,
              -32.82794846038822
            ],
            [
              -70.54284194286778,
              -32.82794769451161
            ],
            [
              -70.54284463345509,
              -32.82794769451161
            ],
            [
              -70.54284463345509,
              -32.82794692863499
            ],
            [
              -70.54284642717997,
              -32.82794692863499
            ],
            [
              -70.54284642717997,
              -32.82794616275837
            ],
            [
              -70.54284911776728,
              -32.82794616275837
            ],
            [
              -70.54284911776728,
              -32.82794539688175
            ],
            [
              -70.5428518083546,
              -32.82794539688175
            ],
            [
              -70.5428518083546,
              -32.82794463100514
            ],
            [
              -70.54285360207948,
              -32.82794463100514
            ],
            [
              -70.54285360207948,
              -32.827943865128525
            ],
            [
              -70.54285629266678,
              -32.827943865128525
            ],
            [
              -70.54285629266678,
              -32.827943099251904
            ],
            [
              -70.5428589832541,
              -32.827943099251904
            ],
            [
              -70.5428589832541,
              -32.82794233337529
            ],
            [
              -70.54286077697898,
              -32.82794233337529
            ],
            [
              -70.54286077697898,
              -32.82794156749867
            ],
            [
              -70.54286346756629,
              -32.82794156749867
            ],
            [
              -70.54286346756629,
              -32.827940801622056
            ],
            [
              -70.54286615815361,
              -32.827940801622056
            ],
            [
              -70.54286615815361,
              -32.827940035745435
            ],
            [
              -70.54286795187849,
              -32.827940035745435
            ],
            [
              -70.54286795187849,
              -32.82793926986882
            ],
            [
              -70.5428706424658,
              -32.82793926986882
            ],
            [
              -70.5428706424658,
              -32.82793850399221
            ],
            [
              -70.54287333305312,
              -32.82793850399221
            ],
            [
              -70.54287333305312,
              -32.82793773811559
            ],
            [
              -70.54287602364043,
              -32.82793773811559
            ],
            [
              -70.54287602364043,
              -32.82793697223897
            ],
            [
              -70.54287781736531,
              -32.82793697223897
            ],
            [
              -70.54287781736531,
              -32.82793620636235
            ],
            [
              -70.54288050795263,
              -32.82793620636235
            ],
            [
              -70.54288050795263,
              -32.82793544048574
            ],
            [
              -70.54288319853994,
              -32.82793544048574
            ],
            [
              -70.54288319853994,
              -32.82793467460912
            ],
            [
              -70.54288499226482,
              -32.82793467460912
            ],
            [
              -70.54288499226482,
              -32.827933908732504
            ],
            [
              -70.54288768285214,
              -32.827933908732504
            ],
            [
              -70.54288768285214,
              -32.82793314285589
            ],
            [
              -70.54289037343945,
              -32.82793314285589
            ],
            [
              -70.54289037343945,
              -32.82793237697927
            ],
            [
              -70.54289216716433,
              -32.82793237697927
            ],
            [
              -70.54289216716433,
              -32.827931611102656
            ],
            [
              -70.54289485775165,
              -32.827931611102656
            ],
            [
              -70.54289485775165,
              -32.827930845226035
            ],
            [
              -70.54289754833896,
              -32.827930845226035
            ],
            [
              -70.54289754833896,
              -32.82793007934942
            ],
            [
              -70.54289934206383,
              -32.82793007934942
            ],
            [
              -70.54289934206383,
              -32.8279293134728
            ],
            [
              -70.54290203265114,
              -32.8279293134728
            ],
            [
              -70.54290203265114,
              -32.82792854759619
            ],
            [
              -70.54290472323846,
              -32.82792854759619
            ],
            [
              -70.54290472323846,
              -32.82792778171957
            ],
            [
              -70.54290651696334,
              -32.82792778171957
            ],
            [
              -70.54290651696334,
              -32.82792701584295
            ],
            [
              -70.54290920755065,
              -32.82792701584295
            ],
            [
              -70.54290920755065,
              -32.82792624996634
            ],
            [
              -70.54291189813797,
              -32.82792624996634
            ],
            [
              -70.54291189813797,
              -32.82792548408972
            ],
            [
              -70.54291458872528,
              -32.82792548408972
            ],
            [
              -70.54291458872528,
              -32.827924718213104
            ],
            [
              -70.54291638245016,
              -32.827924718213104
            ],
            [
              -70.54291638245016,
              -32.827923952336484
            ],
            [
              -70.54291907303748,
              -32.827923952336484
            ],
            [
              -70.54291907303748,
              -32.82792318645987
            ],
            [
              -70.54292176362479,
              -32.82792318645987
            ],
            [
              -70.54292176362479,
              -32.82792242058325
            ],
            [
              -70.54292355734967,
              -32.82792242058325
            ],
            [
              -70.54292355734967,
              -32.827921654706635
            ],
            [
              -70.54292624793699,
              -32.827921654706635
            ],
            [
              -70.54292624793699,
              -32.82792088883002
            ],
            [
              -70.5429289385243,
              -32.82792088883002
            ],
            [
              -70.5429289385243,
              -32.8279201229534
            ],
            [
              -70.54293073224918,
              -32.8279201229534
            ],
            [
              -70.54293073224918,
              -32.82791935707679
            ],
            [
              -70.5429334228365,
              -32.82791935707679
            ],
            [
              -70.5429334228365,
              -32.82791859120017
            ],
            [
              -70.5429361134238,
              -32.82791859120017
            ],
            [
              -70.5429361134238,
              -32.82791782532355
            ],
            [
              -70.54293790714868,
              -32.82791782532355
            ],
            [
              -70.54293790714868,
              -32.82791705944693
            ],
            [
              -70.542940597736,
              -32.82791705944693
            ],
            [
              -70.542940597736,
              -32.82791629357032
            ],
            [
              -70.54294328832331,
              -32.82791629357032
            ],
            [
              -70.54294328832331,
              -32.827915527693705
            ],
            [
              -70.54294597891064,
              -32.827915527693705
            ],
            [
              -70.54294597891064,
              -32.827914761817084
            ],
            [
              -70.5429477726355,
              -32.827914761817084
            ],
            [
              -70.5429477726355,
              -32.82791399594047
            ],
            [
              -70.54295046322282,
              -32.82791399594047
            ],
            [
              -70.54295046322282,
              -32.82791323006385
            ],
            [
              -70.54295315381013,
              -32.82791323006385
            ],
            [
              -70.54295315381013,
              -32.827912464187236
            ],
            [
              -70.54295494753501,
              -32.827912464187236
            ],
            [
              -70.54295494753501,
              -32.827911698310615
            ],
            [
              -70.54295763812233,
              -32.827911698310615
            ],
            [
              -70.54295763812233,
              -32.827910932434
            ],
            [
              -70.54296032870964,
              -32.827910932434
            ],
            [
              -70.54296032870964,
              -32.82791016655739
            ],
            [
              -70.54296212243452,
              -32.82791016655739
            ],
            [
              -70.54296212243452,
              -32.82790940068077
            ],
            [
              -70.54296481302184,
              -32.82790940068077
            ],
            [
              -70.54296481302184,
              -32.82790863480415
            ],
            [
              -70.54296750360915,
              -32.82790863480415
            ],
            [
              -70.54296750360915,
              -32.82790786892753
            ],
            [
              -70.54296929733403,
              -32.82790786892753
            ],
            [
              -70.54296929733403,
              -32.82790710305092
            ],
            [
              -70.54297198792135,
              -32.82790710305092
            ],
            [
              -70.54297198792135,
              -32.8279063371743
            ],
            [
              -70.54297467850866,
              -32.8279063371743
            ],
            [
              -70.54297467850866,
              -32.827905571297684
            ],
            [
              -70.54297736909598,
              -32.827905571297684
            ],
            [
              -70.54297736909598,
              -32.82790480542107
            ],
            [
              -70.54297916282086,
              -32.82790480542107
            ],
            [
              -70.54297916282086,
              -32.82790403954445
            ],
            [
              -70.54298185340816,
              -32.82790403954445
            ],
            [
              -70.54298185340816,
              -32.827903273667836
            ],
            [
              -70.54298454399549,
              -32.827903273667836
            ],
            [
              -70.54298454399549,
              -32.827902507791215
            ],
            [
              -70.54298633772036,
              -32.827902507791215
            ],
            [
              -70.54298633772036,
              -32.8279017419146
            ],
            [
              -70.54298902830767,
              -32.8279017419146
            ],
            [
              -70.54298902830767,
              -32.82790097603798
            ],
            [
              -70.542991718895,
              -32.82790097603798
            ],
            [
              -70.542991718895,
              -32.82790021016137
            ],
            [
              -70.54299351261987,
              -32.82790021016137
            ],
            [
              -70.54299351261987,
              -32.82789944428475
            ],
            [
              -70.54299620320718,
              -32.82789944428475
            ],
            [
              -70.54299620320718,
              -32.82789867840813
            ],
            [
              -70.54299889379449,
              -32.82789867840813
            ],
            [
              -70.54299889379449,
              -32.82789791253152
            ],
            [
              -70.54300068751937,
              -32.82789791253152
            ],
            [
              -70.54300068751937,
              -32.8278971466549
            ],
            [
              -70.54300337810669,
              -32.8278971466549
            ],
            [
              -70.54300337810669,
              -32.827896380778284
            ],
            [
              -70.543006068694,
              -32.827896380778284
            ],
            [
              -70.543006068694,
              -32.827895614901664
            ],
            [
              -70.54300786241888,
              -32.827895614901664
            ],
            [
              -70.54300786241888,
              -32.82789484902505
            ],
            [
              -70.5430105530062,
              -32.82789484902505
            ],
            [
              -70.5430105530062,
              -32.827894083148436
            ],
            [
              -70.5430132435935,
              -32.827894083148436
            ],
            [
              -70.5430132435935,
              -32.827893317271815
            ],
            [
              -70.54301593418083,
              -32.827893317271815
            ],
            [
              -70.54301593418083,
              -32.8278925513952
            ],
            [
              -70.5430177279057,
              -32.8278925513952
            ],
            [
              -70.5430177279057,
              -32.82789178551858
            ],
            [
              -70.54302041849301,
              -32.82789178551858
            ],
            [
              -70.54302041849301,
              -32.82789101964197
            ],
            [
              -70.54302310908034,
              -32.82789101964197
            ],
            [
              -70.54302310908034,
              -32.82789025376535
            ],
            [
              -70.54302490280521,
              -32.82789025376535
            ],
            [
              -70.54302490280521,
              -32.82788948788873
            ],
            [
              -70.54302759339252,
              -32.82788948788873
            ],
            [
              -70.54302759339252,
              -32.82788872201212
            ],
            [
              -70.54303028397985,
              -32.82788872201212
            ],
            [
              -70.54303028397985,
              -32.8278879561355
            ],
            [
              -70.54303207770472,
              -32.8278879561355
            ],
            [
              -70.54303207770472,
              -32.827887190258885
            ],
            [
              -70.54303476829203,
              -32.827887190258885
            ],
            [
              -70.54303476829203,
              -32.827886424382264
            ],
            [
              -70.54303745887935,
              -32.827886424382264
            ],
            [
              -70.54303745887935,
              -32.82788565850565
            ],
            [
              -70.54303925260423,
              -32.82788565850565
            ],
            [
              -70.54303925260423,
              -32.82788489262903
            ],
            [
              -70.54304194319154,
              -32.82788489262903
            ],
            [
              -70.54304194319154,
              -32.827884126752416
            ],
            [
              -70.54304463377886,
              -32.827884126752416
            ],
            [
              -70.54304463377886,
              -32.827883360875795
            ],
            [
              -70.54304732436617,
              -32.827883360875795
            ],
            [
              -70.54304732436617,
              -32.82788259499918
            ],
            [
              -70.54304911809105,
              -32.82788259499918
            ],
            [
              -70.54304911809105,
              -32.82788182912257
            ],
            [
              -70.54305180867836,
              -32.82788182912257
            ],
            [
              -70.54305180867836,
              -32.82788106324595
            ],
            [
              -70.54305449926568,
              -32.82788106324595
            ],
            [
              -70.54305449926568,
              -32.82788029736933
            ],
            [
              -70.54305629299056,
              -32.82788029736933
            ],
            [
              -70.54305629299056,
              -32.82787953149271
            ],
            [
              -70.54305898357786,
              -32.82787953149271
            ],
            [
              -70.54305898357786,
              -32.8278787656161
            ],
            [
              -70.54306167416519,
              -32.8278787656161
            ],
            [
              -70.54306167416519,
              -32.82787799973948
            ],
            [
              -70.54306346789006,
              -32.82787799973948
            ],
            [
              -70.54306346789006,
              -32.827877233862864
            ],
            [
              -70.54306615847737,
              -32.827877233862864
            ],
            [
              -70.54306615847737,
              -32.82787646798625
            ],
            [
              -70.5430688490647,
              -32.82787646798625
            ],
            [
              -70.5430688490647,
              -32.82787570210963
            ],
            [
              -70.54307064278957,
              -32.82787570210963
            ],
            [
              -70.54307064278957,
              -32.827874936233016
            ],
            [
              -70.54307333337688,
              -32.827874936233016
            ],
            [
              -70.54307333337688,
              -32.827874170356395
            ],
            [
              -70.5430760239642,
              -32.827874170356395
            ],
            [
              -70.5430760239642,
              -32.82787340447978
            ],
            [
              -70.54307871455151,
              -32.82787340447978
            ],
            [
              -70.54307871455151,
              -32.82787263860316
            ],
            [
              -70.54308050827639,
              -32.82787263860316
            ],
            [
              -70.54308050827639,
              -32.82787187272655
            ],
            [
              -70.54308319886371,
              -32.82787187272655
            ],
            [
              -70.54308319886371,
              -32.82787110684993
            ],
            [
              -70.54308588945102,
              -32.82787110684993
            ],
            [
              -70.54308588945102,
              -32.82787034097331
            ],
            [
              -70.5430876831759,
              -32.82787034097331
            ],
            [
              -70.5430876831759,
              -32.8278695750967
            ],
            [
              -70.54309037376322,
              -32.8278695750967
            ],
            [
              -70.54309037376322,
              -32.82786880922008
            ],
            [
              -70.54309306435053,
              -32.82786880922008
            ],
            [
              -70.54309306435053,
              -32.827868043343464
            ],
            [
              -70.5430948580754,
              -32.827868043343464
            ],
            [
              -70.5430948580754,
              -32.827867277466844
            ],
            [
              -70.54309754866271,
              -32.827867277466844
            ],
            [
              -70.54309754866271,
              -32.82786651159023
            ],
            [
              -70.54310023925004,
              -32.82786651159023
            ],
            [
              -70.54310023925004,
              -32.827865745713616
            ],
            [
              -70.54310203297491,
              -32.827865745713616
            ],
            [
              -70.54310203297491,
              -32.827864979836995
            ],
            [
              -70.54310472356222,
              -32.827864979836995
            ],
            [
              -70.54310472356222,
              -32.82786421396038
            ],
            [
              -70.54310741414955,
              -32.82786421396038
            ],
            [
              -70.54310741414955,
              -32.82786344808376
            ],
            [
              -70.54310920787442,
              -32.82786344808376
            ],
            [
              -70.54310920787442,
              -32.82786268220715
            ],
            [
              -70.54311189846173,
              -32.82786268220715
            ],
            [
              -70.54311189846173,
              -32.82786191633053
            ],
            [
              -70.54311458904905,
              -32.82786191633053
            ],
            [
              -70.54311458904905,
              -32.82786115045391
            ],
            [
              -70.54311727963636,
              -32.82786115045391
            ],
            [
              -70.54311727963636,
              -32.8278603845773
            ],
            [
              -70.54311907336124,
              -32.8278603845773
            ],
            [
              -70.54311907336124,
              -32.82785961870068
            ],
            [
              -70.54312176394856,
              -32.82785961870068
            ],
            [
              -70.54312176394856,
              -32.827858852824065
            ],
            [
              -70.54312445453587,
              -32.827858852824065
            ],
            [
              -70.54312445453587,
              -32.827858086947444
            ],
            [
              -70.54312624826075,
              -32.827858086947444
            ],
            [
              -70.54312624826075,
              -32.82785732107083
            ],
            [
              -70.54312893884807,
              -32.82785732107083
            ],
            [
              -70.54312893884807,
              -32.82785655519421
            ],
            [
              -70.54313162943538,
              -32.82785655519421
            ],
            [
              -70.54313162943538,
              -32.827855789317596
            ],
            [
              -70.54313342316026,
              -32.827855789317596
            ],
            [
              -70.54313342316026,
              -32.82785502344098
            ],
            [
              -70.54313611374758,
              -32.82785502344098
            ],
            [
              -70.54313611374758,
              -32.82785425756436
            ],
            [
              -70.54313880433489,
              -32.82785425756436
            ],
            [
              -70.54313880433489,
              -32.82785349168775
            ],
            [
              -70.54314059805976,
              -32.82785349168775
            ],
            [
              -70.54314059805976,
              -32.82785272581113
            ],
            [
              -70.54314328864709,
              -32.82785272581113
            ],
            [
              -70.54314328864709,
              -32.82785195993451
            ],
            [
              -70.5431459792344,
              -32.82785195993451
            ],
            [
              -70.5431459792344,
              -32.82785119405789
            ],
            [
              -70.5431486698217,
              -32.82785119405789
            ],
            [
              -70.5431486698217,
              -32.82785042818128
            ],
            [
              -70.54315046354658,
              -32.82785042818128
            ],
            [
              -70.54315046354658,
              -32.827849662304665
            ],
            [
              -70.5431531541339,
              -32.827849662304665
            ],
            [
              -70.5431531541339,
              -32.827848896428044
            ],
            [
              -70.54315584472121,
              -32.827848896428044
            ],
            [
              -70.54315584472121,
              -32.82784813055143
            ],
            [
              -70.54315763844609,
              -32.82784813055143
            ],
            [
              -70.54315763844609,
              -32.82784736467481
            ],
            [
              -70.54316032903341,
              -32.82784736467481
            ],
            [
              -70.54316032903341,
              -32.827846598798196
            ],
            [
              -70.54316301962072,
              -32.827846598798196
            ],
            [
              -70.54316301962072,
              -32.827845832921575
            ],
            [
              -70.5431648133456,
              -32.827845832921575
            ],
            [
              -70.5431648133456,
              -32.82784506704496
            ],
            [
              -70.54316750393292,
              -32.82784506704496
            ],
            [
              -70.54316750393292,
              -32.82784430116835
            ],
            [
              -70.54317019452023,
              -32.82784430116835
            ],
            [
              -70.54317019452023,
              -32.82784353529173
            ],
            [
              -70.5431719882451,
              -32.82784353529173
            ],
            [
              -70.5431719882451,
              -32.82784276941511
            ],
            [
              -70.54317467883243,
              -32.82784276941511
            ],
            [
              -70.54317467883243,
              -32.82784200353849
            ],
            [
              -70.54317736941974,
              -32.82784200353849
            ],
            [
              -70.54317736941974,
              -32.82784123766188
            ],
            [
              -70.54318006000706,
              -32.82784123766188
            ],
            [
              -70.54318006000706,
              -32.82784047178526
            ],
            [
              -70.54318185373194,
              -32.82784047178526
            ],
            [
              -70.54318185373194,
              -32.827839705908644
            ],
            [
              -70.54318454431925,
              -32.827839705908644
            ],
            [
              -70.54318454431925,
              -32.827838940032024
            ],
            [
              -70.54318723490657,
              -32.827838940032024
            ],
            [
              -70.54318723490657,
              -32.82783817415541
            ],
            [
              -70.54318902863145,
              -32.82783817415541
            ],
            [
              -70.54318902863145,
              -32.827837408278796
            ],
            [
              -70.54319171921875,
              -32.827837408278796
            ],
            [
              -70.54319171921875,
              -32.827836642402175
            ],
            [
              -70.54319440980608,
              -32.827836642402175
            ],
            [
              -70.54319440980608,
              -32.82783587652556
            ],
            [
              -70.54319620353094,
              -32.82783587652556
            ],
            [
              -70.54319620353094,
              -32.82783511064894
            ],
            [
              -70.54319889411826,
              -32.82783511064894
            ],
            [
              -70.54319889411826,
              -32.82783434477233
            ],
            [
              -70.54320158470557,
              -32.82783434477233
            ],
            [
              -70.54320158470557,
              -32.82783357889571
            ],
            [
              -70.54320337843045,
              -32.82783357889571
            ],
            [
              -70.54320337843045,
              -32.82783281301909
            ],
            [
              -70.54320606901777,
              -32.82783281301909
            ],
            [
              -70.54320606901777,
              -32.82783204714248
            ],
            [
              -70.54320875960508,
              -32.82783204714248
            ],
            [
              -70.54320875960508,
              -32.82783128126586
            ],
            [
              -70.54321055332996,
              -32.82783128126586
            ],
            [
              -70.54321055332996,
              -32.827830515389245
            ],
            [
              -70.54321324391728,
              -32.827830515389245
            ],
            [
              -70.54321324391728,
              -32.827829749512624
            ],
            [
              -70.54321593450459,
              -32.827829749512624
            ],
            [
              -70.54321593450459,
              -32.82782898363601
            ],
            [
              -70.54321862509191,
              -32.82782898363601
            ],
            [
              -70.54321862509191,
              -32.82782821775939
            ],
            [
              -70.54322041881679,
              -32.82782821775939
            ],
            [
              -70.54322041881679,
              -32.827827451882776
            ],
            [
              -70.5432231094041,
              -32.827827451882776
            ],
            [
              -70.5432231094041,
              -32.82782668600616
            ],
            [
              -70.54322579999142,
              -32.82782668600616
            ],
            [
              -70.54322579999142,
              -32.82782592012954
            ],
            [
              -70.5432275937163,
              -32.82782592012954
            ],
            [
              -70.5432275937163,
              -32.82782515425293
            ],
            [
              -70.5432302843036,
              -32.82782515425293
            ],
            [
              -70.5432302843036,
              -32.82782438837631
            ],
            [
              -70.54323297489093,
              -32.82782438837631
            ],
            [
              -70.54323297489093,
              -32.82782362249969
            ],
            [
              -70.5432347686158,
              -32.82782362249969
            ],
            [
              -70.5432347686158,
              -32.82782285662307
            ],
            [
              -70.54323745920311,
              -32.82782285662307
            ],
            [
              -70.54323745920311,
              -32.82782209074646
            ],
            [
              -70.54324014979044,
              -32.82782209074646
            ],
            [
              -70.54324014979044,
              -32.827821324869845
            ],
            [
              -70.54324194351531,
              -32.827821324869845
            ],
            [
              -70.54324194351531,
              -32.827820558993224
            ],
            [
              -70.54324463410262,
              -32.827820558993224
            ],
            [
              -70.54324463410262,
              -32.82781979311661
            ],
            [
              -70.54324732468993,
              -32.82781979311661
            ],
            [
              -70.54324732468993,
              -32.82781902723999
            ],
            [
              -70.54325001527725,
              -32.82781902723999
            ],
            [
              -70.54325001527725,
              -32.827818261363376
            ],
            [
              -70.54325180900213,
              -32.827818261363376
            ],
            [
              -70.54325180900213,
              -32.827817495486755
            ],
            [
              -70.54325449958944,
              -32.827817495486755
            ],
            [
              -70.54325449958944,
              -32.82781672961014
            ],
            [
              -70.54325719017676,
              -32.82781672961014
            ],
            [
              -70.54325719017676,
              -32.82781596373353
            ],
            [
              -70.54325898390164,
              -32.82781596373353
            ],
            [
              -70.54325898390164,
              -32.82781519785691
            ],
            [
              -70.54326167448895,
              -32.82781519785691
            ],
            [
              -70.54326167448895,
              -32.82781443198029
            ],
            [
              -70.54326436507627,
              -32.82781443198029
            ],
            [
              -70.54326436507627,
              -32.82781366610367
            ],
            [
              -70.54326615880115,
              -32.82781366610367
            ],
            [
              -70.54326615880115,
              -32.82781290022706
            ],
            [
              -70.54326884938845,
              -32.82781290022706
            ],
            [
              -70.54326884938845,
              -32.82781213435044
            ],
            [
              -70.54327153997578,
              -32.82781213435044
            ],
            [
              -70.54327153997578,
              -32.827811368473824
            ],
            [
              -70.54327333370065,
              -32.827811368473824
            ],
            [
              -70.54327333370065,
              -32.82781060259721
            ],
            [
              -70.54327602428796,
              -32.82781060259721
            ],
            [
              -70.54327602428796,
              -32.82780983672059
            ],
            [
              -70.54327871487529,
              -32.82780983672059
            ],
            [
              -70.54327871487529,
              -32.827809070843976
            ],
            [
              -70.5432814054626,
              -32.827809070843976
            ],
            [
              -70.5432814054626,
              -32.827808304967355
            ],
            [
              -70.54328319918747,
              -32.827808304967355
            ],
            [
              -70.54328319918747,
              -32.82780753909074
            ],
            [
              -70.5432858897748,
              -32.82780753909074
            ],
            [
              -70.5432858897748,
              -32.82780677321412
            ],
            [
              -70.5432885803621,
              -32.82780677321412
            ],
            [
              -70.5432885803621,
              -32.82780600733751
            ],
            [
              -70.54329037408698,
              -32.82780600733751
            ],
            [
              -70.54329037408698,
              -32.827805241460894
            ],
            [
              -70.5432930646743,
              -32.827805241460894
            ],
            [
              -70.5432930646743,
              -32.82780447558427
            ],
            [
              -70.54329575526161,
              -32.82780447558427
            ],
            [
              -70.54329575526161,
              -32.82780370970766
            ],
            [
              -70.54329754898649,
              -32.82780370970766
            ],
            [
              -70.54329754898649,
              -32.82780294383104
            ],
            [
              -70.5433002395738,
              -32.82780294383104
            ],
            [
              -70.5433002395738,
              -32.827802177954425
            ],
            [
              -70.54330293016112,
              -32.827802177954425
            ],
            [
              -70.54330293016112,
              -32.827801412077804
            ],
            [
              -70.543304723886,
              -32.827801412077804
            ],
            [
              -70.543304723886,
              -32.82780064620119
            ],
            [
              -70.5433074144733,
              -32.82780064620119
            ],
            [
              -70.5433074144733,
              -32.82779988032457
            ],
            [
              -70.54331010506063,
              -32.82779988032457
            ],
            [
              -70.54331010506063,
              -32.827799114447956
            ],
            [
              -70.5433118987855,
              -32.827799114447956
            ],
            [
              -70.5433118987855,
              -32.82779834857134
            ],
            [
              -70.54331458937281,
              -32.82779834857134
            ],
            [
              -70.54331458937281,
              -32.82779758269472
            ],
            [
              -70.54331727996014,
              -32.82779758269472
            ],
            [
              -70.54331727996014,
              -32.82779681681811
            ],
            [
              -70.54331997054744,
              -32.82779681681811
            ],
            [
              -70.54331997054744,
              -32.82779605094149
            ],
            [
              -70.54332176427232,
              -32.82779605094149
            ],
            [
              -70.54332176427232,
              -32.82779528506487
            ],
            [
              -70.54332445485964,
              -32.82779528506487
            ],
            [
              -70.54332445485964,
              -32.82779451918825
            ],
            [
              -70.54332714544695,
              -32.82779451918825
            ],
            [
              -70.54332714544695,
              -32.82779375331164
            ],
            [
              -70.54332893917183,
              -32.82779375331164
            ],
            [
              -70.54332893917183,
              -32.827792987435025
            ],
            [
              -70.54333162975915,
              -32.827792987435025
            ],
            [
              -70.54333162975915,
              -32.827792221558404
            ],
            [
              -70.54333432034646,
              -32.827792221558404
            ],
            [
              -70.54333432034646,
              -32.82779145568179
            ],
            [
              -70.54333611407134,
              -32.82779145568179
            ],
            [
              -70.54333611407134,
              -32.82779068980517
            ],
            [
              -70.54333880465866,
              -32.82779068980517
            ],
            [
              -70.54333880465866,
              -32.827789923928556
            ],
            [
              -70.54334149524597,
              -32.827789923928556
            ],
            [
              -70.54334149524597,
              -32.827789158051935
            ],
            [
              -70.54334328897085,
              -32.827789158051935
            ],
            [
              -70.54334328897085,
              -32.82778839217532
            ],
            [
              -70.54334597955815,
              -32.82778839217532
            ],
            [
              -70.54334597955815,
              -32.82778762629871
            ],
            [
              -70.54334867014548,
              -32.82778762629871
            ],
            [
              -70.54334867014548,
              -32.82778686042209
            ],
            [
              -70.54335136073279,
              -32.82778686042209
            ],
            [
              -70.54335136073279,
              -32.82778609454547
            ],
            [
              -70.54335315445766,
              -32.82778609454547
            ],
            [
              -70.54335315445766,
              -32.82778532866885
            ],
            [
              -70.54335584504499,
              -32.82778532866885
            ],
            [
              -70.54335584504499,
              -32.82778456279224
            ],
            [
              -70.5433585356323,
              -32.82778456279224
            ],
            [
              -70.5433585356323,
              -32.82778379691562
            ],
            [
              -70.54336032935717,
              -32.82778379691562
            ],
            [
              -70.54336032935717,
              -32.827783031039004
            ],
            [
              -70.5433630199445,
              -32.827783031039004
            ],
            [
              -70.5433630199445,
              -32.82778226516239
            ],
            [
              -70.5433657105318,
              -32.82778226516239
            ],
            [
              -70.5433657105318,
              -32.82778149928577
            ],
            [
              -70.54336750425668,
              -32.82778149928577
            ],
            [
              -70.54336750425668,
              -32.827780733409156
            ],
            [
              -70.543370194844,
              -32.827780733409156
            ],
            [
              -70.543370194844,
              -32.827779967532535
            ],
            [
              -70.54337288543131,
              -32.827779967532535
            ],
            [
              -70.54337288543131,
              -32.82777920165592
            ],
            [
              -70.54337467915619,
              -32.82777920165592
            ],
            [
              -70.54337467915619,
              -32.8277784357793
            ],
            [
              -70.54337736974351,
              -32.8277784357793
            ],
            [
              -70.54337736974351,
              -32.82777766990269
            ],
            [
              -70.54338006033082,
              -32.82777766990269
            ],
            [
              -70.54338006033082,
              -32.827776904026074
            ],
            [
              -70.54338275091814,
              -32.827776904026074
            ],
            [
              -70.54338275091814,
              -32.82777613814945
            ],
            [
              -70.54338454464302,
              -32.82777613814945
            ],
            [
              -70.54338454464302,
              -32.82777537227284
            ],
            [
              -70.54338723523033,
              -32.82777537227284
            ],
            [
              -70.54338723523033,
              -32.82777460639622
            ],
            [
              -70.54338992581765,
              -32.82777460639622
            ],
            [
              -70.54338992581765,
              -32.827773840519605
            ],
            [
              -70.54339171954253,
              -32.827773840519605
            ],
            [
              -70.54339171954253,
              -32.827773074642984
            ],
            [
              -70.54339441012984,
              -32.827773074642984
            ],
            [
              -70.54339441012984,
              -32.82777230876637
            ],
            [
              -70.54339710071714,
              -32.82777230876637
            ],
            [
              -70.54339710071714,
              -32.82777154288976
            ],
            [
              -70.54339889444202,
              -32.82777154288976
            ],
            [
              -70.54339889444202,
              -32.827770777013136
            ],
            [
              -70.54340158502934,
              -32.827770777013136
            ],
            [
              -70.54340158502934,
              -32.82777001113652
            ],
            [
              -70.54340427561665,
              -32.82777001113652
            ],
            [
              -70.54340427561665,
              -32.8277692452599
            ],
            [
              -70.54340606934153,
              -32.8277692452599
            ],
            [
              -70.54340606934153,
              -32.82776847938329
            ],
            [
              -70.54340875992885,
              -32.82776847938329
            ],
            [
              -70.54340875992885,
              -32.82776771350667
            ],
            [
              -70.54341145051616,
              -32.82776771350667
            ],
            [
              -70.54341145051616,
              -32.82776694763005
            ],
            [
              -70.54341324424104,
              -32.82776694763005
            ],
            [
              -70.54341324424104,
              -32.82776618175344
            ],
            [
              -70.54341593482836,
              -32.82776618175344
            ],
            [
              -70.54341593482836,
              -32.82776541587682
            ],
            [
              -70.54341862541567,
              -32.82776541587682
            ],
            [
              -70.54341862541567,
              -32.827764650000205
            ],
            [
              -70.54342131600299,
              -32.827764650000205
            ],
            [
              -70.54342131600299,
              -32.827763884123584
            ],
            [
              -70.54342310972787,
              -32.827763884123584
            ],
            [
              -70.54342310972787,
              -32.82776311824697
            ],
            [
              -70.54342580031518,
              -32.82776311824697
            ],
            [
              -70.54342580031518,
              -32.82776235237035
            ],
            [
              -70.5434284909025,
              -32.82776235237035
            ],
            [
              -70.5434284909025,
              -32.827761586493736
            ],
            [
              -70.54343028462738,
              -32.827761586493736
            ],
            [
              -70.54343028462738,
              -32.827760820617115
            ],
            [
              -70.54343297521469,
              -32.827760820617115
            ],
            [
              -70.54343297521469,
              -32.8277600547405
            ],
            [
              -70.54343566580201,
              -32.8277600547405
            ],
            [
              -70.54343566580201,
              -32.82775928886389
            ],
            [
              -70.54343745952688,
              -32.82775928886389
            ],
            [
              -70.54343745952688,
              -32.82775852298727
            ],
            [
              -70.5434401501142,
              -32.82775852298727
            ],
            [
              -70.5434401501142,
              -32.82775775711065
            ],
            [
              -70.54344284070152,
              -32.82775775711065
            ],
            [
              -70.54344284070152,
              -32.82775699123403
            ],
            [
              -70.54344463442638,
              -32.82775699123403
            ],
            [
              -70.54344463442638,
              -32.82775622535742
            ],
            [
              -70.5434473250137,
              -32.82775622535742
            ],
            [
              -70.5434473250137,
              -32.8277554594808
            ],
            [
              -70.54345001560101,
              -32.8277554594808
            ],
            [
              -70.54345001560101,
              -32.827754693604184
            ],
            [
              -70.54345270618833,
              -32.827754693604184
            ],
            [
              -70.54345270618833,
              -32.82775392772757
            ],
            [
              -70.54345449991321,
              -32.82775392772757
            ],
            [
              -70.54345449991321,
              -32.82775316185095
            ],
            [
              -70.54345719050052,
              -32.82775316185095
            ],
            [
              -70.54345719050052,
              -32.827752395974336
            ],
            [
              -70.54345988108784,
              -32.827752395974336
            ],
            [
              -70.54345988108784,
              -32.827751630097715
            ],
            [
              -70.54346167481272,
              -32.827751630097715
            ],
            [
              -70.54346167481272,
              -32.8277508642211
            ],
            [
              -70.54346436540003,
              -32.8277508642211
            ],
            [
              -70.54346436540003,
              -32.82775009834448
            ],
            [
              -70.54346705598735,
              -32.82775009834448
            ],
            [
              -70.54346705598735,
              -32.82774933246787
            ],
            [
              -70.54346884971223,
              -32.82774933246787
            ],
            [
              -70.54346884971223,
              -32.827748566591254
            ],
            [
              -70.54347154029954,
              -32.827748566591254
            ],
            [
              -70.54347154029954,
              -32.82774780071463
            ],
            [
              -70.54347423088686,
              -32.82774780071463
            ],
            [
              -70.54347423088686,
              -32.82774703483802
            ],
            [
              -70.54347602461173,
              -32.82774703483802
            ],
            [
              -70.54347602461173,
              -32.8277462689614
            ],
            [
              -70.54347871519904,
              -32.8277462689614
            ],
            [
              -70.54347871519904,
              -32.827745503084785
            ],
            [
              -70.54348140578637,
              -32.827745503084785
            ],
            [
              -70.54348140578637,
              -32.827744737208164
            ],
            [
              -70.54348409637367,
              -32.827744737208164
            ],
            [
              -70.54348409637367,
              -32.82774397133155
            ],
            [
              -70.54348589009855,
              -32.82774397133155
            ],
            [
              -70.54348589009855,
              -32.82774320545494
            ],
            [
              -70.54348858068587,
              -32.82774320545494
            ],
            [
              -70.54348858068587,
              -32.827742439578316
            ],
            [
              -70.54349127127318,
              -32.827742439578316
            ],
            [
              -70.54349127127318,
              -32.8277416737017
            ],
            [
              -70.54349306499806,
              -32.8277416737017
            ],
            [
              -70.54349306499806,
              -32.82774090782508
            ],
            [
              -70.54349575558537,
              -32.82774090782508
            ],
            [
              -70.54349575558537,
              -32.82774014194847
            ],
            [
              -70.54349844617269,
              -32.82774014194847
            ],
            [
              -70.54349844617269,
              -32.82773937607185
            ],
            [
              -70.54350023989757,
              -32.82773937607185
            ],
            [
              -70.54350023989757,
              -32.82773861019523
            ],
            [
              -70.54350293048488,
              -32.82773861019523
            ],
            [
              -70.54350293048488,
              -32.82773784431862
            ],
            [
              -70.5435056210722,
              -32.82773784431862
            ],
            [
              -70.5435056210722,
              -32.827737078442
            ],
            [
              -70.54350741479708,
              -32.827737078442
            ],
            [
              -70.54350741479708,
              -32.827736312565385
            ],
            [
              -70.54351010538439,
              -32.827736312565385
            ],
            [
              -70.54351010538439,
              -32.827735546688764
            ],
            [
              -70.54351279597171,
              -32.827735546688764
            ],
            [
              -70.54351279597171,
              -32.82773478081215
            ],
            [
              -70.54351458969658,
              -32.82773478081215
            ],
            [
              -70.54351458969658,
              -32.82773401493553
            ],
            [
              -70.5435172802839,
              -32.82773401493553
            ],
            [
              -70.5435172802839,
              -32.827733249058916
            ],
            [
              -70.54351997087122,
              -32.827733249058916
            ],
            [
              -70.54351997087122,
              -32.8277324831823
            ],
            [
              -70.54352266145852,
              -32.8277324831823
            ],
            [
              -70.54352266145852,
              -32.82773171730568
            ],
            [
              -70.5435244551834,
              -32.82773171730568
            ],
            [
              -70.5435244551834,
              -32.82773095142907
            ],
            [
              -70.54352714577072,
              -32.82773095142907
            ],
            [
              -70.54352714577072,
              -32.82773018555245
            ],
            [
              -70.54352983635803,
              -32.82773018555245
            ],
            [
              -70.54352983635803,
              -32.82772941967583
            ],
            [
              -70.54353163008291,
              -32.82772941967583
            ],
            [
              -70.54353163008291,
              -32.82772865379921
            ],
            [
              -70.54353432067023,
              -32.82772865379921
            ],
            [
              -70.54353432067023,
              -32.8277278879226
            ],
            [
              -70.54353701125754,
              -32.8277278879226
            ],
            [
              -70.54353701125754,
              -32.827727122045985
            ],
            [
              -70.54353880498242,
              -32.827727122045985
            ],
            [
              -70.54353880498242,
              -32.827726356169364
            ],
            [
              -70.54354149556974,
              -32.827726356169364
            ],
            [
              -70.54354149556974,
              -32.82772559029275
            ],
            [
              -70.54354418615705,
              -32.82772559029275
            ],
            [
              -70.54354418615705,
              -32.82772482441613
            ],
            [
              -70.54354597988193,
              -32.82772482441613
            ],
            [
              -70.54354597988193,
              -32.827724058539516
            ],
            [
              -70.54354867046924,
              -32.827724058539516
            ],
            [
              -70.54354867046924,
              -32.827723292662895
            ],
            [
              -70.54355136105656,
              -32.827723292662895
            ],
            [
              -70.54355136105656,
              -32.82772252678628
            ],
            [
              -70.54355405164387,
              -32.82772252678628
            ],
            [
              -70.54355405164387,
              -32.82772176090967
            ],
            [
              -70.54355584536874,
              -32.82772176090967
            ],
            [
              -70.54355584536874,
              -32.82772099503305
            ],
            [
              -70.54355853595607,
              -32.82772099503305
            ],
            [
              -70.54355853595607,
              -32.827720229156434
            ],
            [
              -70.54356122654337,
              -32.827720229156434
            ],
            [
              -70.54356122654337,
              -32.82771946327981
            ],
            [
              -70.54356302026825,
              -32.82771946327981
            ],
            [
              -70.54356302026825,
              -32.8277186974032
            ],
            [
              -70.54356571085557,
              -32.8277186974032
            ],
            [
              -70.54356571085557,
              -32.82771793152658
            ],
            [
              -70.54356840144288,
              -32.82771793152658
            ],
            [
              -70.54356840144288,
              -32.827717165649965
            ],
            [
              -70.54357019516776,
              -32.827717165649965
            ],
            [
              -70.54357019516776,
              -32.827716399773344
            ],
            [
              -70.54357288575508,
              -32.827716399773344
            ],
            [
              -70.54357288575508,
              -32.82771563389673
            ],
            [
              -70.54357557634239,
              -32.82771563389673
            ],
            [
              -70.54357557634239,
              -32.82771486802012
            ],
            [
              -70.54357737006727,
              -32.82771486802012
            ],
            [
              -70.54357737006727,
              -32.827714102143496
            ],
            [
              -70.54358006065459,
              -32.827714102143496
            ],
            [
              -70.54358006065459,
              -32.82771333626688
            ],
            [
              -70.5435827512419,
              -32.82771333626688
            ],
            [
              -70.5435827512419,
              -32.82771257039026
            ],
            [
              -70.54358544182922,
              -32.82771257039026
            ],
            [
              -70.54358544182922,
              -32.82771180451365
            ],
            [
              -70.5435872355541,
              -32.82771180451365
            ],
            [
              -70.5435872355541,
              -32.82771103863703
            ],
            [
              -70.54358992614141,
              -32.82771103863703
            ],
            [
              -70.54358992614141,
              -32.82771027276041
            ],
            [
              -70.54359261672873,
              -32.82771027276041
            ],
            [
              -70.54359261672873,
              -32.8277095068838
            ],
            [
              -70.5435944104536,
              -32.8277095068838
            ],
            [
              -70.5435944104536,
              -32.82770874100718
            ],
            [
              -70.54359710104092,
              -32.82770874100718
            ],
            [
              -70.54359710104092,
              -32.827707975130565
            ],
            [
              -70.54359979162822,
              -32.827707975130565
            ],
            [
              -70.54359979162822,
              -32.827707209253944
            ],
            [
              -70.5436015853531,
              -32.827707209253944
            ],
            [
              -70.5436015853531,
              -32.82770644337733
            ],
            [
              -70.54360427594042,
              -32.82770644337733
            ],
            [
              -70.54360427594042,
              -32.82770567750071
            ],
            [
              -70.54360696652773,
              -32.82770567750071
            ],
            [
              -70.54360696652773,
              -32.827704911624096
            ],
            [
              -70.54360876025261,
              -32.827704911624096
            ],
            [
              -70.54360876025261,
              -32.82770414574748
            ],
            [
              -70.54361145083993,
              -32.82770414574748
            ],
            [
              -70.54361145083993,
              -32.82770337987086
            ],
            [
              -70.54361414142724,
              -32.82770337987086
            ],
            [
              -70.54361414142724,
              -32.82770261399425
            ],
            [
              -70.54361593515212,
              -32.82770261399425
            ],
            [
              -70.54361593515212,
              -32.82770184811763
            ],
            [
              -70.54361862573944,
              -32.82770184811763
            ],
            [
              -70.54361862573944,
              -32.82770108224101
            ],
            [
              -70.54362131632675,
              -32.82770108224101
            ],
            [
              -70.54362131632675,
              -32.82770031636439
            ],
            [
              -70.54362400691407,
              -32.82770031636439
            ],
            [
              -70.54362400691407,
              -32.82769955048778
            ],
            [
              -70.54362580063895,
              -32.82769955048778
            ],
            [
              -70.54362580063895,
              -32.827698784611165
            ],
            [
              -70.54362849122626,
              -32.827698784611165
            ],
            [
              -70.54362849122626,
              -32.827698018734544
            ],
            [
              -70.54363118181358,
              -32.827698018734544
            ],
            [
              -70.54363118181358,
              -32.82769725285793
            ],
            [
              -70.54363297553846,
              -32.82769725285793
            ],
            [
              -70.54363297553846,
              -32.82769648698131
            ],
            [
              -70.54363566612577,
              -32.82769648698131
            ],
            [
              -70.54363566612577,
              -32.827695721104696
            ],
            [
              -70.54363835671309,
              -32.827695721104696
            ],
            [
              -70.54363835671309,
              -32.827694955228075
            ],
            [
              -70.54364015043797,
              -32.827694955228075
            ],
            [
              -70.54364015043797,
              -32.82769418935146
            ],
            [
              -70.54364284102527,
              -32.82769418935146
            ],
            [
              -70.54364284102527,
              -32.82769342347485
            ],
            [
              -70.54364553161258,
              -32.82769342347485
            ],
            [
              -70.54364553161258,
              -32.82769265759823
            ],
            [
              -70.54364732533746,
              -32.82769265759823
            ],
            [
              -70.54364732533746,
              -32.827691891721614
            ],
            [
              -70.54365001592478,
              -32.827691891721614
            ],
            [
              -70.54365001592478,
              -32.82769112584499
            ],
            [
              -70.54365270651209,
              -32.82769112584499
            ],
            [
              -70.54365270651209,
              -32.82769035996838
            ],
            [
              -70.54365539709941,
              -32.82769035996838
            ],
            [
              -70.54365539709941,
              -32.82768959409176
            ],
            [
              -70.54365719082429,
              -32.82768959409176
            ],
            [
              -70.54365719082429,
              -32.827688828215145
            ],
            [
              -70.5436598814116,
              -32.827688828215145
            ],
            [
              -70.5436598814116,
              -32.82768806233853
            ],
            [
              -70.54366257199892,
              -32.82768806233853
            ],
            [
              -70.54366257199892,
              -32.82768729646191
            ],
            [
              -70.5436643657238,
              -32.82768729646191
            ],
            [
              -70.5436643657238,
              -32.8276865305853
            ],
            [
              -70.54366705631111,
              -32.8276865305853
            ],
            [
              -70.54366705631111,
              -32.827685764708676
            ],
            [
              -70.54366974689843,
              -32.827685764708676
            ],
            [
              -70.54366974689843,
              -32.82768499883206
            ],
            [
              -70.54367154062331,
              -32.82768499883206
            ],
            [
              -70.54367154062331,
              -32.82768423295544
            ],
            [
              -70.54367423121062,
              -32.82768423295544
            ],
            [
              -70.54367423121062,
              -32.82768346707883
            ],
            [
              -70.54367692179794,
              -32.82768346707883
            ],
            [
              -70.54367692179794,
              -32.827682701202214
            ],
            [
              -70.54367871552282,
              -32.827682701202214
            ],
            [
              -70.54367871552282,
              -32.82768193532559
            ],
            [
              -70.54368140611012,
              -32.82768193532559
            ],
            [
              -70.54368140611012,
              -32.82768116944898
            ],
            [
              -70.54368409669745,
              -32.82768116944898
            ],
            [
              -70.54368409669745,
              -32.82768040357236
            ],
            [
              -70.54368678728476,
              -32.82768040357236
            ],
            [
              -70.54368678728476,
              -32.827679637695745
            ],
            [
              -70.54368858100963,
              -32.827679637695745
            ],
            [
              -70.54368858100963,
              -32.827678871819124
            ],
            [
              -70.54369127159696,
              -32.827678871819124
            ],
            [
              -70.54369127159696,
              -32.82767810594251
            ],
            [
              -70.54369396218426,
              -32.82767810594251
            ],
            [
              -70.54369396218426,
              -32.82767734006589
            ],
            [
              -70.54369575590914,
              -32.82767734006589
            ],
            [
              -70.54369575590914,
              -32.827676574189276
            ],
            [
              -70.54369844649645,
              -32.827676574189276
            ],
            [
              -70.54369844649645,
              -32.82767580831266
            ],
            [
              -70.54370113708377,
              -32.82767580831266
            ],
            [
              -70.54370113708377,
              -32.82767504243604
            ],
            [
              -70.54370293080865,
              -32.82767504243604
            ],
            [
              -70.54370293080865,
              -32.82767427655943
            ],
            [
              -70.54370562139596,
              -32.82767427655943
            ],
            [
              -70.54370562139596,
              -32.82767351068281
            ],
            [
              -70.54370831198328,
              -32.82767351068281
            ],
            [
              -70.54370831198328,
              -32.82767274480619
            ],
            [
              -70.54371010570816,
              -32.82767274480619
            ],
            [
              -70.54371010570816,
              -32.82767197892957
            ],
            [
              -70.54371279629547,
              -32.82767197892957
            ],
            [
              -70.54371279629547,
              -32.82767121305296
            ],
            [
              -70.54371548688279,
              -32.82767121305296
            ],
            [
              -70.54371548688279,
              -32.827670447176345
            ],
            [
              -70.54371728060767,
              -32.827670447176345
            ],
            [
              -70.54371728060767,
              -32.827669681299724
            ],
            [
              -70.54371997119497,
              -32.827669681299724
            ],
            [
              -70.54371997119497,
              -32.82766891542311
            ],
            [
              -70.5437226617823,
              -32.82766891542311
            ],
            [
              -70.5437226617823,
              -32.82766814954649
            ],
            [
              -70.5437253523696,
              -32.82766814954649
            ],
            [
              -70.5437253523696,
              -32.827667383669876
            ],
            [
              -70.54372714609448,
              -32.827667383669876
            ],
            [
              -70.54372714609448,
              -32.827666617793255
            ],
            [
              -70.5437298366818,
              -32.827666617793255
            ],
            [
              -70.5437298366818,
              -32.82766585191664
            ],
            [
              -70.54373252726911,
              -32.82766585191664
            ],
            [
              -70.54373252726911,
              -32.82766508604003
            ],
            [
              -70.54373432099399,
              -32.82766508604003
            ],
            [
              -70.54373432099399,
              -32.82766432016341
            ],
            [
              -70.54373701158131,
              -32.82766432016341
            ],
            [
              -70.54373701158131,
              -32.827663554286794
            ],
            [
              -70.54373970216862,
              -32.827663554286794
            ],
            [
              -70.54373970216862,
              -32.82766278841017
            ],
            [
              -70.5437414958935,
              -32.82766278841017
            ],
            [
              -70.5437414958935,
              -32.82766202253356
            ],
            [
              -70.54374418648081,
              -32.82766202253356
            ],
            [
              -70.54374418648081,
              -32.82766125665694
            ],
            [
              -70.54374687706813,
              -32.82766125665694
            ],
            [
              -70.54374687706813,
              -32.827660490780325
            ],
            [
              -70.54374867079301,
              -32.827660490780325
            ],
            [
              -70.54374867079301,
              -32.82765972490371
            ],
            [
              -70.54375136138032,
              -32.82765972490371
            ],
            [
              -70.54375136138032,
              -32.82765895902709
            ],
            [
              -70.54375405196764,
              -32.82765895902709
            ],
            [
              -70.54375405196764,
              -32.82765819315048
            ],
            [
              -70.54375674255495,
              -32.82765819315048
            ],
            [
              -70.54375674255495,
              -32.827657427273856
            ],
            [
              -70.54375853627982,
              -32.827657427273856
            ],
            [
              -70.54375853627982,
              -32.82765666139724
            ],
            [
              -70.54376122686715,
              -32.82765666139724
            ],
            [
              -70.54376122686715,
              -32.82765589552062
            ],
            [
              -70.54376391745446,
              -32.82765589552062
            ],
            [
              -70.54376391745446,
              -32.82765512964401
            ],
            [
              -70.54376571117933,
              -32.82765512964401
            ],
            [
              -70.54376571117933,
              -32.827654363767394
            ],
            [
              -70.54376840176666,
              -32.827654363767394
            ],
            [
              -70.54376840176666,
              -32.82765359789077
            ],
            [
              -70.54377109235396,
              -32.82765359789077
            ],
            [
              -70.54377109235396,
              -32.82765283201416
            ],
            [
              -70.54377288607884,
              -32.82765283201416
            ],
            [
              -70.54377288607884,
              -32.82765206613754
            ],
            [
              -70.54377557666616,
              -32.82765206613754
            ],
            [
              -70.54377557666616,
              -32.827651300260925
            ],
            [
              -70.54377826725347,
              -32.827651300260925
            ],
            [
              -70.54377826725347,
              -32.827650534384304
            ],
            [
              -70.54378006097835,
              -32.827650534384304
            ],
            [
              -70.54378006097835,
              -32.82764976850769
            ],
            [
              -70.54378275156567,
              -32.82764976850769
            ],
            [
              -70.54378275156567,
              -32.82764900263108
            ],
            [
              -70.54378544215298,
              -32.82764900263108
            ],
            [
              -70.54378544215298,
              -32.827648236754456
            ],
            [
              -70.5437881327403,
              -32.827648236754456
            ],
            [
              -70.5437881327403,
              -32.82764747087784
            ],
            [
              -70.54378992646518,
              -32.82764747087784
            ],
            [
              -70.54378992646518,
              -32.82764670500122
            ],
            [
              -70.54379261705249,
              -32.82764670500122
            ],
            [
              -70.54379261705249,
              -32.82764593912461
            ],
            [
              -70.5437953076398,
              -32.82764593912461
            ],
            [
              -70.5437953076398,
              -32.82764517324799
            ],
            [
              -70.54379710136467,
              -32.82764517324799
            ],
            [
              -70.54379710136467,
              -32.82764440737137
            ],
            [
              -70.543799791952,
              -32.82764440737137
            ],
            [
              -70.543799791952,
              -32.82764364149476
            ],
            [
              -70.5438024825393,
              -32.82764364149476
            ],
            [
              -70.5438024825393,
              -32.82764287561814
            ],
            [
              -70.54380427626418,
              -32.82764287561814
            ],
            [
              -70.54380427626418,
              -32.827642109741525
            ],
            [
              -70.5438069668515,
              -32.827642109741525
            ],
            [
              -70.5438069668515,
              -32.827641343864904
            ],
            [
              -70.54380965743881,
              -32.827641343864904
            ],
            [
              -70.54380965743881,
              -32.82764057798829
            ],
            [
              -70.54381145116369,
              -32.82764057798829
            ],
            [
              -70.54381145116369,
              -32.82763981211167
            ],
            [
              -70.54381414175101,
              -32.82763981211167
            ],
            [
              -70.54381414175101,
              -32.827639046235056
            ],
            [
              -70.54381683233832,
              -32.827639046235056
            ],
            [
              -70.54381683233832,
              -32.82763828035844
            ],
            [
              -70.5438186260632,
              -32.82763828035844
            ],
            [
              -70.5438186260632,
              -32.82763751448182
            ],
            [
              -70.54382131665052,
              -32.82763751448182
            ],
            [
              -70.54382131665052,
              -32.82763674860521
            ],
            [
              -70.54382400723783,
              -32.82763674860521
            ],
            [
              -70.54382400723783,
              -32.82763598272859
            ],
            [
              -70.54382669782515,
              -32.82763598272859
            ],
            [
              -70.54382669782515,
              -32.827635216851974
            ],
            [
              -70.54382849155003,
              -32.827635216851974
            ],
            [
              -70.54382849155003,
              -32.82763445097535
            ],
            [
              -70.54383118213734,
              -32.82763445097535
            ],
            [
              -70.54383118213734,
              -32.82763368509874
            ],
            [
              -70.54383387272466,
              -32.82763368509874
            ],
            [
              -70.54383387272466,
              -32.82763291922212
            ],
            [
              -70.54383566644954,
              -32.82763291922212
            ],
            [
              -70.54383566644954,
              -32.827632153345505
            ],
            [
              -70.54383835703685,
              -32.827632153345505
            ],
            [
              -70.54383835703685,
              -32.82763138746889
            ],
            [
              -70.54384104762417,
              -32.82763138746889
            ],
            [
              -70.54384104762417,
              -32.82763062159227
            ],
            [
              -70.54384284134903,
              -32.82763062159227
            ],
            [
              -70.54384284134903,
              -32.82762985571566
            ],
            [
              -70.54384553193636,
              -32.82762985571566
            ],
            [
              -70.54384553193636,
              -32.827629089839036
            ],
            [
              -70.54384822252366,
              -32.827629089839036
            ],
            [
              -70.54384822252366,
              -32.82762832396242
            ],
            [
              -70.54385001624854,
              -32.82762832396242
            ],
            [
              -70.54385001624854,
              -32.8276275580858
            ],
            [
              -70.54385270683586,
              -32.8276275580858
            ],
            [
              -70.54385270683586,
              -32.82762679220919
            ],
            [
              -70.54385539742317,
              -32.82762679220919
            ],
            [
              -70.54385539742317,
              -32.827626026332574
            ],
            [
              -70.5438580880105,
              -32.827626026332574
            ],
            [
              -70.5438580880105,
              -32.82762526045595
            ],
            [
              -70.54385988173537,
              -32.82762526045595
            ],
            [
              -70.54385988173537,
              -32.82762449457934
            ],
            [
              -70.54386257232268,
              -32.82762449457934
            ],
            [
              -70.54386257232268,
              -32.82762372870272
            ],
            [
              -70.54386526291,
              -32.82762372870272
            ],
            [
              -70.54386526291,
              -32.827622962826105
            ],
            [
              -70.54386705663488,
              -32.827622962826105
            ],
            [
              -70.54386705663488,
              -32.827622196949484
            ],
            [
              -70.54386974722219,
              -32.827622196949484
            ],
            [
              -70.54386974722219,
              -32.82762143107287
            ],
            [
              -70.54387243780951,
              -32.82762143107287
            ],
            [
              -70.54387243780951,
              -32.82762066519626
            ],
            [
              -70.54387423153439,
              -32.82762066519626
            ],
            [
              -70.54387423153439,
              -32.827619899319636
            ],
            [
              -70.5438769221217,
              -32.827619899319636
            ],
            [
              -70.5438769221217,
              -32.82761913344302
            ],
            [
              -70.54387961270902,
              -32.82761913344302
            ],
            [
              -70.54387961270902,
              -32.8276183675664
            ],
            [
              -70.5438814064339,
              -32.8276183675664
            ],
            [
              -70.5438814064339,
              -32.82761760168979
            ],
            [
              -70.5438840970212,
              -32.82761760168979
            ],
            [
              -70.5438840970212,
              -32.82761683581317
            ],
            [
              -70.54388678760853,
              -32.82761683581317
            ],
            [
              -70.54388678760853,
              -32.82761606993655
            ],
            [
              -70.54388947819584,
              -32.82761606993655
            ],
            [
              -70.54388947819584,
              -32.82761530405994
            ],
            [
              -70.54389127192071,
              -32.82761530405994
            ],
            [
              -70.54389127192071,
              -32.82761453818332
            ],
            [
              -70.54389396250802,
              -32.82761453818332
            ],
            [
              -70.54389396250802,
              -32.827613772306705
            ],
            [
              -70.54389665309535,
              -32.827613772306705
            ],
            [
              -70.54389665309535,
              -32.827613006430084
            ],
            [
              -70.54389844682022,
              -32.827613006430084
            ],
            [
              -70.54389844682022,
              -32.82761224055347
            ],
            [
              -70.54390113740753,
              -32.82761224055347
            ],
            [
              -70.54390113740753,
              -32.82761147467685
            ],
            [
              -70.54390382799485,
              -32.82761147467685
            ],
            [
              -70.54390382799485,
              -32.827610708800236
            ],
            [
              -70.54390562171973,
              -32.827610708800236
            ],
            [
              -70.54390562171973,
              -32.82760994292362
            ],
            [
              -70.54390831230704,
              -32.82760994292362
            ],
            [
              -70.54390831230704,
              -32.827609177047
            ],
            [
              -70.54391100289436,
              -32.827609177047
            ],
            [
              -70.54391100289436,
              -32.82760841117039
            ],
            [
              -70.54391279661924,
              -32.82760841117039
            ],
            [
              -70.54391279661924,
              -32.82760764529377
            ],
            [
              -70.54391548720655,
              -32.82760764529377
            ],
            [
              -70.54391548720655,
              -32.827606879417154
            ],
            [
              -70.54391817779387,
              -32.827606879417154
            ],
            [
              -70.54391817779387,
              -32.82760611354053
            ],
            [
              -70.54391997151875,
              -32.82760611354053
            ],
            [
              -70.54391997151875,
              -32.82760534766392
            ],
            [
              -70.54392266210606,
              -32.82760534766392
            ],
            [
              -70.54392266210606,
              -32.827604581787305
            ],
            [
              -70.54392535269338,
              -32.827604581787305
            ],
            [
              -70.54392535269338,
              -32.827603815910685
            ],
            [
              -70.54392804328069,
              -32.827603815910685
            ],
            [
              -70.54392804328069,
              -32.82760305003407
            ],
            [
              -70.54392983700556,
              -32.82760305003407
            ],
            [
              -70.54392983700556,
              -32.82760228415745
            ],
            [
              -70.54393252759289,
              -32.82760228415745
            ],
            [
              -70.54393252759289,
              -32.82760151828084
            ],
            [
              -70.5439352181802,
              -32.82760151828084
            ],
            [
              -70.5439352181802,
              -32.827600752404216
            ],
            [
              -70.54393701190507,
              -32.827600752404216
            ],
            [
              -70.54393701190507,
              -32.8275999865276
            ],
            [
              -70.5439397024924,
              -32.8275999865276
            ],
            [
              -70.5439397024924,
              -32.82759922065099
            ],
            [
              -70.5439423930797,
              -32.82759922065099
            ],
            [
              -70.5439423930797,
              -32.82759845477437
            ],
            [
              -70.54394418680458,
              -32.82759845477437
            ],
            [
              -70.54394418680458,
              -32.827597688897754
            ],
            [
              -70.54394687739189,
              -32.827597688897754
            ],
            [
              -70.54394687739189,
              -32.82759692302113
            ],
            [
              -70.54394956797921,
              -32.82759692302113
            ],
            [
              -70.54394956797921,
              -32.82759615714452
            ],
            [
              -70.54395136170409,
              -32.82759615714452
            ],
            [
              -70.54395136170409,
              -32.8275953912679
            ],
            [
              -70.5439540522914,
              -32.8275953912679
            ],
            [
              -70.5439540522914,
              -32.827594625391285
            ],
            [
              -70.54395674287872,
              -32.827594625391285
            ],
            [
              -70.54395674287872,
              -32.827593859514664
            ],
            [
              -70.54395943346603,
              -32.827593859514664
            ],
            [
              -70.54395943346603,
              -32.82759309363805
            ],
            [
              -70.5439612271909,
              -32.82759309363805
            ],
            [
              -70.5439612271909,
              -32.82759232776144
            ],
            [
              -70.54396391777823,
              -32.82759232776144
            ],
            [
              -70.54396391777823,
              -32.827591561884816
            ],
            [
              -70.54396660836554,
              -32.827591561884816
            ],
            [
              -70.54396660836554,
              -32.8275907960082
            ],
            [
              -70.54396840209041,
              -32.8275907960082
            ],
            [
              -70.54396840209041,
              -32.82759003013158
            ],
            [
              -70.54397109267774,
              -32.82759003013158
            ],
            [
              -70.54397109267774,
              -32.82758926425497
            ],
            [
              -70.54397378326505,
              -32.82758926425497
            ],
            [
              -70.54397378326505,
              -32.82758849837835
            ],
            [
              -70.54397557698992,
              -32.82758849837835
            ],
            [
              -70.54397557698992,
              -32.82758773250173
            ],
            [
              -70.54397826757724,
              -32.82758773250173
            ],
            [
              -70.54397826757724,
              -32.82758696662512
            ],
            [
              -70.54398095816455,
              -32.82758696662512
            ],
            [
              -70.54398095816455,
              -32.8275862007485
            ],
            [
              -70.54398275188943,
              -32.8275862007485
            ],
            [
              -70.54398275188943,
              -32.827585434871885
            ],
            [
              -70.54398544247675,
              -32.827585434871885
            ],
            [
              -70.54398544247675,
              -32.827584668995264
            ],
            [
              -70.54398813306406,
              -32.827584668995264
            ],
            [
              -70.54398813306406,
              -32.82758390311865
            ],
            [
              -70.54399082365137,
              -32.82758390311865
            ],
            [
              -70.54399082365137,
              -32.82758313724203
            ],
            [
              -70.54399261737625,
              -32.82758313724203
            ],
            [
              -70.54399261737625,
              -32.827582371365416
            ],
            [
              -70.54399530796357,
              -32.827582371365416
            ],
            [
              -70.54399530796357,
              -32.8275816054888
            ],
            [
              -70.54399799855088,
              -32.8275816054888
            ],
            [
              -70.54399799855088,
              -32.82758083961218
            ],
            [
              -70.5440006891382,
              -32.82758083961218
            ],
            [
              -70.5440006891382,
              -32.82758007373557
            ],
            [
              -70.54400248286308,
              -32.82758007373557
            ],
            [
              -70.54400248286308,
              -32.82757930785895
            ],
            [
              -70.54400517345039,
              -32.82757930785895
            ],
            [
              -70.54400517345039,
              -32.827578541982334
            ],
            [
              -70.54400786403771,
              -32.827578541982334
            ],
            [
              -70.54400786403771,
              -32.82757777610571
            ],
            [
              -70.54401055462502,
              -32.82757777610571
            ],
            [
              -70.54401055462502,
              -32.8275770102291
            ],
            [
              -70.5440123483499,
              -32.8275770102291
            ],
            [
              -70.5440123483499,
              -32.827576244352485
            ],
            [
              -70.54401503893722,
              -32.827576244352485
            ],
            [
              -70.54401503893722,
              -32.827575478475865
            ],
            [
              -70.54401772952453,
              -32.827575478475865
            ],
            [
              -70.54401772952453,
              -32.82757471259925
            ],
            [
              -70.54402042011185,
              -32.82757471259925
            ],
            [
              -70.54402042011185,
              -32.82757394672263
            ],
            [
              -70.54402311069916,
              -32.82757394672263
            ],
            [
              -70.54402311069916,
              -32.82757318084602
            ],
            [
              -70.54402490442403,
              -32.82757318084602
            ],
            [
              -70.54402490442403,
              -32.827572414969396
            ],
            [
              -70.54402759501136,
              -32.827572414969396
            ],
            [
              -70.54402759501136,
              -32.82757164909278
            ],
            [
              -70.54403028559867,
              -32.82757164909278
            ],
            [
              -70.54403028559867,
              -32.82757088321617
            ],
            [
              -70.54403297618599,
              -32.82757088321617
            ],
            [
              -70.54403297618599,
              -32.82757011733955
            ],
            [
              -70.5440356667733,
              -32.82757011733955
            ],
            [
              -70.5440356667733,
              -32.827569351462934
            ],
            [
              -70.54403746049817,
              -32.827569351462934
            ],
            [
              -70.54403746049817,
              -32.82756858558631
            ],
            [
              -70.54404015108548,
              -32.82756858558631
            ],
            [
              -70.54404015108548,
              -32.8275678197097
            ],
            [
              -70.5440428416728,
              -32.8275678197097
            ],
            [
              -70.5440428416728,
              -32.82756705383308
            ],
            [
              -70.54404553226011,
              -32.82756705383308
            ],
            [
              -70.54404553226011,
              -32.827566287956465
            ],
            [
              -70.54404732598499,
              -32.827566287956465
            ],
            [
              -70.54404732598499,
              -32.82756552207985
            ],
            [
              -70.54405001657231,
              -32.82756552207985
            ],
            [
              -70.54405001657231,
              -32.82756475620323
            ],
            [
              -70.54405270715962,
              -32.82756475620323
            ],
            [
              -70.54405270715962,
              -32.82756399032662
            ],
            [
              -70.54405539774694,
              -32.82756399032662
            ],
            [
              -70.54405539774694,
              -32.827563224449996
            ],
            [
              -70.54405808833425,
              -32.827563224449996
            ],
            [
              -70.54405808833425,
              -32.82756245857338
            ],
            [
              -70.54405988205913,
              -32.82756245857338
            ],
            [
              -70.54405988205913,
              -32.82756169269676
            ],
            [
              -70.54406257264645,
              -32.82756169269676
            ],
            [
              -70.54406257264645,
              -32.82756092682015
            ],
            [
              -70.54406526323376,
              -32.82756092682015
            ],
            [
              -70.54406526323376,
              -32.827560160943534
            ],
            [
              -70.54406795382108,
              -32.827560160943534
            ],
            [
              -70.54406795382108,
              -32.82755939506691
            ],
            [
              -70.54406974754596,
              -32.82755939506691
            ],
            [
              -70.54406974754596,
              -32.8275586291903
            ],
            [
              -70.54407243813327,
              -32.8275586291903
            ],
            [
              -70.54407243813327,
              -32.82755786331368
            ],
            [
              -70.54407512872059,
              -32.82755786331368
            ],
            [
              -70.54407512872059,
              -32.827557097437065
            ],
            [
              -70.5440778193079,
              -32.827557097437065
            ],
            [
              -70.5440778193079,
              -32.827556331560444
            ],
            [
              -70.54408050989522,
              -32.827556331560444
            ],
            [
              -70.54408050989522,
              -32.82755556568383
            ],
            [
              -70.5440823036201,
              -32.82755556568383
            ],
            [
              -70.5440823036201,
              -32.82755479980721
            ],
            [
              -70.54408499420741,
              -32.82755479980721
            ],
            [
              -70.54408499420741,
              -32.827554033930596
            ],
            [
              -70.54408768479473,
              -32.827554033930596
            ],
            [
              -70.54408768479473,
              -32.82755326805398
            ],
            [
              -70.54409037538204,
              -32.82755326805398
            ],
            [
              -70.54409037538204,
              -32.82755250217736
            ],
            [
              -70.54409306596935,
              -32.82755250217736
            ],
            [
              -70.54409306596935,
              -32.82755173630075
            ],
            [
              -70.54409485969423,
              -32.82755173630075
            ],
            [
              -70.54409485969423,
              -32.82755097042413
            ],
            [
              -70.54409755028155,
              -32.82755097042413
            ],
            [
              -70.54409755028155,
              -32.827550204547514
            ],
            [
              -70.54410024086886,
              -32.827550204547514
            ],
            [
              -70.54410024086886,
              -32.82754943867089
            ],
            [
              -70.54410293145618,
              -32.82754943867089
            ],
            [
              -70.54410293145618,
              -32.82754867279428
            ],
            [
              -70.54410472518106,
              -32.82754867279428
            ],
            [
              -70.54410472518106,
              -32.827547906917665
            ],
            [
              -70.54410741576837,
              -32.827547906917665
            ],
            [
              -70.54410741576837,
              -32.827547141041045
            ],
            [
              -70.54411010635569,
              -32.827547141041045
            ],
            [
              -70.54411010635569,
              -32.82754637516443
            ],
            [
              -70.544112796943,
              -32.82754637516443
            ],
            [
              -70.544112796943,
              -32.82754560928781
            ],
            [
              -70.54411548753032,
              -32.82754560928781
            ],
            [
              -70.54411548753032,
              -32.8275448434112
            ],
            [
              -70.5441172812552,
              -32.8275448434112
            ],
            [
              -70.5441172812552,
              -32.827544077534576
            ],
            [
              -70.5441199718425,
              -32.827544077534576
            ],
            [
              -70.5441199718425,
              -32.82754331165796
            ],
            [
              -70.54412266242983,
              -32.82754331165796
            ],
            [
              -70.54412266242983,
              -32.82754254578135
            ],
            [
              -70.54412535301714,
              -32.82754254578135
            ],
            [
              -70.54412535301714,
              -32.82754177990473
            ],
            [
              -70.54412804360446,
              -32.82754177990473
            ],
            [
              -70.54412804360446,
              -32.827541014028114
            ],
            [
              -70.54412983732934,
              -32.827541014028114
            ],
            [
              -70.54412983732934,
              -32.82754024815149
            ],
            [
              -70.54413252791664,
              -32.82754024815149
            ],
            [
              -70.54413252791664,
              -32.82753948227488
            ],
            [
              -70.54413521850397,
              -32.82753948227488
            ],
            [
              -70.54413521850397,
              -32.82753871639826
            ],
            [
              -70.54413790909128,
              -32.82753871639826
            ],
            [
              -70.54413790909128,
              -32.827537950521645
            ],
            [
              -70.54413970281615,
              -32.827537950521645
            ],
            [
              -70.54413970281615,
              -32.82753718464503
            ],
            [
              -70.54414239340346,
              -32.82753718464503
            ],
            [
              -70.54414239340346,
              -32.82753641876841
            ],
            [
              -70.54414508399078,
              -32.82753641876841
            ],
            [
              -70.54414508399078,
              -32.8275356528918
            ],
            [
              -70.5441477745781,
              -32.8275356528918
            ],
            [
              -70.5441477745781,
              -32.827534887015176
            ],
            [
              -70.54415046516542,
              -32.827534887015176
            ],
            [
              -70.54415046516542,
              -32.82753412113856
            ],
            [
              -70.54415225889029,
              -32.82753412113856
            ],
            [
              -70.54415225889029,
              -32.82753335526194
            ],
            [
              -70.5441549494776,
              -32.82753335526194
            ],
            [
              -70.5441549494776,
              -32.82753258938533
            ],
            [
              -70.54415764006492,
              -32.82753258938533
            ],
            [
              -70.54415764006492,
              -32.827531823508714
            ],
            [
              -70.54416033065223,
              -32.827531823508714
            ],
            [
              -70.54416033065223,
              -32.82753105763209
            ],
            [
              -70.54416212437711,
              -32.82753105763209
            ],
            [
              -70.54416212437711,
              -32.82753029175548
            ],
            [
              -70.54416481496443,
              -32.82753029175548
            ],
            [
              -70.54416481496443,
              -32.82752952587886
            ],
            [
              -70.54416750555174,
              -32.82752952587886
            ],
            [
              -70.54416750555174,
              -32.827528760002245
            ],
            [
              -70.54417019613906,
              -32.827528760002245
            ],
            [
              -70.54417019613906,
              -32.827527994125624
            ],
            [
              -70.54417288672637,
              -32.827527994125624
            ],
            [
              -70.54417288672637,
              -32.82752722824901
            ],
            [
              -70.54417468045125,
              -32.82752722824901
            ],
            [
              -70.54417468045125,
              -32.8275264623724
            ],
            [
              -70.54417737103857,
              -32.8275264623724
            ],
            [
              -70.54417737103857,
              -32.827525696495776
            ],
            [
              -70.54418006162588,
              -32.827525696495776
            ],
            [
              -70.54418006162588,
              -32.82752493061916
            ],
            [
              -70.5441827522132,
              -32.82752493061916
            ],
            [
              -70.5441827522132,
              -32.82752416474254
            ],
            [
              -70.54418544280051,
              -32.82752416474254
            ],
            [
              -70.54418544280051,
              -32.82752339886593
            ],
            [
              -70.54418723652539,
              -32.82752339886593
            ],
            [
              -70.54418723652539,
              -32.82752263298931
            ],
            [
              -70.5441899271127,
              -32.82752263298931
            ],
            [
              -70.5441899271127,
              -32.827521867112694
            ],
            [
              -70.54419261770002,
              -32.827521867112694
            ],
            [
              -70.54419261770002,
              -32.82752110123608
            ],
            [
              -70.54419530828733,
              -32.82752110123608
            ],
            [
              -70.54419530828733,
              -32.82752033535946
            ],
            [
              -70.5441971020122,
              -32.82752033535946
            ],
            [
              -70.5441971020122,
              -32.827519569482845
            ],
            [
              -70.54419979259953,
              -32.827519569482845
            ],
            [
              -70.54419979259953,
              -32.827518803606225
            ],
            [
              -70.54420248318684,
              -32.827518803606225
            ],
            [
              -70.54420248318684,
              -32.82751803772961
            ],
            [
              -70.54420517377416,
              -32.82751803772961
            ],
            [
              -70.54420517377416,
              -32.82751727185299
            ],
            [
              -70.54420786436147,
              -32.82751727185299
            ],
            [
              -70.54420786436147,
              -32.82751650597638
            ],
            [
              -70.54420965808634,
              -32.82751650597638
            ],
            [
              -70.54420965808634,
              -32.82751574009976
            ],
            [
              -70.54421234867367,
              -32.82751574009976
            ],
            [
              -70.54421234867367,
              -32.82751497422314
            ],
            [
              -70.54421503926098,
              -32.82751497422314
            ],
            [
              -70.54421503926098,
              -32.82751420834653
            ],
            [
              -70.5442177298483,
              -32.82751420834653
            ],
            [
              -70.5442177298483,
              -32.82751344246991
            ],
            [
              -70.54421952357318,
              -32.82751344246991
            ],
            [
              -70.54421952357318,
              -32.827512676593294
            ],
            [
              -70.54422221416048,
              -32.827512676593294
            ],
            [
              -70.54422221416048,
              -32.82751191071667
            ],
            [
              -70.54422490474781,
              -32.82751191071667
            ],
            [
              -70.54422490474781,
              -32.82751114484006
            ],
            [
              -70.54422759533512,
              -32.82751114484006
            ],
            [
              -70.54422759533512,
              -32.82751037896344
            ],
            [
              -70.54423028592244,
              -32.82751037896344
            ],
            [
              -70.54423028592244,
              -32.827509613086825
            ],
            [
              -70.54423207964732,
              -32.827509613086825
            ],
            [
              -70.54423207964732,
              -32.82750884721021
            ],
            [
              -70.54423477023462,
              -32.82750884721021
            ],
            [
              -70.54423477023462,
              -32.82750808133359
            ],
            [
              -70.54423746082195,
              -32.82750808133359
            ],
            [
              -70.54423746082195,
              -32.82750731545698
            ],
            [
              -70.54424015140926,
              -32.82750731545698
            ],
            [
              -70.54424015140926,
              -32.827506549580356
            ],
            [
              -70.54424284199656,
              -32.827506549580356
            ],
            [
              -70.54424284199656,
              -32.82750578370374
            ],
            [
              -70.54424463572144,
              -32.82750578370374
            ],
            [
              -70.54424463572144,
              -32.82750501782712
            ],
            [
              -70.54424732630876,
              -32.82750501782712
            ],
            [
              -70.54424732630876,
              -32.82750425195051
            ],
            [
              -70.54425001689607,
              -32.82750425195051
            ],
            [
              -70.54425001689607,
              -32.827503486073894
            ],
            [
              -70.5442527074834,
              -32.827503486073894
            ],
            [
              -70.5442527074834,
              -32.82750272019727
            ],
            [
              -70.54425450120827,
              -32.82750272019727
            ],
            [
              -70.54425450120827,
              -32.82750195432066
            ],
            [
              -70.54425719179558,
              -32.82750195432066
            ],
            [
              -70.54425719179558,
              -32.82750118844404
            ],
            [
              -70.5442598823829,
              -32.82750118844404
            ],
            [
              -70.5442598823829,
              -32.827500422567425
            ],
            [
              -70.54426257297021,
              -32.827500422567425
            ],
            [
              -70.54426257297021,
              -32.827499656690804
            ],
            [
              -70.54426526355753,
              -32.827499656690804
            ],
            [
              -70.54426526355753,
              -32.82749889081419
            ],
            [
              -70.54426705728241,
              -32.82749889081419
            ],
            [
              -70.54426705728241,
              -32.82749812493758
            ],
            [
              -70.54426974786972,
              -32.82749812493758
            ],
            [
              -70.54426974786972,
              -32.827497359060956
            ],
            [
              -70.54427243845704,
              -32.827497359060956
            ],
            [
              -70.54427243845704,
              -32.82749659318434
            ],
            [
              -70.54427512904435,
              -32.82749659318434
            ],
            [
              -70.54427512904435,
              -32.82749582730772
            ],
            [
              -70.54427692276923,
              -32.82749582730772
            ],
            [
              -70.54427692276923,
              -32.82749506143111
            ],
            [
              -70.54427961335655,
              -32.82749506143111
            ],
            [
              -70.54427961335655,
              -32.82749429555449
            ],
            [
              -70.54428230394386,
              -32.82749429555449
            ],
            [
              -70.54428230394386,
              -32.827493529677874
            ],
            [
              -70.54428499453118,
              -32.827493529677874
            ],
            [
              -70.54428499453118,
              -32.82749276380126
            ],
            [
              -70.54428768511849,
              -32.82749276380126
            ],
            [
              -70.54428768511849,
              -32.82749199792464
            ],
            [
              -70.54428947884337,
              -32.82749199792464
            ],
            [
              -70.54428947884337,
              -32.827491232048025
            ],
            [
              -70.54429216943068,
              -32.827491232048025
            ],
            [
              -70.54429216943068,
              -32.827490466171405
            ],
            [
              -70.544294860018,
              -32.827490466171405
            ],
            [
              -70.544294860018,
              -32.82748970029479
            ],
            [
              -70.54429755060531,
              -32.82748970029479
            ],
            [
              -70.54429755060531,
              -32.82748893441817
            ],
            [
              -70.54430024119263,
              -32.82748893441817
            ],
            [
              -70.54430024119263,
              -32.82748816854156
            ],
            [
              -70.54430203491751,
              -32.82748816854156
            ],
            [
              -70.54430203491751,
              -32.82748740266494
            ],
            [
              -70.54430472550482,
              -32.82748740266494
            ],
            [
              -70.54430472550482,
              -32.82748663678832
            ],
            [
              -70.54430741609214,
              -32.82748663678832
            ],
            [
              -70.54430741609214,
              -32.82748587091171
            ],
            [
              -70.54431010667945,
              -32.82748587091171
            ],
            [
              -70.54431010667945,
              -32.82748510503509
            ],
            [
              -70.54431190040432,
              -32.82748510503509
            ],
            [
              -70.54431190040432,
              -32.827484339158474
            ],
            [
              -70.54431459099165,
              -32.827484339158474
            ],
            [
              -70.54431459099165,
              -32.82748357328185
            ],
            [
              -70.54431728157896,
              -32.82748357328185
            ],
            [
              -70.54431728157896,
              -32.82748280740524
            ],
            [
              -70.54431997216628,
              -32.82748280740524
            ],
            [
              -70.54431997216628,
              -32.827482041528626
            ],
            [
              -70.54432266275359,
              -32.827482041528626
            ],
            [
              -70.54432266275359,
              -32.827481275652005
            ],
            [
              -70.54432445647846,
              -32.827481275652005
            ],
            [
              -70.54432445647846,
              -32.82748050977539
            ],
            [
              -70.54432714706579,
              -32.82748050977539
            ],
            [
              -70.54432714706579,
              -32.82747974389877
            ],
            [
              -70.5443298376531,
              -32.82747974389877
            ],
            [
              -70.5443298376531,
              -32.82747897802216
            ],
            [
              -70.54433252824042,
              -32.82747897802216
            ],
            [
              -70.54433252824042,
              -32.827478212145536
            ],
            [
              -70.5443343219653,
              -32.827478212145536
            ],
            [
              -70.5443343219653,
              -32.82747744626892
            ],
            [
              -70.5443370125526,
              -32.82747744626892
            ],
            [
              -70.5443370125526,
              -32.82747668039231
            ],
            [
              -70.54433970313991,
              -32.82747668039231
            ],
            [
              -70.54433970313991,
              -32.82747591451569
            ],
            [
              -70.54434239372723,
              -32.82747591451569
            ],
            [
              -70.54434239372723,
              -32.827475148639074
            ],
            [
              -70.54434508431454,
              -32.827475148639074
            ],
            [
              -70.54434508431454,
              -32.82747438276245
            ],
            [
              -70.54434687803942,
              -32.82747438276245
            ],
            [
              -70.54434687803942,
              -32.82747361688584
            ],
            [
              -70.54434956862674,
              -32.82747361688584
            ],
            [
              -70.54434956862674,
              -32.82747285100922
            ],
            [
              -70.54435225921405,
              -32.82747285100922
            ],
            [
              -70.54435225921405,
              -32.827472085132605
            ],
            [
              -70.54435494980137,
              -32.827472085132605
            ],
            [
              -70.54435494980137,
              -32.827471319255984
            ],
            [
              -70.54435764038868,
              -32.827471319255984
            ],
            [
              -70.54435764038868,
              -32.82747055337937
            ],
            [
              -70.54435943411356,
              -32.82747055337937
            ],
            [
              -70.54435943411356,
              -32.82746978750276
            ],
            [
              -70.54436212470088,
              -32.82746978750276
            ],
            [
              -70.54436212470088,
              -32.827469021626136
            ],
            [
              -70.54436481528819,
              -32.827469021626136
            ],
            [
              -70.54436481528819,
              -32.82746825574952
            ],
            [
              -70.54436750587551,
              -32.82746825574952
            ],
            [
              -70.54436750587551,
              -32.8274674898729
            ],
            [
              -70.54436929960039,
              -32.8274674898729
            ],
            [
              -70.54436929960039,
              -32.82746672399629
            ],
            [
              -70.5443719901877,
              -32.82746672399629
            ],
            [
              -70.5443719901877,
              -32.82746595811967
            ],
            [
              -70.54437468077502,
              -32.82746595811967
            ],
            [
              -70.54437468077502,
              -32.827465192243054
            ],
            [
              -70.54437737136233,
              -32.827465192243054
            ],
            [
              -70.54437737136233,
              -32.82746442636644
            ],
            [
              -70.54438006194965,
              -32.82746442636644
            ],
            [
              -70.54438006194965,
              -32.82746366048982
            ],
            [
              -70.54438185567453,
              -32.82746366048982
            ],
            [
              -70.54438185567453,
              -32.827462894613205
            ],
            [
              -70.54438454626184,
              -32.827462894613205
            ],
            [
              -70.54438454626184,
              -32.827462128736585
            ],
            [
              -70.54438723684916,
              -32.827462128736585
            ],
            [
              -70.54438723684916,
              -32.82746136285997
            ],
            [
              -70.54438992743647,
              -32.82746136285997
            ],
            [
              -70.54438992743647,
              -32.82746059698335
            ],
            [
              -70.54439172116135,
              -32.82746059698335
            ],
            [
              -70.54439172116135,
              -32.82745983110674
            ],
            [
              -70.54439441174866,
              -32.82745983110674
            ],
            [
              -70.54439441174866,
              -32.82745906523012
            ],
            [
              -70.54439710233598,
              -32.82745906523012
            ],
            [
              -70.54439710233598,
              -32.8274582993535
            ],
            [
              -70.54439979292329,
              -32.8274582993535
            ],
            [
              -70.54439979292329,
              -32.82745753347689
            ],
            [
              -70.54440248351061,
              -32.82745753347689
            ],
            [
              -70.54440248351061,
              -32.82745676760027
            ],
            [
              -70.54440427723549,
              -32.82745676760027
            ],
            [
              -70.54440427723549,
              -32.827456001723654
            ],
            [
              -70.5444069678228,
              -32.827456001723654
            ],
            [
              -70.5444069678228,
              -32.82745523584703
            ],
            [
              -70.54440965841012,
              -32.82745523584703
            ],
            [
              -70.54440965841012,
              -32.82745446997042
            ],
            [
              -70.54441234899743,
              -32.82745446997042
            ],
            [
              -70.54441234899743,
              -32.827453704093806
            ],
            [
              -70.54441503958475,
              -32.827453704093806
            ],
            [
              -70.54441503958475,
              -32.827452938217185
            ],
            [
              -70.54441683330963,
              -32.827452938217185
            ],
            [
              -70.54441683330963,
              -32.82745217234057
            ],
            [
              -70.54441952389693,
              -32.82745217234057
            ],
            [
              -70.54441952389693,
              -32.82745140646395
            ],
            [
              -70.54442221448426,
              -32.82745140646395
            ],
            [
              -70.54442221448426,
              -32.82745064058734
            ],
            [
              -70.54442490507157,
              -32.82745064058734
            ],
            [
              -70.54442490507157,
              -32.827449874710716
            ],
            [
              -70.54442669879644,
              -32.827449874710716
            ],
            [
              -70.54442669879644,
              -32.8274491088341
            ],
            [
              -70.54442938938377,
              -32.8274491088341
            ],
            [
              -70.54442938938377,
              -32.82744834295749
            ],
            [
              -70.54443207997107,
              -32.82744834295749
            ],
            [
              -70.54443207997107,
              -32.82744757708087
            ],
            [
              -70.5444347705584,
              -32.82744757708087
            ],
            [
              -70.5444347705584,
              -32.827446811204254
            ],
            [
              -70.5444374611457,
              -32.827446811204254
            ],
            [
              -70.5444374611457,
              -32.82744604532763
            ],
            [
              -70.54443925487058,
              -32.82744604532763
            ],
            [
              -70.54443925487058,
              -32.82744527945102
            ],
            [
              -70.54444194545789,
              -32.82744527945102
            ],
            [
              -70.54444194545789,
              -32.8274445135744
            ],
            [
              -70.54444463604521,
              -32.8274445135744
            ],
            [
              -70.54444463604521,
              -32.827443747697785
            ],
            [
              -70.54444732663252,
              -32.827443747697785
            ],
            [
              -70.54444732663252,
              -32.82744298182117
            ],
            [
              -70.5444491203574,
              -32.82744298182117
            ],
            [
              -70.5444491203574,
              -32.82744221594455
            ],
            [
              -70.54445181094472,
              -32.82744221594455
            ],
            [
              -70.54445181094472,
              -32.82744145006794
            ],
            [
              -70.54445450153203,
              -32.82744145006794
            ],
            [
              -70.54445450153203,
              -32.827440684191316
            ],
            [
              -70.54445719211935,
              -32.827440684191316
            ],
            [
              -70.54445719211935,
              -32.8274399183147
            ],
            [
              -70.54445988270666,
              -32.8274399183147
            ],
            [
              -70.54445988270666,
              -32.82743915243808
            ],
            [
              -70.54446167643154,
              -32.82743915243808
            ],
            [
              -70.54446167643154,
              -32.82743838656147
            ],
            [
              -70.54446436701886,
              -32.82743838656147
            ],
            [
              -70.54446436701886,
              -32.827437620684854
            ],
            [
              -70.54446705760617,
              -32.827437620684854
            ],
            [
              -70.54446705760617,
              -32.827436854808234
            ],
            [
              -70.54446974819349,
              -32.827436854808234
            ],
            [
              -70.54446974819349,
              -32.82743608893162
            ],
            [
              -70.5444724387808,
              -32.82743608893162
            ],
            [
              -70.5444724387808,
              -32.827435323055
            ],
            [
              -70.54447423250568,
              -32.827435323055
            ],
            [
              -70.54447423250568,
              -32.827434557178385
            ],
            [
              -70.544476923093,
              -32.827434557178385
            ],
            [
              -70.544476923093,
              -32.827433791301765
            ],
            [
              -70.54447961368031,
              -32.827433791301765
            ],
            [
              -70.54447961368031,
              -32.82743302542515
            ],
            [
              -70.54448230426763,
              -32.82743302542515
            ],
            [
              -70.54448230426763,
              -32.82743225954853
            ],
            [
              -70.54448409799251,
              -32.82743225954853
            ],
            [
              -70.54448409799251,
              -32.82743149367192
            ],
            [
              -70.54448678857982,
              -32.82743149367192
            ],
            [
              -70.54448678857982,
              -32.8274307277953
            ],
            [
              -70.54448947916713,
              -32.8274307277953
            ],
            [
              -70.54448947916713,
              -32.82742996191868
            ],
            [
              -70.54449216975445,
              -32.82742996191868
            ],
            [
              -70.54449216975445,
              -32.82742919604207
            ],
            [
              -70.54449486034176,
              -32.82742919604207
            ],
            [
              -70.54449486034176,
              -32.82742843016545
            ],
            [
              -70.54449665406663,
              -32.82742843016545
            ],
            [
              -70.54449665406663,
              -32.827427664288834
            ],
            [
              -70.54449934465396,
              -32.827427664288834
            ],
            [
              -70.54449934465396,
              -32.82742689841221
            ],
            [
              -70.54450203524127,
              -32.82742689841221
            ],
            [
              -70.54450203524127,
              -32.8274261325356
            ],
            [
              -70.54450472582859,
              -32.8274261325356
            ],
            [
              -70.54450472582859,
              -32.827425366658986
            ],
            [
              -70.54450651955347,
              -32.827425366658986
            ],
            [
              -70.54450651955347,
              -32.827424600782365
            ],
            [
              -70.54450921014077,
              -32.827424600782365
            ],
            [
              -70.54450921014077,
              -32.82742383490575
            ],
            [
              -70.5445119007281,
              -32.82742383490575
            ],
            [
              -70.5445119007281,
              -32.82742306902913
            ],
            [
              -70.5445145913154,
              -32.82742306902913
            ],
            [
              -70.5445145913154,
              -32.82742230315252
            ],
            [
              -70.54451728190273,
              -32.82742230315252
            ],
            [
              -70.54451728190273,
              -32.827421537275896
            ],
            [
              -70.5445190756276,
              -32.827421537275896
            ],
            [
              -70.5445190756276,
              -32.82742077139928
            ],
            [
              -70.54452176621491,
              -32.82742077139928
            ],
            [
              -70.54452176621491,
              -32.82742000552267
            ],
            [
              -70.54452445680224,
              -32.82742000552267
            ],
            [
              -70.54452445680224,
              -32.82741923964605
            ],
            [
              -70.54452714738954,
              -32.82741923964605
            ],
            [
              -70.54452714738954,
              -32.827418473769434
            ],
            [
              -70.54452983797687,
              -32.827418473769434
            ],
            [
              -70.54452983797687,
              -32.82741770789281
            ],
            [
              -70.54453163170174,
              -32.82741770789281
            ],
            [
              -70.54453163170174,
              -32.8274169420162
            ],
            [
              -70.54453432228905,
              -32.8274169420162
            ],
            [
              -70.54453432228905,
              -32.82741617613958
            ],
            [
              -70.54453701287636,
              -32.82741617613958
            ],
            [
              -70.54453701287636,
              -32.827415410262965
            ],
            [
              -70.54453970346368,
              -32.827415410262965
            ],
            [
              -70.54453970346368,
              -32.82741464438635
            ],
            [
              -70.54454149718856,
              -32.82741464438635
            ],
            [
              -70.54454149718856,
              -32.82741387850973
            ],
            [
              -70.54454418777587,
              -32.82741387850973
            ],
            [
              -70.54454418777587,
              -32.82741311263312
            ],
            [
              -70.54454687836319,
              -32.82741311263312
            ],
            [
              -70.54454687836319,
              -32.827412346756496
            ],
            [
              -70.5445495689505,
              -32.827412346756496
            ],
            [
              -70.5445495689505,
              -32.82741158087988
            ],
            [
              -70.54455225953782,
              -32.82741158087988
            ],
            [
              -70.54455225953782,
              -32.82741081500326
            ],
            [
              -70.5445540532627,
              -32.82741081500326
            ],
            [
              -70.5445540532627,
              -32.82741004912665
            ],
            [
              -70.54455674385001,
              -32.82741004912665
            ],
            [
              -70.54455674385001,
              -32.827409283250034
            ],
            [
              -70.54455943443733,
              -32.827409283250034
            ],
            [
              -70.54455943443733,
              -32.827408517373414
            ],
            [
              -70.54456212502464,
              -32.827408517373414
            ],
            [
              -70.54456212502464,
              -32.8274077514968
            ],
            [
              -70.54456391874952,
              -32.8274077514968
            ],
            [
              -70.54456391874952,
              -32.82740698562018
            ],
            [
              -70.54456660933684,
              -32.82740698562018
            ],
            [
              -70.54456660933684,
              -32.827406219743565
            ],
            [
              -70.54456929992415,
              -32.827406219743565
            ],
            [
              -70.54456929992415,
              -32.827405453866945
            ],
            [
              -70.54457199051147,
              -32.827405453866945
            ],
            [
              -70.54457199051147,
              -32.82740468799033
            ],
            [
              -70.54457468109878,
              -32.82740468799033
            ],
            [
              -70.54457468109878,
              -32.82740392211372
            ],
            [
              -70.54457647482366,
              -32.82740392211372
            ],
            [
              -70.54457647482366,
              -32.8274031562371
            ],
            [
              -70.54457916541098,
              -32.8274031562371
            ],
            [
              -70.54457916541098,
              -32.82740239036048
            ],
            [
              -70.54458185599829,
              -32.82740239036048
            ],
            [
              -70.54458185599829,
              -32.82740162448386
            ],
            [
              -70.54458454658561,
              -32.82740162448386
            ],
            [
              -70.54458454658561,
              -32.82740085860725
            ],
            [
              -70.54458723717292,
              -32.82740085860725
            ],
            [
              -70.54458723717292,
              -32.82740009273063
            ],
            [
              -70.5445890308978,
              -32.82740009273063
            ],
            [
              -70.5445890308978,
              -32.827399326854014
            ],
            [
              -70.5445917214851,
              -32.827399326854014
            ],
            [
              -70.5445917214851,
              -32.8273985609774
            ],
            [
              -70.54459441207243,
              -32.8273985609774
            ],
            [
              -70.54459441207243,
              -32.82739779510078
            ],
            [
              -70.54459710265974,
              -32.82739779510078
            ],
            [
              -70.54459710265974,
              -32.827397029224166
            ],
            [
              -70.54459889638461,
              -32.827397029224166
            ],
            [
              -70.54459889638461,
              -32.827396263347545
            ],
            [
              -70.54460158697194,
              -32.827396263347545
            ],
            [
              -70.54460158697194,
              -32.82739549747093
            ],
            [
              -70.54460427755924,
              -32.82739549747093
            ],
            [
              -70.54460427755924,
              -32.82739473159431
            ],
            [
              -70.54460696814657,
              -32.82739473159431
            ],
            [
              -70.54460696814657,
              -32.8273939657177
            ],
            [
              -70.54460965873388,
              -32.8273939657177
            ],
            [
              -70.54460965873388,
              -32.82739319984108
            ],
            [
              -70.54461145245875,
              -32.82739319984108
            ],
            [
              -70.54461145245875,
              -32.82739243396446
            ],
            [
              -70.54461414304608,
              -32.82739243396446
            ],
            [
              -70.54461414304608,
              -32.82739166808785
            ],
            [
              -70.54461683363338,
              -32.82739166808785
            ],
            [
              -70.54461683363338,
              -32.82739090221123
            ],
            [
              -70.5446195242207,
              -32.82739090221123
            ],
            [
              -70.5446195242207,
              -32.827390136334614
            ],
            [
              -70.54462131794558,
              -32.827390136334614
            ],
            [
              -70.54462131794558,
              -32.82738937045799
            ],
            [
              -70.54462400853289,
              -32.82738937045799
            ],
            [
              -70.54462400853289,
              -32.82738860458138
            ],
            [
              -70.54462669912022,
              -32.82738860458138
            ],
            [
              -70.54462669912022,
              -32.82738783870476
            ],
            [
              -70.54462938970752,
              -32.82738783870476
            ],
            [
              -70.54462938970752,
              -32.827387072828145
            ],
            [
              -70.54463208029485,
              -32.827387072828145
            ],
            [
              -70.54463208029485,
              -32.82738630695153
            ],
            [
              -70.54463387401972,
              -32.82738630695153
            ],
            [
              -70.54463387401972,
              -32.82738554107491
            ],
            [
              -70.54463656460703,
              -32.82738554107491
            ],
            [
              -70.54463656460703,
              -32.8273847751983
            ],
            [
              -70.54463925519434,
              -32.8273847751983
            ],
            [
              -70.54463925519434,
              -32.827384009321676
            ],
            [
              -70.54464194578166,
              -32.827384009321676
            ],
            [
              -70.54464194578166,
              -32.82738324344506
            ],
            [
              -70.54464463636897,
              -32.82738324344506
            ],
            [
              -70.54464463636897,
              -32.82738247756844
            ],
            [
              -70.54464643009385,
              -32.82738247756844
            ],
            [
              -70.54464643009385,
              -32.82738171169183
            ],
            [
              -70.54464912068117,
              -32.82738171169183
            ],
            [
              -70.54464912068117,
              -32.827380945815214
            ],
            [
              -70.54465181126848,
              -32.827380945815214
            ],
            [
              -70.54465181126848,
              -32.827380179938594
            ],
            [
              -70.5446545018558,
              -32.827380179938594
            ],
            [
              -70.5446545018558,
              -32.82737941406198
            ],
            [
              -70.54465629558068,
              -32.82737941406198
            ],
            [
              -70.54465629558068,
              -32.82737864818536
            ],
            [
              -70.54465898616799,
              -32.82737864818536
            ],
            [
              -70.54465898616799,
              -32.827377882308745
            ],
            [
              -70.54466167675531,
              -32.827377882308745
            ],
            [
              -70.54466167675531,
              -32.827377116432125
            ],
            [
              -70.54466436734262,
              -32.827377116432125
            ],
            [
              -70.54466436734262,
              -32.82737635055551
            ],
            [
              -70.54466705792994,
              -32.82737635055551
            ],
            [
              -70.54466705792994,
              -32.8273755846789
            ],
            [
              -70.54466885165482,
              -32.8273755846789
            ],
            [
              -70.54466885165482,
              -32.82737481880228
            ],
            [
              -70.54467154224213,
              -32.82737481880228
            ],
            [
              -70.54467154224213,
              -32.82737405292566
            ],
            [
              -70.54467423282945,
              -32.82737405292566
            ],
            [
              -70.54467423282945,
              -32.82737328704904
            ],
            [
              -70.54467692341676,
              -32.82737328704904
            ],
            [
              -70.54467692341676,
              -32.82737252117243
            ],
            [
              -70.54467961400408,
              -32.82737252117243
            ],
            [
              -70.54467961400408,
              -32.82737175529581
            ],
            [
              -70.54468140772896,
              -32.82737175529581
            ],
            [
              -70.54468140772896,
              -32.827370989419194
            ],
            [
              -70.54468409831627,
              -32.827370989419194
            ],
            [
              -70.54468409831627,
              -32.82737022354258
            ],
            [
              -70.54468678890358,
              -32.82737022354258
            ],
            [
              -70.54468678890358,
              -32.82736945766596
            ],
            [
              -70.5446894794909,
              -32.82736945766596
            ],
            [
              -70.5446894794909,
              -32.827368691789346
            ],
            [
              -70.54469127321578,
              -32.827368691789346
            ],
            [
              -70.54469127321578,
              -32.827367925912725
            ],
            [
              -70.54469396380308,
              -32.827367925912725
            ],
            [
              -70.54469396380308,
              -32.82736716003611
            ],
            [
              -70.5446966543904,
              -32.82736716003611
            ],
            [
              -70.5446966543904,
              -32.82736639415949
            ],
            [
              -70.54469934497772,
              -32.82736639415949
            ],
            [
              -70.54469934497772,
              -32.82736562828288
            ],
            [
              -70.54470203556504,
              -32.82736562828288
            ],
            [
              -70.54470203556504,
              -32.82736486240626
            ],
            [
              -70.54470382928992,
              -32.82736486240626
            ],
            [
              -70.54470382928992,
              -32.82736409652964
            ],
            [
              -70.54470651987722,
              -32.82736409652964
            ],
            [
              -70.54470651987722,
              -32.82736333065303
            ],
            [
              -70.54470921046455,
              -32.82736333065303
            ],
            [
              -70.54470921046455,
              -32.82736256477641
            ],
            [
              -70.54471190105185,
              -32.82736256477641
            ],
            [
              -70.54471190105185,
              -32.827361798899794
            ],
            [
              -70.54471369477673,
              -32.827361798899794
            ],
            [
              -70.54471369477673,
              -32.82736103302317
            ],
            [
              -70.54471638536405,
              -32.82736103302317
            ],
            [
              -70.54471638536405,
              -32.82736026714656
            ],
            [
              -70.54471907595136,
              -32.82736026714656
            ],
            [
              -70.54471907595136,
              -32.827359501269946
            ],
            [
              -70.54472176653869,
              -32.827359501269946
            ],
            [
              -70.54472176653869,
              -32.827358735393325
            ],
            [
              -70.544724457126,
              -32.827358735393325
            ],
            [
              -70.544724457126,
              -32.82735796951671
            ],
            [
              -70.54472625085087,
              -32.82735796951671
            ],
            [
              -70.54472625085087,
              -32.82735720364009
            ],
            [
              -70.5447289414382,
              -32.82735720364009
            ],
            [
              -70.5447289414382,
              -32.82735643776348
            ],
            [
              -70.5447316320255,
              -32.82735643776348
            ],
            [
              -70.5447316320255,
              -32.827355671886856
            ],
            [
              -70.54473432261283,
              -32.827355671886856
            ],
            [
              -70.54473432261283,
              -32.82735490601024
            ],
            [
              -70.54473701320013,
              -32.82735490601024
            ],
            [
              -70.54473701320013,
              -32.82735414013363
            ],
            [
              -70.54473880692501,
              -32.82735414013363
            ],
            [
              -70.54473880692501,
              -32.82735337425701
            ],
            [
              -70.54474149751232,
              -32.82735337425701
            ],
            [
              -70.54474149751232,
              -32.827352608380394
            ],
            [
              -70.54474418809964,
              -32.827352608380394
            ],
            [
              -70.54474418809964,
              -32.827351842503774
            ],
            [
              -70.54474687868695,
              -32.827351842503774
            ],
            [
              -70.54474687868695,
              -32.82735107662716
            ],
            [
              -70.54474867241183,
              -32.82735107662716
            ],
            [
              -70.54474867241183,
              -32.82735031075054
            ],
            [
              -70.54475136299915,
              -32.82735031075054
            ],
            [
              -70.54475136299915,
              -32.827349544873925
            ],
            [
              -70.54475405358646,
              -32.827349544873925
            ],
            [
              -70.54475405358646,
              -32.827348778997305
            ],
            [
              -70.54475674417378,
              -32.827348778997305
            ],
            [
              -70.54475674417378,
              -32.82734801312069
            ],
            [
              -70.54475943476109,
              -32.82734801312069
            ],
            [
              -70.54475943476109,
              -32.82734724724408
            ],
            [
              -70.54476122848597,
              -32.82734724724408
            ],
            [
              -70.54476122848597,
              -32.82734648136746
            ],
            [
              -70.54476391907329,
              -32.82734648136746
            ],
            [
              -70.54476391907329,
              -32.82734571549084
            ],
            [
              -70.5447666096606,
              -32.82734571549084
            ],
            [
              -70.5447666096606,
              -32.82734494961422
            ],
            [
              -70.54476930024792,
              -32.82734494961422
            ],
            [
              -70.54476930024792,
              -32.82734418373761
            ],
            [
              -70.5447710939728,
              -32.82734418373761
            ],
            [
              -70.5447710939728,
              -32.82734341786099
            ],
            [
              -70.5447737845601,
              -32.82734341786099
            ],
            [
              -70.5447737845601,
              -32.827342651984374
            ],
            [
              -70.54477647514743,
              -32.827342651984374
            ],
            [
              -70.54477647514743,
              -32.82734188610776
            ],
            [
              -70.54477916573474,
              -32.82734188610776
            ],
            [
              -70.54477916573474,
              -32.82734112023114
            ],
            [
              -70.54478185632206,
              -32.82734112023114
            ],
            [
              -70.54478185632206,
              -32.827340354354526
            ],
            [
              -70.54478365004694,
              -32.827340354354526
            ],
            [
              -70.54478365004694,
              -32.827339588477905
            ],
            [
              -70.54478634063425,
              -32.827339588477905
            ],
            [
              -70.54478634063425,
              -32.82733882260129
            ],
            [
              -70.54478903122155,
              -32.82733882260129
            ],
            [
              -70.54478903122155,
              -32.82733805672467
            ],
            [
              -70.54479172180888,
              -32.82733805672467
            ],
            [
              -70.54479172180888,
              -32.82733729084806
            ],
            [
              -70.54479441239619,
              -32.82733729084806
            ],
            [
              -70.54479441239619,
              -32.82733652497144
            ],
            [
              -70.54479620612106,
              -32.82733652497144
            ],
            [
              -70.54479620612106,
              -32.82733575909482
            ],
            [
              -70.54479889670839,
              -32.82733575909482
            ],
            [
              -70.54479889670839,
              -32.82733499321821
            ],
            [
              -70.5448015872957,
              -32.82733499321821
            ],
            [
              -70.5448015872957,
              -32.82733422734159
            ],
            [
              -70.54480427788302,
              -32.82733422734159
            ],
            [
              -70.54480427788302,
              -32.827333461464974
            ],
            [
              -70.5448060716079,
              -32.827333461464974
            ],
            [
              -70.5448060716079,
              -32.82733269558835
            ],
            [
              -70.5448087621952,
              -32.82733269558835
            ],
            [
              -70.5448087621952,
              -32.82733192971174
            ],
            [
              -70.54481145278253,
              -32.82733192971174
            ],
            [
              -70.54481145278253,
              -32.827331163835126
            ],
            [
              -70.54481414336983,
              -32.827331163835126
            ],
            [
              -70.54481414336983,
              -32.827330397958505
            ],
            [
              -70.54481683395716,
              -32.827330397958505
            ],
            [
              -70.54481683395716,
              -32.82732963208189
            ],
            [
              -70.54481862768203,
              -32.82732963208189
            ],
            [
              -70.54481862768203,
              -32.82732886620527
            ],
            [
              -70.54482131826934,
              -32.82732886620527
            ],
            [
              -70.54482131826934,
              -32.82732810032866
            ],
            [
              -70.54482400885666,
              -32.82732810032866
            ],
            [
              -70.54482400885666,
              -32.827327334452036
            ],
            [
              -70.54482669944397,
              -32.827327334452036
            ],
            [
              -70.54482669944397,
              -32.82732656857542
            ],
            [
              -70.54482849316885,
              -32.82732656857542
            ],
            [
              -70.54482849316885,
              -32.82732580269881
            ],
            [
              -70.54483118375617,
              -32.82732580269881
            ],
            [
              -70.54483118375617,
              -32.82732503682219
            ],
            [
              -70.54483387434348,
              -32.82732503682219
            ],
            [
              -70.54483387434348,
              -32.827324270945574
            ],
            [
              -70.54483656493079,
              -32.827324270945574
            ],
            [
              -70.54483656493079,
              -32.827323505068954
            ],
            [
              -70.54483925551811,
              -32.827323505068954
            ],
            [
              -70.54483925551811,
              -32.82732273919234
            ],
            [
              -70.54484104924299,
              -32.82732273919234
            ],
            [
              -70.54484104924299,
              -32.82732197331572
            ],
            [
              -70.5448437398303,
              -32.82732197331572
            ],
            [
              -70.5448437398303,
              -32.827321207439105
            ],
            [
              -70.54484643041762,
              -32.827321207439105
            ],
            [
              -70.54484643041762,
              -32.82732044156249
            ],
            [
              -70.54484912100493,
              -32.82732044156249
            ],
            [
              -70.54484912100493,
              -32.82731967568587
            ],
            [
              -70.54485181159225,
              -32.82731967568587
            ],
            [
              -70.54485181159225,
              -32.82731890980926
            ],
            [
              -70.54485360531713,
              -32.82731890980926
            ],
            [
              -70.54485360531713,
              -32.82731814393264
            ],
            [
              -70.54485629590444,
              -32.82731814393264
            ],
            [
              -70.54485629590444,
              -32.82731737805602
            ],
            [
              -70.54485898649176,
              -32.82731737805602
            ],
            [
              -70.54485898649176,
              -32.8273166121794
            ],
            [
              -70.54486167707907,
              -32.8273166121794
            ],
            [
              -70.54486167707907,
              -32.82731584630279
            ],
            [
              -70.54486347080395,
              -32.82731584630279
            ],
            [
              -70.54486347080395,
              -32.827315080426175
            ],
            [
              -70.54486616139127,
              -32.827315080426175
            ],
            [
              -70.54486616139127,
              -32.827314314549554
            ],
            [
              -70.54486885197858,
              -32.827314314549554
            ],
            [
              -70.54486885197858,
              -32.82731354867294
            ],
            [
              -70.5448715425659,
              -32.82731354867294
            ],
            [
              -70.5448715425659,
              -32.82731278279632
            ],
            [
              -70.54487423315321,
              -32.82731278279632
            ],
            [
              -70.54487423315321,
              -32.827312016919706
            ],
            [
              -70.54487602687809,
              -32.827312016919706
            ],
            [
              -70.54487602687809,
              -32.827311251043085
            ],
            [
              -70.54487871746541,
              -32.827311251043085
            ],
            [
              -70.54487871746541,
              -32.82731048516647
            ],
            [
              -70.54488140805272,
              -32.82731048516647
            ],
            [
              -70.54488140805272,
              -32.82730971928985
            ],
            [
              -70.54488409864003,
              -32.82730971928985
            ],
            [
              -70.54488409864003,
              -32.82730895341324
            ],
            [
              -70.5448858923649,
              -32.82730895341324
            ],
            [
              -70.5448858923649,
              -32.82730818753662
            ],
            [
              -70.54488858295223,
              -32.82730818753662
            ],
            [
              -70.54488858295223,
              -32.82730742166
            ],
            [
              -70.54489127353953,
              -32.82730742166
            ],
            [
              -70.54489127353953,
              -32.82730665578339
            ],
            [
              -70.54489396412686,
              -32.82730665578339
            ],
            [
              -70.54489396412686,
              -32.82730588990677
            ],
            [
              -70.54489665471417,
              -32.82730588990677
            ],
            [
              -70.54489665471417,
              -32.827305124030154
            ],
            [
              -70.54489844843904,
              -32.827305124030154
            ],
            [
              -70.54489844843904,
              -32.82730435815353
            ],
            [
              -70.54490113902636,
              -32.82730435815353
            ],
            [
              -70.54490113902636,
              -32.82730359227692
            ],
            [
              -70.54490382961367,
              -32.82730359227692
            ],
            [
              -70.54490382961367,
              -32.827302826400306
            ],
            [
              -70.544906520201,
              -32.827302826400306
            ],
            [
              -70.544906520201,
              -32.827302060523685
            ],
            [
              -70.5449092107883,
              -32.827302060523685
            ],
            [
              -70.5449092107883,
              -32.82730129464707
            ],
            [
              -70.54491100451318,
              -32.82730129464707
            ],
            [
              -70.54491100451318,
              -32.82730052877045
            ],
            [
              -70.5449136951005,
              -32.82730052877045
            ],
            [
              -70.5449136951005,
              -32.82729976289384
            ],
            [
              -70.54491638568781,
              -32.82729976289384
            ],
            [
              -70.54491638568781,
              -32.827298997017216
            ],
            [
              -70.54491907627514,
              -32.827298997017216
            ],
            [
              -70.54491907627514,
              -32.8272982311406
            ],
            [
              -70.54492087000001,
              -32.8272982311406
            ],
            [
              -70.54492087000001,
              -32.82729746526399
            ],
            [
              -70.54492356058732,
              -32.82729746526399
            ],
            [
              -70.54492356058732,
              -32.82729669938737
            ],
            [
              -70.54492625117464,
              -32.82729669938737
            ],
            [
              -70.54492625117464,
              -32.827295933510754
            ],
            [
              -70.54492894176195,
              -32.827295933510754
            ],
            [
              -70.54492894176195,
              -32.827295167634134
            ],
            [
              -70.54493163234928,
              -32.827295167634134
            ],
            [
              -70.54493163234928,
              -32.82729440175752
            ],
            [
              -70.54493342607414,
              -32.82729440175752
            ],
            [
              -70.54493342607414,
              -32.8272936358809
            ],
            [
              -70.54493611666146,
              -32.8272936358809
            ],
            [
              -70.54493611666146,
              -32.827292870004285
            ],
            [
              -70.54493880724877,
              -32.827292870004285
            ],
            [
              -70.54493880724877,
              -32.82729210412767
            ],
            [
              -70.54494149783609,
              -32.82729210412767
            ],
            [
              -70.54494149783609,
              -32.82729133825105
            ],
            [
              -70.54494329156097,
              -32.82729133825105
            ],
            [
              -70.54494329156097,
              -32.82729057237444
            ],
            [
              -70.54494598214828,
              -32.82729057237444
            ],
            [
              -70.54494598214828,
              -32.82728980649782
            ],
            [
              -70.5449486727356,
              -32.82728980649782
            ],
            [
              -70.5449486727356,
              -32.8272890406212
            ],
            [
              -70.54495136332291,
              -32.8272890406212
            ],
            [
              -70.54495136332291,
              -32.82728827474458
            ],
            [
              -70.54495405391023,
              -32.82728827474458
            ],
            [
              -70.54495405391023,
              -32.82728750886797
            ],
            [
              -70.54495584763511,
              -32.82728750886797
            ],
            [
              -70.54495584763511,
              -32.827286742991355
            ],
            [
              -70.54495853822242,
              -32.827286742991355
            ],
            [
              -70.54495853822242,
              -32.827285977114734
            ],
            [
              -70.54496122880974,
              -32.827285977114734
            ],
            [
              -70.54496122880974,
              -32.82728521123812
            ],
            [
              -70.54496391939705,
              -32.82728521123812
            ],
            [
              -70.54496391939705,
              -32.8272844453615
            ],
            [
              -70.54496660998437,
              -32.8272844453615
            ],
            [
              -70.54496660998437,
              -32.827283679484886
            ],
            [
              -70.54496840370925,
              -32.827283679484886
            ],
            [
              -70.54496840370925,
              -32.827282913608265
            ],
            [
              -70.54497109429656,
              -32.827282913608265
            ],
            [
              -70.54497109429656,
              -32.82728214773165
            ],
            [
              -70.54497378488388,
              -32.82728214773165
            ],
            [
              -70.54497378488388,
              -32.82728138185504
            ],
            [
              -70.54497647547119,
              -32.82728138185504
            ],
            [
              -70.54497647547119,
              -32.82728061597842
            ],
            [
              -70.54497826919606,
              -32.82728061597842
            ],
            [
              -70.54497826919606,
              -32.8272798501018
            ],
            [
              -70.54498095978339,
              -32.8272798501018
            ],
            [
              -70.54498095978339,
              -32.82727908422518
            ],
            [
              -70.5449836503707,
              -32.82727908422518
            ],
            [
              -70.5449836503707,
              -32.82727831834857
            ],
            [
              -70.544986340958,
              -32.82727831834857
            ],
            [
              -70.544986340958,
              -32.82727755247195
            ],
            [
              -70.54498903154533,
              -32.82727755247195
            ],
            [
              -70.54498903154533,
              -32.827276786595334
            ],
            [
              -70.5449908252702,
              -32.827276786595334
            ],
            [
              -70.5449908252702,
              -32.82727602071872
            ],
            [
              -70.54499351585751,
              -32.82727602071872
            ],
            [
              -70.54499351585751,
              -32.8272752548421
            ],
            [
              -70.54499620644484,
              -32.8272752548421
            ],
            [
              -70.54499620644484,
              -32.827274488965486
            ],
            [
              -70.54499889703214,
              -32.827274488965486
            ],
            [
              -70.54499889703214,
              -32.827273723088865
            ],
            [
              -70.54500069075702,
              -32.827273723088865
            ],
            [
              -70.54500069075702,
              -32.82727295721225
            ],
            [
              -70.54500338134434,
              -32.82727295721225
            ],
            [
              -70.54500338134434,
              -32.82727219133563
            ],
            [
              -70.54500607193165,
              -32.82727219133563
            ],
            [
              -70.54500607193165,
              -32.82727142545902
            ],
            [
              -70.54500876251898,
              -32.82727142545902
            ],
            [
              -70.54500876251898,
              -32.8272706595824
            ],
            [
              -70.54501145310628,
              -32.8272706595824
            ],
            [
              -70.54501145310628,
              -32.82726989370578
            ],
            [
              -70.54501324683116,
              -32.82726989370578
            ],
            [
              -70.54501324683116,
              -32.82726912782917
            ],
            [
              -70.54501593741848,
              -32.82726912782917
            ],
            [
              -70.54501593741848,
              -32.82726836195255
            ],
            [
              -70.54501862800579,
              -32.82726836195255
            ],
            [
              -70.54501862800579,
              -32.827267596075934
            ],
            [
              -70.54502131859311,
              -32.827267596075934
            ],
            [
              -70.54502131859311,
              -32.827266830199314
            ],
            [
              -70.54502400918042,
              -32.827266830199314
            ],
            [
              -70.54502400918042,
              -32.8272660643227
            ],
            [
              -70.5450258029053,
              -32.8272660643227
            ],
            [
              -70.5450258029053,
              -32.82726529844608
            ],
            [
              -70.54502849349262,
              -32.82726529844608
            ],
            [
              -70.54502849349262,
              -32.827264532569465
            ],
            [
              -70.54503118407993,
              -32.827264532569465
            ],
            [
              -70.54503118407993,
              -32.82726376669285
            ],
            [
              -70.54503387466724,
              -32.82726376669285
            ],
            [
              -70.54503387466724,
              -32.82726300081623
            ],
            [
              -70.54503566839212,
              -32.82726300081623
            ],
            [
              -70.54503566839212,
              -32.82726223493962
            ],
            [
              -70.54503835897944,
              -32.82726223493962
            ],
            [
              -70.54503835897944,
              -32.827261469063
            ],
            [
              -70.54504104956675,
              -32.827261469063
            ],
            [
              -70.54504104956675,
              -32.82726070318638
            ],
            [
              -70.54504284329163,
              -32.82726070318638
            ]
          ],
          [
            [
              -70.54468589204114,
              -32.82763598272859
            ],
            [
              -70.54468409831627,
              -32.82763598272859
            ],
            [
              -70.54468409831627,
              -32.82763751448182
            ],
            [
              -70.54468320145384,
              -32.82763751448182
            ],
            [
              -70.54468320145384,
              -32.82763981211167
            ],
            [
              -70.54468589204114,
              -32.82763981211167
            ],
            [
              -70.54468589204114,
              -32.82763828035844
            ],
            [
              -70.54468678890358,
              -32.82763828035844
            ],
            [
              -70.54468678890358,
              -32.82763674860521
            ],
            [
              -70.54468589204114,
              -32.82763674860521
            ],
            [
              -70.54468589204114,
              -32.82763598272859
            ]
          ],
          [
            [
              -70.54458275286073,
              -32.82785349168775
            ],
            [
              -70.54458095913586,
              -32.82785349168775
            ],
            [
              -70.54458095913586,
              -32.82785502344098
            ],
            [
              -70.54458275286073,
              -32.82785502344098
            ],
            [
              -70.54458275286073,
              -32.82785349168775
            ]
          ],
          [
            [
              -70.54471997281381,
              -32.82787187272655
            ],
            [
              -70.54471728222649,
              -32.82787187272655
            ],
            [
              -70.54471728222649,
              -32.827874170356395
            ],
            [
              -70.54471997281381,
              -32.827874170356395
            ],
            [
              -70.54471997281381,
              -32.82787187272655
            ]
          ],
          [
            [
              -70.54451369445297,
              -32.827874936233016
            ],
            [
              -70.5445119007281,
              -32.827874936233016
            ],
            [
              -70.5445119007281,
              -32.827877233862864
            ],
            [
              -70.54451369445297,
              -32.827877233862864
            ],
            [
              -70.54451369445297,
              -32.827874936233016
            ]
          ],
          [
            [
              -70.54411100321812,
              -32.827911698310615
            ],
            [
              -70.54410831263081,
              -32.827911698310615
            ],
            [
              -70.54410831263081,
              -32.82791399594047
            ],
            [
              -70.54411010635569,
              -32.82791399594047
            ],
            [
              -70.54411010635569,
              -32.82791323006385
            ],
            [
              -70.54411100321812,
              -32.82791323006385
            ],
            [
              -70.54411100321812,
              -32.827911698310615
            ]
          ],
          [
            [
              -70.54485450217956,
              -32.82794769451161
            ],
            [
              -70.54485270845468,
              -32.82794769451161
            ],
            [
              -70.54485270845468,
              -32.82794922626484
            ],
            [
              -70.54485450217956,
              -32.82794922626484
            ],
            [
              -70.54485450217956,
              -32.82794769451161
            ]
          ],
          [
            [
              -70.54463656460703,
              -32.82796377792056
            ],
            [
              -70.54463477088215,
              -32.82796377792056
            ],
            [
              -70.54463477088215,
              -32.82796454379717
            ],
            [
              -70.54463387401972,
              -32.82796454379717
            ],
            [
              -70.54463387401972,
              -32.82796684142703
            ],
            [
              -70.54463656460703,
              -32.82796684142703
            ],
            [
              -70.54463656460703,
              -32.82796377792056
            ]
          ],
          [
            [
              -70.54468409831627,
              -32.82801355990065
            ],
            [
              -70.54468230459139,
              -32.82801355990065
            ],
            [
              -70.54468230459139,
              -32.828015857530495
            ],
            [
              -70.54468409831627,
              -32.828015857530495
            ],
            [
              -70.54468409831627,
              -32.82801355990065
            ]
          ],
          [
            [
              -70.54466795479237,
              -32.82807636178322
            ],
            [
              -70.5446661610675,
              -32.82807636178322
            ],
            [
              -70.5446661610675,
              -32.82807789353645
            ],
            [
              -70.54466795479237,
              -32.82807789353645
            ],
            [
              -70.54466795479237,
              -32.82807636178322
            ]
          ],
          [
            [
              -70.5447477755494,
              -32.82808861580909
            ],
            [
              -70.54474598182452,
              -32.82808861580909
            ],
            [
              -70.54474598182452,
              -32.82809014756232
            ],
            [
              -70.5447477755494,
              -32.82809014756232
            ],
            [
              -70.5447477755494,
              -32.82808861580909
            ]
          ],
          [
            [
              -70.54473970378744,
              -32.82809014756232
            ],
            [
              -70.54473791006257,
              -32.82809014756232
            ],
            [
              -70.54473791006257,
              -32.828091679315555
            ],
            [
              -70.54473970378744,
              -32.828091679315555
            ],
            [
              -70.54473970378744,
              -32.82809014756232
            ]
          ],
          [
            [
              -70.54371100257059,
              -32.828113123860824
            ],
            [
              -70.54370831198328,
              -32.828113123860824
            ],
            [
              -70.54370831198328,
              -32.82811618736729
            ],
            [
              -70.54371100257059,
              -32.82811618736729
            ],
            [
              -70.54371100257059,
              -32.828113123860824
            ]
          ],
          [
            [
              -70.54449934465396,
              -32.82814452480211
            ],
            [
              -70.54449665406663,
              -32.82814452480211
            ],
            [
              -70.54449665406663,
              -32.82814682243196
            ],
            [
              -70.54449934465396,
              -32.82814682243196
            ],
            [
              -70.54449934465396,
              -32.82814452480211
            ]
          ],
          [
            [
              -70.54430472550482,
              -32.82823413236627
            ],
            [
              -70.54430293177994,
              -32.82823413236627
            ],
            [
              -70.54430293177994,
              -32.828235664119504
            ],
            [
              -70.54430472550482,
              -32.828235664119504
            ],
            [
              -70.54430472550482,
              -32.82823719587274
            ],
            [
              -70.54430651922969,
              -32.82823719587274
            ],
            [
              -70.54430651922969,
              -32.82823489824288
            ],
            [
              -70.54430472550482,
              -32.82823489824288
            ],
            [
              -70.54430472550482,
              -32.82823413236627
            ]
          ],
          [
            [
              -70.54265001430595,
              -32.82824638639214
            ],
            [
              -70.54264822058109,
              -32.82824638639214
            ],
            [
              -70.54264822058109,
              -32.82824791814537
            ],
            [
              -70.54265001430595,
              -32.82824791814537
            ],
            [
              -70.54265001430595,
              -32.82824638639214
            ]
          ],
          [
            [
              -70.54327961173772,
              -32.82828468022297
            ],
            [
              -70.54327781801284,
              -32.82828468022297
            ],
            [
              -70.54327781801284,
              -32.828286211976206
            ],
            [
              -70.54327961173772,
              -32.828286211976206
            ],
            [
              -70.54327961173772,
              -32.82828468022297
            ]
          ],
          [
            [
              -70.54324104665287,
              -32.82828774372944
            ],
            [
              -70.54323925292799,
              -32.82828774372944
            ],
            [
              -70.54323925292799,
              -32.82829004135929
            ],
            [
              -70.54324104665287,
              -32.82829004135929
            ],
            [
              -70.54324104665287,
              -32.82828774372944
            ]
          ],
          [
            [
              -70.54268678566594,
              -32.82829080723591
            ],
            [
              -70.54268409507861,
              -32.82829080723591
            ],
            [
              -70.54268409507861,
              -32.828292338989144
            ],
            [
              -70.54268678566594,
              -32.828292338989144
            ],
            [
              -70.54268678566594,
              -32.82829080723591
            ]
          ],
          [
            [
              -70.54286705501605,
              -32.82834671622893
            ],
            [
              -70.54286526129117,
              -32.82834671622893
            ],
            [
              -70.54286526129117,
              -32.82834824798216
            ],
            [
              -70.54286705501605,
              -32.82834824798216
            ],
            [
              -70.54286705501605,
              -32.82834671622893
            ]
          ],
          [
            [
              -70.54377109235396,
              -32.82838807356624
            ],
            [
              -70.54376929862909,
              -32.82838807356624
            ],
            [
              -70.54376929862909,
              -32.82838960531947
            ],
            [
              -70.54377109235396,
              -32.82838960531947
            ],
            [
              -70.54377109235396,
              -32.82838807356624
            ]
          ],
          [
            [
              -70.5424105520349,
              -32.82841641100106
            ],
            [
              -70.54240786144759,
              -32.82841641100106
            ],
            [
              -70.54240786144759,
              -32.82841794275429
            ],
            [
              -70.5424105520349,
              -32.82841794275429
            ],
            [
              -70.5424105520349,
              -32.82841641100106
            ]
          ],
          [
            [
              -70.54322131567922,
              -32.82842560152046
            ],
            [
              -70.54321952195434,
              -32.82842560152046
            ],
            [
              -70.54321952195434,
              -32.82842713327369
            ],
            [
              -70.54322131567922,
              -32.82842713327369
            ],
            [
              -70.54322131567922,
              -32.82842560152046
            ]
          ],
          [
            [
              -70.54272086643859,
              -32.82843479203986
            ],
            [
              -70.54271907271371,
              -32.82843479203986
            ],
            [
              -70.54271907271371,
              -32.828437089669706
            ],
            [
              -70.54272086643859,
              -32.828437089669706
            ],
            [
              -70.54272086643859,
              -32.82843479203986
            ]
          ],
          [
            [
              -70.54271996957615,
              -32.828437855546326
            ],
            [
              -70.54271817585128,
              -32.828437855546326
            ],
            [
              -70.54271817585128,
              -32.828440153176174
            ],
            [
              -70.54271996957615,
              -32.828440153176174
            ],
            [
              -70.54271996957615,
              -32.828437855546326
            ]
          ],
          [
            [
              -70.54261413980842,
              -32.82846083184483
            ],
            [
              -70.54261234608354,
              -32.82846083184483
            ],
            [
              -70.54261234608354,
              -32.828462363598064
            ],
            [
              -70.54261413980842,
              -32.828462363598064
            ],
            [
              -70.54261413980842,
              -32.82846083184483
            ]
          ],
          [
            [
              -70.54250382572849,
              -32.828465427104526
            ],
            [
              -70.54250023827875,
              -32.828465427104526
            ],
            [
              -70.54250023827875,
              -32.82846695885776
            ],
            [
              -70.54250382572849,
              -32.82846695885776
            ],
            [
              -70.54250382572849,
              -32.828465427104526
            ]
          ],
          [
            [
              -70.54272445388834,
              -32.828468490610994
            ],
            [
              -70.54272266016346,
              -32.828468490610994
            ],
            [
              -70.54272266016346,
              -32.82847078824084
            ],
            [
              -70.54272445388834,
              -32.82847078824084
            ],
            [
              -70.54272445388834,
              -32.828468490610994
            ]
          ],
          [
            [
              -70.54197647061471,
              -32.82847921288363
            ],
            [
              -70.54197467688984,
              -32.82847921288363
            ],
            [
              -70.54197467688984,
              -32.82848074463686
            ],
            [
              -70.54197647061471,
              -32.82848074463686
            ],
            [
              -70.54197647061471,
              -32.82847921288363
            ]
          ],
          [
            [
              -70.54197378002739,
              -32.8284822763901
            ],
            [
              -70.5419692957152,
              -32.8284822763901
            ],
            [
              -70.5419692957152,
              -32.82848380814333
            ],
            [
              -70.54197378002739,
              -32.82848380814333
            ],
            [
              -70.54197378002739,
              -32.8284822763901
            ]
          ],
          [
            [
              -70.5422446324838,
              -32.828506784441835
            ],
            [
              -70.54224194189648,
              -32.828506784441835
            ],
            [
              -70.54224194189648,
              -32.82850831619506
            ],
            [
              -70.5422446324838,
              -32.82850831619506
            ],
            [
              -70.5422446324838,
              -32.828506784441835
            ]
          ],
          [
            [
              -70.54296481302184,
              -32.828515209084614
            ],
            [
              -70.54296301929696,
              -32.828515209084614
            ],
            [
              -70.54296301929696,
              -32.82851750671447
            ],
            [
              -70.54296570988427,
              -32.82851750671447
            ],
            [
              -70.54296570988427,
              -32.828515974961235
            ],
            [
              -70.54296481302184,
              -32.828515974961235
            ],
            [
              -70.54296481302184,
              -32.828515209084614
            ]
          ],
          [
            [
              -70.54224194189648,
              -32.82852057022093
            ],
            [
              -70.54223925130917,
              -32.82852057022093
            ],
            [
              -70.54223925130917,
              -32.828522101974166
            ],
            [
              -70.54224194189648,
              -32.828522101974166
            ],
            [
              -70.54224194189648,
              -32.82852057022093
            ]
          ],
          [
            [
              -70.5425970994221,
              -32.828524399604014
            ],
            [
              -70.54259440883477,
              -32.828524399604014
            ],
            [
              -70.54259440883477,
              -32.82852593135725
            ],
            [
              -70.5425970994221,
              -32.82852593135725
            ],
            [
              -70.5425970994221,
              -32.828524399604014
            ]
          ],
          [
            [
              -70.54247153868072,
              -32.82852746311048
            ],
            [
              -70.54246974495584,
              -32.82852746311048
            ],
            [
              -70.54246974495584,
              -32.82852899486372
            ],
            [
              -70.54247153868072,
              -32.82852899486372
            ],
            [
              -70.54247153868072,
              -32.82852746311048
            ]
          ],
          [
            [
              -70.54252086611483,
              -32.82853359012342
            ],
            [
              -70.5425181755275,
              -32.82853359012342
            ],
            [
              -70.5425181755275,
              -32.82853588775327
            ],
            [
              -70.54251996925238,
              -32.82853588775327
            ],
            [
              -70.54251996925238,
              -32.82853512187665
            ],
            [
              -70.54252086611483,
              -32.82853512187665
            ],
            [
              -70.54252086611483,
              -32.82853359012342
            ]
          ],
          [
            [
              -70.54227243521939,
              -32.828541248889586
            ],
            [
              -70.54227064149451,
              -32.828541248889586
            ],
            [
              -70.54227064149451,
              -32.8285420147662
            ],
            [
              -70.54226974463207,
              -32.8285420147662
            ],
            [
              -70.54226974463207,
              -32.828543546519434
            ],
            [
              -70.54227153835694,
              -32.828543546519434
            ],
            [
              -70.54227153835694,
              -32.82854278064282
            ],
            [
              -70.54227243521939,
              -32.82854278064282
            ],
            [
              -70.54227243521939,
              -32.828541248889586
            ]
          ],
          [
            [
              -70.54250382572849,
              -32.82854507827267
            ],
            [
              -70.54250203200361,
              -32.82854507827267
            ],
            [
              -70.54250203200361,
              -32.82854737590252
            ],
            [
              -70.54250382572849,
              -32.82854737590252
            ],
            [
              -70.54250382572849,
              -32.82854507827267
            ]
          ],
          [
            [
              -70.54175225500511,
              -32.82854507827267
            ],
            [
              -70.54175046128023,
              -32.82854507827267
            ],
            [
              -70.54175046128023,
              -32.8285466100259
            ],
            [
              -70.54175225500511,
              -32.8285466100259
            ],
            [
              -70.54175225500511,
              -32.82854507827267
            ]
          ],
          [
            [
              -70.54160875701496,
              -32.82855426879207
            ],
            [
              -70.54160606642765,
              -32.82855426879207
            ],
            [
              -70.54160606642765,
              -32.8285558005453
            ],
            [
              -70.54160875701496,
              -32.8285558005453
            ],
            [
              -70.54160875701496,
              -32.82855426879207
            ]
          ],
          [
            [
              -70.54160786015252,
              -32.82855656642192
            ],
            [
              -70.54160606642765,
              -32.82855656642192
            ],
            [
              -70.54160606642765,
              -32.82855809817515
            ],
            [
              -70.54160786015252,
              -32.82855809817515
            ],
            [
              -70.54160786015252,
              -32.82855656642192
            ]
          ],
          [
            [
              -70.54161055073983,
              -32.82856192755824
            ],
            [
              -70.54160786015252,
              -32.82856192755824
            ],
            [
              -70.54160786015252,
              -32.82856422518809
            ],
            [
              -70.54160875701496,
              -32.82856422518809
            ],
            [
              -70.54160875701496,
              -32.8285649910647
            ],
            [
              -70.54161055073983,
              -32.8285649910647
            ],
            [
              -70.54161055073983,
              -32.82856192755824
            ]
          ],
          [
            [
              -70.54211817487997,
              -32.82856728869456
            ],
            [
              -70.5421163811551,
              -32.82856728869456
            ],
            [
              -70.5421163811551,
              -32.828568820447785
            ],
            [
              -70.54211817487997,
              -32.828568820447785
            ],
            [
              -70.54211817487997,
              -32.82856728869456
            ]
          ],
          [
            [
              -70.5420509101971,
              -32.82857801096719
            ],
            [
              -70.54204821960978,
              -32.82857801096719
            ],
            [
              -70.54204821960978,
              -32.82857954272042
            ],
            [
              -70.54204911647223,
              -32.82857954272042
            ],
            [
              -70.54204911647223,
              -32.82858030859704
            ],
            [
              -70.54205180705954,
              -32.82858030859704
            ],
            [
              -70.54205180705954,
              -32.828578776843806
            ],
            [
              -70.5420509101971,
              -32.828578776843806
            ],
            [
              -70.5420509101971,
              -32.82857801096719
            ]
          ],
          [
            [
              -70.54293790714868,
              -32.82858949911644
            ],
            [
              -70.54293521656138,
              -32.82858949911644
            ],
            [
              -70.54293521656138,
              -32.828591030869674
            ],
            [
              -70.54293790714868,
              -32.828591030869674
            ],
            [
              -70.54293790714868,
              -32.82858949911644
            ]
          ],
          [
            [
              -70.54284642717997,
              -32.82860481664878
            ],
            [
              -70.54284463345509,
              -32.82860481664878
            ],
            [
              -70.54284463345509,
              -32.82860634840201
            ],
            [
              -70.54284642717997,
              -32.82860634840201
            ],
            [
              -70.54284642717997,
              -32.82860481664878
            ]
          ],
          [
            [
              -70.54225987914525,
              -32.82860864603186
            ],
            [
              -70.54225808542037,
              -32.82860864603186
            ],
            [
              -70.54225808542037,
              -32.828610177785094
            ],
            [
              -70.54225987914525,
              -32.828610177785094
            ],
            [
              -70.54225987914525,
              -32.82860864603186
            ]
          ],
          [
            [
              -70.54203386981077,
              -32.828609411908474
            ],
            [
              -70.54203117922346,
              -32.828609411908474
            ],
            [
              -70.54203117922346,
              -32.82861094366171
            ],
            [
              -70.54203386981077,
              -32.82861094366171
            ],
            [
              -70.54203386981077,
              -32.828609411908474
            ]
          ],
          [
            [
              -70.54294597891064,
              -32.82861400716818
            ],
            [
              -70.54294418518576,
              -32.82861400716818
            ],
            [
              -70.54294418518576,
              -32.82861553892141
            ],
            [
              -70.54294597891064,
              -32.82861553892141
            ],
            [
              -70.54294597891064,
              -32.82861400716818
            ]
          ],
          [
            [
              -70.54265898293033,
              -32.82862013418111
            ],
            [
              -70.54265629234303,
              -32.82862013418111
            ],
            [
              -70.54265629234303,
              -32.82862243181096
            ],
            [
              -70.54265898293033,
              -32.82862243181096
            ],
            [
              -70.54265898293033,
              -32.82862013418111
            ]
          ],
          [
            [
              -70.54300337810669,
              -32.828626261194046
            ],
            [
              -70.54300158438181,
              -32.828626261194046
            ],
            [
              -70.54300158438181,
              -32.828628558823894
            ],
            [
              -70.54300337810669,
              -32.828628558823894
            ],
            [
              -70.54300337810669,
              -32.828626261194046
            ]
          ],
          [
            [
              -70.54279082170879,
              -32.82863162233036
            ],
            [
              -70.54278902798391,
              -32.82863162233036
            ],
            [
              -70.54278902798391,
              -32.8286331540836
            ],
            [
              -70.54279082170879,
              -32.8286331540836
            ],
            [
              -70.54279082170879,
              -32.82863162233036
            ]
          ],
          [
            [
              -70.54184821928602,
              -32.828638515219914
            ],
            [
              -70.54184642556115,
              -32.828638515219914
            ],
            [
              -70.54184642556115,
              -32.82864004697315
            ],
            [
              -70.54184821928602,
              -32.82864004697315
            ],
            [
              -70.54184821928602,
              -32.828638515219914
            ]
          ],
          [
            [
              -70.54188678437087,
              -32.828654598628866
            ],
            [
              -70.541884990646,
              -32.828654598628866
            ],
            [
              -70.541884990646,
              -32.8286561303821
            ],
            [
              -70.54188678437087,
              -32.8286561303821
            ],
            [
              -70.54188678437087,
              -32.828654598628866
            ]
          ],
          [
            [
              -70.54278274994684,
              -32.82867987255722
            ],
            [
              -70.54278095622196,
              -32.82867987255722
            ],
            [
              -70.54278095622196,
              -32.82868140431045
            ],
            [
              -70.54278274994684,
              -32.82868140431045
            ],
            [
              -70.54278274994684,
              -32.82867987255722
            ]
          ],
          [
            [
              -70.54246526064364,
              -32.82870361473233
            ],
            [
              -70.54246346691876,
              -32.82870361473233
            ],
            [
              -70.54246346691876,
              -32.82870514648557
            ],
            [
              -70.54246526064364,
              -32.82870514648557
            ],
            [
              -70.54246526064364,
              -32.82870361473233
            ]
          ],
          [
            [
              -70.54186346594747,
              -32.828704380608954
            ],
            [
              -70.5418616722226,
              -32.828704380608954
            ],
            [
              -70.5418616722226,
              -32.8287066782388
            ],
            [
              -70.5418643628099,
              -32.8287066782388
            ],
            [
              -70.5418643628099,
              -32.82870514648557
            ],
            [
              -70.54186346594747,
              -32.82870514648557
            ],
            [
              -70.54186346594747,
              -32.828704380608954
            ]
          ],
          [
            [
              -70.54275494721125,
              -32.82871433700497
            ],
            [
              -70.54275315348637,
              -32.82871433700497
            ],
            [
              -70.54275315348637,
              -32.8287158687582
            ],
            [
              -70.54275494721125,
              -32.8287158687582
            ],
            [
              -70.54275494721125,
              -32.82871433700497
            ]
          ],
          [
            [
              -70.54188319692112,
              -32.82872122989452
            ],
            [
              -70.54188140319624,
              -32.82872122989452
            ],
            [
              -70.54188140319624,
              -32.828722761647754
            ],
            [
              -70.54188319692112,
              -32.828722761647754
            ],
            [
              -70.54188319692112,
              -32.82872122989452
            ]
          ],
          [
            [
              -70.54298902830767,
              -32.82872812278407
            ],
            [
              -70.5429872345828,
              -32.82872812278407
            ],
            [
              -70.5429872345828,
              -32.82872888866069
            ],
            [
              -70.54298544085792,
              -32.82872888866069
            ],
            [
              -70.54298544085792,
              -32.82873042041392
            ],
            [
              -70.54298902830767,
              -32.82873042041392
            ],
            [
              -70.54298902830767,
              -32.82872812278407
            ]
          ],
          [
            [
              -70.54231100030424,
              -32.82873118629054
            ],
            [
              -70.54230920657936,
              -32.82873118629054
            ],
            [
              -70.54230920657936,
              -32.828732718043774
            ],
            [
              -70.54231100030424,
              -32.828732718043774
            ],
            [
              -70.54231100030424,
              -32.82873118629054
            ]
          ],
          [
            [
              -70.54300068751937,
              -32.82874344031641
            ],
            [
              -70.54299889379449,
              -32.82874344031641
            ],
            [
              -70.54299889379449,
              -32.82874497206964
            ],
            [
              -70.54300068751937,
              -32.82874497206964
            ],
            [
              -70.54300068751937,
              -32.82874344031641
            ]
          ],
          [
            [
              -70.54221055171114,
              -32.82878250002386
            ],
            [
              -70.54220786112381,
              -32.82878250002386
            ],
            [
              -70.54220786112381,
              -32.8287840317771
            ],
            [
              -70.54221055171114,
              -32.8287840317771
            ],
            [
              -70.54221055171114,
              -32.82878250002386
            ]
          ],
          [
            [
              -70.54282041816926,
              -32.82882615499101
            ],
            [
              -70.54281862444438,
              -32.82882615499101
            ],
            [
              -70.54281862444438,
              -32.82882768674425
            ],
            [
              -70.54282041816926,
              -32.82882768674425
            ],
            [
              -70.54282041816926,
              -32.82882615499101
            ]
          ],
          [
            [
              -70.54253252532652,
              -32.82887976635419
            ],
            [
              -70.54253073160164,
              -32.82887976635419
            ],
            [
              -70.54253073160164,
              -32.82888129810742
            ],
            [
              -70.54253252532652,
              -32.82888129810742
            ],
            [
              -70.54253252532652,
              -32.82887976635419
            ]
          ],
          [
            [
              -70.54264911744352,
              -32.82888206398404
            ],
            [
              -70.54264732371864,
              -32.82888206398404
            ],
            [
              -70.54264732371864,
              -32.828883595737274
            ],
            [
              -70.54264911744352,
              -32.828883595737274
            ],
            [
              -70.54264911744352,
              -32.82888206398404
            ]
          ],
          [
            [
              -70.54229754736767,
              -32.82899158434023
            ],
            [
              -70.54229575364279,
              -32.82899158434023
            ],
            [
              -70.54229575364279,
              -32.828993116093464
            ],
            [
              -70.54229754736767,
              -32.828993116093464
            ],
            [
              -70.54229754736767,
              -32.82899158434023
            ]
          ],
          [
            [
              -70.54229934109254,
              -32.82900154073625
            ],
            [
              -70.54229665050522,
              -32.82900154073625
            ],
            [
              -70.54229665050522,
              -32.829003072489485
            ],
            [
              -70.54229934109254,
              -32.829003072489485
            ],
            [
              -70.54229934109254,
              -32.82900154073625
            ]
          ],
          [
            [
              -70.54208050665757,
              -32.82927266105858
            ],
            [
              -70.54207781607025,
              -32.82927266105858
            ],
            [
              -70.54207781607025,
              -32.82927495868843
            ],
            [
              -70.54208050665757,
              -32.82927495868843
            ],
            [
              -70.54208050665757,
              -32.82927266105858
            ]
          ]
        ]
      }
    }
  ]
}
