{
  "type": "FeatureCollection",
  "name": "drone_outlines_j_contreras_20260121_rgb",
  "features": [
    {
      "type": "Feature",
      "properties": {
        "id_cuartel": "c00007",
        "nom_cuartel": "1",
        "cultivo": "Uva de mesa",
        "nom_predio": "Parcela 14",
        "propietario": "Juan Contreras",
        "superficie": "1.91006",
        "wetland_id": "j_contreras",
        "raster_key": "j_contreras_20260121_rgb",
        "fuente": "drone_webp_alpha"
      },
      "geometry": {
        "type": "Polygon",
        "coordinates": [
          [
            [
              -70.61656630354287,
              -32.74702347838382
            ],
            [
              -70.61656630354287,
              -32.74702426863373
            ],
            [
              -70.616566773135,
              -32.74702426863373
            ],
            [
              -70.616566773135,
              -32.74702584913356
            ],
            [
              -70.61656724272714,
              -32.74702584913356
            ],
            [
              -70.61656724272714,
              -32.74702742963339
            ],
            [
              -70.61656771231927,
              -32.74702742963339
            ],
            [
              -70.61656771231927,
              -32.74702901013322
            ],
            [
              -70.6165681819114,
              -32.74702901013322
            ],
            [
              -70.6165681819114,
              -32.74703059063305
            ],
            [
              -70.61656865150354,
              -32.74703059063305
            ],
            [
              -70.61656865150354,
              -32.74703217113288
            ],
            [
              -70.61656912109567,
              -32.74703217113288
            ],
            [
              -70.61656912109567,
              -32.747033751632706
            ],
            [
              -70.6165695906878,
              -32.747033751632706
            ],
            [
              -70.6165695906878,
              -32.74703533213254
            ],
            [
              -70.61657006027994,
              -32.74703533213254
            ],
            [
              -70.61657006027994,
              -32.747037307757324
            ],
            [
              -70.61657052987208,
              -32.747037307757324
            ],
            [
              -70.61657052987208,
              -32.74703888825716
            ],
            [
              -70.6165709994642,
              -32.74703888825716
            ],
            [
              -70.6165709994642,
              -32.747040468756985
            ],
            [
              -70.61657146905634,
              -32.747040468756985
            ],
            [
              -70.61657146905634,
              -32.74704204925681
            ],
            [
              -70.61657193864848,
              -32.74704204925681
            ],
            [
              -70.61657193864848,
              -32.74704362975665
            ],
            [
              -70.6165724082406,
              -32.74704362975665
            ],
            [
              -70.6165724082406,
              -32.74704521025647
            ],
            [
              -70.61657287783274,
              -32.74704521025647
            ],
            [
              -70.61657287783274,
              -32.74704679075631
            ],
            [
              -70.61657334742488,
              -32.74704679075631
            ],
            [
              -70.61657334742488,
              -32.747048371256135
            ],
            [
              -70.616573817017,
              -32.747048371256135
            ],
            [
              -70.616573817017,
              -32.74704995175596
            ],
            [
              -70.61657428660914,
              -32.74704995175596
            ],
            [
              -70.61657428660914,
              -32.747051532255796
            ],
            [
              -70.61657475620127,
              -32.747051532255796
            ],
            [
              -70.61657475620127,
              -32.74705311275562
            ],
            [
              -70.61657522579341,
              -32.74705311275562
            ],
            [
              -70.61657522579341,
              -32.74705469325546
            ],
            [
              -70.61657569538554,
              -32.74705469325546
            ],
            [
              -70.61657569538554,
              -32.747056273755284
            ],
            [
              -70.61657616497767,
              -32.747056273755284
            ],
            [
              -70.61657616497767,
              -32.74705785425511
            ],
            [
              -70.61657663456981,
              -32.74705785425511
            ],
            [
              -70.61657663456981,
              -32.7470598298799
            ],
            [
              -70.61657710416193,
              -32.7470598298799
            ],
            [
              -70.61657710416193,
              -32.74706141037973
            ],
            [
              -70.61657757375407,
              -32.74706141037973
            ],
            [
              -70.61657757375407,
              -32.74706299087956
            ],
            [
              -70.61657804334621,
              -32.74706299087956
            ],
            [
              -70.61657804334621,
              -32.74706457137939
            ],
            [
              -70.61657851293833,
              -32.74706457137939
            ],
            [
              -70.61657851293833,
              -32.747066151879224
            ],
            [
              -70.61657898253047,
              -32.747066151879224
            ],
            [
              -70.61657898253047,
              -32.74706773237905
            ],
            [
              -70.61657945212261,
              -32.74706773237905
            ],
            [
              -70.61657945212261,
              -32.74706931287888
            ],
            [
              -70.61657992171475,
              -32.74706931287888
            ],
            [
              -70.61657992171475,
              -32.74707089337871
            ],
            [
              -70.61658039130687,
              -32.74707089337871
            ],
            [
              -70.61658039130687,
              -32.74707247387854
            ],
            [
              -70.616580860899,
              -32.74707247387854
            ],
            [
              -70.616580860899,
              -32.74707405437837
            ],
            [
              -70.61658133049114,
              -32.74707405437837
            ],
            [
              -70.61658133049114,
              -32.7470756348782
            ],
            [
              -70.61658180008327,
              -32.7470756348782
            ],
            [
              -70.61658180008327,
              -32.74707721537803
            ],
            [
              -70.6165822696754,
              -32.74707721537803
            ],
            [
              -70.6165822696754,
              -32.74707879587786
            ],
            [
              -70.61658273926754,
              -32.74707879587786
            ],
            [
              -70.61658273926754,
              -32.74708037637769
            ],
            [
              -70.61658320885968,
              -32.74708037637769
            ],
            [
              -70.61658320885968,
              -32.74708195687752
            ],
            [
              -70.6165836784518,
              -32.74708195687752
            ],
            [
              -70.6165836784518,
              -32.747083932502306
            ],
            [
              -70.61658414804394,
              -32.747083932502306
            ],
            [
              -70.61658414804394,
              -32.74708551300213
            ],
            [
              -70.61658461763608,
              -32.74708551300213
            ],
            [
              -70.61658461763608,
              -32.74708709350197
            ],
            [
              -70.6165850872282,
              -32.74708709350197
            ],
            [
              -70.6165850872282,
              -32.747088674001795
            ],
            [
              -70.61658555682034,
              -32.747088674001795
            ],
            [
              -70.61658555682034,
              -32.74709025450163
            ],
            [
              -70.61658602641248,
              -32.74709025450163
            ],
            [
              -70.61658602641248,
              -32.747091835001456
            ],
            [
              -70.6165864960046,
              -32.747091835001456
            ],
            [
              -70.6165864960046,
              -32.74709341550128
            ],
            [
              -70.61658696559674,
              -32.74709341550128
            ],
            [
              -70.61658696559674,
              -32.74709499600112
            ],
            [
              -70.61658743518888,
              -32.74709499600112
            ],
            [
              -70.61658743518888,
              -32.747096576500944
            ],
            [
              -70.61658790478101,
              -32.747096576500944
            ],
            [
              -70.61658790478101,
              -32.74709815700078
            ],
            [
              -70.61658837437314,
              -32.74709815700078
            ],
            [
              -70.61658837437314,
              -32.747099737500605
            ],
            [
              -70.61658884396527,
              -32.747099737500605
            ],
            [
              -70.61658884396527,
              -32.74710131800043
            ],
            [
              -70.61658931355741,
              -32.74710131800043
            ],
            [
              -70.61658931355741,
              -32.747102898500266
            ],
            [
              -70.61658978314954,
              -32.747102898500266
            ],
            [
              -70.61658978314954,
              -32.74710447900009
            ],
            [
              -70.61659025274167,
              -32.74710447900009
            ],
            [
              -70.61659025274167,
              -32.74710605949993
            ],
            [
              -70.61659072233381,
              -32.74710605949993
            ],
            [
              -70.61659072233381,
              -32.74710803512471
            ],
            [
              -70.61659119192593,
              -32.74710803512471
            ],
            [
              -70.61659119192593,
              -32.747109615624545
            ],
            [
              -70.61659166151807,
              -32.747109615624545
            ],
            [
              -70.61659166151807,
              -32.74711119612437
            ],
            [
              -70.61659213111021,
              -32.74711119612437
            ],
            [
              -70.61659213111021,
              -32.7471127766242
            ],
            [
              -70.61659260070235,
              -32.7471127766242
            ],
            [
              -70.61659260070235,
              -32.74711435712403
            ],
            [
              -70.61659307029447,
              -32.74711435712403
            ],
            [
              -70.61659307029447,
              -32.74711593762386
            ],
            [
              -70.61659353988661,
              -32.74711593762386
            ],
            [
              -70.61659353988661,
              -32.747117518123694
            ],
            [
              -70.61659400947875,
              -32.747117518123694
            ],
            [
              -70.61659400947875,
              -32.74711909862352
            ],
            [
              -70.61659447907087,
              -32.74711909862352
            ],
            [
              -70.61659447907087,
              -32.74712067912335
            ],
            [
              -70.616594948663,
              -32.74712067912335
            ],
            [
              -70.616594948663,
              -32.74712225962318
            ],
            [
              -70.61659541825514,
              -32.74712225962318
            ],
            [
              -70.61659541825514,
              -32.74712384012301
            ],
            [
              -70.61659588784728,
              -32.74712384012301
            ],
            [
              -70.61659588784728,
              -32.747125420622844
            ],
            [
              -70.6165963574394,
              -32.747125420622844
            ],
            [
              -70.6165963574394,
              -32.74712700112267
            ],
            [
              -70.61659682703154,
              -32.74712700112267
            ],
            [
              -70.61659682703154,
              -32.7471285816225
            ],
            [
              -70.61659729662368,
              -32.7471285816225
            ],
            [
              -70.61659729662368,
              -32.74713055724729
            ],
            [
              -70.6165977662158,
              -32.74713055724729
            ],
            [
              -70.6165977662158,
              -32.747132137747116
            ],
            [
              -70.61659823580794,
              -32.747132137747116
            ],
            [
              -70.61659823580794,
              -32.74713371824695
            ],
            [
              -70.61659870540008,
              -32.74713371824695
            ],
            [
              -70.61659870540008,
              -32.74713529874678
            ],
            [
              -70.6165991749922,
              -32.74713529874678
            ],
            [
              -70.6165991749922,
              -32.747136879246604
            ],
            [
              -70.61659964458434,
              -32.747136879246604
            ],
            [
              -70.61659964458434,
              -32.74713845974644
            ],
            [
              -70.61660011417648,
              -32.74713845974644
            ],
            [
              -70.61660011417648,
              -32.747140040246265
            ],
            [
              -70.61660058376862,
              -32.747140040246265
            ],
            [
              -70.61660058376862,
              -32.7471416207461
            ],
            [
              -70.61660105336074,
              -32.7471416207461
            ],
            [
              -70.61660105336074,
              -32.747143201245926
            ],
            [
              -70.61660152295288,
              -32.747143201245926
            ],
            [
              -70.61660152295288,
              -32.74714478174575
            ],
            [
              -70.61660199254501,
              -32.74714478174575
            ],
            [
              -70.61660199254501,
              -32.74714636224559
            ],
            [
              -70.61660246213714,
              -32.74714636224559
            ],
            [
              -70.61660246213714,
              -32.747147942745414
            ],
            [
              -70.61660293172928,
              -32.747147942745414
            ],
            [
              -70.61660293172928,
              -32.74714952324525
            ],
            [
              -70.61660340132141,
              -32.74714952324525
            ],
            [
              -70.61660340132141,
              -32.747151103745075
            ],
            [
              -70.61660387091354,
              -32.747151103745075
            ],
            [
              -70.61660387091354,
              -32.7471526842449
            ],
            [
              -70.61660434050567,
              -32.7471526842449
            ],
            [
              -70.61660434050567,
              -32.74715465986969
            ],
            [
              -70.61660481009781,
              -32.74715465986969
            ],
            [
              -70.61660481009781,
              -32.74715624036952
            ],
            [
              -70.61660527968995,
              -32.74715624036952
            ],
            [
              -70.61660527968995,
              -32.747157820869354
            ],
            [
              -70.61660574928207,
              -32.747157820869354
            ],
            [
              -70.61660574928207,
              -32.74715940136918
            ],
            [
              -70.61660621887421,
              -32.74715940136918
            ],
            [
              -70.61660621887421,
              -32.747160981869015
            ],
            [
              -70.61660668846635,
              -32.747160981869015
            ],
            [
              -70.61660668846635,
              -32.74716256236884
            ],
            [
              -70.61660715805847,
              -32.74716256236884
            ],
            [
              -70.61660715805847,
              -32.74716414286867
            ],
            [
              -70.61660762765061,
              -32.74716414286867
            ],
            [
              -70.61660762765061,
              -32.747165723368504
            ],
            [
              -70.61660809724275,
              -32.747165723368504
            ],
            [
              -70.61660809724275,
              -32.74716730386833
            ],
            [
              -70.61660856683487,
              -32.74716730386833
            ],
            [
              -70.61660856683487,
              -32.747168884368165
            ],
            [
              -70.61660903642701,
              -32.747168884368165
            ],
            [
              -70.61660903642701,
              -32.74717046486799
            ],
            [
              -70.61660950601915,
              -32.74717046486799
            ],
            [
              -70.61660950601915,
              -32.74717204536782
            ],
            [
              -70.61660997561128,
              -32.74717204536782
            ],
            [
              -70.61660997561128,
              -32.74717362586765
            ],
            [
              -70.6166104452034,
              -32.74717362586765
            ],
            [
              -70.6166104452034,
              -32.74717520636748
            ],
            [
              -70.61661091479554,
              -32.74717520636748
            ],
            [
              -70.61661091479554,
              -32.747176786867314
            ],
            [
              -70.61661138438768,
              -32.747176786867314
            ],
            [
              -70.61661138438768,
              -32.7471787624921
            ],
            [
              -70.6166118539798,
              -32.7471787624921
            ],
            [
              -70.6166118539798,
              -32.747180342991925
            ],
            [
              -70.61661232357194,
              -32.747180342991925
            ],
            [
              -70.61661232357194,
              -32.74718192349176
            ],
            [
              -70.61661279316408,
              -32.74718192349176
            ],
            [
              -70.61661279316408,
              -32.747183503991586
            ],
            [
              -70.61661326275622,
              -32.747183503991586
            ],
            [
              -70.61661326275622,
              -32.74718508449142
            ],
            [
              -70.61661373234834,
              -32.74718508449142
            ],
            [
              -70.61661373234834,
              -32.74718666499125
            ],
            [
              -70.61661420194048,
              -32.74718666499125
            ],
            [
              -70.61661420194048,
              -32.747188245491074
            ],
            [
              -70.61661467153262,
              -32.747188245491074
            ],
            [
              -70.61661467153262,
              -32.74718982599091
            ],
            [
              -70.61661514112474,
              -32.74718982599091
            ],
            [
              -70.61661514112474,
              -32.747191406490735
            ],
            [
              -70.61661561071688,
              -32.747191406490735
            ],
            [
              -70.61661561071688,
              -32.74719298699057
            ],
            [
              -70.61661608030902,
              -32.74719298699057
            ],
            [
              -70.61661608030902,
              -32.747194567490396
            ],
            [
              -70.61661654990114,
              -32.747194567490396
            ],
            [
              -70.61661654990114,
              -32.74719614799022
            ],
            [
              -70.61661701949328,
              -32.74719614799022
            ],
            [
              -70.61661701949328,
              -32.74719772849006
            ],
            [
              -70.61661748908541,
              -32.74719772849006
            ],
            [
              -70.61661748908541,
              -32.747199308989885
            ],
            [
              -70.61661795867755,
              -32.747199308989885
            ],
            [
              -70.61661795867755,
              -32.747201284614675
            ],
            [
              -70.61661842826967,
              -32.747201284614675
            ],
            [
              -70.61661842826967,
              -32.7472028651145
            ],
            [
              -70.61661889786181,
              -32.7472028651145
            ],
            [
              -70.61661889786181,
              -32.74720444561434
            ],
            [
              -70.61661936745395,
              -32.74720444561434
            ],
            [
              -70.61661936745395,
              -32.74720602611416
            ],
            [
              -70.61661983704607,
              -32.74720602611416
            ],
            [
              -70.61661983704607,
              -32.74720760661399
            ],
            [
              -70.61662030663821,
              -32.74720760661399
            ],
            [
              -70.61662030663821,
              -32.747209187113825
            ],
            [
              -70.61662077623035,
              -32.747209187113825
            ],
            [
              -70.61662077623035,
              -32.74721076761365
            ],
            [
              -70.61662124582247,
              -32.74721076761365
            ],
            [
              -70.61662124582247,
              -32.747212348113486
            ],
            [
              -70.61662171541461,
              -32.747212348113486
            ],
            [
              -70.61662171541461,
              -32.74721392861331
            ],
            [
              -70.61662218500675,
              -32.74721392861331
            ],
            [
              -70.61662218500675,
              -32.74721550911314
            ],
            [
              -70.61662265459888,
              -32.74721550911314
            ],
            [
              -70.61662265459888,
              -32.747217089612974
            ],
            [
              -70.61662312419101,
              -32.747217089612974
            ],
            [
              -70.61662312419101,
              -32.7472186701128
            ],
            [
              -70.61662359378315,
              -32.7472186701128
            ],
            [
              -70.61662359378315,
              -32.747220250612635
            ],
            [
              -70.61662406337528,
              -32.747220250612635
            ],
            [
              -70.61662406337528,
              -32.74722183111246
            ],
            [
              -70.6166245329674,
              -32.74722183111246
            ],
            [
              -70.6166245329674,
              -32.74722341161229
            ],
            [
              -70.61662500255954,
              -32.74722341161229
            ],
            [
              -70.61662500255954,
              -32.74722538723708
            ],
            [
              -70.61662547215168,
              -32.74722538723708
            ],
            [
              -70.61662547215168,
              -32.74722696773691
            ],
            [
              -70.6166259417438,
              -32.74722696773691
            ],
            [
              -70.6166259417438,
              -32.74722854823674
            ],
            [
              -70.61662641133594,
              -32.74722854823674
            ],
            [
              -70.61662641133594,
              -32.74723012873657
            ],
            [
              -70.61662688092808,
              -32.74723012873657
            ],
            [
              -70.61662688092808,
              -32.747231709236395
            ],
            [
              -70.61662735052022,
              -32.747231709236395
            ],
            [
              -70.61662735052022,
              -32.74723328973623
            ],
            [
              -70.61662782011234,
              -32.74723328973623
            ],
            [
              -70.61662782011234,
              -32.747234870236056
            ],
            [
              -70.61662828970448,
              -32.747234870236056
            ],
            [
              -70.61662828970448,
              -32.74723645073589
            ],
            [
              -70.61662875929662,
              -32.74723645073589
            ],
            [
              -70.61662875929662,
              -32.74723803123572
            ],
            [
              -70.61662922888874,
              -32.74723803123572
            ],
            [
              -70.61662922888874,
              -32.747239611735544
            ],
            [
              -70.61662969848088,
              -32.747239611735544
            ],
            [
              -70.61662969848088,
              -32.74724119223538
            ],
            [
              -70.61663016807302,
              -32.74724119223538
            ],
            [
              -70.61663016807302,
              -32.747242772735206
            ],
            [
              -70.61663063766515,
              -32.747242772735206
            ],
            [
              -70.61663063766515,
              -32.74724435323504
            ],
            [
              -70.61663110725728,
              -32.74724435323504
            ],
            [
              -70.61663110725728,
              -32.74724593373487
            ],
            [
              -70.61663157684941,
              -32.74724593373487
            ],
            [
              -70.61663157684941,
              -32.747247514234694
            ],
            [
              -70.61663204644155,
              -32.747247514234694
            ],
            [
              -70.61663204644155,
              -32.747249489859485
            ],
            [
              -70.61663251603368,
              -32.747249489859485
            ],
            [
              -70.61663251603368,
              -32.74725107035931
            ],
            [
              -70.61663298562581,
              -32.74725107035931
            ],
            [
              -70.61663298562581,
              -32.747252650859146
            ],
            [
              -70.61663345521795,
              -32.747252650859146
            ],
            [
              -70.61663345521795,
              -32.74725423135897
            ],
            [
              -70.61663392481007,
              -32.74725423135897
            ],
            [
              -70.61663392481007,
              -32.74725581185881
            ],
            [
              -70.61663439440221,
              -32.74725581185881
            ],
            [
              -70.61663439440221,
              -32.747257392358634
            ],
            [
              -70.61663486399435,
              -32.747257392358634
            ],
            [
              -70.61663486399435,
              -32.74725897285846
            ],
            [
              -70.61663533358649,
              -32.74725897285846
            ],
            [
              -70.61663533358649,
              -32.747260553358295
            ],
            [
              -70.61663580317861,
              -32.747260553358295
            ],
            [
              -70.61663580317861,
              -32.74726213385812
            ],
            [
              -70.61663627277075,
              -32.74726213385812
            ],
            [
              -70.61663627277075,
              -32.747263714357956
            ],
            [
              -70.61663674236289,
              -32.747263714357956
            ],
            [
              -70.61663674236289,
              -32.74726529485778
            ],
            [
              -70.61663721195501,
              -32.74726529485778
            ],
            [
              -70.61663721195501,
              -32.74726687535761
            ],
            [
              -70.61663768154715,
              -32.74726687535761
            ],
            [
              -70.61663768154715,
              -32.747268455857444
            ],
            [
              -70.61663815113928,
              -32.747268455857444
            ],
            [
              -70.61663815113928,
              -32.74727003635727
            ],
            [
              -70.61663862073141,
              -32.74727003635727
            ],
            [
              -70.61663862073141,
              -32.74727201198206
            ],
            [
              -70.61663909032355,
              -32.74727201198206
            ],
            [
              -70.61663909032355,
              -32.74727359248189
            ],
            [
              -70.61663955991568,
              -32.74727359248189
            ],
            [
              -70.61663955991568,
              -32.747275172981716
            ],
            [
              -70.61664002950782,
              -32.747275172981716
            ],
            [
              -70.61664002950782,
              -32.74727675348155
            ],
            [
              -70.61664049909994,
              -32.74727675348155
            ],
            [
              -70.61664049909994,
              -32.74727833398138
            ],
            [
              -70.61664096869208,
              -32.74727833398138
            ],
            [
              -70.61664096869208,
              -32.74727991448121
            ],
            [
              -70.61664143828422,
              -32.74727991448121
            ],
            [
              -70.61664143828422,
              -32.74728149498104
            ],
            [
              -70.61664190787634,
              -32.74728149498104
            ],
            [
              -70.61664190787634,
              -32.747283075480865
            ],
            [
              -70.61664237746848,
              -32.747283075480865
            ],
            [
              -70.61664237746848,
              -32.7472846559807
            ],
            [
              -70.61664284706062,
              -32.7472846559807
            ],
            [
              -70.61664284706062,
              -32.74728623648053
            ],
            [
              -70.61664331665274,
              -32.74728623648053
            ],
            [
              -70.61664331665274,
              -32.74728781698036
            ],
            [
              -70.61664378624488,
              -32.74728781698036
            ],
            [
              -70.61664378624488,
              -32.74728939748019
            ],
            [
              -70.61664425583702,
              -32.74728939748019
            ],
            [
              -70.61664425583702,
              -32.747290977980015
            ],
            [
              -70.61664472542915,
              -32.747290977980015
            ],
            [
              -70.61664472542915,
              -32.74729255847985
            ],
            [
              -70.61664519502128,
              -32.74729255847985
            ],
            [
              -70.61664519502128,
              -32.747294138979676
            ],
            [
              -70.61664566461342,
              -32.747294138979676
            ],
            [
              -70.61664566461342,
              -32.74729611460447
            ],
            [
              -70.61664613420555,
              -32.74729611460447
            ],
            [
              -70.61664613420555,
              -32.747297695104294
            ],
            [
              -70.61664660379768,
              -32.747297695104294
            ],
            [
              -70.61664660379768,
              -32.74729927560412
            ],
            [
              -70.61664707338981,
              -32.74729927560412
            ],
            [
              -70.61664707338981,
              -32.747300856103955
            ],
            [
              -70.61664754298195,
              -32.747300856103955
            ],
            [
              -70.61664754298195,
              -32.74730243660378
            ],
            [
              -70.61664801257409,
              -32.74730243660378
            ],
            [
              -70.61664801257409,
              -32.747304017103616
            ],
            [
              -70.61664848216621,
              -32.747304017103616
            ],
            [
              -70.61664848216621,
              -32.74730559760344
            ],
            [
              -70.61664895175835,
              -32.74730559760344
            ],
            [
              -70.61664895175835,
              -32.74730717810327
            ],
            [
              -70.61664942135049,
              -32.74730717810327
            ],
            [
              -70.61664942135049,
              -32.747308758603104
            ],
            [
              -70.61664989094261,
              -32.747308758603104
            ],
            [
              -70.61664989094261,
              -32.74731033910293
            ],
            [
              -70.61665036053475,
              -32.74731033910293
            ],
            [
              -70.61665036053475,
              -32.747311919602765
            ],
            [
              -70.61665083012689,
              -32.747311919602765
            ],
            [
              -70.61665083012689,
              -32.74731350010259
            ],
            [
              -70.61665129971901,
              -32.74731350010259
            ],
            [
              -70.61665129971901,
              -32.74731508060242
            ],
            [
              -70.61665176931115,
              -32.74731508060242
            ],
            [
              -70.61665176931115,
              -32.74731666110225
            ],
            [
              -70.61665223890328,
              -32.74731666110225
            ],
            [
              -70.61665223890328,
              -32.74731824160208
            ],
            [
              -70.61665270849542,
              -32.74731824160208
            ],
            [
              -70.61665270849542,
              -32.74732021722687
            ],
            [
              -70.61665317808755,
              -32.74732021722687
            ],
            [
              -70.61665317808755,
              -32.7473217977267
            ],
            [
              -70.61665364767968,
              -32.7473217977267
            ],
            [
              -70.61665364767968,
              -32.74732337822653
            ],
            [
              -70.61665411727182,
              -32.74732337822653
            ],
            [
              -70.61665411727182,
              -32.74732495872636
            ],
            [
              -70.61665458686394,
              -32.74732495872636
            ],
            [
              -70.61665458686394,
              -32.74732653922619
            ],
            [
              -70.61665505645608,
              -32.74732653922619
            ],
            [
              -70.61665505645608,
              -32.74732811972602
            ],
            [
              -70.61665552604822,
              -32.74732811972602
            ],
            [
              -70.61665552604822,
              -32.74732970022585
            ],
            [
              -70.61665599564034,
              -32.74732970022585
            ],
            [
              -70.61665599564034,
              -32.74733128072568
            ],
            [
              -70.61665646523248,
              -32.74733128072568
            ],
            [
              -70.61665646523248,
              -32.74733286122551
            ],
            [
              -70.61665693482462,
              -32.74733286122551
            ],
            [
              -70.61665693482462,
              -32.747334441725336
            ],
            [
              -70.61665740441676,
              -32.747334441725336
            ],
            [
              -70.61665740441676,
              -32.74733602222517
            ],
            [
              -70.61665787400888,
              -32.74733602222517
            ],
            [
              -70.61665787400888,
              -32.747337602725
            ],
            [
              -70.61665834360102,
              -32.747337602725
            ],
            [
              -70.61665834360102,
              -32.74733918322483
            ],
            [
              -70.61665881319315,
              -32.74733918322483
            ],
            [
              -70.61665881319315,
              -32.74734076372466
            ],
            [
              -70.61665928278528,
              -32.74734076372466
            ],
            [
              -70.61665928278528,
              -32.747342344224485
            ],
            [
              -70.61665975237742,
              -32.747342344224485
            ],
            [
              -70.61665975237742,
              -32.747344319849276
            ],
            [
              -70.61666022196955,
              -32.747344319849276
            ],
            [
              -70.61666022196955,
              -32.7473459003491
            ],
            [
              -70.61666069156169,
              -32.7473459003491
            ],
            [
              -70.61666069156169,
              -32.74734748084894
            ],
            [
              -70.61666116115381,
              -32.74734748084894
            ],
            [
              -70.61666116115381,
              -32.747349061348764
            ],
            [
              -70.61666163074595,
              -32.747349061348764
            ],
            [
              -70.61666163074595,
              -32.74735064184859
            ],
            [
              -70.61666210033809,
              -32.74735064184859
            ],
            [
              -70.61666210033809,
              -32.747352222348425
            ],
            [
              -70.61666256993021,
              -32.747352222348425
            ],
            [
              -70.61666256993021,
              -32.74735380284825
            ],
            [
              -70.61666303952235,
              -32.74735380284825
            ],
            [
              -70.61666303952235,
              -32.747355383348086
            ],
            [
              -70.61666350911449,
              -32.747355383348086
            ],
            [
              -70.61666350911449,
              -32.74735696384791
            ],
            [
              -70.61666397870661,
              -32.74735696384791
            ],
            [
              -70.61666397870661,
              -32.74735854434774
            ],
            [
              -70.61666444829875,
              -32.74735854434774
            ],
            [
              -70.61666444829875,
              -32.747360124847575
            ],
            [
              -70.61666491789089,
              -32.747360124847575
            ],
            [
              -70.61666491789089,
              -32.7473617053474
            ],
            [
              -70.61666538748302,
              -32.7473617053474
            ],
            [
              -70.61666538748302,
              -32.747363285847236
            ],
            [
              -70.61666585707515,
              -32.747363285847236
            ],
            [
              -70.61666585707515,
              -32.74736486634706
            ],
            [
              -70.61666632666729,
              -32.74736486634706
            ],
            [
              -70.61666632666729,
              -32.74736684197185
            ],
            [
              -70.61666679625942,
              -32.74736684197185
            ],
            [
              -70.61666679625942,
              -32.74736842247168
            ],
            [
              -70.61666726585155,
              -32.74736842247168
            ],
            [
              -70.61666726585155,
              -32.74737000297151
            ],
            [
              -70.61666773544368,
              -32.74737000297151
            ],
            [
              -70.61666773544368,
              -32.74737158347134
            ],
            [
              -70.61666820503582,
              -32.74737158347134
            ],
            [
              -70.61666820503582,
              -32.74737316397117
            ],
            [
              -70.61666867462795,
              -32.74737316397117
            ],
            [
              -70.61666867462795,
              -32.747374744471
            ],
            [
              -70.61666914422008,
              -32.747374744471
            ],
            [
              -70.61666914422008,
              -32.74737632497083
            ],
            [
              -70.61666961381222,
              -32.74737632497083
            ],
            [
              -70.61666961381222,
              -32.74737790547066
            ],
            [
              -70.61667008340436,
              -32.74737790547066
            ],
            [
              -70.61667008340436,
              -32.74737948597049
            ],
            [
              -70.61667055299648,
              -32.74737948597049
            ],
            [
              -70.61667055299648,
              -32.74738106647032
            ],
            [
              -70.61667102258862,
              -32.74738106647032
            ],
            [
              -70.61667102258862,
              -32.74738264697015
            ],
            [
              -70.61667149218076,
              -32.74738264697015
            ],
            [
              -70.61667149218076,
              -32.74738422746998
            ],
            [
              -70.61667196177288,
              -32.74738422746998
            ],
            [
              -70.61667196177288,
              -32.747385807969806
            ],
            [
              -70.61667243136502,
              -32.747385807969806
            ],
            [
              -70.61667243136502,
              -32.74738738846964
            ],
            [
              -70.61667290095716,
              -32.74738738846964
            ],
            [
              -70.61667290095716,
              -32.74738896896947
            ],
            [
              -70.61667337054928,
              -32.74738896896947
            ],
            [
              -70.61667337054928,
              -32.74739094459426
            ],
            [
              -70.61667384014142,
              -32.74739094459426
            ],
            [
              -70.61667384014142,
              -32.747392525094085
            ],
            [
              -70.61667430973355,
              -32.747392525094085
            ],
            [
              -70.61667430973355,
              -32.74739410559391
            ],
            [
              -70.61667477932569,
              -32.74739410559391
            ],
            [
              -70.61667477932569,
              -32.747395686093746
            ],
            [
              -70.61667524891782,
              -32.747395686093746
            ],
            [
              -70.61667524891782,
              -32.74739726659357
            ],
            [
              -70.61667571850995,
              -32.74739726659357
            ],
            [
              -70.61667571850995,
              -32.74739884709341
            ],
            [
              -70.61667618810209,
              -32.74739884709341
            ],
            [
              -70.61667618810209,
              -32.747400427593234
            ],
            [
              -70.61667665769421,
              -32.747400427593234
            ],
            [
              -70.61667665769421,
              -32.74740200809306
            ],
            [
              -70.61667712728635,
              -32.74740200809306
            ],
            [
              -70.61667712728635,
              -32.747403588592896
            ],
            [
              -70.61667759687849,
              -32.747403588592896
            ],
            [
              -70.61667759687849,
              -32.74740516909272
            ],
            [
              -70.61667806647063,
              -32.74740516909272
            ],
            [
              -70.61667806647063,
              -32.74740674959256
            ],
            [
              -70.61667853606275,
              -32.74740674959256
            ],
            [
              -70.61667853606275,
              -32.747408330092384
            ],
            [
              -70.61667900565489,
              -32.747408330092384
            ],
            [
              -70.61667900565489,
              -32.74740991059221
            ],
            [
              -70.61667947524703,
              -32.74740991059221
            ],
            [
              -70.61667947524703,
              -32.747411491092045
            ],
            [
              -70.61667994483915,
              -32.747411491092045
            ],
            [
              -70.61667994483915,
              -32.74741307159187
            ],
            [
              -70.61668041443129,
              -32.74741307159187
            ],
            [
              -70.61668041443129,
              -32.74741504721666
            ],
            [
              -70.61668088402342,
              -32.74741504721666
            ],
            [
              -70.61668088402342,
              -32.74741662771649
            ],
            [
              -70.61668135361555,
              -32.74741662771649
            ],
            [
              -70.61668135361555,
              -32.747418208216324
            ],
            [
              -70.61668182320768,
              -32.747418208216324
            ],
            [
              -70.61668182320768,
              -32.74741978871615
            ],
            [
              -70.61668229279982,
              -32.74741978871615
            ],
            [
              -70.61668229279982,
              -32.74742136921598
            ],
            [
              -70.61668276239196,
              -32.74742136921598
            ],
            [
              -70.61668276239196,
              -32.74742294971581
            ],
            [
              -70.61668323198408,
              -32.74742294971581
            ],
            [
              -70.61668323198408,
              -32.74742453021564
            ],
            [
              -70.61668370157622,
              -32.74742453021564
            ],
            [
              -70.61668370157622,
              -32.74742611071547
            ],
            [
              -70.61668417116836,
              -32.74742611071547
            ],
            [
              -70.61668417116836,
              -32.7474276912153
            ],
            [
              -70.61668464076048,
              -32.7474276912153
            ],
            [
              -70.61668464076048,
              -32.74742927171513
            ],
            [
              -70.61668511035262,
              -32.74742927171513
            ],
            [
              -70.61668511035262,
              -32.74743085221496
            ],
            [
              -70.61668557994476,
              -32.74743085221496
            ],
            [
              -70.61668557994476,
              -32.74743243271479
            ],
            [
              -70.61668604953688,
              -32.74743243271479
            ],
            [
              -70.61668604953688,
              -32.74743401321462
            ],
            [
              -70.61668651912902,
              -32.74743401321462
            ],
            [
              -70.61668651912902,
              -32.74743559371445
            ],
            [
              -70.61668698872116,
              -32.74743559371445
            ],
            [
              -70.61668698872116,
              -32.74743756933923
            ],
            [
              -70.6166874583133,
              -32.74743756933923
            ],
            [
              -70.6166874583133,
              -32.74743914983907
            ],
            [
              -70.61668792790542,
              -32.74743914983907
            ],
            [
              -70.61668792790542,
              -32.747440730338894
            ],
            [
              -70.61668839749755,
              -32.747440730338894
            ],
            [
              -70.61668839749755,
              -32.74744231083873
            ],
            [
              -70.61668886708969,
              -32.74744231083873
            ],
            [
              -70.61668886708969,
              -32.747443891338555
            ],
            [
              -70.61668933668182,
              -32.747443891338555
            ],
            [
              -70.61668933668182,
              -32.74744547183838
            ],
            [
              -70.61668980627395,
              -32.74744547183838
            ],
            [
              -70.61668980627395,
              -32.74744705233822
            ],
            [
              -70.61669027586609,
              -32.74744705233822
            ],
            [
              -70.61669027586609,
              -32.747448632838044
            ],
            [
              -70.61669074545821,
              -32.747448632838044
            ],
            [
              -70.61669074545821,
              -32.74745021333788
            ],
            [
              -70.61669121505035,
              -32.74745021333788
            ],
            [
              -70.61669121505035,
              -32.747451793837705
            ],
            [
              -70.61669168464249,
              -32.747451793837705
            ],
            [
              -70.61669168464249,
              -32.74745337433753
            ],
            [
              -70.61669215423463,
              -32.74745337433753
            ],
            [
              -70.61669215423463,
              -32.747454954837366
            ],
            [
              -70.61669262382675,
              -32.747454954837366
            ],
            [
              -70.61669262382675,
              -32.74745653533719
            ],
            [
              -70.61669309341889,
              -32.74745653533719
            ],
            [
              -70.61669309341889,
              -32.74745811583703
            ],
            [
              -70.61669356301103,
              -32.74745811583703
            ],
            [
              -70.61669356301103,
              -32.747459696336854
            ],
            [
              -70.61669403260315,
              -32.747459696336854
            ],
            [
              -70.61669403260315,
              -32.747461671961645
            ],
            [
              -70.61669450219529,
              -32.747461671961645
            ],
            [
              -70.61669450219529,
              -32.74746325246147
            ],
            [
              -70.61669497178742,
              -32.74746325246147
            ],
            [
              -70.61669497178742,
              -32.7474648329613
            ],
            [
              -70.61669544137956,
              -32.7474648329613
            ],
            [
              -70.61669544137956,
              -32.74746641346113
            ],
            [
              -70.61669591097169,
              -32.74746641346113
            ],
            [
              -70.61669591097169,
              -32.74746799396096
            ],
            [
              -70.61669638056382,
              -32.74746799396096
            ],
            [
              -70.61669638056382,
              -32.747469574460794
            ],
            [
              -70.61669685015596,
              -32.747469574460794
            ],
            [
              -70.61669685015596,
              -32.74747115496062
            ],
            [
              -70.61669731974808,
              -32.74747115496062
            ],
            [
              -70.61669731974808,
              -32.74747273546045
            ],
            [
              -70.61669778934022,
              -32.74747273546045
            ],
            [
              -70.61669778934022,
              -32.74747431596028
            ],
            [
              -70.61669825893236,
              -32.74747431596028
            ],
            [
              -70.61669825893236,
              -32.74747589646011
            ],
            [
              -70.61669872852448,
              -32.74747589646011
            ],
            [
              -70.61669872852448,
              -32.74747747695994
            ],
            [
              -70.61669919811662,
              -32.74747747695994
            ],
            [
              -70.61669919811662,
              -32.74747905745977
            ],
            [
              -70.61669966770876,
              -32.74747905745977
            ],
            [
              -70.61669966770876,
              -32.7474806379596
            ],
            [
              -70.6167001373009,
              -32.7474806379596
            ],
            [
              -70.6167001373009,
              -32.74748221845943
            ],
            [
              -70.61670060689302,
              -32.74748221845943
            ],
            [
              -70.61670060689302,
              -32.74748379895926
            ],
            [
              -70.61670107648516,
              -32.74748379895926
            ],
            [
              -70.61670107648516,
              -32.74748577458405
            ],
            [
              -70.6167015460773,
              -32.74748577458405
            ],
            [
              -70.6167015460773,
              -32.74748735508388
            ],
            [
              -70.61670201566942,
              -32.74748735508388
            ],
            [
              -70.61670201566942,
              -32.7474889355837
            ],
            [
              -70.61670248526156,
              -32.7474889355837
            ],
            [
              -70.61670248526156,
              -32.74749051608354
            ],
            [
              -70.6167029548537,
              -32.74749051608354
            ],
            [
              -70.6167029548537,
              -32.747492096583365
            ],
            [
              -70.61670342444582,
              -32.747492096583365
            ],
            [
              -70.61670342444582,
              -32.7474936770832
            ],
            [
              -70.61670389403795,
              -32.7474936770832
            ],
            [
              -70.61670389403795,
              -32.747495257583026
            ],
            [
              -70.61670436363009,
              -32.747495257583026
            ],
            [
              -70.61670436363009,
              -32.74749683808285
            ],
            [
              -70.61670483322223,
              -32.74749683808285
            ],
            [
              -70.61670483322223,
              -32.74749841858269
            ],
            [
              -70.61670530281435,
              -32.74749841858269
            ],
            [
              -70.61670530281435,
              -32.747499999082514
            ],
            [
              -70.61670577240649,
              -32.747499999082514
            ],
            [
              -70.61670577240649,
              -32.74750157958235
            ],
            [
              -70.61670624199863,
              -32.74750157958235
            ],
            [
              -70.61670624199863,
              -32.747503160082175
            ],
            [
              -70.61670671159075,
              -32.747503160082175
            ],
            [
              -70.61670671159075,
              -32.747504740582
            ],
            [
              -70.61670718118289,
              -32.747504740582
            ],
            [
              -70.61670718118289,
              -32.747506321081836
            ],
            [
              -70.61670765077503,
              -32.747506321081836
            ],
            [
              -70.61670765077503,
              -32.74750829670662
            ],
            [
              -70.61670812036715,
              -32.74750829670662
            ],
            [
              -70.61670812036715,
              -32.747509877206454
            ],
            [
              -70.61670858995929,
              -32.747509877206454
            ],
            [
              -70.61670858995929,
              -32.74751145770628
            ],
            [
              -70.61670905955143,
              -32.74751145770628
            ],
            [
              -70.61670905955143,
              -32.747513038206115
            ],
            [
              -70.61670952914356,
              -32.747513038206115
            ],
            [
              -70.61670952914356,
              -32.74751461870594
            ],
            [
              -70.61670999873569,
              -32.74751461870594
            ],
            [
              -70.61670999873569,
              -32.74751619920577
            ],
            [
              -70.61671046832782,
              -32.74751619920577
            ],
            [
              -70.61671046832782,
              -32.7475177797056
            ],
            [
              -70.61671093791996,
              -32.7475177797056
            ],
            [
              -70.61671093791996,
              -32.74751936020543
            ],
            [
              -70.61671140751208,
              -32.74751936020543
            ],
            [
              -70.61671140751208,
              -32.747520940705265
            ],
            [
              -70.61671187710422,
              -32.747520940705265
            ],
            [
              -70.61671187710422,
              -32.74752252120509
            ],
            [
              -70.61671234669636,
              -32.74752252120509
            ],
            [
              -70.61671234669636,
              -32.74752410170492
            ],
            [
              -70.6167128162885,
              -32.74752410170492
            ],
            [
              -70.6167128162885,
              -32.74752568220475
            ],
            [
              -70.61671328588062,
              -32.74752568220475
            ],
            [
              -70.61671328588062,
              -32.74752726270458
            ],
            [
              -70.61671375547276,
              -32.74752726270458
            ],
            [
              -70.61671375547276,
              -32.747528843204414
            ],
            [
              -70.6167142250649,
              -32.747528843204414
            ],
            [
              -70.6167142250649,
              -32.74753042370424
            ],
            [
              -70.61671469465702,
              -32.74753042370424
            ],
            [
              -70.61671469465702,
              -32.747532399329025
            ],
            [
              -70.61671516424916,
              -32.747532399329025
            ],
            [
              -70.61671516424916,
              -32.74753397982886
            ],
            [
              -70.6167156338413,
              -32.74753397982886
            ],
            [
              -70.6167156338413,
              -32.747535560328686
            ],
            [
              -70.61671610343342,
              -32.747535560328686
            ],
            [
              -70.61671610343342,
              -32.74753714082852
            ],
            [
              -70.61671657302556,
              -32.74753714082852
            ],
            [
              -70.61671657302556,
              -32.74753872132835
            ],
            [
              -70.6167170426177,
              -32.74753872132835
            ],
            [
              -70.6167170426177,
              -32.747540301828174
            ],
            [
              -70.61671751220983,
              -32.747540301828174
            ],
            [
              -70.61671751220983,
              -32.74754188232801
            ],
            [
              -70.61671798180195,
              -32.74754188232801
            ],
            [
              -70.61671798180195,
              -32.747543462827835
            ],
            [
              -70.61671845139409,
              -32.747543462827835
            ],
            [
              -70.61671845139409,
              -32.74754504332767
            ],
            [
              -70.61671892098623,
              -32.74754504332767
            ],
            [
              -70.61671892098623,
              -32.747546623827496
            ],
            [
              -70.61671939057835,
              -32.747546623827496
            ],
            [
              -70.61671939057835,
              -32.74754820432732
            ],
            [
              -70.61671986017049,
              -32.74754820432732
            ],
            [
              -70.61671986017049,
              -32.74754978482716
            ],
            [
              -70.61672032976263,
              -32.74754978482716
            ],
            [
              -70.61672032976263,
              -32.747551365326984
            ],
            [
              -70.61672079935475,
              -32.747551365326984
            ],
            [
              -70.61672079935475,
              -32.74755294582682
            ],
            [
              -70.61672126894689,
              -32.74755294582682
            ],
            [
              -70.61672126894689,
              -32.747554526326645
            ],
            [
              -70.61672173853903,
              -32.747554526326645
            ],
            [
              -70.61672173853903,
              -32.74755650195143
            ],
            [
              -70.61672220813116,
              -32.74755650195143
            ],
            [
              -70.61672220813116,
              -32.74755808245126
            ],
            [
              -70.61672267772329,
              -32.74755808245126
            ],
            [
              -70.61672267772329,
              -32.74755966295109
            ],
            [
              -70.61672314731543,
              -32.74755966295109
            ],
            [
              -70.61672314731543,
              -32.747561243450924
            ],
            [
              -70.61672361690756,
              -32.747561243450924
            ],
            [
              -70.61672361690756,
              -32.74756282395075
            ],
            [
              -70.61672408649969,
              -32.74756282395075
            ],
            [
              -70.61672408649969,
              -32.74756440445058
            ],
            [
              -70.61672455609182,
              -32.74756440445058
            ],
            [
              -70.61672455609182,
              -32.74756598495041
            ],
            [
              -70.61672502568396,
              -32.74756598495041
            ],
            [
              -70.61672502568396,
              -32.74756756545024
            ],
            [
              -70.6167254952761,
              -32.74756756545024
            ],
            [
              -70.6167254952761,
              -32.747569145950074
            ],
            [
              -70.61672596486822,
              -32.747569145950074
            ],
            [
              -70.61672596486822,
              -32.7475707264499
            ],
            [
              -70.61672643446036,
              -32.7475707264499
            ],
            [
              -70.61672643446036,
              -32.74757230694973
            ],
            [
              -70.6167269040525,
              -32.74757230694973
            ],
            [
              -70.6167269040525,
              -32.74757388744956
            ],
            [
              -70.61672737364462,
              -32.74757388744956
            ],
            [
              -70.61672737364462,
              -32.74757546794939
            ],
            [
              -70.61672784323676,
              -32.74757546794939
            ],
            [
              -70.61672784323676,
              -32.74757704844922
            ],
            [
              -70.6167283128289,
              -32.74757704844922
            ],
            [
              -70.6167283128289,
              -32.74757902407401
            ],
            [
              -70.61672878242102,
              -32.74757902407401
            ],
            [
              -70.61672878242102,
              -32.74758060457384
            ],
            [
              -70.61672925201316,
              -32.74758060457384
            ],
            [
              -70.61672925201316,
              -32.74758218507367
            ],
            [
              -70.6167297216053,
              -32.74758218507367
            ],
            [
              -70.6167297216053,
              -32.747583765573495
            ],
            [
              -70.61673019119743,
              -32.747583765573495
            ],
            [
              -70.61673019119743,
              -32.74758534607333
            ],
            [
              -70.61673066078956,
              -32.74758534607333
            ],
            [
              -70.61673066078956,
              -32.747586926573156
            ],
            [
              -70.6167311303817,
              -32.747586926573156
            ],
            [
              -70.6167311303817,
              -32.74758850707299
            ],
            [
              -70.61673159997383,
              -32.74758850707299
            ],
            [
              -70.61673159997383,
              -32.74759008757282
            ],
            [
              -70.61673206956596,
              -32.74759008757282
            ],
            [
              -70.61673206956596,
              -32.747591668072644
            ],
            [
              -70.6167325391581,
              -32.747591668072644
            ],
            [
              -70.6167325391581,
              -32.74759324857248
            ],
            [
              -70.61673300875023,
              -32.74759324857248
            ],
            [
              -70.61673300875023,
              -32.747594829072305
            ],
            [
              -70.61673347834235,
              -32.747594829072305
            ],
            [
              -70.61673347834235,
              -32.74759640957214
            ],
            [
              -70.61673394793449,
              -32.74759640957214
            ],
            [
              -70.61673394793449,
              -32.74759799007197
            ],
            [
              -70.61673441752663,
              -32.74759799007197
            ],
            [
              -70.61673441752663,
              -32.74759957057179
            ],
            [
              -70.61673488711877,
              -32.74759957057179
            ],
            [
              -70.61673488711877,
              -32.74760115107163
            ],
            [
              -70.61673535671089,
              -32.74760115107163
            ],
            [
              -70.61673535671089,
              -32.74760312669641
            ],
            [
              -70.61673582630303,
              -32.74760312669641
            ],
            [
              -70.61673582630303,
              -32.747604707196245
            ],
            [
              -70.61673629589517,
              -32.747604707196245
            ],
            [
              -70.61673629589517,
              -32.747607077945986
            ],
            [
              -70.61673676548729,
              -32.747607077945986
            ],
            [
              -70.61673676548729,
              -32.747611819445474
            ],
            [
              -70.61673723507943,
              -32.747611819445474
            ],
            [
              -70.61673723507943,
              -32.74761616582001
            ],
            [
              -70.61673770467156,
              -32.74761616582001
            ],
            [
              -70.61673770467156,
              -32.747620512194544
            ],
            [
              -70.61673817426369,
              -32.747620512194544
            ],
            [
              -70.61673817426369,
              -32.747624858569075
            ],
            [
              -70.61673864385583,
              -32.747624858569075
            ],
            [
              -70.61673864385583,
              -32.747629600068564
            ],
            [
              -70.61673911344796,
              -32.747629600068564
            ],
            [
              -70.61673911344796,
              -32.747633946443095
            ],
            [
              -70.6167395830401,
              -32.747633946443095
            ],
            [
              -70.6167395830401,
              -32.747638292817626
            ],
            [
              -70.61674005263222,
              -32.747638292817626
            ],
            [
              -70.61674005263222,
              -32.747643034317115
            ],
            [
              -70.61674052222436,
              -32.747643034317115
            ],
            [
              -70.61674052222436,
              -32.747647380691646
            ],
            [
              -70.6167409918165,
              -32.747647380691646
            ],
            [
              -70.6167409918165,
              -32.747651727066184
            ],
            [
              -70.61674146140862,
              -32.747651727066184
            ],
            [
              -70.61674146140862,
              -32.74765646856567
            ],
            [
              -70.61674193100076,
              -32.74765646856567
            ],
            [
              -70.61674193100076,
              -32.747660814940204
            ],
            [
              -70.6167424005929,
              -32.747660814940204
            ],
            [
              -70.6167424005929,
              -32.747665161314735
            ],
            [
              -70.61674287018504,
              -32.747665161314735
            ],
            [
              -70.61674287018504,
              -32.74766990281422
            ],
            [
              -70.61674333977716,
              -32.74766990281422
            ],
            [
              -70.61674333977716,
              -32.747674249188755
            ],
            [
              -70.6167438093693,
              -32.747674249188755
            ],
            [
              -70.6167438093693,
              -32.747678595563286
            ],
            [
              -70.61674427896143,
              -32.747678595563286
            ],
            [
              -70.61674427896143,
              -32.74768333706278
            ],
            [
              -70.61674474855356,
              -32.74768333706278
            ],
            [
              -70.61674474855356,
              -32.74768768343731
            ],
            [
              -70.6167452181457,
              -32.74768768343731
            ],
            [
              -70.6167452181457,
              -32.747692029811844
            ],
            [
              -70.61674568773783,
              -32.747692029811844
            ],
            [
              -70.61674568773783,
              -32.74769677131133
            ],
            [
              -70.61674615732996,
              -32.74769677131133
            ],
            [
              -70.61674615732996,
              -32.747701117685864
            ],
            [
              -70.6167466269221,
              -32.747701117685864
            ],
            [
              -70.6167466269221,
              -32.747705464060395
            ],
            [
              -70.61674709651423,
              -32.747705464060395
            ],
            [
              -70.61674709651423,
              -32.74771020555988
            ],
            [
              -70.61674756610637,
              -32.74771020555988
            ],
            [
              -70.61674756610637,
              -32.747714551934415
            ],
            [
              -70.61674803569849,
              -32.747714551934415
            ],
            [
              -70.61674803569849,
              -32.74771889830895
            ],
            [
              -70.61674850529063,
              -32.74771889830895
            ],
            [
              -70.61674850529063,
              -32.74772363980844
            ],
            [
              -70.61674897488277,
              -32.74772363980844
            ],
            [
              -70.61674897488277,
              -32.74772798618297
            ],
            [
              -70.61674944447489,
              -32.74772798618297
            ],
            [
              -70.61674944447489,
              -32.747732332557504
            ],
            [
              -70.61674991406703,
              -32.747732332557504
            ],
            [
              -70.61674991406703,
              -32.747736678932036
            ],
            [
              -70.61675038365917,
              -32.747736678932036
            ],
            [
              -70.61675038365917,
              -32.747741420431524
            ],
            [
              -70.61675085325129,
              -32.747741420431524
            ],
            [
              -70.61675085325129,
              -32.747745766806055
            ],
            [
              -70.61675132284343,
              -32.747745766806055
            ],
            [
              -70.61675132284343,
              -32.74775011318059
            ],
            [
              -70.61675179243556,
              -32.74775011318059
            ],
            [
              -70.61675179243556,
              -32.74775485468008
            ],
            [
              -70.6167522620277,
              -32.74775485468008
            ],
            [
              -70.6167522620277,
              -32.74775920105461
            ],
            [
              -70.61675273161983,
              -32.74775920105461
            ],
            [
              -70.61675273161983,
              -32.747763547429145
            ],
            [
              -70.61675320121196,
              -32.747763547429145
            ],
            [
              -70.61675320121196,
              -32.74776828892863
            ],
            [
              -70.6167536708041,
              -32.74776828892863
            ],
            [
              -70.6167536708041,
              -32.747772635303164
            ],
            [
              -70.61675414039622,
              -32.747772635303164
            ],
            [
              -70.61675414039622,
              -32.747776981677696
            ],
            [
              -70.61675460998836,
              -32.747776981677696
            ],
            [
              -70.61675460998836,
              -32.747781723177184
            ],
            [
              -70.6167550795805,
              -32.747781723177184
            ],
            [
              -70.6167550795805,
              -32.74778606955172
            ],
            [
              -70.61675554917262,
              -32.74778606955172
            ],
            [
              -70.61675554917262,
              -32.747790415926254
            ],
            [
              -70.61675601876476,
              -32.747790415926254
            ],
            [
              -70.61675601876476,
              -32.74779515742574
            ],
            [
              -70.6167564883569,
              -32.74779515742574
            ],
            [
              -70.6167564883569,
              -32.74779950380027
            ],
            [
              -70.61675695794904,
              -32.74779950380027
            ],
            [
              -70.61675695794904,
              -32.747803850174805
            ],
            [
              -70.61675742754116,
              -32.747803850174805
            ],
            [
              -70.61675742754116,
              -32.74780859167429
            ],
            [
              -70.6167578971333,
              -32.74780859167429
            ],
            [
              -70.6167578971333,
              -32.747812938048824
            ],
            [
              -70.61675836672543,
              -32.747812938048824
            ],
            [
              -70.61675836672543,
              -32.747817284423355
            ],
            [
              -70.61675883631756,
              -32.747817284423355
            ],
            [
              -70.61675883631756,
              -32.74782202592285
            ],
            [
              -70.6167593059097,
              -32.74782202592285
            ],
            [
              -70.6167593059097,
              -32.74782637229738
            ],
            [
              -70.61675977550183,
              -32.74782637229738
            ],
            [
              -70.61675977550183,
              -32.74783071867191
            ],
            [
              -70.61676024509397,
              -32.74783071867191
            ],
            [
              -70.61676024509397,
              -32.7478354601714
            ],
            [
              -70.6167607146861,
              -32.7478354601714
            ],
            [
              -70.6167607146861,
              -32.74783980654593
            ],
            [
              -70.61676118427823,
              -32.74783980654593
            ],
            [
              -70.61676118427823,
              -32.747844152920464
            ],
            [
              -70.61676165387037,
              -32.747844152920464
            ],
            [
              -70.61676165387037,
              -32.747848499294996
            ],
            [
              -70.6167621234625,
              -32.747848499294996
            ],
            [
              -70.6167621234625,
              -32.747853240794484
            ],
            [
              -70.61676259305463,
              -32.747853240794484
            ],
            [
              -70.61676259305463,
              -32.74785758716902
            ],
            [
              -70.61676306264677,
              -32.74785758716902
            ],
            [
              -70.61676306264677,
              -32.747861933543554
            ],
            [
              -70.61676353223889,
              -32.747861933543554
            ],
            [
              -70.61676353223889,
              -32.74786667504304
            ],
            [
              -70.61676400183103,
              -32.74786667504304
            ],
            [
              -70.61676400183103,
              -32.74787102141757
            ],
            [
              -70.61676447142317,
              -32.74787102141757
            ],
            [
              -70.61676447142317,
              -32.747875367792105
            ],
            [
              -70.6167649410153,
              -32.747875367792105
            ],
            [
              -70.6167649410153,
              -32.74788010929159
            ],
            [
              -70.61676541060743,
              -32.74788010929159
            ],
            [
              -70.61676541060743,
              -32.747884455666124
            ],
            [
              -70.61676588019957,
              -32.747884455666124
            ],
            [
              -70.61676588019957,
              -32.747888802040656
            ],
            [
              -70.6167663497917,
              -32.747888802040656
            ],
            [
              -70.6167663497917,
              -32.74789354354015
            ],
            [
              -70.61676681938383,
              -32.74789354354015
            ],
            [
              -70.61676681938383,
              -32.74789788991468
            ],
            [
              -70.61676728897596,
              -32.74789788991468
            ],
            [
              -70.61676728897596,
              -32.747902236289214
            ],
            [
              -70.6167677585681,
              -32.747902236289214
            ],
            [
              -70.6167677585681,
              -32.7479069777887
            ],
            [
              -70.61676822816023,
              -32.7479069777887
            ],
            [
              -70.61676822816023,
              -32.74791132416323
            ],
            [
              -70.61676869775236,
              -32.74791132416323
            ],
            [
              -70.61676869775236,
              -32.747915670537765
            ],
            [
              -70.6167691673445,
              -32.747915670537765
            ],
            [
              -70.6167691673445,
              -32.74792041203725
            ],
            [
              -70.61676963693664,
              -32.74792041203725
            ],
            [
              -70.61676963693664,
              -32.74792475841179
            ],
            [
              -70.61677010652876,
              -32.74792475841179
            ],
            [
              -70.61677010652876,
              -32.74792910478632
            ],
            [
              -70.6167705761209,
              -32.74792910478632
            ],
            [
              -70.6167705761209,
              -32.74793384628581
            ],
            [
              -70.61677104571304,
              -32.74793384628581
            ],
            [
              -70.61677104571304,
              -32.74793819266034
            ],
            [
              -70.61677151530516,
              -32.74793819266034
            ],
            [
              -70.61677151530516,
              -32.747942539034874
            ],
            [
              -70.6167719848973,
              -32.747942539034874
            ],
            [
              -70.6167719848973,
              -32.74794728053436
            ],
            [
              -70.61677245448944,
              -32.74794728053436
            ],
            [
              -70.61677245448944,
              -32.74795162690889
            ],
            [
              -70.61677292408156,
              -32.74795162690889
            ],
            [
              -70.61677292408156,
              -32.747955973283425
            ],
            [
              -70.6167733936737,
              -32.747955973283425
            ],
            [
              -70.6167733936737,
              -32.74796031965796
            ],
            [
              -70.61677386326583,
              -32.74796031965796
            ],
            [
              -70.61677386326583,
              -32.74796506115745
            ],
            [
              -70.61677433285797,
              -32.74796506115745
            ],
            [
              -70.61677433285797,
              -32.74796940753198
            ],
            [
              -70.6167748024501,
              -32.74796940753198
            ],
            [
              -70.6167748024501,
              -32.747973753906514
            ],
            [
              -70.61677527204223,
              -32.747973753906514
            ],
            [
              -70.61677527204223,
              -32.747978495406
            ],
            [
              -70.61677574163437,
              -32.747978495406
            ],
            [
              -70.61677574163437,
              -32.747982841780534
            ],
            [
              -70.6167762112265,
              -32.747982841780534
            ],
            [
              -70.6167762112265,
              -32.747987188155065
            ],
            [
              -70.61677668081863,
              -32.747987188155065
            ],
            [
              -70.61677668081863,
              -32.74799192965456
            ],
            [
              -70.61677715041077,
              -32.74799192965456
            ],
            [
              -70.61677715041077,
              -32.74799627602909
            ],
            [
              -70.6167776200029,
              -32.74799627602909
            ],
            [
              -70.6167776200029,
              -32.74800062240362
            ],
            [
              -70.61677808959503,
              -32.74800062240362
            ],
            [
              -70.61677808959503,
              -32.74800536390311
            ],
            [
              -70.61677855918717,
              -32.74800536390311
            ],
            [
              -70.61677855918717,
              -32.74800971027764
            ],
            [
              -70.6167790287793,
              -32.74800971027764
            ],
            [
              -70.6167790287793,
              -32.748014056652174
            ],
            [
              -70.61677949837143,
              -32.748014056652174
            ],
            [
              -70.61677949837143,
              -32.74801879815166
            ],
            [
              -70.61677996796357,
              -32.74801879815166
            ],
            [
              -70.61677996796357,
              -32.748023144526194
            ],
            [
              -70.6167804375557,
              -32.748023144526194
            ],
            [
              -70.6167804375557,
              -32.74802749090073
            ],
            [
              -70.61678090714783,
              -32.74802749090073
            ],
            [
              -70.61678090714783,
              -32.74803223240022
            ],
            [
              -70.61678137673997,
              -32.74803223240022
            ],
            [
              -70.61678137673997,
              -32.74803657877475
            ],
            [
              -70.6167818463321,
              -32.74803657877475
            ],
            [
              -70.6167818463321,
              -32.74804092514928
            ],
            [
              -70.61678231592424,
              -32.74804092514928
            ],
            [
              -70.61678231592424,
              -32.74804566664877
            ],
            [
              -70.61678278551636,
              -32.74804566664877
            ],
            [
              -70.61678278551636,
              -32.7480500130233
            ],
            [
              -70.6167832551085,
              -32.7480500130233
            ],
            [
              -70.6167832551085,
              -32.748054359397834
            ],
            [
              -70.61678372470064,
              -32.748054359397834
            ],
            [
              -70.61678372470064,
              -32.748058705772365
            ],
            [
              -70.61678419429276,
              -32.748058705772365
            ],
            [
              -70.61678419429276,
              -32.74806344727186
            ],
            [
              -70.6167846638849,
              -32.74806344727186
            ],
            [
              -70.6167846638849,
              -32.74806779364639
            ],
            [
              -70.61678513347704,
              -32.74806779364639
            ],
            [
              -70.61678513347704,
              -32.74807214002092
            ],
            [
              -70.61678560306916,
              -32.74807214002092
            ],
            [
              -70.61678560306916,
              -32.74807688152041
            ],
            [
              -70.6167860726613,
              -32.74807688152041
            ],
            [
              -70.6167860726613,
              -32.74808122789494
            ],
            [
              -70.61678654225344,
              -32.74808122789494
            ],
            [
              -70.61678654225344,
              -32.748085574269474
            ],
            [
              -70.61678701184557,
              -32.748085574269474
            ],
            [
              -70.61678701184557,
              -32.74809031576896
            ],
            [
              -70.6167874814377,
              -32.74809031576896
            ],
            [
              -70.6167874814377,
              -32.7480946621435
            ],
            [
              -70.61678795102983,
              -32.7480946621435
            ],
            [
              -70.61678795102983,
              -32.74809900851803
            ],
            [
              -70.61678842062197,
              -32.74809900851803
            ],
            [
              -70.61678842062197,
              -32.74810375001752
            ],
            [
              -70.6167888902141,
              -32.74810375001752
            ],
            [
              -70.6167888902141,
              -32.74810809639205
            ],
            [
              -70.61678935980623,
              -32.74810809639205
            ],
            [
              -70.61678935980623,
              -32.74811244276658
            ],
            [
              -70.61678982939837,
              -32.74811244276658
            ],
            [
              -70.61678982939837,
              -32.74811718426607
            ],
            [
              -70.61679029899051,
              -32.74811718426607
            ],
            [
              -70.61679029899051,
              -32.7481215306406
            ],
            [
              -70.61679076858263,
              -32.7481215306406
            ],
            [
              -70.61679076858263,
              -32.748125877015134
            ],
            [
              -70.61679123817477,
              -32.748125877015134
            ],
            [
              -70.61679123817477,
              -32.74813061851463
            ],
            [
              -70.61679170776691,
              -32.74813061851463
            ],
            [
              -70.61679170776691,
              -32.74813496488916
            ],
            [
              -70.61679217735903,
              -32.74813496488916
            ],
            [
              -70.61679217735903,
              -32.74813931126369
            ],
            [
              -70.61679264695117,
              -32.74813931126369
            ],
            [
              -70.61679264695117,
              -32.74814405276318
            ],
            [
              -70.6167931165433,
              -32.74814405276318
            ],
            [
              -70.6167931165433,
              -32.74814839913771
            ],
            [
              -70.61679358613543,
              -32.74814839913771
            ],
            [
              -70.61679358613543,
              -32.74815274551224
            ],
            [
              -70.61679405572757,
              -32.74815274551224
            ],
            [
              -70.61679405572757,
              -32.74815748701173
            ],
            [
              -70.6167945253197,
              -32.74815748701173
            ],
            [
              -70.6167945253197,
              -32.74816183338626
            ],
            [
              -70.61679499491184,
              -32.74816183338626
            ],
            [
              -70.61679499491184,
              -32.7481661797608
            ],
            [
              -70.61679546450397,
              -32.7481661797608
            ],
            [
              -70.61679546450397,
              -32.74817052613533
            ],
            [
              -70.6167959340961,
              -32.74817052613533
            ],
            [
              -70.6167959340961,
              -32.74817526763482
            ],
            [
              -70.61679640368824,
              -32.74817526763482
            ],
            [
              -70.61679640368824,
              -32.74817961400935
            ],
            [
              -70.61679687328036,
              -32.74817961400935
            ],
            [
              -70.61679687328036,
              -32.748183960383884
            ],
            [
              -70.6167973428725,
              -32.748183960383884
            ],
            [
              -70.6167973428725,
              -32.74818870188337
            ],
            [
              -70.61679781246464,
              -32.74818870188337
            ],
            [
              -70.61679781246464,
              -32.7481930482579
            ],
            [
              -70.61679828205676,
              -32.7481930482579
            ],
            [
              -70.61679828205676,
              -32.748197394632435
            ],
            [
              -70.6167987516489,
              -32.748197394632435
            ],
            [
              -70.6167987516489,
              -32.74820213613193
            ],
            [
              -70.61679922124104,
              -32.74820213613193
            ],
            [
              -70.61679922124104,
              -32.74820648250646
            ],
            [
              -70.61679969083318,
              -32.74820648250646
            ],
            [
              -70.61679969083318,
              -32.74821082888099
            ],
            [
              -70.6168001604253,
              -32.74821082888099
            ],
            [
              -70.6168001604253,
              -32.74821557038048
            ],
            [
              -70.61680063001744,
              -32.74821557038048
            ],
            [
              -70.61680063001744,
              -32.74821991675501
            ],
            [
              -70.61680109960957,
              -32.74821991675501
            ],
            [
              -70.61680109960957,
              -32.74822426312954
            ],
            [
              -70.6168015692017,
              -32.74822426312954
            ],
            [
              -70.6168015692017,
              -32.74822900462903
            ],
            [
              -70.61680203879384,
              -32.74822900462903
            ],
            [
              -70.61680203879384,
              -32.74823335100357
            ],
            [
              -70.61680250838597,
              -32.74823335100357
            ],
            [
              -70.61680250838597,
              -32.7482376973781
            ],
            [
              -70.6168029779781,
              -32.7482376973781
            ],
            [
              -70.6168029779781,
              -32.74824243887759
            ],
            [
              -70.61680344757023,
              -32.74824243887759
            ],
            [
              -70.61680344757023,
              -32.74824678525212
            ],
            [
              -70.61680391716237,
              -32.74824678525212
            ],
            [
              -70.61680391716237,
              -32.74825113162665
            ],
            [
              -70.61680438675451,
              -32.74825113162665
            ],
            [
              -70.61680438675451,
              -32.74825587312614
            ],
            [
              -70.61680485634663,
              -32.74825587312614
            ],
            [
              -70.61680485634663,
              -32.74826021950067
            ],
            [
              -70.61680532593877,
              -32.74826021950067
            ],
            [
              -70.61680532593877,
              -32.7482645658752
            ],
            [
              -70.61680579553091,
              -32.7482645658752
            ],
            [
              -70.61680579553091,
              -32.7482693073747
            ],
            [
              -70.61680626512303,
              -32.7482693073747
            ],
            [
              -70.61680626512303,
              -32.74827365374923
            ],
            [
              -70.61680673471517,
              -32.74827365374923
            ],
            [
              -70.61680673471517,
              -32.74827800012376
            ],
            [
              -70.6168072043073,
              -32.74827800012376
            ],
            [
              -70.6168072043073,
              -32.74828234649829
            ],
            [
              -70.61680767389944,
              -32.74828234649829
            ],
            [
              -70.61680767389944,
              -32.74828708799778
            ],
            [
              -70.61680814349157,
              -32.74828708799778
            ],
            [
              -70.61680814349157,
              -32.74829143437231
            ],
            [
              -70.6168086130837,
              -32.74829143437231
            ],
            [
              -70.6168086130837,
              -32.748295780746844
            ],
            [
              -70.61680908267584,
              -32.748295780746844
            ],
            [
              -70.61680908267584,
              -32.74830052224634
            ],
            [
              -70.61680955226797,
              -32.74830052224634
            ],
            [
              -70.61680955226797,
              -32.74830486862087
            ],
            [
              -70.6168100218601,
              -32.74830486862087
            ],
            [
              -70.6168100218601,
              -32.7483092149954
            ],
            [
              -70.61681049145224,
              -32.7483092149954
            ],
            [
              -70.61681049145224,
              -32.74831395649489
            ],
            [
              -70.61681096104437,
              -32.74831395649489
            ],
            [
              -70.61681096104437,
              -32.74831830286942
            ],
            [
              -70.6168114306365,
              -32.74831830286942
            ],
            [
              -70.6168114306365,
              -32.74832264924395
            ],
            [
              -70.61681190022864,
              -32.74832264924395
            ],
            [
              -70.61681190022864,
              -32.74832739074344
            ],
            [
              -70.61681236982078,
              -32.74832739074344
            ],
            [
              -70.61681236982078,
              -32.74833173711797
            ],
            [
              -70.6168128394129,
              -32.74833173711797
            ],
            [
              -70.6168128394129,
              -32.74833608349251
            ],
            [
              -70.61681330900504,
              -32.74833608349251
            ],
            [
              -70.61681330900504,
              -32.748340824992
            ],
            [
              -70.61681377859718,
              -32.748340824992
            ],
            [
              -70.61681377859718,
              -32.74834517136653
            ],
            [
              -70.6168142481893,
              -32.74834517136653
            ],
            [
              -70.6168142481893,
              -32.74834951774106
            ],
            [
              -70.61681471778144,
              -32.74834951774106
            ],
            [
              -70.61681471778144,
              -32.74835425924055
            ],
            [
              -70.61681518737358,
              -32.74835425924055
            ],
            [
              -70.61681518737358,
              -32.74835860561508
            ],
            [
              -70.6168156569657,
              -32.74835860561508
            ],
            [
              -70.6168156569657,
              -32.74836295198961
            ],
            [
              -70.61681612655784,
              -32.74836295198961
            ],
            [
              -70.61681612655784,
              -32.7483676934891
            ],
            [
              -70.61681659614997,
              -32.7483676934891
            ],
            [
              -70.61681659614997,
              -32.74837203986364
            ],
            [
              -70.61681706574211,
              -32.74837203986364
            ],
            [
              -70.61681706574211,
              -32.74837638623817
            ],
            [
              -70.61681753533423,
              -32.74837638623817
            ],
            [
              -70.61681753533423,
              -32.74838112773766
            ],
            [
              -70.61681800492637,
              -32.74838112773766
            ],
            [
              -70.61681800492637,
              -32.74838547411219
            ],
            [
              -70.61681847451851,
              -32.74838547411219
            ],
            [
              -70.61681847451851,
              -32.74838863511185
            ],
            [
              -70.61681800492637,
              -32.74838863511185
            ],
            [
              -70.61681800492637,
              -32.74838903023681
            ],
            [
              -70.61681518737358,
              -32.74838903023681
            ],
            [
              -70.61681518737358,
              -32.748389425361765
            ],
            [
              -70.61681236982078,
              -32.748389425361765
            ],
            [
              -70.61681236982078,
              -32.74838982048672
            ],
            [
              -70.6168100218601,
              -32.74838982048672
            ],
            [
              -70.6168100218601,
              -32.74839021561168
            ],
            [
              -70.6168072043073,
              -32.74839021561168
            ],
            [
              -70.6168072043073,
              -32.748390610736635
            ],
            [
              -70.61680485634663,
              -32.748390610736635
            ],
            [
              -70.61680485634663,
              -32.74839100586159
            ],
            [
              -70.61680203879384,
              -32.74839100586159
            ],
            [
              -70.61680203879384,
              -32.74839140098655
            ],
            [
              -70.61679969083318,
              -32.74839140098655
            ],
            [
              -70.61679969083318,
              -32.74839179611151
            ],
            [
              -70.61679687328036,
              -32.74839179611151
            ],
            [
              -70.61679687328036,
              -32.74839219123647
            ],
            [
              -70.6167945253197,
              -32.74839219123647
            ],
            [
              -70.6167945253197,
              -32.748392586361426
            ],
            [
              -70.61679170776691,
              -32.748392586361426
            ],
            [
              -70.61679170776691,
              -32.74839298148638
            ],
            [
              -70.6167888902141,
              -32.74839298148638
            ],
            [
              -70.6167888902141,
              -32.74839337661134
            ],
            [
              -70.61678654225344,
              -32.74839337661134
            ],
            [
              -70.61678654225344,
              -32.748393771736296
            ],
            [
              -70.61678372470064,
              -32.748393771736296
            ],
            [
              -70.61678372470064,
              -32.74839416686125
            ],
            [
              -70.61678137673997,
              -32.74839416686125
            ],
            [
              -70.61678137673997,
              -32.74839456198621
            ],
            [
              -70.61677855918717,
              -32.74839456198621
            ],
            [
              -70.61677855918717,
              -32.74839495711117
            ],
            [
              -70.6167762112265,
              -32.74839495711117
            ],
            [
              -70.6167762112265,
              -32.74839535223612
            ],
            [
              -70.6167733936737,
              -32.74839535223612
            ],
            [
              -70.6167733936737,
              -32.74839574736109
            ],
            [
              -70.6167705761209,
              -32.74839574736109
            ],
            [
              -70.6167705761209,
              -32.748396142486044
            ],
            [
              -70.61676822816023,
              -32.748396142486044
            ],
            [
              -70.61676822816023,
              -32.748396537611
            ],
            [
              -70.61676541060743,
              -32.748396537611
            ],
            [
              -70.61676541060743,
              -32.74839693273596
            ],
            [
              -70.61676306264677,
              -32.74839693273596
            ],
            [
              -70.61676306264677,
              -32.748397327860914
            ],
            [
              -70.61676024509397,
              -32.748397327860914
            ],
            [
              -70.61676024509397,
              -32.74839772298587
            ],
            [
              -70.6167578971333,
              -32.74839772298587
            ],
            [
              -70.6167578971333,
              -32.74839811811083
            ],
            [
              -70.6167550795805,
              -32.74839811811083
            ],
            [
              -70.6167550795805,
              -32.748398513235784
            ],
            [
              -70.6167522620277,
              -32.748398513235784
            ],
            [
              -70.6167522620277,
              -32.74839890836074
            ],
            [
              -70.61674991406703,
              -32.74839890836074
            ],
            [
              -70.61674991406703,
              -32.7483993034857
            ],
            [
              -70.61674709651423,
              -32.7483993034857
            ],
            [
              -70.61674709651423,
              -32.74839969861066
            ],
            [
              -70.61674474855356,
              -32.74839969861066
            ],
            [
              -70.61674474855356,
              -32.74840009373562
            ],
            [
              -70.61674193100076,
              -32.74840009373562
            ],
            [
              -70.61674193100076,
              -32.748400488860575
            ],
            [
              -70.6167395830401,
              -32.748400488860575
            ],
            [
              -70.6167395830401,
              -32.74840088398553
            ],
            [
              -70.61673676548729,
              -32.74840088398553
            ],
            [
              -70.61673676548729,
              -32.74840127911049
            ],
            [
              -70.61673441752663,
              -32.74840127911049
            ],
            [
              -70.61673441752663,
              -32.748401674235446
            ],
            [
              -70.61673159997383,
              -32.748401674235446
            ],
            [
              -70.61673159997383,
              -32.7484020693604
            ],
            [
              -70.61672878242102,
              -32.7484020693604
            ],
            [
              -70.61672878242102,
              -32.74840246448536
            ],
            [
              -70.61672643446036,
              -32.74840246448536
            ],
            [
              -70.61672643446036,
              -32.748402859610316
            ],
            [
              -70.61672361690756,
              -32.748402859610316
            ],
            [
              -70.61672361690756,
              -32.74840325473527
            ],
            [
              -70.61672126894689,
              -32.74840325473527
            ],
            [
              -70.61672126894689,
              -32.748403649860236
            ],
            [
              -70.61671845139409,
              -32.748403649860236
            ],
            [
              -70.61671845139409,
              -32.74840404498519
            ],
            [
              -70.61671610343342,
              -32.74840404498519
            ],
            [
              -70.61671610343342,
              -32.74840444011015
            ],
            [
              -70.61671328588062,
              -32.74840444011015
            ],
            [
              -70.61671328588062,
              -32.74840483523511
            ],
            [
              -70.61671046832782,
              -32.74840483523511
            ],
            [
              -70.61671046832782,
              -32.74840523036006
            ],
            [
              -70.61670812036715,
              -32.74840523036006
            ],
            [
              -70.61670812036715,
              -32.74840562548502
            ],
            [
              -70.61670530281435,
              -32.74840562548502
            ],
            [
              -70.61670530281435,
              -32.74840602060998
            ],
            [
              -70.6167029548537,
              -32.74840602060998
            ],
            [
              -70.6167029548537,
              -32.748406415734934
            ],
            [
              -70.6167001373009,
              -32.748406415734934
            ],
            [
              -70.6167001373009,
              -32.74840681085989
            ],
            [
              -70.61669778934022,
              -32.74840681085989
            ],
            [
              -70.61669778934022,
              -32.74840720598485
            ],
            [
              -70.61669497178742,
              -32.74840720598485
            ],
            [
              -70.61669497178742,
              -32.74840760110981
            ],
            [
              -70.61669262382675,
              -32.74840760110981
            ],
            [
              -70.61669262382675,
              -32.74840799623477
            ],
            [
              -70.61668980627395,
              -32.74840799623477
            ],
            [
              -70.61668980627395,
              -32.748408391359725
            ],
            [
              -70.61668698872116,
              -32.748408391359725
            ],
            [
              -70.61668698872116,
              -32.74840878648468
            ],
            [
              -70.61668464076048,
              -32.74840878648468
            ],
            [
              -70.61668464076048,
              -32.74840918160964
            ],
            [
              -70.61668182320768,
              -32.74840918160964
            ],
            [
              -70.61668182320768,
              -32.748409576734595
            ],
            [
              -70.61667947524703,
              -32.748409576734595
            ],
            [
              -70.61667947524703,
              -32.74840997185955
            ],
            [
              -70.61667665769421,
              -32.74840997185955
            ],
            [
              -70.61667665769421,
              -32.74841036698451
            ],
            [
              -70.61667430973355,
              -32.74841036698451
            ],
            [
              -70.61667430973355,
              -32.748410762109465
            ],
            [
              -70.61667149218076,
              -32.748410762109465
            ],
            [
              -70.61667149218076,
              -32.74841115723442
            ],
            [
              -70.61666867462795,
              -32.74841115723442
            ],
            [
              -70.61666867462795,
              -32.748411552359386
            ],
            [
              -70.61666632666729,
              -32.748411552359386
            ],
            [
              -70.61666632666729,
              -32.74841194748434
            ],
            [
              -70.61666350911449,
              -32.74841194748434
            ],
            [
              -70.61666350911449,
              -32.7484123426093
            ],
            [
              -70.61666116115381,
              -32.7484123426093
            ],
            [
              -70.61666116115381,
              -32.748412737734256
            ],
            [
              -70.61665834360102,
              -32.748412737734256
            ],
            [
              -70.61665834360102,
              -32.74841313285921
            ],
            [
              -70.61665599564034,
              -32.74841313285921
            ],
            [
              -70.61665599564034,
              -32.74841352798417
            ],
            [
              -70.61665317808755,
              -32.74841352798417
            ],
            [
              -70.61665317808755,
              -32.748413923109126
            ],
            [
              -70.61665036053475,
              -32.748413923109126
            ],
            [
              -70.61665036053475,
              -32.74841431823408
            ],
            [
              -70.61664801257409,
              -32.74841431823408
            ],
            [
              -70.61664801257409,
              -32.74841471335904
            ],
            [
              -70.61664519502128,
              -32.74841471335904
            ],
            [
              -70.61664519502128,
              -32.748415108484
            ],
            [
              -70.61664284706062,
              -32.748415108484
            ],
            [
              -70.61664284706062,
              -32.74841550360896
            ],
            [
              -70.61664002950782,
              -32.74841550360896
            ],
            [
              -70.61664002950782,
              -32.74841589873392
            ],
            [
              -70.61663768154715,
              -32.74841589873392
            ],
            [
              -70.61663768154715,
              -32.748416293858874
            ],
            [
              -70.61663486399435,
              -32.748416293858874
            ],
            [
              -70.61663486399435,
              -32.74841668898383
            ],
            [
              -70.61663251603368,
              -32.74841668898383
            ],
            [
              -70.61663251603368,
              -32.74841708410879
            ],
            [
              -70.61662969848088,
              -32.74841708410879
            ],
            [
              -70.61662969848088,
              -32.748417479233744
            ],
            [
              -70.61662688092808,
              -32.748417479233744
            ],
            [
              -70.61662688092808,
              -32.7484178743587
            ],
            [
              -70.6166245329674,
              -32.7484178743587
            ],
            [
              -70.6166245329674,
              -32.74841826948366
            ],
            [
              -70.61662171541461,
              -32.74841826948366
            ],
            [
              -70.61662171541461,
              -32.748418664608614
            ],
            [
              -70.61661936745395,
              -32.748418664608614
            ],
            [
              -70.61661936745395,
              -32.74841905973357
            ],
            [
              -70.61661654990114,
              -32.74841905973357
            ],
            [
              -70.61661654990114,
              -32.748419454858535
            ],
            [
              -70.61661420194048,
              -32.748419454858535
            ],
            [
              -70.61661420194048,
              -32.74841984998349
            ],
            [
              -70.61661138438768,
              -32.74841984998349
            ],
            [
              -70.61661138438768,
              -32.74842024510845
            ],
            [
              -70.61660856683487,
              -32.74842024510845
            ],
            [
              -70.61660856683487,
              -32.748420640233405
            ],
            [
              -70.61660621887421,
              -32.748420640233405
            ],
            [
              -70.61660621887421,
              -32.74842103535836
            ],
            [
              -70.61660340132141,
              -32.74842103535836
            ],
            [
              -70.61660340132141,
              -32.74842143048332
            ],
            [
              -70.61660105336074,
              -32.74842143048332
            ],
            [
              -70.61660105336074,
              -32.748421825608276
            ],
            [
              -70.61659823580794,
              -32.748421825608276
            ],
            [
              -70.61659823580794,
              -32.74842222073323
            ],
            [
              -70.61659588784728,
              -32.74842222073323
            ],
            [
              -70.61659588784728,
              -32.74842261585819
            ],
            [
              -70.61659307029447,
              -32.74842261585819
            ],
            [
              -70.61659307029447,
              -32.748423010983146
            ],
            [
              -70.61659072233381,
              -32.748423010983146
            ],
            [
              -70.61659072233381,
              -32.74842340610811
            ],
            [
              -70.61658790478101,
              -32.74842340610811
            ],
            [
              -70.61658790478101,
              -32.748423801233066
            ],
            [
              -70.6165850872282,
              -32.748423801233066
            ],
            [
              -70.6165850872282,
              -32.74842419635802
            ],
            [
              -70.61658273926754,
              -32.74842419635802
            ],
            [
              -70.61658273926754,
              -32.74842459148298
            ],
            [
              -70.61657992171475,
              -32.74842459148298
            ],
            [
              -70.61657992171475,
              -32.74842498660794
            ],
            [
              -70.61657757375407,
              -32.74842498660794
            ],
            [
              -70.61657757375407,
              -32.74842538173289
            ],
            [
              -70.61657475620127,
              -32.74842538173289
            ],
            [
              -70.61657475620127,
              -32.74842577685785
            ],
            [
              -70.6165724082406,
              -32.74842577685785
            ],
            [
              -70.6165724082406,
              -32.74842617198281
            ],
            [
              -70.6165695906878,
              -32.74842617198281
            ],
            [
              -70.6165695906878,
              -32.748426567107764
            ],
            [
              -70.616566773135,
              -32.748426567107764
            ],
            [
              -70.616566773135,
              -32.74842696223272
            ],
            [
              -70.61656442517433,
              -32.74842696223272
            ],
            [
              -70.61656442517433,
              -32.748427357357684
            ],
            [
              -70.61656160762153,
              -32.748427357357684
            ],
            [
              -70.61656160762153,
              -32.74842775248264
            ],
            [
              -70.61655925966087,
              -32.74842775248264
            ],
            [
              -70.61655925966087,
              -32.7484281476076
            ],
            [
              -70.61655644210806,
              -32.7484281476076
            ],
            [
              -70.61655644210806,
              -32.748428542732555
            ],
            [
              -70.6165540941474,
              -32.748428542732555
            ],
            [
              -70.6165540941474,
              -32.74842893785751
            ],
            [
              -70.6165512765946,
              -32.74842893785751
            ],
            [
              -70.6165512765946,
              -32.74842933298247
            ],
            [
              -70.61654845904181,
              -32.74842933298247
            ],
            [
              -70.61654845904181,
              -32.748429728107425
            ],
            [
              -70.61654611108113,
              -32.748429728107425
            ],
            [
              -70.61654611108113,
              -32.74843012323238
            ],
            [
              -70.61654329352834,
              -32.74843012323238
            ],
            [
              -70.61654329352834,
              -32.74843051835734
            ],
            [
              -70.61654094556766,
              -32.74843051835734
            ],
            [
              -70.61654094556766,
              -32.748430913482295
            ],
            [
              -70.61653812801487,
              -32.748430913482295
            ],
            [
              -70.61653812801487,
              -32.74843130860726
            ],
            [
              -70.6165357800542,
              -32.74843130860726
            ],
            [
              -70.6165357800542,
              -32.748431703732216
            ],
            [
              -70.6165329625014,
              -32.748431703732216
            ],
            [
              -70.6165329625014,
              -32.74843209885717
            ],
            [
              -70.61653061454074,
              -32.74843209885717
            ],
            [
              -70.61653061454074,
              -32.74843249398213
            ],
            [
              -70.61652779698794,
              -32.74843249398213
            ],
            [
              -70.61652779698794,
              -32.748432889107086
            ],
            [
              -70.61652497943513,
              -32.748432889107086
            ],
            [
              -70.61652497943513,
              -32.74843328423204
            ],
            [
              -70.61652263147447,
              -32.74843328423204
            ],
            [
              -70.61652263147447,
              -32.748433679357
            ],
            [
              -70.61651981392167,
              -32.748433679357
            ],
            [
              -70.61651981392167,
              -32.748434074481956
            ],
            [
              -70.616517465961,
              -32.748434074481956
            ],
            [
              -70.616517465961,
              -32.74843446960691
            ],
            [
              -70.6165146484082,
              -32.74843446960691
            ],
            [
              -70.6165146484082,
              -32.74843486473187
            ],
            [
              -70.61651230044752,
              -32.74843486473187
            ],
            [
              -70.61651230044752,
              -32.748435259856834
            ],
            [
              -70.61650948289473,
              -32.748435259856834
            ],
            [
              -70.61650948289473,
              -32.74843565498179
            ],
            [
              -70.61650666534193,
              -32.74843565498179
            ],
            [
              -70.61650666534193,
              -32.74843605010675
            ],
            [
              -70.61650431738126,
              -32.74843605010675
            ],
            [
              -70.61650431738126,
              -32.748436445231704
            ],
            [
              -70.61650149982846,
              -32.748436445231704
            ],
            [
              -70.61650149982846,
              -32.74843684035666
            ],
            [
              -70.6164991518678,
              -32.74843684035666
            ],
            [
              -70.6164991518678,
              -32.74843723548162
            ],
            [
              -70.61649633431499,
              -32.74843723548162
            ],
            [
              -70.61649633431499,
              -32.748437630606574
            ],
            [
              -70.61649398635433,
              -32.748437630606574
            ],
            [
              -70.61649398635433,
              -32.74843802573153
            ],
            [
              -70.61649116880153,
              -32.74843802573153
            ],
            [
              -70.61649116880153,
              -32.74843842085649
            ],
            [
              -70.61648882084086,
              -32.74843842085649
            ],
            [
              -70.61648882084086,
              -32.748438815981444
            ],
            [
              -70.61648600328806,
              -32.748438815981444
            ],
            [
              -70.61648600328806,
              -32.74843921110641
            ],
            [
              -70.61648318573526,
              -32.74843921110641
            ],
            [
              -70.61648318573526,
              -32.748439606231365
            ],
            [
              -70.61648083777459,
              -32.748439606231365
            ],
            [
              -70.61648083777459,
              -32.74844000135632
            ],
            [
              -70.61647802022179,
              -32.74844000135632
            ],
            [
              -70.61647802022179,
              -32.74844039648128
            ],
            [
              -70.61647567226113,
              -32.74844039648128
            ],
            [
              -70.61647567226113,
              -32.748440791606235
            ],
            [
              -70.61647285470832,
              -32.748440791606235
            ],
            [
              -70.61647285470832,
              -32.74844118673119
            ],
            [
              -70.61647050674766,
              -32.74844118673119
            ],
            [
              -70.61647050674766,
              -32.74844158185615
            ],
            [
              -70.61646768919486,
              -32.74844158185615
            ],
            [
              -70.61646768919486,
              -32.748441976981105
            ],
            [
              -70.61646487164205,
              -32.748441976981105
            ],
            [
              -70.61646487164205,
              -32.74844237210606
            ],
            [
              -70.61646252368139,
              -32.74844237210606
            ],
            [
              -70.61646252368139,
              -32.74844276723102
            ],
            [
              -70.6164597061286,
              -32.74844276723102
            ],
            [
              -70.6164597061286,
              -32.74844316235598
            ],
            [
              -70.61645735816792,
              -32.74844316235598
            ],
            [
              -70.61645735816792,
              -32.74844355748094
            ],
            [
              -70.61645454061512,
              -32.74844355748094
            ],
            [
              -70.61645454061512,
              -32.748443952605896
            ],
            [
              -70.61645219265445,
              -32.748443952605896
            ],
            [
              -70.61645219265445,
              -32.74844434773085
            ],
            [
              -70.61644937510165,
              -32.74844434773085
            ],
            [
              -70.61644937510165,
              -32.74844474285581
            ],
            [
              -70.61644655754885,
              -32.74844474285581
            ],
            [
              -70.61644655754885,
              -32.74844513798077
            ],
            [
              -70.61644420958818,
              -32.74844513798077
            ],
            [
              -70.61644420958818,
              -32.74844553310572
            ],
            [
              -70.61644139203538,
              -32.74844553310572
            ],
            [
              -70.61644139203538,
              -32.74844592823068
            ],
            [
              -70.61643904407472,
              -32.74844592823068
            ],
            [
              -70.61643904407472,
              -32.74844632335564
            ],
            [
              -70.61643622652193,
              -32.74844632335564
            ],
            [
              -70.61643622652193,
              -32.748446718480594
            ],
            [
              -70.61643387856125,
              -32.748446718480594
            ],
            [
              -70.61643387856125,
              -32.74844711360556
            ],
            [
              -70.61643106100846,
              -32.74844711360556
            ],
            [
              -70.61643106100846,
              -32.748447508730514
            ],
            [
              -70.61642871304778,
              -32.748447508730514
            ],
            [
              -70.61642871304778,
              -32.74844790385547
            ],
            [
              -70.61642589549498,
              -32.74844790385547
            ],
            [
              -70.61642589549498,
              -32.74844829898043
            ],
            [
              -70.61642307794219,
              -32.74844829898043
            ],
            [
              -70.61642307794219,
              -32.748448694105385
            ],
            [
              -70.61642072998151,
              -32.748448694105385
            ],
            [
              -70.61642072998151,
              -32.74844908923034
            ],
            [
              -70.61641791242872,
              -32.74844908923034
            ],
            [
              -70.61641791242872,
              -32.7484494843553
            ],
            [
              -70.61641556446806,
              -32.7484494843553
            ],
            [
              -70.61641556446806,
              -32.748449879480255
            ],
            [
              -70.61641274691524,
              -32.748449879480255
            ],
            [
              -70.61641274691524,
              -32.74845027460521
            ],
            [
              -70.61641039895459,
              -32.74845027460521
            ],
            [
              -70.61641039895459,
              -32.74845066973017
            ],
            [
              -70.61640758140179,
              -32.74845066973017
            ],
            [
              -70.61640758140179,
              -32.74845106485513
            ],
            [
              -70.61640476384898,
              -32.74845106485513
            ],
            [
              -70.61640476384898,
              -32.74845145998009
            ],
            [
              -70.61640241588832,
              -32.74845145998009
            ],
            [
              -70.61640241588832,
              -32.748451855105046
            ],
            [
              -70.61639959833552,
              -32.748451855105046
            ],
            [
              -70.61639959833552,
              -32.74845225023
            ],
            [
              -70.61639725037485,
              -32.74845225023
            ],
            [
              -70.61639725037485,
              -32.74845264535496
            ],
            [
              -70.61639443282205,
              -32.74845264535496
            ],
            [
              -70.61639443282205,
              -32.748453040479916
            ],
            [
              -70.61639208486137,
              -32.748453040479916
            ],
            [
              -70.61639208486137,
              -32.74845343560487
            ],
            [
              -70.61638926730858,
              -32.74845343560487
            ],
            [
              -70.61638926730858,
              -32.74845383072983
            ],
            [
              -70.61638691934792,
              -32.74845383072983
            ],
            [
              -70.61638691934792,
              -32.748454225854786
            ],
            [
              -70.61638410179512,
              -32.748454225854786
            ],
            [
              -70.61638410179512,
              -32.74845462097974
            ],
            [
              -70.61638128424231,
              -32.74845462097974
            ],
            [
              -70.61638128424231,
              -32.74845501610471
            ],
            [
              -70.61637893628165,
              -32.74845501610471
            ],
            [
              -70.61637893628165,
              -32.74845541122966
            ],
            [
              -70.61637611872885,
              -32.74845541122966
            ],
            [
              -70.61637611872885,
              -32.74845580635462
            ],
            [
              -70.61637377076818,
              -32.74845580635462
            ],
            [
              -70.61637377076818,
              -32.74845620147958
            ],
            [
              -70.61637095321538,
              -32.74845620147958
            ],
            [
              -70.61637095321538,
              -32.748456596604534
            ],
            [
              -70.6163686052547,
              -32.748456596604534
            ],
            [
              -70.6163686052547,
              -32.74845699172949
            ],
            [
              -70.61636578770191,
              -32.74845699172949
            ],
            [
              -70.61636578770191,
              -32.74845738685445
            ],
            [
              -70.61636297014911,
              -32.74845738685445
            ],
            [
              -70.61636297014911,
              -32.748457781979404
            ],
            [
              -70.61636062218844,
              -32.748457781979404
            ],
            [
              -70.61636062218844,
              -32.74845817710436
            ],
            [
              -70.61635780463564,
              -32.74845817710436
            ],
            [
              -70.61635780463564,
              -32.74845857222932
            ],
            [
              -70.61635545667498,
              -32.74845857222932
            ],
            [
              -70.61635545667498,
              -32.74845896735428
            ],
            [
              -70.61635263912217,
              -32.74845896735428
            ],
            [
              -70.61635263912217,
              -32.74845936247924
            ],
            [
              -70.61635029116151,
              -32.74845936247924
            ],
            [
              -70.61635029116151,
              -32.748459757604195
            ],
            [
              -70.61634747360871,
              -32.748459757604195
            ],
            [
              -70.61634747360871,
              -32.74846015272915
            ],
            [
              -70.6163446560559,
              -32.74846015272915
            ],
            [
              -70.6163446560559,
              -32.74846054785411
            ],
            [
              -70.61634230809524,
              -32.74846054785411
            ],
            [
              -70.61634230809524,
              -32.748460942979065
            ],
            [
              -70.61633949054244,
              -32.748460942979065
            ],
            [
              -70.61633949054244,
              -32.74846133810402
            ],
            [
              -70.61633714258177,
              -32.74846133810402
            ],
            [
              -70.61633714258177,
              -32.74846173322898
            ],
            [
              -70.61633432502897,
              -32.74846173322898
            ],
            [
              -70.61633432502897,
              -32.748462128353935
            ],
            [
              -70.6163319770683,
              -32.748462128353935
            ],
            [
              -70.6163319770683,
              -32.74846252347889
            ],
            [
              -70.6163291595155,
              -32.74846252347889
            ],
            [
              -70.6163291595155,
              -32.748462918603856
            ],
            [
              -70.61632681155484,
              -32.748462918603856
            ],
            [
              -70.61632681155484,
              -32.74846331372881
            ],
            [
              -70.61632399400204,
              -32.74846331372881
            ],
            [
              -70.61632399400204,
              -32.74846370885377
            ],
            [
              -70.61632117644923,
              -32.74846370885377
            ],
            [
              -70.61632117644923,
              -32.748464103978726
            ],
            [
              -70.61631882848857,
              -32.748464103978726
            ],
            [
              -70.61631882848857,
              -32.74846449910368
            ],
            [
              -70.61631601093578,
              -32.74846449910368
            ],
            [
              -70.61631601093578,
              -32.74846489422864
            ],
            [
              -70.6163136629751,
              -32.74846489422864
            ],
            [
              -70.6163136629751,
              -32.7484652893536
            ],
            [
              -70.6163108454223,
              -32.7484652893536
            ],
            [
              -70.6163108454223,
              -32.74846568447855
            ],
            [
              -70.61630849746163,
              -32.74846568447855
            ],
            [
              -70.61630849746163,
              -32.74846607960351
            ],
            [
              -70.61630567990883,
              -32.74846607960351
            ],
            [
              -70.61630567990883,
              -32.74846647472847
            ],
            [
              -70.61630286235604,
              -32.74846647472847
            ],
            [
              -70.61630286235604,
              -32.74846686985343
            ],
            [
              -70.61630051439536,
              -32.74846686985343
            ],
            [
              -70.61630051439536,
              -32.74846726497839
            ],
            [
              -70.61629769684257,
              -32.74846726497839
            ],
            [
              -70.61629769684257,
              -32.748467660103344
            ],
            [
              -70.6162953488819,
              -32.748467660103344
            ],
            [
              -70.6162953488819,
              -32.7484680552283
            ],
            [
              -70.6162925313291,
              -32.7484680552283
            ],
            [
              -70.6162925313291,
              -32.74846845035326
            ],
            [
              -70.61629018336843,
              -32.74846845035326
            ],
            [
              -70.61629018336843,
              -32.748468845478214
            ],
            [
              -70.61628736581564,
              -32.748468845478214
            ],
            [
              -70.61628736581564,
              -32.74846924060317
            ],
            [
              -70.61628501785496,
              -32.74846924060317
            ],
            [
              -70.61628501785496,
              -32.74846963572813
            ],
            [
              -70.61628220030217,
              -32.74846963572813
            ],
            [
              -70.61628220030217,
              -32.748470030853085
            ],
            [
              -70.61627938274937,
              -32.748470030853085
            ],
            [
              -70.61627938274937,
              -32.74847042597804
            ],
            [
              -70.6162770347887,
              -32.74847042597804
            ],
            [
              -70.6162770347887,
              -32.748470821103005
            ],
            [
              -70.6162742172359,
              -32.748470821103005
            ],
            [
              -70.6162742172359,
              -32.74847121622796
            ],
            [
              -70.61627186927524,
              -32.74847121622796
            ],
            [
              -70.61627186927524,
              -32.74847161135292
            ],
            [
              -70.61626905172243,
              -32.74847161135292
            ],
            [
              -70.61626905172243,
              -32.748472006477876
            ],
            [
              -70.61626670376177,
              -32.748472006477876
            ],
            [
              -70.61626670376177,
              -32.74847240160283
            ],
            [
              -70.61626388620897,
              -32.74847240160283
            ],
            [
              -70.61626388620897,
              -32.74847279672779
            ],
            [
              -70.61626106865616,
              -32.74847279672779
            ],
            [
              -70.61626106865616,
              -32.748473191852746
            ],
            [
              -70.6162587206955,
              -32.748473191852746
            ],
            [
              -70.6162587206955,
              -32.7484735869777
            ],
            [
              -70.6162559031427,
              -32.7484735869777
            ],
            [
              -70.6162559031427,
              -32.74847398210266
            ],
            [
              -70.61625355518203,
              -32.74847398210266
            ],
            [
              -70.61625355518203,
              -32.748474377227616
            ],
            [
              -70.61625073762923,
              -32.748474377227616
            ],
            [
              -70.61625073762923,
              -32.74847477235258
            ],
            [
              -70.61624838966856,
              -32.74847477235258
            ],
            [
              -70.61624838966856,
              -32.74847516747754
            ],
            [
              -70.61624557211576,
              -32.74847516747754
            ],
            [
              -70.61624557211576,
              -32.74847556260249
            ],
            [
              -70.61624275456296,
              -32.74847556260249
            ],
            [
              -70.61624275456296,
              -32.74847595772745
            ],
            [
              -70.61624040660229,
              -32.74847595772745
            ],
            [
              -70.61624040660229,
              -32.74847635285241
            ],
            [
              -70.61623758904949,
              -32.74847635285241
            ],
            [
              -70.61623758904949,
              -32.748476747977364
            ],
            [
              -70.61623524108883,
              -32.748476747977364
            ],
            [
              -70.61623524108883,
              -32.74847714310232
            ],
            [
              -70.61623242353602,
              -32.74847714310232
            ],
            [
              -70.61623242353602,
              -32.74847753822728
            ],
            [
              -70.61623007557536,
              -32.74847753822728
            ],
            [
              -70.61623007557536,
              -32.748477933352234
            ],
            [
              -70.61622725802256,
              -32.748477933352234
            ],
            [
              -70.61622725802256,
              -32.74847832847719
            ],
            [
              -70.61622491006189,
              -32.74847832847719
            ],
            [
              -70.61622491006189,
              -32.748478723602155
            ],
            [
              -70.61622209250909,
              -32.748478723602155
            ],
            [
              -70.61622209250909,
              -32.74847911872711
            ],
            [
              -70.6162192749563,
              -32.74847911872711
            ],
            [
              -70.6162192749563,
              -32.74847951385207
            ],
            [
              -70.61621692699562,
              -32.74847951385207
            ],
            [
              -70.61621692699562,
              -32.748479908977025
            ],
            [
              -70.61621410944282,
              -32.748479908977025
            ],
            [
              -70.61621410944282,
              -32.74848030410198
            ],
            [
              -70.61621176148216,
              -32.74848030410198
            ],
            [
              -70.61621176148216,
              -32.74848069922694
            ],
            [
              -70.61620894392935,
              -32.74848069922694
            ],
            [
              -70.61620894392935,
              -32.748481094351895
            ],
            [
              -70.61620659596869,
              -32.748481094351895
            ],
            [
              -70.61620659596869,
              -32.74848148947685
            ],
            [
              -70.6162037784159,
              -32.74848148947685
            ],
            [
              -70.6162037784159,
              -32.74848188460181
            ],
            [
              -70.61620096086308,
              -32.74848188460181
            ],
            [
              -70.61620096086308,
              -32.748482279726765
            ],
            [
              -70.61619861290242,
              -32.748482279726765
            ],
            [
              -70.61619861290242,
              -32.74848267485173
            ],
            [
              -70.61619579534963,
              -32.74848267485173
            ],
            [
              -70.61619579534963,
              -32.748483069976686
            ],
            [
              -70.61619344738895,
              -32.748483069976686
            ],
            [
              -70.61619344738895,
              -32.74848346510164
            ],
            [
              -70.61619062983615,
              -32.74848346510164
            ],
            [
              -70.61619062983615,
              -32.7484838602266
            ],
            [
              -70.61618828187548,
              -32.7484838602266
            ],
            [
              -70.61618828187548,
              -32.748484255351556
            ],
            [
              -70.61618546432268,
              -32.748484255351556
            ],
            [
              -70.61618546432268,
              -32.74848465047651
            ],
            [
              -70.61618311636202,
              -32.74848465047651
            ],
            [
              -70.61618311636202,
              -32.74848504560147
            ],
            [
              -70.61618029880921,
              -32.74848504560147
            ],
            [
              -70.61618029880921,
              -32.74848544072643
            ],
            [
              -70.61617748125641,
              -32.74848544072643
            ],
            [
              -70.61617748125641,
              -32.74848583585138
            ],
            [
              -70.61617513329576,
              -32.74848583585138
            ],
            [
              -70.61617513329576,
              -32.74848623097634
            ],
            [
              -70.61617231574296,
              -32.74848623097634
            ],
            [
              -70.61617231574296,
              -32.748486626101304
            ],
            [
              -70.61616996778228,
              -32.748486626101304
            ],
            [
              -70.61616996778228,
              -32.74848702122626
            ],
            [
              -70.61616715022949,
              -32.74848702122626
            ],
            [
              -70.61616715022949,
              -32.74848741635122
            ],
            [
              -70.61616480226881,
              -32.74848741635122
            ],
            [
              -70.61616480226881,
              -32.748487811476174
            ],
            [
              -70.61616198471602,
              -32.748487811476174
            ],
            [
              -70.61616198471602,
              -32.74848820660113
            ],
            [
              -70.61615916716322,
              -32.74848820660113
            ],
            [
              -70.61615916716322,
              -32.74848860172609
            ],
            [
              -70.61615681920254,
              -32.74848860172609
            ],
            [
              -70.61615681920254,
              -32.748488996851044
            ],
            [
              -70.61615400164975,
              -32.748488996851044
            ],
            [
              -70.61615400164975,
              -32.748489391976
            ],
            [
              -70.61615165368909,
              -32.748489391976
            ],
            [
              -70.61615165368909,
              -32.74848978710096
            ],
            [
              -70.61614883613628,
              -32.74848978710096
            ],
            [
              -70.61614883613628,
              -32.748490182225915
            ],
            [
              -70.61614648817562,
              -32.748490182225915
            ],
            [
              -70.61614648817562,
              -32.74849057735088
            ],
            [
              -70.61614367062282,
              -32.74849057735088
            ],
            [
              -70.61614367062282,
              -32.748490972475835
            ],
            [
              -70.61614085307001,
              -32.748490972475835
            ],
            [
              -70.61614085307001,
              -32.74849136760079
            ],
            [
              -70.61613850510935,
              -32.74849136760079
            ],
            [
              -70.61613850510935,
              -32.74849176272575
            ],
            [
              -70.61613568755655,
              -32.74849176272575
            ],
            [
              -70.61613568755655,
              -32.748492157850706
            ],
            [
              -70.61613333959588,
              -32.748492157850706
            ],
            [
              -70.61613333959588,
              -32.74849255297566
            ],
            [
              -70.61613052204308,
              -32.74849255297566
            ],
            [
              -70.61613052204308,
              -32.74849294810062
            ],
            [
              -70.6161281740824,
              -32.74849294810062
            ],
            [
              -70.6161281740824,
              -32.748493343225576
            ],
            [
              -70.61612535652961,
              -32.748493343225576
            ],
            [
              -70.61612535652961,
              -32.74849373835053
            ],
            [
              -70.61612300856895,
              -32.74849373835053
            ],
            [
              -70.61612300856895,
              -32.74849413347549
            ],
            [
              -70.61612019101614,
              -32.74849413347549
            ],
            [
              -70.61612019101614,
              -32.74849452860045
            ],
            [
              -70.61611737346334,
              -32.74849452860045
            ],
            [
              -70.61611737346334,
              -32.74849492372541
            ],
            [
              -70.61611502550268,
              -32.74849492372541
            ],
            [
              -70.61611502550268,
              -32.74849531885037
            ],
            [
              -70.61611220794988,
              -32.74849531885037
            ],
            [
              -70.61611220794988,
              -32.74849571397532
            ],
            [
              -70.61610985998921,
              -32.74849571397532
            ],
            [
              -70.61610985998921,
              -32.74849610910028
            ],
            [
              -70.61610704243641,
              -32.74849610910028
            ],
            [
              -70.61610704243641,
              -32.74849650422524
            ],
            [
              -70.61610469447574,
              -32.74849650422524
            ],
            [
              -70.61610469447574,
              -32.748496899350194
            ],
            [
              -70.61610187692294,
              -32.748496899350194
            ],
            [
              -70.61610187692294,
              -32.74849729447515
            ],
            [
              -70.61609905937014,
              -32.74849729447515
            ],
            [
              -70.61609905937014,
              -32.74849768960011
            ],
            [
              -70.61609671140947,
              -32.74849768960011
            ],
            [
              -70.61609671140947,
              -32.748498084725064
            ],
            [
              -70.61609389385667,
              -32.748498084725064
            ],
            [
              -70.61609389385667,
              -32.74849847985003
            ],
            [
              -70.61609154589601,
              -32.74849847985003
            ],
            [
              -70.61609154589601,
              -32.748498874974985
            ],
            [
              -70.6160887283432,
              -32.748498874974985
            ],
            [
              -70.6160887283432,
              -32.74849927009994
            ],
            [
              -70.61608638038254,
              -32.74849927009994
            ],
            [
              -70.61608638038254,
              -32.7484996652249
            ],
            [
              -70.61608356282974,
              -32.7484996652249
            ],
            [
              -70.61608356282974,
              -32.748500060349855
            ],
            [
              -70.61608121486907,
              -32.748500060349855
            ],
            [
              -70.61608121486907,
              -32.74850045547481
            ],
            [
              -70.61607839731627,
              -32.74850045547481
            ],
            [
              -70.61607839731627,
              -32.74850085059977
            ],
            [
              -70.61607557976347,
              -32.74850085059977
            ],
            [
              -70.61607557976347,
              -32.748501245724725
            ],
            [
              -70.6160732318028,
              -32.748501245724725
            ],
            [
              -70.6160732318028,
              -32.74850164084968
            ],
            [
              -70.61607041425,
              -32.74850164084968
            ],
            [
              -70.61607041425,
              -32.74850203597464
            ],
            [
              -70.61606806628933,
              -32.74850203597464
            ],
            [
              -70.61606806628933,
              -32.7485024310996
            ],
            [
              -70.61606524873653,
              -32.7485024310996
            ],
            [
              -70.61606524873653,
              -32.74850282622456
            ],
            [
              -70.61606290077587,
              -32.74850282622456
            ],
            [
              -70.61606290077587,
              -32.748503221349516
            ],
            [
              -70.61606008322308,
              -32.748503221349516
            ],
            [
              -70.61606008322308,
              -32.74850361647447
            ],
            [
              -70.61605726567026,
              -32.74850361647447
            ],
            [
              -70.61605726567026,
              -32.74850401159943
            ],
            [
              -70.6160549177096,
              -32.74850401159943
            ],
            [
              -70.6160549177096,
              -32.748504406724386
            ],
            [
              -70.61605210015681,
              -32.748504406724386
            ],
            [
              -70.61605210015681,
              -32.74850480184934
            ],
            [
              -70.61604975219613,
              -32.74850480184934
            ],
            [
              -70.61604975219613,
              -32.7485051969743
            ],
            [
              -70.61604693464334,
              -32.7485051969743
            ],
            [
              -70.61604693464334,
              -32.74850559209926
            ],
            [
              -70.61604458668266,
              -32.74850559209926
            ],
            [
              -70.61604458668266,
              -32.74850598722421
            ],
            [
              -70.61604176912986,
              -32.74850598722421
            ],
            [
              -70.61604176912986,
              -32.74850638234918
            ],
            [
              -70.6160394211692,
              -32.74850638234918
            ],
            [
              -70.6160394211692,
              -32.748506777474134
            ],
            [
              -70.6160366036164,
              -32.748506777474134
            ],
            [
              -70.6160366036164,
              -32.74850717259909
            ],
            [
              -70.6160337860636,
              -32.74850717259909
            ],
            [
              -70.6160337860636,
              -32.74850756772405
            ],
            [
              -70.61603143810294,
              -32.74850756772405
            ],
            [
              -70.61603143810294,
              -32.748507962849004
            ],
            [
              -70.61602862055013,
              -32.748507962849004
            ],
            [
              -70.61602862055013,
              -32.74850835797396
            ],
            [
              -70.61602627258947,
              -32.74850835797396
            ],
            [
              -70.61602627258947,
              -32.74850875309892
            ],
            [
              -70.61602345503667,
              -32.74850875309892
            ],
            [
              -70.61602345503667,
              -32.748509148223874
            ],
            [
              -70.616021107076,
              -32.748509148223874
            ],
            [
              -70.616021107076,
              -32.74850954334883
            ],
            [
              -70.6160182895232,
              -32.74850954334883
            ],
            [
              -70.6160182895232,
              -32.74850993847379
            ],
            [
              -70.6160154719704,
              -32.74850993847379
            ],
            [
              -70.6160154719704,
              -32.74851033359875
            ],
            [
              -70.61601312400973,
              -32.74851033359875
            ],
            [
              -70.61601312400973,
              -32.74851072872371
            ],
            [
              -70.61601030645693,
              -32.74851072872371
            ],
            [
              -70.61601030645693,
              -32.748511123848665
            ],
            [
              -70.61600795849625,
              -32.748511123848665
            ],
            [
              -70.61600795849625,
              -32.74851151897362
            ],
            [
              -70.61600514094346,
              -32.74851151897362
            ],
            [
              -70.61600514094346,
              -32.74851191409858
            ],
            [
              -70.6160027929828,
              -32.74851191409858
            ],
            [
              -70.6160027929828,
              -32.748512309223536
            ],
            [
              -70.61599997543,
              -32.748512309223536
            ],
            [
              -70.61599997543,
              -32.74851270434849
            ],
            [
              -70.61599715787719,
              -32.74851270434849
            ],
            [
              -70.61599715787719,
              -32.74851309947345
            ],
            [
              -70.61599480991653,
              -32.74851309947345
            ],
            [
              -70.61599480991653,
              -32.748513494598406
            ],
            [
              -70.61599199236373,
              -32.748513494598406
            ],
            [
              -70.61599199236373,
              -32.74851388972336
            ],
            [
              -70.61598964440306,
              -32.74851388972336
            ],
            [
              -70.61598964440306,
              -32.748514284848326
            ],
            [
              -70.61598682685026,
              -32.748514284848326
            ],
            [
              -70.61598682685026,
              -32.74851467997328
            ],
            [
              -70.61598447888959,
              -32.74851467997328
            ],
            [
              -70.61598447888959,
              -32.74851507509824
            ],
            [
              -70.61598166133679,
              -32.74851507509824
            ],
            [
              -70.61598166133679,
              -32.7485154702232
            ],
            [
              -70.61597931337613,
              -32.7485154702232
            ],
            [
              -70.61597931337613,
              -32.74851586534815
            ],
            [
              -70.61597649582332,
              -32.74851586534815
            ],
            [
              -70.61597649582332,
              -32.74851626047311
            ],
            [
              -70.61597367827052,
              -32.74851626047311
            ],
            [
              -70.61597367827052,
              -32.74851665559807
            ],
            [
              -70.61597133030986,
              -32.74851665559807
            ],
            [
              -70.61597133030986,
              -32.748517050723024
            ],
            [
              -70.61596851275705,
              -32.748517050723024
            ],
            [
              -70.61596851275705,
              -32.74851744584798
            ],
            [
              -70.61596616479639,
              -32.74851744584798
            ],
            [
              -70.61596616479639,
              -32.74851784097294
            ],
            [
              -70.61596334724359,
              -32.74851784097294
            ],
            [
              -70.61596334724359,
              -32.7485182360979
            ],
            [
              -70.61596099928292,
              -32.7485182360979
            ],
            [
              -70.61596099928292,
              -32.74851863122286
            ],
            [
              -70.61595818173012,
              -32.74851863122286
            ],
            [
              -70.61595818173012,
              -32.748519026347815
            ],
            [
              -70.61595536417732,
              -32.748519026347815
            ],
            [
              -70.61595536417732,
              -32.74851942147277
            ],
            [
              -70.61595301621665,
              -32.74851942147277
            ],
            [
              -70.61595301621665,
              -32.74851981659773
            ],
            [
              -70.61595019866385,
              -32.74851981659773
            ],
            [
              -70.61595019866385,
              -32.748520211722685
            ],
            [
              -70.6159478507032,
              -32.748520211722685
            ],
            [
              -70.6159478507032,
              -32.74852060684764
            ],
            [
              -70.61594503315038,
              -32.74852060684764
            ],
            [
              -70.61594503315038,
              -32.7485210019726
            ],
            [
              -70.61594268518972,
              -32.7485210019726
            ],
            [
              -70.61594268518972,
              -32.748521397097555
            ],
            [
              -70.61593986763692,
              -32.748521397097555
            ],
            [
              -70.61593986763692,
              -32.74852179222251
            ],
            [
              -70.61593751967625,
              -32.74852179222251
            ],
            [
              -70.61593751967625,
              -32.748522187347476
            ],
            [
              -70.61593470212345,
              -32.748522187347476
            ],
            [
              -70.61593470212345,
              -32.74852258247243
            ],
            [
              -70.61593188457066,
              -32.74852258247243
            ],
            [
              -70.61593188457066,
              -32.74852297759739
            ],
            [
              -70.61592953660998,
              -32.74852297759739
            ],
            [
              -70.61592953660998,
              -32.748523372722346
            ],
            [
              -70.61592671905719,
              -32.748523372722346
            ],
            [
              -70.61592671905719,
              -32.7485237678473
            ],
            [
              -70.61592437109651,
              -32.7485237678473
            ],
            [
              -70.61592437109651,
              -32.74852416297226
            ],
            [
              -70.61592155354371,
              -32.74852416297226
            ],
            [
              -70.61592155354371,
              -32.748524558097216
            ],
            [
              -70.61591920558305,
              -32.748524558097216
            ],
            [
              -70.61591920558305,
              -32.74852495322217
            ],
            [
              -70.61591638803024,
              -32.74852495322217
            ],
            [
              -70.61591638803024,
              -32.74852534834713
            ],
            [
              -70.61591357047745,
              -32.74852534834713
            ],
            [
              -70.61591357047745,
              -32.748525743472086
            ],
            [
              -70.61591122251679,
              -32.748525743472086
            ],
            [
              -70.61591122251679,
              -32.74852613859705
            ],
            [
              -70.61590840496397,
              -32.74852613859705
            ],
            [
              -70.61590840496397,
              -32.74852653372201
            ],
            [
              -70.61590605700331,
              -32.74852653372201
            ],
            [
              -70.61590605700331,
              -32.748526928846964
            ],
            [
              -70.61590323945052,
              -32.748526928846964
            ],
            [
              -70.61590323945052,
              -32.74852732397192
            ],
            [
              -70.61590089148984,
              -32.74852732397192
            ],
            [
              -70.61590089148984,
              -32.74852771909688
            ],
            [
              -70.61589807393705,
              -32.74852771909688
            ],
            [
              -70.61589807393705,
              -32.748528114221834
            ],
            [
              -70.61589525638425,
              -32.748528114221834
            ],
            [
              -70.61589525638425,
              -32.74852850934679
            ],
            [
              -70.61589290842358,
              -32.74852850934679
            ],
            [
              -70.61589290842358,
              -32.74852890447175
            ],
            [
              -70.61589009087078,
              -32.74852890447175
            ],
            [
              -70.61589009087078,
              -32.748529299596704
            ],
            [
              -70.61588774291012,
              -32.748529299596704
            ],
            [
              -70.61588774291012,
              -32.74852969472166
            ],
            [
              -70.6158849253573,
              -32.74852969472166
            ],
            [
              -70.6158849253573,
              -32.748530089846625
            ],
            [
              -70.61588257739665,
              -32.748530089846625
            ],
            [
              -70.61588257739665,
              -32.74853048497158
            ],
            [
              -70.61587975984385,
              -32.74853048497158
            ],
            [
              -70.61587975984385,
              -32.74853088009654
            ],
            [
              -70.61587741188318,
              -32.74853088009654
            ],
            [
              -70.61587741188318,
              -32.748531275221495
            ],
            [
              -70.61587459433038,
              -32.748531275221495
            ],
            [
              -70.61587459433038,
              -32.74853167034645
            ],
            [
              -70.61587177677758,
              -32.74853167034645
            ],
            [
              -70.61587177677758,
              -32.74853206547141
            ],
            [
              -70.61586942881691,
              -32.74853206547141
            ],
            [
              -70.61586942881691,
              -32.748532460596365
            ],
            [
              -70.61586661126411,
              -32.748532460596365
            ],
            [
              -70.61586661126411,
              -32.74853285572132
            ],
            [
              -70.61586426330344,
              -32.74853285572132
            ],
            [
              -70.61586426330344,
              -32.74853325084628
            ],
            [
              -70.61586144575064,
              -32.74853325084628
            ],
            [
              -70.61586144575064,
              -32.748533645971236
            ],
            [
              -70.61585909778998,
              -32.748533645971236
            ],
            [
              -70.61585909778998,
              -32.7485340410962
            ],
            [
              -70.61585628023717,
              -32.7485340410962
            ],
            [
              -70.61585628023717,
              -32.748534436221156
            ],
            [
              -70.61585346268437,
              -32.748534436221156
            ],
            [
              -70.61585346268437,
              -32.74853483134611
            ],
            [
              -70.61585111472371,
              -32.74853483134611
            ],
            [
              -70.61585111472371,
              -32.74853522647107
            ],
            [
              -70.61584829717091,
              -32.74853522647107
            ],
            [
              -70.61584829717091,
              -32.74853562159603
            ],
            [
              -70.61584594921024,
              -32.74853562159603
            ],
            [
              -70.61584594921024,
              -32.74853601672098
            ],
            [
              -70.61584313165744,
              -32.74853601672098
            ],
            [
              -70.61584313165744,
              -32.74853641184594
            ],
            [
              -70.61584078369677,
              -32.74853641184594
            ],
            [
              -70.61584078369677,
              -32.7485368069709
            ],
            [
              -70.61583796614397,
              -32.7485368069709
            ],
            [
              -70.61583796614397,
              -32.748537202095854
            ],
            [
              -70.61583561818331,
              -32.748537202095854
            ],
            [
              -70.61583561818331,
              -32.74853759722081
            ],
            [
              -70.6158328006305,
              -32.74853759722081
            ],
            [
              -70.6158328006305,
              -32.748537992345774
            ],
            [
              -70.6158299830777,
              -32.748537992345774
            ],
            [
              -70.6158299830777,
              -32.74853838747073
            ],
            [
              -70.61582763511704,
              -32.74853838747073
            ],
            [
              -70.61582763511704,
              -32.74853878259569
            ],
            [
              -70.61582481756423,
              -32.74853878259569
            ],
            [
              -70.61582481756423,
              -32.748539177720644
            ],
            [
              -70.61582246960357,
              -32.748539177720644
            ],
            [
              -70.61582246960357,
              -32.7485395728456
            ],
            [
              -70.61581965205077,
              -32.7485395728456
            ],
            [
              -70.61581965205077,
              -32.74853996797056
            ],
            [
              -70.6158173040901,
              -32.74853996797056
            ],
            [
              -70.6158173040901,
              -32.748540363095515
            ],
            [
              -70.6158144865373,
              -32.748540363095515
            ],
            [
              -70.6158144865373,
              -32.74854075822047
            ],
            [
              -70.6158116689845,
              -32.74854075822047
            ],
            [
              -70.6158116689845,
              -32.74854115334543
            ],
            [
              -70.61580932102383,
              -32.74854115334543
            ],
            [
              -70.61580932102383,
              -32.748541548470385
            ],
            [
              -70.61580650347103,
              -32.748541548470385
            ],
            [
              -70.61580650347103,
              -32.74854194359535
            ],
            [
              -70.61580415551036,
              -32.74854194359535
            ],
            [
              -70.61580415551036,
              -32.748542338720306
            ],
            [
              -70.61580133795756,
              -32.748542338720306
            ],
            [
              -70.61580133795756,
              -32.74854273384526
            ],
            [
              -70.6157989899969,
              -32.74854273384526
            ],
            [
              -70.6157989899969,
              -32.74854312897022
            ],
            [
              -70.61579617244409,
              -32.74854312897022
            ],
            [
              -70.61579617244409,
              -32.748543524095176
            ],
            [
              -70.6157933548913,
              -32.748543524095176
            ],
            [
              -70.6157933548913,
              -32.74854391922013
            ],
            [
              -70.61579100693064,
              -32.74854391922013
            ],
            [
              -70.61579100693064,
              -32.74854431434509
            ],
            [
              -70.61578818937784,
              -32.74854431434509
            ],
            [
              -70.61578818937784,
              -32.748544709470046
            ],
            [
              -70.61578584141716,
              -32.748544709470046
            ],
            [
              -70.61578584141716,
              -32.748545104595
            ],
            [
              -70.61578302386437,
              -32.748545104595
            ],
            [
              -70.61578302386437,
              -32.74854549971996
            ],
            [
              -70.6157806759037,
              -32.74854549971996
            ],
            [
              -70.6157806759037,
              -32.74854589484492
            ],
            [
              -70.6157778583509,
              -32.74854589484492
            ],
            [
              -70.6157778583509,
              -32.74854628996988
            ],
            [
              -70.61577551039024,
              -32.74854628996988
            ],
            [
              -70.61577551039024,
              -32.74854668509484
            ],
            [
              -70.61577269283742,
              -32.74854668509484
            ],
            [
              -70.61577269283742,
              -32.748547080219794
            ],
            [
              -70.61576987528463,
              -32.748547080219794
            ],
            [
              -70.61576987528463,
              -32.74854747534475
            ],
            [
              -70.61576752732397,
              -32.74854747534475
            ],
            [
              -70.61576752732397,
              -32.74854787046971
            ],
            [
              -70.61576470977116,
              -32.74854787046971
            ],
            [
              -70.61576470977116,
              -32.748548265594664
            ],
            [
              -70.6157623618105,
              -32.748548265594664
            ],
            [
              -70.6157623618105,
              -32.74854866071962
            ],
            [
              -70.6157595442577,
              -32.74854866071962
            ],
            [
              -70.6157595442577,
              -32.74854905584458
            ],
            [
              -70.61575719629703,
              -32.74854905584458
            ],
            [
              -70.61575719629703,
              -32.748549450969534
            ],
            [
              -70.61575437874423,
              -32.748549450969534
            ],
            [
              -70.61575437874423,
              -32.7485498460945
            ],
            [
              -70.61575156119143,
              -32.7485498460945
            ],
            [
              -70.61575156119143,
              -32.748550241219455
            ],
            [
              -70.61574921323076,
              -32.748550241219455
            ],
            [
              -70.61574921323076,
              -32.74855063634441
            ],
            [
              -70.61574639567796,
              -32.74855063634441
            ],
            [
              -70.61574639567796,
              -32.74855103146937
            ],
            [
              -70.61574404771729,
              -32.74855103146937
            ],
            [
              -70.61574404771729,
              -32.748551426594325
            ],
            [
              -70.61574123016449,
              -32.748551426594325
            ],
            [
              -70.61574123016449,
              -32.74855182171928
            ],
            [
              -70.61573888220383,
              -32.74855182171928
            ],
            [
              -70.61573888220383,
              -32.74855221684424
            ],
            [
              -70.61573606465103,
              -32.74855221684424
            ],
            [
              -70.61573606465103,
              -32.748552611969195
            ],
            [
              -70.61573371669036,
              -32.748552611969195
            ],
            [
              -70.61573371669036,
              -32.74855300709415
            ],
            [
              -70.61573089913756,
              -32.74855300709415
            ],
            [
              -70.61573089913756,
              -32.74855340221911
            ],
            [
              -70.61572808158476,
              -32.74855340221911
            ],
            [
              -70.61572808158476,
              -32.74855379734407
            ],
            [
              -70.61572573362409,
              -32.74855379734407
            ],
            [
              -70.61572573362409,
              -32.74855419246903
            ],
            [
              -70.61572291607129,
              -32.74855419246903
            ],
            [
              -70.61572291607129,
              -32.748554587593986
            ],
            [
              -70.61572056811062,
              -32.748554587593986
            ],
            [
              -70.61572056811062,
              -32.74855498271894
            ],
            [
              -70.61571775055782,
              -32.74855498271894
            ],
            [
              -70.61571775055782,
              -32.7485553778439
            ],
            [
              -70.61571540259716,
              -32.7485553778439
            ],
            [
              -70.61571540259716,
              -32.74855577296886
            ],
            [
              -70.61571258504435,
              -32.74855577296886
            ],
            [
              -70.61571258504435,
              -32.74855616809381
            ],
            [
              -70.61570976749155,
              -32.74855616809381
            ],
            [
              -70.61570976749155,
              -32.74855656321877
            ],
            [
              -70.61570741953089,
              -32.74855656321877
            ],
            [
              -70.61570741953089,
              -32.74855695834373
            ],
            [
              -70.61570460197808,
              -32.74855695834373
            ],
            [
              -70.61570460197808,
              -32.748557353468684
            ],
            [
              -70.61570225401742,
              -32.748557353468684
            ],
            [
              -70.61570225401742,
              -32.74855774859365
            ],
            [
              -70.61569943646462,
              -32.74855774859365
            ],
            [
              -70.61569943646462,
              -32.748558143718604
            ],
            [
              -70.61569708850395,
              -32.748558143718604
            ],
            [
              -70.61569708850395,
              -32.74855853884356
            ],
            [
              -70.61569427095115,
              -32.74855853884356
            ],
            [
              -70.61569427095115,
              -32.74855893396852
            ],
            [
              -70.61569145339836,
              -32.74855893396852
            ],
            [
              -70.61569145339836,
              -32.748559329093474
            ],
            [
              -70.61568910543768,
              -32.748559329093474
            ],
            [
              -70.61568910543768,
              -32.74855972421843
            ],
            [
              -70.61568628788488,
              -32.74855972421843
            ],
            [
              -70.61568628788488,
              -32.74856011934339
            ],
            [
              -70.61568393992422,
              -32.74856011934339
            ],
            [
              -70.61568393992422,
              -32.748560514468345
            ],
            [
              -70.61568112237141,
              -32.748560514468345
            ],
            [
              -70.61568112237141,
              -32.7485609095933
            ],
            [
              -70.61567877441075,
              -32.7485609095933
            ],
            [
              -70.61567877441075,
              -32.74856130471826
            ],
            [
              -70.61567595685796,
              -32.74856130471826
            ],
            [
              -70.61567595685796,
              -32.74856169984322
            ],
            [
              -70.61567360889728,
              -32.74856169984322
            ],
            [
              -70.61567360889728,
              -32.74856209496818
            ],
            [
              -70.61567079134448,
              -32.74856209496818
            ],
            [
              -70.61567079134448,
              -32.748562490093136
            ],
            [
              -70.61566797379169,
              -32.748562490093136
            ],
            [
              -70.61566797379169,
              -32.74856288521809
            ],
            [
              -70.61566562583101,
              -32.74856288521809
            ],
            [
              -70.61566562583101,
              -32.74856328034305
            ],
            [
              -70.61566280827822,
              -32.74856328034305
            ],
            [
              -70.61566280827822,
              -32.748563675468006
            ],
            [
              -70.61566046031754,
              -32.748563675468006
            ],
            [
              -70.61566046031754,
              -32.74856407059296
            ],
            [
              -70.61565764276475,
              -32.74856407059296
            ],
            [
              -70.61565764276475,
              -32.74856446571792
            ],
            [
              -70.61565529480409,
              -32.74856446571792
            ],
            [
              -70.61565529480409,
              -32.748564860842876
            ],
            [
              -70.61565247725127,
              -32.748564860842876
            ],
            [
              -70.61565247725127,
              -32.74856525596783
            ],
            [
              -70.61564965969848,
              -32.74856525596783
            ],
            [
              -70.61564965969848,
              -32.7485656510928
            ],
            [
              -70.61564731173782,
              -32.7485656510928
            ],
            [
              -70.61564731173782,
              -32.74856604621775
            ],
            [
              -70.615644494185,
              -32.74856604621775
            ],
            [
              -70.615644494185,
              -32.74856644134271
            ],
            [
              -70.61564214622435,
              -32.74856644134271
            ],
            [
              -70.61564214622435,
              -32.74856683646767
            ],
            [
              -70.61563932867155,
              -32.74856683646767
            ],
            [
              -70.61563932867155,
              -32.748567231592624
            ],
            [
              -70.61563698071087,
              -32.748567231592624
            ],
            [
              -70.61563698071087,
              -32.74856762671758
            ],
            [
              -70.61563416315808,
              -32.74856762671758
            ],
            [
              -70.61563416315808,
              -32.74856802184254
            ],
            [
              -70.6156318151974,
              -32.74856802184254
            ],
            [
              -70.6156318151974,
              -32.748568416967494
            ],
            [
              -70.6156289976446,
              -32.748568416967494
            ],
            [
              -70.6156289976446,
              -32.74856881209245
            ],
            [
              -70.61562618009181,
              -32.74856881209245
            ],
            [
              -70.61562618009181,
              -32.74856920721741
            ],
            [
              -70.61562383213115,
              -32.74856920721741
            ],
            [
              -70.61562383213115,
              -32.74856960234237
            ],
            [
              -70.61562101457834,
              -32.74856960234237
            ],
            [
              -70.61562101457834,
              -32.74856999746733
            ],
            [
              -70.61561866661768,
              -32.74856999746733
            ],
            [
              -70.61561866661768,
              -32.748570392592285
            ],
            [
              -70.61561584906488,
              -32.748570392592285
            ],
            [
              -70.61561584906488,
              -32.74857078771724
            ],
            [
              -70.6156135011042,
              -32.74857078771724
            ],
            [
              -70.6156135011042,
              -32.7485711828422
            ],
            [
              -70.61561068355141,
              -32.7485711828422
            ],
            [
              -70.61561068355141,
              -32.748571577967155
            ],
            [
              -70.61560786599861,
              -32.748571577967155
            ],
            [
              -70.61560786599861,
              -32.74857197309211
            ],
            [
              -70.61560551803794,
              -32.74857197309211
            ],
            [
              -70.61560551803794,
              -32.74857236821707
            ],
            [
              -70.61560270048514,
              -32.74857236821707
            ],
            [
              -70.61560270048514,
              -32.748572763342025
            ],
            [
              -70.61560035252447,
              -32.748572763342025
            ],
            [
              -70.61560035252447,
              -32.74857315846698
            ],
            [
              -70.61559753497167,
              -32.74857315846698
            ],
            [
              -70.61559753497167,
              -32.748573553591946
            ],
            [
              -70.61559518701101,
              -32.748573553591946
            ],
            [
              -70.61559518701101,
              -32.7485739487169
            ],
            [
              -70.6155923694582,
              -32.7485739487169
            ],
            [
              -70.6155923694582,
              -32.74857434384186
            ],
            [
              -70.6155895519054,
              -32.74857434384186
            ],
            [
              -70.6155895519054,
              -32.748574738966816
            ],
            [
              -70.61558720394474,
              -32.748574738966816
            ],
            [
              -70.61558720394474,
              -32.74857513409177
            ],
            [
              -70.61558438639193,
              -32.74857513409177
            ],
            [
              -70.61558438639193,
              -32.74857552921673
            ],
            [
              -70.61558203843127,
              -32.74857552921673
            ],
            [
              -70.61558203843127,
              -32.74857592434169
            ],
            [
              -70.61557922087847,
              -32.74857592434169
            ],
            [
              -70.61557922087847,
              -32.74857631946664
            ],
            [
              -70.6155768729178,
              -32.74857631946664
            ],
            [
              -70.6155768729178,
              -32.7485767145916
            ],
            [
              -70.615574055365,
              -32.7485767145916
            ],
            [
              -70.615574055365,
              -32.74857710971656
            ],
            [
              -70.61557170740434,
              -32.74857710971656
            ],
            [
              -70.61557170740434,
              -32.74857750484152
            ],
            [
              -70.61556888985153,
              -32.74857750484152
            ],
            [
              -70.61556888985153,
              -32.74857789996648
            ],
            [
              -70.61556607229873,
              -32.74857789996648
            ],
            [
              -70.61556607229873,
              -32.748578295091434
            ],
            [
              -70.61556372433807,
              -32.748578295091434
            ],
            [
              -70.61556372433807,
              -32.74857869021639
            ],
            [
              -70.61556090678526,
              -32.74857869021639
            ],
            [
              -70.61556090678526,
              -32.74857908534135
            ],
            [
              -70.6155585588246,
              -32.74857908534135
            ],
            [
              -70.6155585588246,
              -32.748579480466304
            ],
            [
              -70.6155557412718,
              -32.748579480466304
            ],
            [
              -70.6155557412718,
              -32.74857987559126
            ],
            [
              -70.61555339331113,
              -32.74857987559126
            ],
            [
              -70.61555339331113,
              -32.74858027071622
            ],
            [
              -70.61555057575833,
              -32.74858027071622
            ],
            [
              -70.61555057575833,
              -32.748580665841175
            ],
            [
              -70.61554775820554,
              -32.748580665841175
            ],
            [
              -70.61554775820554,
              -32.74858106096613
            ],
            [
              -70.61554541024486,
              -32.74858106096613
            ],
            [
              -70.61554541024486,
              -32.748581456091095
            ],
            [
              -70.61554259269207,
              -32.748581456091095
            ],
            [
              -70.61554259269207,
              -32.74858185121605
            ],
            [
              -70.61554024473139,
              -32.74858185121605
            ],
            [
              -70.61554024473139,
              -32.74858224634101
            ],
            [
              -70.6155374271786,
              -32.74858224634101
            ],
            [
              -70.6155374271786,
              -32.748582641465966
            ],
            [
              -70.61553507921793,
              -32.748582641465966
            ],
            [
              -70.61553507921793,
              -32.74858303659092
            ],
            [
              -70.61553226166512,
              -32.74858303659092
            ],
            [
              -70.61553226166512,
              -32.74858343171588
            ],
            [
              -70.61552991370446,
              -32.74858343171588
            ],
            [
              -70.61552991370446,
              -32.748583826840836
            ],
            [
              -70.61552709615167,
              -32.748583826840836
            ],
            [
              -70.61552709615167,
              -32.74858422196579
            ],
            [
              -70.61552427859887,
              -32.74858422196579
            ],
            [
              -70.61552427859887,
              -32.74858461709075
            ],
            [
              -70.6155219306382,
              -32.74858461709075
            ],
            [
              -70.6155219306382,
              -32.748585012215706
            ],
            [
              -70.6155191130854,
              -32.748585012215706
            ],
            [
              -70.6155191130854,
              -32.74858540734067
            ],
            [
              -70.61551676512472,
              -32.74858540734067
            ],
            [
              -70.61551676512472,
              -32.74858580246563
            ],
            [
              -70.61551394757193,
              -32.74858580246563
            ],
            [
              -70.61551394757193,
              -32.74858619759058
            ],
            [
              -70.61551159961127,
              -32.74858619759058
            ],
            [
              -70.61551159961127,
              -32.74858659271554
            ],
            [
              -70.61550878205846,
              -32.74858659271554
            ],
            [
              -70.61550878205846,
              -32.7485869878405
            ],
            [
              -70.61550596450566,
              -32.7485869878405
            ],
            [
              -70.61550596450566,
              -32.748587382965454
            ],
            [
              -70.615503616545,
              -32.748587382965454
            ],
            [
              -70.615503616545,
              -32.74858777809041
            ],
            [
              -70.61550079899219,
              -32.74858777809041
            ],
            [
              -70.61550079899219,
              -32.74858817321537
            ],
            [
              -70.61549845103153,
              -32.74858817321537
            ],
            [
              -70.61549845103153,
              -32.748588568340324
            ],
            [
              -70.61549563347873,
              -32.748588568340324
            ],
            [
              -70.61549563347873,
              -32.74858896346528
            ],
            [
              -70.61549328551806,
              -32.74858896346528
            ],
            [
              -70.61549328551806,
              -32.748589358590245
            ],
            [
              -70.61549046796526,
              -32.748589358590245
            ],
            [
              -70.61549046796526,
              -32.7485897537152
            ],
            [
              -70.61548765041246,
              -32.7485897537152
            ],
            [
              -70.61548765041246,
              -32.74859014884016
            ],
            [
              -70.61548530245179,
              -32.74859014884016
            ],
            [
              -70.61548530245179,
              -32.748590543965115
            ],
            [
              -70.61548248489899,
              -32.748590543965115
            ],
            [
              -70.61548248489899,
              -32.74859093909007
            ],
            [
              -70.61548013693832,
              -32.74859093909007
            ],
            [
              -70.61548013693832,
              -32.74859133421503
            ],
            [
              -70.61547731938552,
              -32.74859133421503
            ],
            [
              -70.61547731938552,
              -32.748591729339985
            ],
            [
              -70.61547450183272,
              -32.748591729339985
            ],
            [
              -70.61547450183272,
              -32.74859212446494
            ],
            [
              -70.61547168427992,
              -32.74859212446494
            ],
            [
              -70.61547168427992,
              -32.7485925195899
            ],
            [
              -70.61546886672713,
              -32.7485925195899
            ],
            [
              -70.61546886672713,
              -32.748592914714855
            ],
            [
              -70.61546604917432,
              -32.748592914714855
            ],
            [
              -70.61546604917432,
              -32.74859330983982
            ],
            [
              -70.61546323162152,
              -32.74859330983982
            ],
            [
              -70.61546323162152,
              -32.748593704964776
            ],
            [
              -70.61546041406872,
              -32.748593704964776
            ],
            [
              -70.61546041406872,
              -32.74859410008973
            ],
            [
              -70.61545712692379,
              -32.74859410008973
            ],
            [
              -70.61545712692379,
              -32.74859449521469
            ],
            [
              -70.61545430937099,
              -32.74859449521469
            ],
            [
              -70.61545430937099,
              -32.748594890339646
            ],
            [
              -70.61545149181819,
              -32.748594890339646
            ],
            [
              -70.61545149181819,
              -32.7485952854646
            ],
            [
              -70.61544867426538,
              -32.7485952854646
            ],
            [
              -70.61544867426538,
              -32.74859568058956
            ],
            [
              -70.61544585671258,
              -32.74859568058956
            ],
            [
              -70.61544585671258,
              -32.74859607571452
            ],
            [
              -70.61544303915979,
              -32.74859607571452
            ],
            [
              -70.61544303915979,
              -32.74859647083947
            ],
            [
              -70.61544022160699,
              -32.74859647083947
            ],
            [
              -70.61544022160699,
              -32.74859686596443
            ],
            [
              -70.61543693446205,
              -32.74859686596443
            ],
            [
              -70.61543693446205,
              -32.748597261089394
            ],
            [
              -70.61543411690926,
              -32.748597261089394
            ],
            [
              -70.61543411690926,
              -32.74859765621435
            ],
            [
              -70.61543129935644,
              -32.74859765621435
            ],
            [
              -70.61543129935644,
              -32.74859805133931
            ],
            [
              -70.61542848180365,
              -32.74859805133931
            ],
            [
              -70.61542848180365,
              -32.748598446464264
            ],
            [
              -70.61542566425085,
              -32.748598446464264
            ],
            [
              -70.61542566425085,
              -32.74859884158922
            ],
            [
              -70.61542284669805,
              -32.74859884158922
            ],
            [
              -70.61542284669805,
              -32.74859923671418
            ],
            [
              -70.61542002914524,
              -32.74859923671418
            ],
            [
              -70.61542002914524,
              -32.748599631839134
            ],
            [
              -70.61541721159244,
              -32.748599631839134
            ],
            [
              -70.61541721159244,
              -32.74860002696409
            ],
            [
              -70.61541392444751,
              -32.74860002696409
            ],
            [
              -70.61541392444751,
              -32.74860042208905
            ],
            [
              -70.61541110689471,
              -32.74860042208905
            ],
            [
              -70.61541110689471,
              -32.748600817214005
            ],
            [
              -70.61540828934191,
              -32.748600817214005
            ],
            [
              -70.61540828934191,
              -32.74860121233897
            ],
            [
              -70.61540547178912,
              -32.74860121233897
            ],
            [
              -70.61540547178912,
              -32.748601607463925
            ],
            [
              -70.6154026542363,
              -32.748601607463925
            ],
            [
              -70.6154026542363,
              -32.74860200258888
            ],
            [
              -70.61539983668351,
              -32.74860200258888
            ],
            [
              -70.61539983668351,
              -32.74860239771384
            ],
            [
              -70.61539701913071,
              -32.74860239771384
            ],
            [
              -70.61539701913071,
              -32.748602792838795
            ],
            [
              -70.61539420157791,
              -32.748602792838795
            ],
            [
              -70.61539420157791,
              -32.74860318796375
            ],
            [
              -70.61539091443298,
              -32.74860318796375
            ],
            [
              -70.61539091443298,
              -32.74860358308871
            ],
            [
              -70.61538809688018,
              -32.74860358308871
            ],
            [
              -70.61538809688018,
              -32.748603978213666
            ],
            [
              -70.61538527932737,
              -32.748603978213666
            ],
            [
              -70.61538527932737,
              -32.74860437333862
            ],
            [
              -70.61538246177457,
              -32.74860437333862
            ],
            [
              -70.61538246177457,
              -32.74860476846358
            ],
            [
              -70.61537964422178,
              -32.74860476846358
            ],
            [
              -70.61537964422178,
              -32.74860516358854
            ],
            [
              -70.61537682666898,
              -32.74860516358854
            ],
            [
              -70.61537682666898,
              -32.7486055587135
            ],
            [
              -70.61537400911618,
              -32.7486055587135
            ],
            [
              -70.61537400911618,
              -32.74860595383846
            ],
            [
              -70.61537119156337,
              -32.74860595383846
            ],
            [
              -70.61537119156337,
              -32.74860634896341
            ],
            [
              -70.61536790441843,
              -32.74860634896341
            ],
            [
              -70.61536790441843,
              -32.74860674408837
            ],
            [
              -70.61536508686564,
              -32.74860674408837
            ],
            [
              -70.61536508686564,
              -32.74860713921333
            ],
            [
              -70.61536226931284,
              -32.74860713921333
            ],
            [
              -70.61536226931284,
              -32.748607534338284
            ],
            [
              -70.61535945176004,
              -32.748607534338284
            ],
            [
              -70.61535945176004,
              -32.74860792946324
            ],
            [
              -70.61535663420725,
              -32.74860792946324
            ],
            [
              -70.61535663420725,
              -32.7486083245882
            ],
            [
              -70.61535381665443,
              -32.7486083245882
            ],
            [
              -70.61535381665443,
              -32.748608719713154
            ],
            [
              -70.61535099910164,
              -32.748608719713154
            ],
            [
              -70.61535099910164,
              -32.74860911483812
            ],
            [
              -70.61534818154884,
              -32.74860911483812
            ],
            [
              -70.61534818154884,
              -32.748609509963075
            ],
            [
              -70.6153448944039,
              -32.748609509963075
            ],
            [
              -70.6153448944039,
              -32.74860990508803
            ],
            [
              -70.6153420768511,
              -32.74860990508803
            ],
            [
              -70.6153420768511,
              -32.74861030021299
            ],
            [
              -70.61533925929831,
              -32.74861030021299
            ],
            [
              -70.61533925929831,
              -32.748610695337945
            ],
            [
              -70.6153364417455,
              -32.748610695337945
            ],
            [
              -70.6153364417455,
              -32.7486110904629
            ],
            [
              -70.6153336241927,
              -32.7486110904629
            ],
            [
              -70.6153336241927,
              -32.74861148558786
            ],
            [
              -70.6153308066399,
              -32.74861148558786
            ],
            [
              -70.6153308066399,
              -32.748611880712815
            ],
            [
              -70.6153279890871,
              -32.748611880712815
            ],
            [
              -70.6153279890871,
              -32.74861227583777
            ],
            [
              -70.6153251715343,
              -32.74861227583777
            ],
            [
              -70.6153251715343,
              -32.74861267096273
            ],
            [
              -70.61532188438937,
              -32.74861267096273
            ],
            [
              -70.61532188438937,
              -32.74861306608769
            ],
            [
              -70.61531906683656,
              -32.74861306608769
            ],
            [
              -70.61531906683656,
              -32.74861346121265
            ],
            [
              -70.61531624928377,
              -32.74861346121265
            ],
            [
              -70.61531624928377,
              -32.748613856337606
            ],
            [
              -70.61531343173097,
              -32.748613856337606
            ],
            [
              -70.61531343173097,
              -32.74861425146256
            ],
            [
              -70.61531061417817,
              -32.74861425146256
            ],
            [
              -70.61531061417817,
              -32.74861464658752
            ],
            [
              -70.61530779662536,
              -32.74861464658752
            ],
            [
              -70.61530779662536,
              -32.748615041712476
            ],
            [
              -70.61530497907256,
              -32.748615041712476
            ],
            [
              -70.61530497907256,
              -32.74861543683743
            ],
            [
              -70.61530216151976,
              -32.74861543683743
            ],
            [
              -70.61530216151976,
              -32.74861583196239
            ],
            [
              -70.61529887437483,
              -32.74861583196239
            ],
            [
              -70.61529887437483,
              -32.748616227087346
            ],
            [
              -70.61529605682203,
              -32.748616227087346
            ],
            [
              -70.61529605682203,
              -32.7486166222123
            ],
            [
              -70.61529323926923,
              -32.7486166222123
            ],
            [
              -70.61529323926923,
              -32.74861701733727
            ],
            [
              -70.61529042171642,
              -32.74861701733727
            ],
            [
              -70.61529042171642,
              -32.748617412462224
            ],
            [
              -70.61528760416363,
              -32.748617412462224
            ],
            [
              -70.61528760416363,
              -32.74861780758718
            ],
            [
              -70.61528478661083,
              -32.74861780758718
            ],
            [
              -70.61528478661083,
              -32.74861820271214
            ],
            [
              -70.61528196905803,
              -32.74861820271214
            ],
            [
              -70.61528196905803,
              -32.748618597837094
            ],
            [
              -70.61527915150523,
              -32.748618597837094
            ],
            [
              -70.61527915150523,
              -32.74861899296205
            ],
            [
              -70.6152758643603,
              -32.74861899296205
            ],
            [
              -70.6152758643603,
              -32.74861938808701
            ],
            [
              -70.61527304680749,
              -32.74861938808701
            ],
            [
              -70.61527304680749,
              -32.748619783211964
            ],
            [
              -70.61527022925469,
              -32.748619783211964
            ],
            [
              -70.61527022925469,
              -32.74862017833692
            ],
            [
              -70.6152674117019,
              -32.74862017833692
            ],
            [
              -70.6152674117019,
              -32.74862057346188
            ],
            [
              -70.6152645941491,
              -32.74862057346188
            ],
            [
              -70.6152645941491,
              -32.74862096858684
            ],
            [
              -70.6152617765963,
              -32.74862096858684
            ],
            [
              -70.6152617765963,
              -32.7486213637118
            ],
            [
              -70.61525895904349,
              -32.7486213637118
            ],
            [
              -70.61525895904349,
              -32.748621758836755
            ],
            [
              -70.61525614149069,
              -32.748621758836755
            ],
            [
              -70.61525614149069,
              -32.74862215396171
            ],
            [
              -70.61525285434575,
              -32.74862215396171
            ],
            [
              -70.61525285434575,
              -32.74862254908667
            ],
            [
              -70.61525003679296,
              -32.74862254908667
            ],
            [
              -70.61525003679296,
              -32.748622944211625
            ],
            [
              -70.61524721924016,
              -32.748622944211625
            ],
            [
              -70.61524721924016,
              -32.74862333933658
            ],
            [
              -70.61524440168736,
              -32.74862333933658
            ],
            [
              -70.61524440168736,
              -32.74862373446154
            ],
            [
              -70.61524158413455,
              -32.74862373446154
            ],
            [
              -70.61524158413455,
              -32.748624129586496
            ],
            [
              -70.61523876658175,
              -32.748624129586496
            ],
            [
              -70.61523876658175,
              -32.74862452471145
            ],
            [
              -70.61523594902896,
              -32.74862452471145
            ],
            [
              -70.61523594902896,
              -32.748624919836416
            ],
            [
              -70.61523266188402,
              -32.748624919836416
            ],
            [
              -70.61523266188402,
              -32.74862531496137
            ],
            [
              -70.61522984433122,
              -32.74862531496137
            ],
            [
              -70.61522984433122,
              -32.74862571008633
            ],
            [
              -70.61522702677843,
              -32.74862571008633
            ],
            [
              -70.61522702677843,
              -32.74862610521129
            ],
            [
              -70.61522420922562,
              -32.74862610521129
            ],
            [
              -70.61522420922562,
              -32.74862650033624
            ],
            [
              -70.61522139167282,
              -32.74862650033624
            ],
            [
              -70.61522139167282,
              -32.7486268954612
            ],
            [
              -70.61521857412002,
              -32.7486268954612
            ],
            [
              -70.61521857412002,
              -32.74862729058616
            ],
            [
              -70.61521575656722,
              -32.74862729058616
            ],
            [
              -70.61521575656722,
              -32.748627685711114
            ],
            [
              -70.61521293901443,
              -32.748627685711114
            ],
            [
              -70.61521293901443,
              -32.74862808083607
            ],
            [
              -70.61520965186949,
              -32.74862808083607
            ],
            [
              -70.61520965186949,
              -32.74862847596103
            ],
            [
              -70.61520683431668,
              -32.74862847596103
            ],
            [
              -70.61520683431668,
              -32.74862887108599
            ],
            [
              -70.61520401676388,
              -32.74862887108599
            ],
            [
              -70.61520401676388,
              -32.74862926621095
            ],
            [
              -70.61520119921109,
              -32.74862926621095
            ],
            [
              -70.61520119921109,
              -32.748629661335904
            ],
            [
              -70.61519838165829,
              -32.748629661335904
            ],
            [
              -70.61519838165829,
              -32.74863005646086
            ],
            [
              -70.61519556410548,
              -32.74863005646086
            ],
            [
              -70.61519556410548,
              -32.74863045158582
            ],
            [
              -70.61519321614482,
              -32.74863045158582
            ],
            [
              -70.61519321614482,
              -32.74862847596103
            ],
            [
              -70.61519368573695,
              -32.74862847596103
            ],
            [
              -70.61519368573695,
              -32.74862650033624
            ],
            [
              -70.61519415532908,
              -32.74862650033624
            ],
            [
              -70.61519415532908,
              -32.748624129586496
            ],
            [
              -70.61519462492122,
              -32.748624129586496
            ],
            [
              -70.61519462492122,
              -32.74862215396171
            ],
            [
              -70.61519509451335,
              -32.74862215396171
            ],
            [
              -70.61519509451335,
              -32.74862017833692
            ],
            [
              -70.61519556410548,
              -32.74862017833692
            ],
            [
              -70.61519556410548,
              -32.74861780758718
            ],
            [
              -70.61519603369761,
              -32.74861780758718
            ],
            [
              -70.61519603369761,
              -32.74861583196239
            ],
            [
              -70.61519650328975,
              -32.74861583196239
            ],
            [
              -70.61519650328975,
              -32.748613856337606
            ],
            [
              -70.61519697288189,
              -32.748613856337606
            ],
            [
              -70.61519697288189,
              -32.74861148558786
            ],
            [
              -70.61519744247401,
              -32.74861148558786
            ],
            [
              -70.61519744247401,
              -32.748609509963075
            ],
            [
              -70.61519791206615,
              -32.748609509963075
            ],
            [
              -70.61519791206615,
              -32.748607534338284
            ],
            [
              -70.61519838165829,
              -32.748607534338284
            ],
            [
              -70.61519838165829,
              -32.7486055587135
            ],
            [
              -70.61519885125041,
              -32.7486055587135
            ],
            [
              -70.61519885125041,
              -32.74860318796375
            ],
            [
              -70.61519932084255,
              -32.74860318796375
            ],
            [
              -70.61519932084255,
              -32.74860121233897
            ],
            [
              -70.61519979043469,
              -32.74860121233897
            ],
            [
              -70.61519979043469,
              -32.74859923671418
            ],
            [
              -70.61520026002682,
              -32.74859923671418
            ],
            [
              -70.61520026002682,
              -32.74859686596443
            ],
            [
              -70.61520072961895,
              -32.74859686596443
            ],
            [
              -70.61520072961895,
              -32.748594890339646
            ],
            [
              -70.61520119921109,
              -32.748594890339646
            ],
            [
              -70.61520119921109,
              -32.748592914714855
            ],
            [
              -70.61520166880322,
              -32.748592914714855
            ],
            [
              -70.61520166880322,
              -32.74859093909007
            ],
            [
              -70.61520213839535,
              -32.74859093909007
            ],
            [
              -70.61520213839535,
              -32.748588568340324
            ],
            [
              -70.61520260798748,
              -32.748588568340324
            ],
            [
              -70.61520260798748,
              -32.74858659271554
            ],
            [
              -70.61520307757962,
              -32.74858659271554
            ],
            [
              -70.61520307757962,
              -32.74858461709075
            ],
            [
              -70.61520354717175,
              -32.74858461709075
            ],
            [
              -70.61520354717175,
              -32.74858224634101
            ],
            [
              -70.61520401676388,
              -32.74858224634101
            ],
            [
              -70.61520401676388,
              -32.74858027071622
            ],
            [
              -70.61520448635602,
              -32.74858027071622
            ],
            [
              -70.61520448635602,
              -32.748578295091434
            ],
            [
              -70.61520495594816,
              -32.748578295091434
            ],
            [
              -70.61520495594816,
              -32.74857592434169
            ],
            [
              -70.61520542554028,
              -32.74857592434169
            ],
            [
              -70.61520542554028,
              -32.7485739487169
            ],
            [
              -70.61520589513242,
              -32.7485739487169
            ],
            [
              -70.61520589513242,
              -32.74857197309211
            ],
            [
              -70.61520636472456,
              -32.74857197309211
            ],
            [
              -70.61520636472456,
              -32.74856999746733
            ],
            [
              -70.61520683431668,
              -32.74856999746733
            ],
            [
              -70.61520683431668,
              -32.74856762671758
            ],
            [
              -70.61520730390882,
              -32.74856762671758
            ],
            [
              -70.61520730390882,
              -32.7485656510928
            ],
            [
              -70.61520777350096,
              -32.7485656510928
            ],
            [
              -70.61520777350096,
              -32.748563675468006
            ],
            [
              -70.61520824309308,
              -32.748563675468006
            ],
            [
              -70.61520824309308,
              -32.74856130471826
            ],
            [
              -70.61520871268522,
              -32.74856130471826
            ],
            [
              -70.61520871268522,
              -32.748559329093474
            ],
            [
              -70.61520918227735,
              -32.748559329093474
            ],
            [
              -70.61520918227735,
              -32.748557353468684
            ],
            [
              -70.61520965186949,
              -32.748557353468684
            ],
            [
              -70.61520965186949,
              -32.7485553778439
            ],
            [
              -70.61521012146162,
              -32.7485553778439
            ],
            [
              -70.61521012146162,
              -32.74855300709415
            ],
            [
              -70.61521059105375,
              -32.74855300709415
            ],
            [
              -70.61521059105375,
              -32.74855103146937
            ],
            [
              -70.61521106064589,
              -32.74855103146937
            ],
            [
              -70.61521106064589,
              -32.74854905584458
            ],
            [
              -70.61521153023801,
              -32.74854905584458
            ],
            [
              -70.61521153023801,
              -32.74854668509484
            ],
            [
              -70.61521199983015,
              -32.74854668509484
            ],
            [
              -70.61521199983015,
              -32.748544709470046
            ],
            [
              -70.61521246942229,
              -32.748544709470046
            ],
            [
              -70.61521246942229,
              -32.74854273384526
            ],
            [
              -70.61521293901443,
              -32.74854273384526
            ],
            [
              -70.61521293901443,
              -32.74854075822047
            ],
            [
              -70.61521340860655,
              -32.74854075822047
            ],
            [
              -70.61521340860655,
              -32.74853838747073
            ],
            [
              -70.61521387819869,
              -32.74853838747073
            ],
            [
              -70.61521387819869,
              -32.74853641184594
            ],
            [
              -70.61521434779083,
              -32.74853641184594
            ],
            [
              -70.61521434779083,
              -32.748534436221156
            ],
            [
              -70.61521481738295,
              -32.748534436221156
            ],
            [
              -70.61521481738295,
              -32.74853206547141
            ],
            [
              -70.61521528697509,
              -32.74853206547141
            ],
            [
              -70.61521528697509,
              -32.748530089846625
            ],
            [
              -70.61521575656722,
              -32.748530089846625
            ],
            [
              -70.61521575656722,
              -32.748528114221834
            ],
            [
              -70.61521622615935,
              -32.748528114221834
            ],
            [
              -70.61521622615935,
              -32.748525743472086
            ],
            [
              -70.61521669575149,
              -32.748525743472086
            ],
            [
              -70.61521669575149,
              -32.7485237678473
            ],
            [
              -70.61521716534362,
              -32.7485237678473
            ],
            [
              -70.61521716534362,
              -32.74852179222251
            ],
            [
              -70.61521763493576,
              -32.74852179222251
            ],
            [
              -70.61521763493576,
              -32.74851981659773
            ],
            [
              -70.61521810452788,
              -32.74851981659773
            ],
            [
              -70.61521810452788,
              -32.74851744584798
            ],
            [
              -70.61521857412002,
              -32.74851744584798
            ],
            [
              -70.61521857412002,
              -32.7485154702232
            ],
            [
              -70.61521904371216,
              -32.7485154702232
            ],
            [
              -70.61521904371216,
              -32.748513494598406
            ],
            [
              -70.61521951330428,
              -32.748513494598406
            ],
            [
              -70.61521951330428,
              -32.748511123848665
            ],
            [
              -70.61521998289642,
              -32.748511123848665
            ],
            [
              -70.61521998289642,
              -32.748509148223874
            ],
            [
              -70.61522045248856,
              -32.748509148223874
            ],
            [
              -70.61522045248856,
              -32.74850717259909
            ],
            [
              -70.61522092208068,
              -32.74850717259909
            ],
            [
              -70.61522092208068,
              -32.7485051969743
            ],
            [
              -70.61522139167282,
              -32.7485051969743
            ],
            [
              -70.61522139167282,
              -32.74850282622456
            ],
            [
              -70.61522186126496,
              -32.74850282622456
            ],
            [
              -70.61522186126496,
              -32.74850085059977
            ],
            [
              -70.6152223308571,
              -32.74850085059977
            ],
            [
              -70.6152223308571,
              -32.748498874974985
            ],
            [
              -70.61522280044922,
              -32.748498874974985
            ],
            [
              -70.61522280044922,
              -32.74849650422524
            ],
            [
              -70.61522327004135,
              -32.74849650422524
            ],
            [
              -70.61522327004135,
              -32.74849452860045
            ],
            [
              -70.61522373963349,
              -32.74849452860045
            ],
            [
              -70.61522373963349,
              -32.74849255297566
            ],
            [
              -70.61522420922562,
              -32.74849255297566
            ],
            [
              -70.61522420922562,
              -32.748490182225915
            ],
            [
              -70.61522467881775,
              -32.748490182225915
            ],
            [
              -70.61522467881775,
              -32.74848820660113
            ],
            [
              -70.61522514840989,
              -32.74848820660113
            ],
            [
              -70.61522514840989,
              -32.74848623097634
            ],
            [
              -70.61522561800201,
              -32.74848623097634
            ],
            [
              -70.61522561800201,
              -32.748484255351556
            ],
            [
              -70.61522608759415,
              -32.748484255351556
            ],
            [
              -70.61522608759415,
              -32.74848188460181
            ],
            [
              -70.61522655718629,
              -32.74848188460181
            ],
            [
              -70.61522655718629,
              -32.748479908977025
            ],
            [
              -70.61522702677843,
              -32.748479908977025
            ],
            [
              -70.61522702677843,
              -32.748477933352234
            ],
            [
              -70.61522749637055,
              -32.748477933352234
            ],
            [
              -70.61522749637055,
              -32.74847556260249
            ],
            [
              -70.61522796596269,
              -32.74847556260249
            ],
            [
              -70.61522796596269,
              -32.7484735869777
            ],
            [
              -70.61522843555483,
              -32.7484735869777
            ],
            [
              -70.61522843555483,
              -32.74847161135292
            ],
            [
              -70.61522890514695,
              -32.74847161135292
            ],
            [
              -70.61522890514695,
              -32.74846963572813
            ],
            [
              -70.61522937473909,
              -32.74846963572813
            ],
            [
              -70.61522937473909,
              -32.74846726497839
            ],
            [
              -70.61522984433122,
              -32.74846726497839
            ],
            [
              -70.61522984433122,
              -32.7484652893536
            ],
            [
              -70.61523031392336,
              -32.7484652893536
            ],
            [
              -70.61523031392336,
              -32.74846331372881
            ],
            [
              -70.61523078351549,
              -32.74846331372881
            ],
            [
              -70.61523078351549,
              -32.748460942979065
            ],
            [
              -70.61523125310762,
              -32.748460942979065
            ],
            [
              -70.61523125310762,
              -32.74845896735428
            ],
            [
              -70.61523172269976,
              -32.74845896735428
            ],
            [
              -70.61523172269976,
              -32.74845699172949
            ],
            [
              -70.61523219229188,
              -32.74845699172949
            ],
            [
              -70.61523219229188,
              -32.74845501610471
            ],
            [
              -70.61523266188402,
              -32.74845501610471
            ],
            [
              -70.61523266188402,
              -32.74845264535496
            ],
            [
              -70.61523313147616,
              -32.74845264535496
            ],
            [
              -70.61523313147616,
              -32.74845066973017
            ],
            [
              -70.61523360106828,
              -32.74845066973017
            ],
            [
              -70.61523360106828,
              -32.748448694105385
            ],
            [
              -70.61523407066042,
              -32.748448694105385
            ],
            [
              -70.61523407066042,
              -32.74844632335564
            ],
            [
              -70.61523454025256,
              -32.74844632335564
            ],
            [
              -70.61523454025256,
              -32.74844434773085
            ],
            [
              -70.6152350098447,
              -32.74844434773085
            ],
            [
              -70.6152350098447,
              -32.74844237210606
            ],
            [
              -70.61523547943682,
              -32.74844237210606
            ],
            [
              -70.61523547943682,
              -32.74844000135632
            ],
            [
              -70.61523594902896,
              -32.74844000135632
            ],
            [
              -70.61523594902896,
              -32.74843802573153
            ],
            [
              -70.6152364186211,
              -32.74843802573153
            ],
            [
              -70.6152364186211,
              -32.74843605010675
            ],
            [
              -70.61523688821322,
              -32.74843605010675
            ],
            [
              -70.61523688821322,
              -32.748434074481956
            ],
            [
              -70.61523735780536,
              -32.748434074481956
            ],
            [
              -70.61523735780536,
              -32.748431703732216
            ],
            [
              -70.6152378273975,
              -32.748431703732216
            ],
            [
              -70.6152378273975,
              -32.748429728107425
            ],
            [
              -70.61523829698962,
              -32.748429728107425
            ],
            [
              -70.61523829698962,
              -32.74842775248264
            ],
            [
              -70.61523876658175,
              -32.74842775248264
            ],
            [
              -70.61523876658175,
              -32.74842538173289
            ],
            [
              -70.61523923617389,
              -32.74842538173289
            ],
            [
              -70.61523923617389,
              -32.74842340610811
            ],
            [
              -70.61523970576603,
              -32.74842340610811
            ],
            [
              -70.61523970576603,
              -32.74842143048332
            ],
            [
              -70.61524017535815,
              -32.74842143048332
            ],
            [
              -70.61524017535815,
              -32.748419454858535
            ],
            [
              -70.61524064495029,
              -32.748419454858535
            ],
            [
              -70.61524064495029,
              -32.74841708410879
            ],
            [
              -70.61524111454243,
              -32.74841708410879
            ],
            [
              -70.61524111454243,
              -32.748415108484
            ],
            [
              -70.61524158413455,
              -32.748415108484
            ],
            [
              -70.61524158413455,
              -32.74841313285921
            ],
            [
              -70.61524205372669,
              -32.74841313285921
            ],
            [
              -70.61524205372669,
              -32.748410762109465
            ],
            [
              -70.61524252331883,
              -32.748410762109465
            ],
            [
              -70.61524252331883,
              -32.74840878648468
            ],
            [
              -70.61524299291095,
              -32.74840878648468
            ],
            [
              -70.61524299291095,
              -32.74840681085989
            ],
            [
              -70.61524346250309,
              -32.74840681085989
            ],
            [
              -70.61524346250309,
              -32.74840444011015
            ],
            [
              -70.61524393209523,
              -32.74840444011015
            ],
            [
              -70.61524393209523,
              -32.74840246448536
            ],
            [
              -70.61524440168736,
              -32.74840246448536
            ],
            [
              -70.61524440168736,
              -32.748400488860575
            ],
            [
              -70.61524487127949,
              -32.748400488860575
            ],
            [
              -70.61524487127949,
              -32.748398513235784
            ],
            [
              -70.61524534087162,
              -32.748398513235784
            ],
            [
              -70.61524534087162,
              -32.748396142486044
            ],
            [
              -70.61524581046376,
              -32.748396142486044
            ],
            [
              -70.61524581046376,
              -32.74839416686125
            ],
            [
              -70.61524628005589,
              -32.74839416686125
            ],
            [
              -70.61524628005589,
              -32.74839219123647
            ],
            [
              -70.61524674964802,
              -32.74839219123647
            ],
            [
              -70.61524674964802,
              -32.74838982048672
            ],
            [
              -70.61524721924016,
              -32.74838982048672
            ],
            [
              -70.61524721924016,
              -32.74838784486194
            ],
            [
              -70.6152476888323,
              -32.74838784486194
            ],
            [
              -70.6152476888323,
              -32.74838586923715
            ],
            [
              -70.61524815842442,
              -32.74838586923715
            ],
            [
              -70.61524815842442,
              -32.74838389361236
            ],
            [
              -70.61524862801656,
              -32.74838389361236
            ],
            [
              -70.61524862801656,
              -32.748381522862616
            ],
            [
              -70.6152490976087,
              -32.748381522862616
            ],
            [
              -70.6152490976087,
              -32.748379547237825
            ],
            [
              -70.61524956720082,
              -32.748379547237825
            ],
            [
              -70.61524956720082,
              -32.74837757161304
            ],
            [
              -70.61525003679296,
              -32.74837757161304
            ],
            [
              -70.61525003679296,
              -32.74837520086329
            ],
            [
              -70.6152505063851,
              -32.74837520086329
            ],
            [
              -70.6152505063851,
              -32.74837322523851
            ],
            [
              -70.61525097597722,
              -32.74837322523851
            ],
            [
              -70.61525097597722,
              -32.74837124961372
            ],
            [
              -70.61525144556936,
              -32.74837124961372
            ],
            [
              -70.61525144556936,
              -32.748369273988935
            ],
            [
              -70.6152519151615,
              -32.748369273988935
            ],
            [
              -70.6152519151615,
              -32.74836690323919
            ],
            [
              -70.61525238475363,
              -32.74836690323919
            ],
            [
              -70.61525238475363,
              -32.7483649276144
            ],
            [
              -70.61525285434575,
              -32.7483649276144
            ],
            [
              -70.61525285434575,
              -32.74836295198961
            ],
            [
              -70.61525332393789,
              -32.74836295198961
            ],
            [
              -70.61525332393789,
              -32.74836058123987
            ],
            [
              -70.61525379353003,
              -32.74836058123987
            ],
            [
              -70.61525379353003,
              -32.74835860561508
            ],
            [
              -70.61525426312215,
              -32.74835860561508
            ],
            [
              -70.61525426312215,
              -32.7483566299903
            ],
            [
              -70.61525473271429,
              -32.7483566299903
            ],
            [
              -70.61525473271429,
              -32.74835425924055
            ],
            [
              -70.61525520230643,
              -32.74835425924055
            ],
            [
              -70.61525520230643,
              -32.748352283615766
            ],
            [
              -70.61525567189855,
              -32.748352283615766
            ],
            [
              -70.61525567189855,
              -32.748350307990975
            ],
            [
              -70.61525614149069,
              -32.748350307990975
            ],
            [
              -70.61525614149069,
              -32.74834833236619
            ],
            [
              -70.61525661108283,
              -32.74834833236619
            ],
            [
              -70.61525661108283,
              -32.748345961616444
            ],
            [
              -70.61525708067497,
              -32.748345961616444
            ],
            [
              -70.61525708067497,
              -32.74834398599166
            ],
            [
              -70.61525755026709,
              -32.74834398599166
            ],
            [
              -70.61525755026709,
              -32.74834201036687
            ],
            [
              -70.61525801985923,
              -32.74834201036687
            ],
            [
              -70.61525801985923,
              -32.74833963961712
            ],
            [
              -70.61525848945136,
              -32.74833963961712
            ],
            [
              -70.61525848945136,
              -32.74833766399234
            ],
            [
              -70.61525895904349,
              -32.74833766399234
            ],
            [
              -70.61525895904349,
              -32.74833568836755
            ],
            [
              -70.61525942863562,
              -32.74833568836755
            ],
            [
              -70.61525942863562,
              -32.74833371274276
            ],
            [
              -70.61525989822776,
              -32.74833371274276
            ],
            [
              -70.61525989822776,
              -32.748331341993016
            ],
            [
              -70.61526036781989,
              -32.748331341993016
            ],
            [
              -70.61526036781989,
              -32.74832936636823
            ],
            [
              -70.61526083741202,
              -32.74832936636823
            ],
            [
              -70.61526083741202,
              -32.74832739074344
            ],
            [
              -70.61526130700416,
              -32.74832739074344
            ],
            [
              -70.61526130700416,
              -32.7483250199937
            ],
            [
              -70.6152617765963,
              -32.7483250199937
            ],
            [
              -70.6152617765963,
              -32.74832304436891
            ],
            [
              -70.61526224618842,
              -32.74832304436891
            ],
            [
              -70.61526224618842,
              -32.748321068744126
            ],
            [
              -70.61526271578056,
              -32.748321068744126
            ],
            [
              -70.61526271578056,
              -32.74831869799438
            ],
            [
              -70.6152631853727,
              -32.74831869799438
            ],
            [
              -70.6152631853727,
              -32.748316722369594
            ],
            [
              -70.61526365496482,
              -32.748316722369594
            ],
            [
              -70.61526365496482,
              -32.7483147467448
            ],
            [
              -70.61526412455696,
              -32.7483147467448
            ],
            [
              -70.61526412455696,
              -32.74831277112002
            ],
            [
              -70.6152645941491,
              -32.74831277112002
            ],
            [
              -70.6152645941491,
              -32.74831040037027
            ],
            [
              -70.61526506374123,
              -32.74831040037027
            ],
            [
              -70.61526506374123,
              -32.74830842474549
            ],
            [
              -70.61526553333336,
              -32.74830842474549
            ],
            [
              -70.61526553333336,
              -32.7483064491207
            ],
            [
              -70.6152660029255,
              -32.7483064491207
            ],
            [
              -70.6152660029255,
              -32.74830407837095
            ],
            [
              -70.61526647251763,
              -32.74830407837095
            ],
            [
              -70.61526647251763,
              -32.748302102746166
            ],
            [
              -70.61526694210976,
              -32.748302102746166
            ],
            [
              -70.61526694210976,
              -32.748300127121375
            ],
            [
              -70.6152674117019,
              -32.748300127121375
            ],
            [
              -70.6152674117019,
              -32.74829815149659
            ],
            [
              -70.61526788129403,
              -32.74829815149659
            ],
            [
              -70.61526788129403,
              -32.748295780746844
            ],
            [
              -70.61526835088615,
              -32.748295780746844
            ],
            [
              -70.61526835088615,
              -32.74829380512206
            ],
            [
              -70.61526882047829,
              -32.74829380512206
            ],
            [
              -70.61526882047829,
              -32.74829182949727
            ],
            [
              -70.61526929007043,
              -32.74829182949727
            ],
            [
              -70.61526929007043,
              -32.74828945874753
            ],
            [
              -70.61526975966257,
              -32.74828945874753
            ],
            [
              -70.61526975966257,
              -32.74828748312274
            ],
            [
              -70.61527022925469,
              -32.74828748312274
            ],
            [
              -70.61527022925469,
              -32.748285507497954
            ],
            [
              -70.61527069884683,
              -32.748285507497954
            ],
            [
              -70.61527069884683,
              -32.74828353187316
            ],
            [
              -70.61527116843897,
              -32.74828353187316
            ],
            [
              -70.61527116843897,
              -32.74828116112342
            ],
            [
              -70.61527163803109,
              -32.74828116112342
            ],
            [
              -70.61527163803109,
              -32.74827918549863
            ],
            [
              -70.61527210762323,
              -32.74827918549863
            ],
            [
              -70.61527210762323,
              -32.74827720987385
            ],
            [
              -70.61527257721536,
              -32.74827720987385
            ],
            [
              -70.61527257721536,
              -32.7482748391241
            ],
            [
              -70.61527304680749,
              -32.7482748391241
            ],
            [
              -70.61527304680749,
              -32.74827286349932
            ],
            [
              -70.61527351639963,
              -32.74827286349932
            ],
            [
              -70.61527351639963,
              -32.748270887874526
            ],
            [
              -70.61527398599176,
              -32.748270887874526
            ],
            [
              -70.61527398599176,
              -32.74826851712478
            ],
            [
              -70.6152744555839,
              -32.74826851712478
            ],
            [
              -70.6152744555839,
              -32.748266541499994
            ],
            [
              -70.61527492517602,
              -32.748266541499994
            ],
            [
              -70.61527492517602,
              -32.7482645658752
            ],
            [
              -70.61527539476816,
              -32.7482645658752
            ],
            [
              -70.61527539476816,
              -32.74826259025042
            ],
            [
              -70.6152758643603,
              -32.74826259025042
            ],
            [
              -70.6152758643603,
              -32.74826021950067
            ],
            [
              -70.61527633395242,
              -32.74826021950067
            ],
            [
              -70.61527633395242,
              -32.74825824387589
            ],
            [
              -70.61527680354456,
              -32.74825824387589
            ],
            [
              -70.61527680354456,
              -32.7482562682511
            ],
            [
              -70.6152772731367,
              -32.7482562682511
            ],
            [
              -70.6152772731367,
              -32.74825389750136
            ],
            [
              -70.61527774272884,
              -32.74825389750136
            ],
            [
              -70.61527774272884,
              -32.748251921876566
            ],
            [
              -70.61527821232096,
              -32.748251921876566
            ],
            [
              -70.61527821232096,
              -32.74824994625178
            ],
            [
              -70.6152786819131,
              -32.74824994625178
            ],
            [
              -70.6152786819131,
              -32.74824797062699
            ],
            [
              -70.61527915150523,
              -32.74824797062699
            ],
            [
              -70.61527915150523,
              -32.74824559987725
            ],
            [
              -70.61527962109736,
              -32.74824559987725
            ],
            [
              -70.61527962109736,
              -32.74824362425246
            ],
            [
              -70.6152800906895,
              -32.74824362425246
            ],
            [
              -70.6152800906895,
              -32.748241648627676
            ],
            [
              -70.61528056028163,
              -32.748241648627676
            ],
            [
              -70.61528056028163,
              -32.74823927787793
            ],
            [
              -70.61528102987376,
              -32.74823927787793
            ],
            [
              -70.61528102987376,
              -32.748237302253145
            ],
            [
              -70.6152814994659,
              -32.748237302253145
            ],
            [
              -70.6152814994659,
              -32.748235326628354
            ],
            [
              -70.61528196905803,
              -32.748235326628354
            ],
            [
              -70.61528196905803,
              -32.748232955878606
            ],
            [
              -70.61528243865017,
              -32.748232955878606
            ],
            [
              -70.61528243865017,
              -32.74823098025382
            ],
            [
              -70.61528290824229,
              -32.74823098025382
            ],
            [
              -70.61528290824229,
              -32.74822900462903
            ],
            [
              -70.61528337783443,
              -32.74822900462903
            ],
            [
              -70.61528337783443,
              -32.74822702900425
            ],
            [
              -70.61528384742657,
              -32.74822702900425
            ],
            [
              -70.61528384742657,
              -32.7482246582545
            ],
            [
              -70.61528431701869,
              -32.7482246582545
            ],
            [
              -70.61528431701869,
              -32.74822268262972
            ],
            [
              -70.61528478661083,
              -32.74822268262972
            ],
            [
              -70.61528478661083,
              -32.748220707004926
            ],
            [
              -70.61528525620297,
              -32.748220707004926
            ],
            [
              -70.61528525620297,
              -32.748218336255185
            ],
            [
              -70.61528572579509,
              -32.748218336255185
            ],
            [
              -70.61528572579509,
              -32.748216360630394
            ],
            [
              -70.61528619538723,
              -32.748216360630394
            ],
            [
              -70.61528619538723,
              -32.74821438500561
            ],
            [
              -70.61528666497937,
              -32.74821438500561
            ],
            [
              -70.61528666497937,
              -32.74821240938082
            ],
            [
              -70.6152871345715,
              -32.74821240938082
            ],
            [
              -70.6152871345715,
              -32.74821003863108
            ],
            [
              -70.61528760416363,
              -32.74821003863108
            ],
            [
              -70.61528760416363,
              -32.74820806300629
            ],
            [
              -70.61528807375576,
              -32.74820806300629
            ],
            [
              -70.61528807375576,
              -32.748206087381504
            ],
            [
              -70.6152885433479,
              -32.748206087381504
            ],
            [
              -70.6152885433479,
              -32.74820371663176
            ],
            [
              -70.61528901294002,
              -32.74820371663176
            ],
            [
              -70.61528901294002,
              -32.74820174100697
            ],
            [
              -70.61528948253216,
              -32.74820174100697
            ],
            [
              -70.61528948253216,
              -32.74819976538218
            ],
            [
              -70.6152899521243,
              -32.74819976538218
            ],
            [
              -70.6152899521243,
              -32.748197394632435
            ],
            [
              -70.61529042171642,
              -32.748197394632435
            ],
            [
              -70.61529042171642,
              -32.74819541900765
            ],
            [
              -70.61529089130856,
              -32.74819541900765
            ],
            [
              -70.61529089130856,
              -32.74819344338286
            ],
            [
              -70.6152913609007,
              -32.74819344338286
            ],
            [
              -70.6152913609007,
              -32.748191467758076
            ],
            [
              -70.61529183049284,
              -32.748191467758076
            ],
            [
              -70.61529183049284,
              -32.74818909700833
            ],
            [
              -70.61529230008496,
              -32.74818909700833
            ],
            [
              -70.61529230008496,
              -32.748187121383545
            ],
            [
              -70.6152927696771,
              -32.748187121383545
            ],
            [
              -70.6152927696771,
              -32.748185145758754
            ],
            [
              -70.61529323926923,
              -32.748185145758754
            ],
            [
              -70.61529323926923,
              -32.74818277500901
            ],
            [
              -70.61529370886136,
              -32.74818277500901
            ],
            [
              -70.61529370886136,
              -32.74818079938422
            ],
            [
              -70.6152941784535,
              -32.74818079938422
            ],
            [
              -70.6152941784535,
              -32.74817882375944
            ],
            [
              -70.61529464804563,
              -32.74817882375944
            ],
            [
              -70.61529464804563,
              -32.74817684813465
            ],
            [
              -70.61529511763777,
              -32.74817684813465
            ],
            [
              -70.61529511763777,
              -32.74817447738491
            ],
            [
              -70.6152955872299,
              -32.74817447738491
            ],
            [
              -70.6152955872299,
              -32.748172501760116
            ],
            [
              -70.61529605682203,
              -32.748172501760116
            ],
            [
              -70.61529605682203,
              -32.74817052613533
            ],
            [
              -70.61529652641417,
              -32.74817052613533
            ],
            [
              -70.61529652641417,
              -32.748168155385585
            ],
            [
              -70.6152969960063,
              -32.748168155385585
            ],
            [
              -70.6152969960063,
              -32.7481661797608
            ],
            [
              -70.61529746559843,
              -32.7481661797608
            ],
            [
              -70.61529746559843,
              -32.74816420413601
            ],
            [
              -70.61529793519057,
              -32.74816420413601
            ],
            [
              -70.61529793519057,
              -32.74816222851123
            ],
            [
              -70.61529840478269,
              -32.74816222851123
            ],
            [
              -70.61529840478269,
              -32.74815985776148
            ],
            [
              -70.61529887437483,
              -32.74815985776148
            ],
            [
              -70.61529887437483,
              -32.74815788213669
            ],
            [
              -70.61529934396697,
              -32.74815788213669
            ],
            [
              -70.61529934396697,
              -32.748155906511904
            ],
            [
              -70.6152998135591,
              -32.748155906511904
            ],
            [
              -70.6152998135591,
              -32.74815353576216
            ],
            [
              -70.61530028315123,
              -32.74815353576216
            ],
            [
              -70.61530028315123,
              -32.74815156013737
            ],
            [
              -70.61530075274337,
              -32.74815156013737
            ],
            [
              -70.61530075274337,
              -32.74814958451258
            ],
            [
              -70.6153012223355,
              -32.74814958451258
            ],
            [
              -70.6153012223355,
              -32.74814721376284
            ],
            [
              -70.61530169192763,
              -32.74814721376284
            ],
            [
              -70.61530169192763,
              -32.74814523813805
            ],
            [
              -70.61530216151976,
              -32.74814523813805
            ],
            [
              -70.61530216151976,
              -32.74814326251327
            ],
            [
              -70.6153026311119,
              -32.74814326251327
            ],
            [
              -70.6153026311119,
              -32.748141286888476
            ],
            [
              -70.61530310070403,
              -32.748141286888476
            ],
            [
              -70.61530310070403,
              -32.748138916138736
            ],
            [
              -70.61530357029616,
              -32.748138916138736
            ],
            [
              -70.61530357029616,
              -32.748136940513945
            ],
            [
              -70.6153040398883,
              -32.748136940513945
            ],
            [
              -70.6153040398883,
              -32.74813496488916
            ],
            [
              -70.61530450948044,
              -32.74813496488916
            ],
            [
              -70.61530450948044,
              -32.74813259413941
            ],
            [
              -70.61530497907256,
              -32.74813259413941
            ],
            [
              -70.61530497907256,
              -32.74813061851463
            ],
            [
              -70.6153054486647,
              -32.74813061851463
            ],
            [
              -70.6153054486647,
              -32.74812864288984
            ],
            [
              -70.61530591825684,
              -32.74812864288984
            ],
            [
              -70.61530591825684,
              -32.748126667265055
            ],
            [
              -70.61530638784896,
              -32.748126667265055
            ],
            [
              -70.61530638784896,
              -32.74812429651531
            ],
            [
              -70.6153068574411,
              -32.74812429651531
            ],
            [
              -70.6153068574411,
              -32.748122320890516
            ],
            [
              -70.61530732703324,
              -32.748122320890516
            ],
            [
              -70.61530732703324,
              -32.74812034526573
            ],
            [
              -70.61530779662536,
              -32.74812034526573
            ],
            [
              -70.61530779662536,
              -32.748117974515985
            ],
            [
              -70.6153082662175,
              -32.748117974515985
            ],
            [
              -70.6153082662175,
              -32.7481159988912
            ],
            [
              -70.61530873580963,
              -32.7481159988912
            ],
            [
              -70.61530873580963,
              -32.74811402326641
            ],
            [
              -70.61530920540177,
              -32.74811402326641
            ],
            [
              -70.61530920540177,
              -32.74811165251667
            ],
            [
              -70.6153096749939,
              -32.74811165251667
            ],
            [
              -70.6153096749939,
              -32.74810967689188
            ],
            [
              -70.61531014458603,
              -32.74810967689188
            ],
            [
              -70.61531014458603,
              -32.748107701267095
            ],
            [
              -70.61531061417817,
              -32.748107701267095
            ],
            [
              -70.61531061417817,
              -32.748105725642304
            ],
            [
              -70.6153110837703,
              -32.748105725642304
            ],
            [
              -70.6153110837703,
              -32.748103354892564
            ],
            [
              -70.61531155336243,
              -32.748103354892564
            ],
            [
              -70.61531155336243,
              -32.74810137926777
            ],
            [
              -70.61531202295457,
              -32.74810137926777
            ],
            [
              -70.61531202295457,
              -32.74809940364299
            ],
            [
              -70.6153124925467,
              -32.74809940364299
            ],
            [
              -70.6153124925467,
              -32.74809703289324
            ],
            [
              -70.61531296213883,
              -32.74809703289324
            ],
            [
              -70.61531296213883,
              -32.74809505726846
            ],
            [
              -70.61531343173097,
              -32.74809505726846
            ],
            [
              -70.61531343173097,
              -32.74809308164367
            ],
            [
              -70.6153139013231,
              -32.74809308164367
            ],
            [
              -70.6153139013231,
              -32.74809110601888
            ],
            [
              -70.61531437091523,
              -32.74809110601888
            ],
            [
              -70.61531437091523,
              -32.748088735269135
            ],
            [
              -70.61531484050737,
              -32.748088735269135
            ],
            [
              -70.61531484050737,
              -32.74808675964435
            ],
            [
              -70.6153153100995,
              -32.74808675964435
            ],
            [
              -70.6153153100995,
              -32.74808478401956
            ],
            [
              -70.61531577969163,
              -32.74808478401956
            ],
            [
              -70.61531577969163,
              -32.74808241326981
            ],
            [
              -70.61531624928377,
              -32.74808241326981
            ],
            [
              -70.61531624928377,
              -32.74808043764503
            ],
            [
              -70.6153167188759,
              -32.74808043764503
            ],
            [
              -70.6153167188759,
              -32.74807846202024
            ],
            [
              -70.61531718846804,
              -32.74807846202024
            ],
            [
              -70.61531718846804,
              -32.748076486395455
            ],
            [
              -70.61531765806016,
              -32.748076486395455
            ],
            [
              -70.61531765806016,
              -32.74807411564571
            ],
            [
              -70.6153181276523,
              -32.74807411564571
            ],
            [
              -70.6153181276523,
              -32.74807214002092
            ],
            [
              -70.61531859724444,
              -32.74807214002092
            ],
            [
              -70.61531859724444,
              -32.74807016439613
            ],
            [
              -70.61531906683656,
              -32.74807016439613
            ],
            [
              -70.61531906683656,
              -32.74806779364639
            ],
            [
              -70.6153195364287,
              -32.74806779364639
            ],
            [
              -70.6153195364287,
              -32.7480658180216
            ],
            [
              -70.61532000602084,
              -32.7480658180216
            ],
            [
              -70.61532000602084,
              -32.74806384239682
            ],
            [
              -70.61532047561296,
              -32.74806384239682
            ],
            [
              -70.61532047561296,
              -32.74806147164707
            ],
            [
              -70.6153209452051,
              -32.74806147164707
            ],
            [
              -70.6153209452051,
              -32.748059496022286
            ],
            [
              -70.61532141479724,
              -32.748059496022286
            ],
            [
              -70.61532141479724,
              -32.748057520397495
            ],
            [
              -70.61532188438937,
              -32.748057520397495
            ],
            [
              -70.61532188438937,
              -32.74805554477271
            ],
            [
              -70.6153223539815,
              -32.74805554477271
            ],
            [
              -70.6153223539815,
              -32.748053174022964
            ],
            [
              -70.61532282357363,
              -32.748053174022964
            ],
            [
              -70.61532282357363,
              -32.74805119839818
            ],
            [
              -70.61532329316577,
              -32.74805119839818
            ],
            [
              -70.61532329316577,
              -32.74804922277339
            ],
            [
              -70.6153237627579,
              -32.74804922277339
            ],
            [
              -70.6153237627579,
              -32.74804685202364
            ],
            [
              -70.61532423235003,
              -32.74804685202364
            ],
            [
              -70.61532423235003,
              -32.74804487639886
            ],
            [
              -70.61532470194217,
              -32.74804487639886
            ],
            [
              -70.61532470194217,
              -32.74804290077407
            ],
            [
              -70.6153251715343,
              -32.74804290077407
            ],
            [
              -70.6153251715343,
              -32.74804092514928
            ],
            [
              -70.61532564112643,
              -32.74804092514928
            ],
            [
              -70.61532564112643,
              -32.748038554399535
            ],
            [
              -70.61532611071857,
              -32.748038554399535
            ],
            [
              -70.61532611071857,
              -32.74803657877475
            ],
            [
              -70.61532658031071,
              -32.74803657877475
            ],
            [
              -70.61532658031071,
              -32.74803460314996
            ],
            [
              -70.61532704990283,
              -32.74803460314996
            ],
            [
              -70.61532704990283,
              -32.74803223240022
            ],
            [
              -70.61532751949497,
              -32.74803223240022
            ],
            [
              -70.61532751949497,
              -32.74803025677543
            ],
            [
              -70.6153279890871,
              -32.74803025677543
            ],
            [
              -70.6153279890871,
              -32.748028281150646
            ],
            [
              -70.61532845867923,
              -32.748028281150646
            ],
            [
              -70.61532845867923,
              -32.7480259104009
            ],
            [
              -70.61532892827137,
              -32.7480259104009
            ],
            [
              -70.61532892827137,
              -32.748023934776114
            ],
            [
              -70.6153293978635,
              -32.748023934776114
            ],
            [
              -70.6153293978635,
              -32.74802195915132
            ],
            [
              -70.61532986745564,
              -32.74802195915132
            ],
            [
              -70.61532986745564,
              -32.74801998352654
            ],
            [
              -70.61533033704777,
              -32.74801998352654
            ],
            [
              -70.61533033704777,
              -32.74801761277679
            ],
            [
              -70.6153308066399,
              -32.74801761277679
            ],
            [
              -70.6153308066399,
              -32.74801563715201
            ],
            [
              -70.61533127623204,
              -32.74801563715201
            ],
            [
              -70.61533127623204,
              -32.74801366152722
            ],
            [
              -70.61533174582416,
              -32.74801366152722
            ],
            [
              -70.61533174582416,
              -32.74801129077747
            ],
            [
              -70.6153322154163,
              -32.74801129077747
            ],
            [
              -70.6153322154163,
              -32.748009315152686
            ],
            [
              -70.61533268500844,
              -32.748009315152686
            ],
            [
              -70.61533268500844,
              -32.748007339527895
            ],
            [
              -70.61533315460056,
              -32.748007339527895
            ],
            [
              -70.61533315460056,
              -32.74800536390311
            ],
            [
              -70.6153336241927,
              -32.74800536390311
            ],
            [
              -70.6153336241927,
              -32.748002993153364
            ],
            [
              -70.61533409378484,
              -32.748002993153364
            ],
            [
              -70.61533409378484,
              -32.74800101752858
            ],
            [
              -70.61533456337698,
              -32.74800101752858
            ],
            [
              -70.61533456337698,
              -32.74799904190379
            ],
            [
              -70.6153350329691,
              -32.74799904190379
            ],
            [
              -70.6153350329691,
              -32.74799667115405
            ],
            [
              -70.61533550256124,
              -32.74799667115405
            ],
            [
              -70.61533550256124,
              -32.74799469552926
            ],
            [
              -70.61533597215337,
              -32.74799469552926
            ],
            [
              -70.61533597215337,
              -32.747992719904474
            ],
            [
              -70.6153364417455,
              -32.747992719904474
            ],
            [
              -70.6153364417455,
              -32.74799074427968
            ],
            [
              -70.61533691133764,
              -32.74799074427968
            ],
            [
              -70.61533691133764,
              -32.74798837352994
            ],
            [
              -70.61533738092977,
              -32.74798837352994
            ],
            [
              -70.61533738092977,
              -32.74798639790515
            ],
            [
              -70.6153378505219,
              -32.74798639790515
            ],
            [
              -70.6153378505219,
              -32.74798442228037
            ],
            [
              -70.61533832011403,
              -32.74798442228037
            ],
            [
              -70.61533832011403,
              -32.74798205153062
            ],
            [
              -70.61533878970617,
              -32.74798205153062
            ],
            [
              -70.61533878970617,
              -32.747980075905836
            ],
            [
              -70.61533925929831,
              -32.747980075905836
            ],
            [
              -70.61533925929831,
              -32.747978100281045
            ],
            [
              -70.61533972889043,
              -32.747978100281045
            ],
            [
              -70.61533972889043,
              -32.7479757295313
            ],
            [
              -70.61534019848257,
              -32.7479757295313
            ],
            [
              -70.61534019848257,
              -32.747973753906514
            ],
            [
              -70.61534066807471,
              -32.747973753906514
            ],
            [
              -70.61534066807471,
              -32.74797177828172
            ],
            [
              -70.61534113766683,
              -32.74797177828172
            ],
            [
              -70.61534113766683,
              -32.74796980265694
            ],
            [
              -70.61534160725897,
              -32.74796980265694
            ],
            [
              -70.61534160725897,
              -32.74796743190719
            ],
            [
              -70.6153420768511,
              -32.74796743190719
            ],
            [
              -70.6153420768511,
              -32.74796545628241
            ],
            [
              -70.61534254644324,
              -32.74796545628241
            ],
            [
              -70.61534254644324,
              -32.74796348065762
            ],
            [
              -70.61534301603537,
              -32.74796348065762
            ],
            [
              -70.61534301603537,
              -32.74796110990788
            ],
            [
              -70.6153434856275,
              -32.74796110990788
            ],
            [
              -70.6153434856275,
              -32.747959134283086
            ],
            [
              -70.61534395521964,
              -32.747959134283086
            ],
            [
              -70.61534395521964,
              -32.7479571586583
            ],
            [
              -70.61534442481177,
              -32.7479571586583
            ],
            [
              -70.61534442481177,
              -32.74795518303351
            ],
            [
              -70.6153448944039,
              -32.74795518303351
            ],
            [
              -70.6153448944039,
              -32.74795281228377
            ],
            [
              -70.61534536399604,
              -32.74795281228377
            ],
            [
              -70.61534536399604,
              -32.74795083665898
            ],
            [
              -70.61534583358817,
              -32.74795083665898
            ],
            [
              -70.61534583358817,
              -32.747948861034196
            ],
            [
              -70.6153463031803,
              -32.747948861034196
            ],
            [
              -70.6153463031803,
              -32.74794649028445
            ],
            [
              -70.61534677277244,
              -32.74794649028445
            ],
            [
              -70.61534677277244,
              -32.747944514659665
            ],
            [
              -70.61534724236458,
              -32.747944514659665
            ],
            [
              -70.61534724236458,
              -32.747942539034874
            ],
            [
              -70.6153477119567,
              -32.747942539034874
            ],
            [
              -70.6153477119567,
              -32.747940168285126
            ],
            [
              -70.61534818154884,
              -32.747940168285126
            ],
            [
              -70.61534818154884,
              -32.74793819266034
            ],
            [
              -70.61534865114098,
              -32.74793819266034
            ],
            [
              -70.61534865114098,
              -32.74793621703555
            ],
            [
              -70.6153491207331,
              -32.74793621703555
            ],
            [
              -70.6153491207331,
              -32.74793424141077
            ],
            [
              -70.61534959032524,
              -32.74793424141077
            ],
            [
              -70.61534959032524,
              -32.74793187066102
            ],
            [
              -70.61535005991738,
              -32.74793187066102
            ],
            [
              -70.61535005991738,
              -32.747929895036236
            ],
            [
              -70.6153505295095,
              -32.747929895036236
            ],
            [
              -70.6153505295095,
              -32.747927919411445
            ],
            [
              -70.61535099910164,
              -32.747927919411445
            ],
            [
              -70.61535099910164,
              -32.747925548661705
            ],
            [
              -70.61535146869377,
              -32.747925548661705
            ],
            [
              -70.61535146869377,
              -32.747923573036914
            ],
            [
              -70.61535193828591,
              -32.747923573036914
            ],
            [
              -70.61535193828591,
              -32.74792159741213
            ],
            [
              -70.61535240787804,
              -32.74792159741213
            ],
            [
              -70.61535240787804,
              -32.74791962178734
            ],
            [
              -70.61535287747017,
              -32.74791962178734
            ],
            [
              -70.61535287747017,
              -32.7479172510376
            ],
            [
              -70.61535334706231,
              -32.7479172510376
            ],
            [
              -70.61535334706231,
              -32.74791527541281
            ],
            [
              -70.61535381665443,
              -32.74791527541281
            ],
            [
              -70.61535381665443,
              -32.747913299788024
            ],
            [
              -70.61535428624657,
              -32.747913299788024
            ],
            [
              -70.61535428624657,
              -32.74791092903828
            ],
            [
              -70.61535475583871,
              -32.74791092903828
            ],
            [
              -70.61535475583871,
              -32.74790895341349
            ],
            [
              -70.61535522543083,
              -32.74790895341349
            ],
            [
              -70.61535522543083,
              -32.7479069777887
            ],
            [
              -70.61535569502297,
              -32.7479069777887
            ],
            [
              -70.61535569502297,
              -32.74790500216392
            ],
            [
              -70.61535616461511,
              -32.74790500216392
            ],
            [
              -70.61535616461511,
              -32.74790263141417
            ],
            [
              -70.61535663420725,
              -32.74790263141417
            ],
            [
              -70.61535663420725,
              -32.74790065578938
            ],
            [
              -70.61535710379937,
              -32.74790065578938
            ],
            [
              -70.61535710379937,
              -32.747898680164596
            ],
            [
              -70.6153575733915,
              -32.747898680164596
            ],
            [
              -70.6153575733915,
              -32.74789630941485
            ],
            [
              -70.61535804298364,
              -32.74789630941485
            ],
            [
              -70.61535804298364,
              -32.747894333790065
            ],
            [
              -70.61535851257577,
              -32.747894333790065
            ],
            [
              -70.61535851257577,
              -32.747892358165274
            ],
            [
              -70.6153589821679,
              -32.747892358165274
            ],
            [
              -70.6153589821679,
              -32.74788998741553
            ],
            [
              -70.61535945176004,
              -32.74788998741553
            ],
            [
              -70.61535945176004,
              -32.74788801179074
            ],
            [
              -70.61535992135218,
              -32.74788801179074
            ],
            [
              -70.61535992135218,
              -32.74788603616596
            ],
            [
              -70.6153603909443,
              -32.74788603616596
            ],
            [
              -70.6153603909443,
              -32.74788406054117
            ],
            [
              -70.61536086053644,
              -32.74788406054117
            ],
            [
              -70.61536086053644,
              -32.74788168979143
            ],
            [
              -70.61536133012858,
              -32.74788168979143
            ],
            [
              -70.61536133012858,
              -32.747879714166636
            ],
            [
              -70.6153617997207,
              -32.747879714166636
            ],
            [
              -70.6153617997207,
              -32.74787773854185
            ],
            [
              -70.61536226931284,
              -32.74787773854185
            ],
            [
              -70.61536226931284,
              -32.747875367792105
            ],
            [
              -70.61536273890498,
              -32.747875367792105
            ],
            [
              -70.61536273890498,
              -32.74787339216732
            ],
            [
              -70.6153632084971,
              -32.74787339216732
            ],
            [
              -70.6153632084971,
              -32.74787141654253
            ],
            [
              -70.61536367808924,
              -32.74787141654253
            ],
            [
              -70.61536367808924,
              -32.747869440917746
            ],
            [
              -70.61536414768138,
              -32.747869440917746
            ],
            [
              -70.61536414768138,
              -32.747867070168
            ],
            [
              -70.61536461727351,
              -32.747867070168
            ],
            [
              -70.61536461727351,
              -32.74786509454321
            ],
            [
              -70.61536508686564,
              -32.74786509454321
            ],
            [
              -70.61536508686564,
              -32.747863118918424
            ],
            [
              -70.61536555645777,
              -32.747863118918424
            ],
            [
              -70.61536555645777,
              -32.74786074816868
            ],
            [
              -70.61536602604991,
              -32.74786074816868
            ],
            [
              -70.61536602604991,
              -32.74785877254389
            ],
            [
              -70.61536649564204,
              -32.74785877254389
            ],
            [
              -70.61536649564204,
              -32.7478567969191
            ],
            [
              -70.61536696523417,
              -32.7478567969191
            ],
            [
              -70.61536696523417,
              -32.74785442616936
            ],
            [
              -70.61536743482631,
              -32.74785442616936
            ],
            [
              -70.61536743482631,
              -32.74785245054457
            ],
            [
              -70.61536790441843,
              -32.74785245054457
            ],
            [
              -70.61536790441843,
              -32.74785047491979
            ],
            [
              -70.61536837401057,
              -32.74785047491979
            ],
            [
              -70.61536837401057,
              -32.747848499294996
            ],
            [
              -70.61536884360271,
              -32.747848499294996
            ],
            [
              -70.61536884360271,
              -32.747846128545255
            ],
            [
              -70.61536931319485,
              -32.747846128545255
            ],
            [
              -70.61536931319485,
              -32.747844152920464
            ],
            [
              -70.61536978278697,
              -32.747844152920464
            ],
            [
              -70.61536978278697,
              -32.74784217729568
            ],
            [
              -70.61537025237911,
              -32.74784217729568
            ],
            [
              -70.61537025237911,
              -32.74783980654593
            ],
            [
              -70.61537072197125,
              -32.74783980654593
            ],
            [
              -70.61537072197125,
              -32.74783783092115
            ],
            [
              -70.61537119156337,
              -32.74783783092115
            ],
            [
              -70.61537119156337,
              -32.74783585529636
            ],
            [
              -70.6153716611555,
              -32.74783585529636
            ],
            [
              -70.6153716611555,
              -32.747833879671575
            ],
            [
              -70.61537213074764,
              -32.747833879671575
            ],
            [
              -70.61537213074764,
              -32.74783150892183
            ],
            [
              -70.61537260033977,
              -32.74783150892183
            ],
            [
              -70.61537260033977,
              -32.747829533297036
            ],
            [
              -70.6153730699319,
              -32.747829533297036
            ],
            [
              -70.6153730699319,
              -32.74782755767225
            ],
            [
              -70.61537353952404,
              -32.74782755767225
            ],
            [
              -70.61537353952404,
              -32.747825186922505
            ],
            [
              -70.61537400911618,
              -32.747825186922505
            ],
            [
              -70.61537400911618,
              -32.74782321129772
            ],
            [
              -70.6153744787083,
              -32.74782321129772
            ],
            [
              -70.6153744787083,
              -32.74782123567293
            ],
            [
              -70.61537494830044,
              -32.74782123567293
            ],
            [
              -70.61537494830044,
              -32.747819260048146
            ],
            [
              -70.61537541789258,
              -32.747819260048146
            ],
            [
              -70.61537541789258,
              -32.7478168892984
            ],
            [
              -70.6153758874847,
              -32.7478168892984
            ],
            [
              -70.6153758874847,
              -32.747814913673615
            ],
            [
              -70.61537635707684,
              -32.747814913673615
            ],
            [
              -70.61537635707684,
              -32.747812938048824
            ],
            [
              -70.61537682666898,
              -32.747812938048824
            ],
            [
              -70.61537682666898,
              -32.747810567299084
            ],
            [
              -70.61537729626112,
              -32.747810567299084
            ],
            [
              -70.61537729626112,
              -32.74780859167429
            ],
            [
              -70.61537776585324,
              -32.74780859167429
            ],
            [
              -70.61537776585324,
              -32.74780661604951
            ],
            [
              -70.61537823544538,
              -32.74780661604951
            ],
            [
              -70.61537823544538,
              -32.74780424529976
            ],
            [
              -70.61537870503751,
              -32.74780424529976
            ],
            [
              -70.61537870503751,
              -32.74780226967498
            ],
            [
              -70.61537917462964,
              -32.74780226967498
            ],
            [
              -70.61537917462964,
              -32.74780029405019
            ],
            [
              -70.61537964422178,
              -32.74780029405019
            ],
            [
              -70.61537964422178,
              -32.7477983184254
            ],
            [
              -70.61538011381391,
              -32.7477983184254
            ],
            [
              -70.61538011381391,
              -32.747795947675655
            ],
            [
              -70.61538058340604,
              -32.747795947675655
            ],
            [
              -70.61538058340604,
              -32.74779397205087
            ],
            [
              -70.61538105299817,
              -32.74779397205087
            ],
            [
              -70.61538105299817,
              -32.74779199642608
            ],
            [
              -70.61538152259031,
              -32.74779199642608
            ],
            [
              -70.61538152259031,
              -32.74778962567633
            ],
            [
              -70.61538199218245,
              -32.74778962567633
            ],
            [
              -70.61538199218245,
              -32.74778765005155
            ],
            [
              -70.61538246177457,
              -32.74778765005155
            ],
            [
              -70.61538246177457,
              -32.74778567442676
            ],
            [
              -70.61538293136671,
              -32.74778567442676
            ],
            [
              -70.61538293136671,
              -32.747783698801975
            ],
            [
              -70.61538340095885,
              -32.747783698801975
            ],
            [
              -70.61538340095885,
              -32.74778132805223
            ],
            [
              -70.61538387055097,
              -32.74778132805223
            ],
            [
              -70.61538387055097,
              -32.74777935242744
            ],
            [
              -70.61538434014311,
              -32.74777935242744
            ],
            [
              -70.61538434014311,
              -32.74777737680265
            ],
            [
              -70.61538480973525,
              -32.74777737680265
            ],
            [
              -70.61538480973525,
              -32.74777500605291
            ],
            [
              -70.61538527932737,
              -32.74777500605291
            ],
            [
              -70.61538527932737,
              -32.74777303042812
            ],
            [
              -70.61538574891951,
              -32.74777303042812
            ],
            [
              -70.61538574891951,
              -32.74777105480334
            ],
            [
              -70.61538621851165,
              -32.74777105480334
            ],
            [
              -70.61538621851165,
              -32.74776868405359
            ],
            [
              -70.61538668810378,
              -32.74776868405359
            ],
            [
              -70.61538668810378,
              -32.747766708428806
            ],
            [
              -70.6153871576959,
              -32.747766708428806
            ],
            [
              -70.6153871576959,
              -32.747764732804015
            ],
            [
              -70.61538762728804,
              -32.747764732804015
            ],
            [
              -70.61538762728804,
              -32.74776275717923
            ],
            [
              -70.61538809688018,
              -32.74776275717923
            ],
            [
              -70.61538809688018,
              -32.74776038642948
            ],
            [
              -70.6153885664723,
              -32.74776038642948
            ],
            [
              -70.6153885664723,
              -32.7477584108047
            ],
            [
              -70.61538903606444,
              -32.7477584108047
            ],
            [
              -70.61538903606444,
              -32.74775643517991
            ],
            [
              -70.61538950565658,
              -32.74775643517991
            ],
            [
              -70.61538950565658,
              -32.74775406443016
            ],
            [
              -70.6153899752487,
              -32.74775406443016
            ],
            [
              -70.6153899752487,
              -32.74775208880538
            ],
            [
              -70.61539044484084,
              -32.74775208880538
            ],
            [
              -70.61539044484084,
              -32.74775011318059
            ],
            [
              -70.61539091443298,
              -32.74775011318059
            ],
            [
              -70.61539091443298,
              -32.7477481375558
            ],
            [
              -70.61539138402512,
              -32.7477481375558
            ],
            [
              -70.61539138402512,
              -32.747745766806055
            ],
            [
              -70.61539185361724,
              -32.747745766806055
            ],
            [
              -70.61539185361724,
              -32.74774379118127
            ],
            [
              -70.61539232320938,
              -32.74774379118127
            ],
            [
              -70.61539232320938,
              -32.74774181555648
            ],
            [
              -70.61539279280152,
              -32.74774181555648
            ],
            [
              -70.61539279280152,
              -32.74773944480674
            ],
            [
              -70.61539326239364,
              -32.74773944480674
            ],
            [
              -70.61539326239364,
              -32.74773746918195
            ],
            [
              -70.61539373198578,
              -32.74773746918195
            ],
            [
              -70.61539373198578,
              -32.747735493557165
            ],
            [
              -70.61539420157791,
              -32.747735493557165
            ],
            [
              -70.61539420157791,
              -32.747733517932375
            ],
            [
              -70.61539467117005,
              -32.747733517932375
            ],
            [
              -70.61539467117005,
              -32.747731147182634
            ],
            [
              -70.61539514076217,
              -32.747731147182634
            ],
            [
              -70.61539514076217,
              -32.74772917155784
            ],
            [
              -70.61539561035431,
              -32.74772917155784
            ],
            [
              -70.61539561035431,
              -32.74772719593306
            ],
            [
              -70.61539607994645,
              -32.74772719593306
            ],
            [
              -70.61539607994645,
              -32.74772482518331
            ],
            [
              -70.61539654953857,
              -32.74772482518331
            ],
            [
              -70.61539654953857,
              -32.74772284955853
            ],
            [
              -70.61539701913071,
              -32.74772284955853
            ],
            [
              -70.61539701913071,
              -32.74772087393374
            ],
            [
              -70.61539748872285,
              -32.74772087393374
            ],
            [
              -70.61539748872285,
              -32.74771850318399
            ],
            [
              -70.61539795831497,
              -32.74771850318399
            ],
            [
              -70.61539795831497,
              -32.747716527559206
            ],
            [
              -70.61539842790711,
              -32.747716527559206
            ],
            [
              -70.61539842790711,
              -32.747714551934415
            ],
            [
              -70.61539889749925,
              -32.747714551934415
            ],
            [
              -70.61539889749925,
              -32.74771257630963
            ],
            [
              -70.61539936709138,
              -32.74771257630963
            ],
            [
              -70.61539936709138,
              -32.74771020555988
            ],
            [
              -70.61539983668351,
              -32.74771020555988
            ],
            [
              -70.61539983668351,
              -32.7477082299351
            ],
            [
              -70.61540030627565,
              -32.7477082299351
            ],
            [
              -70.61540030627565,
              -32.74770625431031
            ],
            [
              -70.61540077586778,
              -32.74770625431031
            ],
            [
              -70.61540077586778,
              -32.74770388356057
            ],
            [
              -70.6154012454599,
              -32.74770388356057
            ],
            [
              -70.6154012454599,
              -32.74770190793578
            ],
            [
              -70.61540171505204,
              -32.74770190793578
            ],
            [
              -70.61540171505204,
              -32.747699932310994
            ],
            [
              -70.61540218464418,
              -32.747699932310994
            ],
            [
              -70.61540218464418,
              -32.7476979566862
            ],
            [
              -70.6154026542363,
              -32.7476979566862
            ],
            [
              -70.6154026542363,
              -32.74769558593646
            ],
            [
              -70.61540312382844,
              -32.74769558593646
            ],
            [
              -70.61540312382844,
              -32.74769361031167
            ],
            [
              -70.61540359342058,
              -32.74769361031167
            ],
            [
              -70.61540359342058,
              -32.74769163468689
            ],
            [
              -70.61540406301272,
              -32.74769163468689
            ],
            [
              -70.61540406301272,
              -32.74768926393714
            ],
            [
              -70.61540453260484,
              -32.74768926393714
            ],
            [
              -70.61540453260484,
              -32.747687288312356
            ],
            [
              -70.61540500219698,
              -32.747687288312356
            ],
            [
              -70.61540500219698,
              -32.747685312687565
            ],
            [
              -70.61540547178912,
              -32.747685312687565
            ],
            [
              -70.61540547178912,
              -32.74768294193782
            ],
            [
              -70.61540594138124,
              -32.74768294193782
            ],
            [
              -70.61540594138124,
              -32.747680966313034
            ],
            [
              -70.61540641097338,
              -32.747680966313034
            ],
            [
              -70.61540641097338,
              -32.74767899068824
            ],
            [
              -70.61540688056552,
              -32.74767899068824
            ],
            [
              -70.61540688056552,
              -32.74767701506346
            ],
            [
              -70.61540735015765,
              -32.74767701506346
            ],
            [
              -70.61540735015765,
              -32.74767464431371
            ],
            [
              -70.61540781974978,
              -32.74767464431371
            ],
            [
              -70.61540781974978,
              -32.74767266868893
            ],
            [
              -70.61540828934191,
              -32.74767266868893
            ],
            [
              -70.61540828934191,
              -32.74767069306414
            ],
            [
              -70.61540875893405,
              -32.74767069306414
            ],
            [
              -70.61540875893405,
              -32.7476683223144
            ],
            [
              -70.61540922852618,
              -32.7476683223144
            ],
            [
              -70.61540922852618,
              -32.747666346689606
            ],
            [
              -70.61540969811831,
              -32.747666346689606
            ],
            [
              -70.61540969811831,
              -32.74766437106482
            ],
            [
              -70.61541016771045,
              -32.74766437106482
            ],
            [
              -70.61541016771045,
              -32.74766239544003
            ],
            [
              -70.61541063730257,
              -32.74766239544003
            ],
            [
              -70.61541063730257,
              -32.74766002469029
            ],
            [
              -70.61541110689471,
              -32.74766002469029
            ],
            [
              -70.61541110689471,
              -32.7476580490655
            ],
            [
              -70.61541157648685,
              -32.7476580490655
            ],
            [
              -70.61541157648685,
              -32.747656073440716
            ],
            [
              -70.61541204607899,
              -32.747656073440716
            ],
            [
              -70.61541204607899,
              -32.74765370269097
            ],
            [
              -70.61541251567111,
              -32.74765370269097
            ],
            [
              -70.61541251567111,
              -32.747651727066184
            ],
            [
              -70.61541298526325,
              -32.747651727066184
            ],
            [
              -70.61541298526325,
              -32.747649751441394
            ],
            [
              -70.61541345485539,
              -32.747649751441394
            ],
            [
              -70.61541345485539,
              -32.74764777581661
            ],
            [
              -70.61541392444751,
              -32.74764777581661
            ],
            [
              -70.61541392444751,
              -32.74764540506686
            ],
            [
              -70.61541439403965,
              -32.74764540506686
            ],
            [
              -70.61541439403965,
              -32.74764342944207
            ],
            [
              -70.61541486363178,
              -32.74764342944207
            ],
            [
              -70.61541486363178,
              -32.74764145381729
            ],
            [
              -70.61541533322391,
              -32.74764145381729
            ],
            [
              -70.61541533322391,
              -32.74763908306754
            ],
            [
              -70.61541580281605,
              -32.74763908306754
            ],
            [
              -70.61541580281605,
              -32.747637107442756
            ],
            [
              -70.61541627240818,
              -32.747637107442756
            ],
            [
              -70.61541627240818,
              -32.747635131817965
            ],
            [
              -70.61541674200032,
              -32.747635131817965
            ],
            [
              -70.61541674200032,
              -32.747632761068225
            ],
            [
              -70.61541721159244,
              -32.747632761068225
            ],
            [
              -70.61541721159244,
              -32.747630785443434
            ],
            [
              -70.61541768118458,
              -32.747630785443434
            ],
            [
              -70.61541768118458,
              -32.74762880981865
            ],
            [
              -70.61541815077672,
              -32.74762880981865
            ],
            [
              -70.61541815077672,
              -32.74762683419386
            ],
            [
              -70.61541862036884,
              -32.74762683419386
            ],
            [
              -70.61541862036884,
              -32.74762446344412
            ],
            [
              -70.61541908996098,
              -32.74762446344412
            ],
            [
              -70.61541908996098,
              -32.74762248781933
            ],
            [
              -70.61541955955312,
              -32.74762248781933
            ],
            [
              -70.61541955955312,
              -32.747620512194544
            ],
            [
              -70.61542002914524,
              -32.747620512194544
            ],
            [
              -70.61542002914524,
              -32.747618141444796
            ],
            [
              -70.61542049873738,
              -32.747618141444796
            ],
            [
              -70.61542049873738,
              -32.74761616582001
            ],
            [
              -70.61542096832952,
              -32.74761616582001
            ],
            [
              -70.61542096832952,
              -32.74761419019522
            ],
            [
              -70.61542143792165,
              -32.74761419019522
            ],
            [
              -70.61542143792165,
              -32.74761221457044
            ],
            [
              -70.61542190751378,
              -32.74761221457044
            ],
            [
              -70.61542190751378,
              -32.74760984382069
            ],
            [
              -70.61542237710592,
              -32.74760984382069
            ],
            [
              -70.61542237710592,
              -32.7476078681959
            ],
            [
              -70.61542284669805,
              -32.7476078681959
            ],
            [
              -70.61542284669805,
              -32.747605892571116
            ],
            [
              -70.61542331629018,
              -32.747605892571116
            ],
            [
              -70.61542331629018,
              -32.74760352182137
            ],
            [
              -70.61542378588231,
              -32.74760352182137
            ],
            [
              -70.61542378588231,
              -32.747601546196584
            ],
            [
              -70.61542425547445,
              -32.747601546196584
            ],
            [
              -70.61542425547445,
              -32.74759957057179
            ],
            [
              -70.61542472506659,
              -32.74759957057179
            ],
            [
              -70.61542472506659,
              -32.74759719982205
            ],
            [
              -70.61542519465871,
              -32.74759719982205
            ],
            [
              -70.61542519465871,
              -32.74759522419726
            ],
            [
              -70.61542566425085,
              -32.74759522419726
            ],
            [
              -70.61542566425085,
              -32.74759324857248
            ],
            [
              -70.61542613384299,
              -32.74759324857248
            ],
            [
              -70.61542613384299,
              -32.74759127294769
            ],
            [
              -70.61542660343511,
              -32.74759127294769
            ],
            [
              -70.61542660343511,
              -32.74758890219795
            ],
            [
              -70.61542707302725,
              -32.74758890219795
            ],
            [
              -70.61542707302725,
              -32.747586926573156
            ],
            [
              -70.61542754261939,
              -32.747586926573156
            ],
            [
              -70.61542754261939,
              -32.74758495094837
            ],
            [
              -70.61542801221151,
              -32.74758495094837
            ],
            [
              -70.61542801221151,
              -32.747582580198625
            ],
            [
              -70.61542848180365,
              -32.747582580198625
            ],
            [
              -70.61542848180365,
              -32.74758060457384
            ],
            [
              -70.61542895139578,
              -32.74758060457384
            ],
            [
              -70.61542895139578,
              -32.74757862894905
            ],
            [
              -70.61542942098792,
              -32.74757862894905
            ],
            [
              -70.61542942098792,
              -32.747576653324266
            ],
            [
              -70.61542989058005,
              -32.747576653324266
            ],
            [
              -70.61542989058005,
              -32.74757428257452
            ],
            [
              -70.61543036017218,
              -32.74757428257452
            ],
            [
              -70.61543036017218,
              -32.74757230694973
            ],
            [
              -70.61543082976432,
              -32.74757230694973
            ],
            [
              -70.61543082976432,
              -32.747570331324944
            ],
            [
              -70.61543129935644,
              -32.747570331324944
            ],
            [
              -70.61543129935644,
              -32.747567960575196
            ],
            [
              -70.61543176894858,
              -32.747567960575196
            ],
            [
              -70.61543176894858,
              -32.74756598495041
            ],
            [
              -70.61543223854072,
              -32.74756598495041
            ],
            [
              -70.61543223854072,
              -32.74756400932562
            ],
            [
              -70.61543270813284,
              -32.74756400932562
            ],
            [
              -70.61543270813284,
              -32.74756203370084
            ],
            [
              -70.61543317772498,
              -32.74756203370084
            ],
            [
              -70.61543317772498,
              -32.74755966295109
            ],
            [
              -70.61543364731712,
              -32.74755966295109
            ],
            [
              -70.61543364731712,
              -32.74755768732631
            ],
            [
              -70.61543411690926,
              -32.74755768732631
            ],
            [
              -70.61543411690926,
              -32.747555711701516
            ],
            [
              -70.61543458650138,
              -32.747555711701516
            ],
            [
              -70.61543458650138,
              -32.747553340951775
            ],
            [
              -70.61543505609352,
              -32.747553340951775
            ],
            [
              -70.61543505609352,
              -32.747551365326984
            ],
            [
              -70.61543552568565,
              -32.747551365326984
            ],
            [
              -70.61543552568565,
              -32.7475493897022
            ],
            [
              -70.61543599527778,
              -32.7475493897022
            ],
            [
              -70.61543599527778,
              -32.74754701895245
            ],
            [
              -70.61543646486992,
              -32.74754701895245
            ],
            [
              -70.61543646486992,
              -32.74754504332767
            ],
            [
              -70.61543693446205,
              -32.74754504332767
            ],
            [
              -70.61543693446205,
              -32.74754306770288
            ],
            [
              -70.61543740405418,
              -32.74754306770288
            ],
            [
              -70.61543740405418,
              -32.747541092078094
            ],
            [
              -70.61543787364631,
              -32.747541092078094
            ],
            [
              -70.61543787364631,
              -32.74753872132835
            ],
            [
              -70.61543834323845,
              -32.74753872132835
            ],
            [
              -70.61543834323845,
              -32.74753674570356
            ],
            [
              -70.61543881283059,
              -32.74753674570356
            ],
            [
              -70.61543881283059,
              -32.74753477007877
            ],
            [
              -70.61543928242271,
              -32.74753477007877
            ],
            [
              -70.61543928242271,
              -32.747532399329025
            ],
            [
              -70.61543975201485,
              -32.747532399329025
            ],
            [
              -70.61543975201485,
              -32.74753042370424
            ],
            [
              -70.61544022160699,
              -32.74753042370424
            ],
            [
              -70.61544022160699,
              -32.74752844807945
            ],
            [
              -70.61544069119911,
              -32.74752844807945
            ],
            [
              -70.61544069119911,
              -32.747526472454666
            ],
            [
              -70.61544116079125,
              -32.747526472454666
            ],
            [
              -70.61544116079125,
              -32.74752410170492
            ],
            [
              -70.61544163038339,
              -32.74752410170492
            ],
            [
              -70.61544163038339,
              -32.747522126080135
            ],
            [
              -70.61544209997552,
              -32.747522126080135
            ],
            [
              -70.61544209997552,
              -32.747520150455344
            ],
            [
              -70.61544256956765,
              -32.747520150455344
            ],
            [
              -70.61544256956765,
              -32.7475177797056
            ],
            [
              -70.61544303915979,
              -32.7475177797056
            ],
            [
              -70.61544303915979,
              -32.74751580408081
            ],
            [
              -70.61544350875192,
              -32.74751580408081
            ],
            [
              -70.61544350875192,
              -32.74751382845603
            ],
            [
              -70.61544397834405,
              -32.74751382845603
            ],
            [
              -70.61544397834405,
              -32.74751145770628
            ],
            [
              -70.61544444793618,
              -32.74751145770628
            ],
            [
              -70.61544444793618,
              -32.7475094820815
            ],
            [
              -70.61544491752832,
              -32.7475094820815
            ],
            [
              -70.61544491752832,
              -32.74750750645671
            ],
            [
              -70.61544538712045,
              -32.74750750645671
            ],
            [
              -70.61544538712045,
              -32.74750553083192
            ],
            [
              -70.61544585671258,
              -32.74750553083192
            ],
            [
              -70.61544585671258,
              -32.747503160082175
            ],
            [
              -70.61544632630472,
              -32.747503160082175
            ],
            [
              -70.61544632630472,
              -32.74750118445739
            ],
            [
              -70.61544679589686,
              -32.74750118445739
            ],
            [
              -70.61544679589686,
              -32.7474992088326
            ],
            [
              -70.61544726548898,
              -32.7474992088326
            ],
            [
              -70.61544726548898,
              -32.74749683808285
            ],
            [
              -70.61544773508112,
              -32.74749683808285
            ],
            [
              -70.61544773508112,
              -32.74749486245807
            ],
            [
              -70.61544820467326,
              -32.74749486245807
            ],
            [
              -70.61544820467326,
              -32.74749288683328
            ],
            [
              -70.61544867426538,
              -32.74749288683328
            ],
            [
              -70.61544867426538,
              -32.747490911208494
            ],
            [
              -70.61544914385752,
              -32.747490911208494
            ],
            [
              -70.61544914385752,
              -32.74748854045875
            ],
            [
              -70.61544961344966,
              -32.74748854045875
            ],
            [
              -70.61544961344966,
              -32.74748656483396
            ],
            [
              -70.61545008304178,
              -32.74748656483396
            ],
            [
              -70.61545008304178,
              -32.74748458920917
            ],
            [
              -70.61545055263392,
              -32.74748458920917
            ],
            [
              -70.61545055263392,
              -32.74748221845943
            ],
            [
              -70.61545102222605,
              -32.74748221845943
            ],
            [
              -70.61545102222605,
              -32.74748024283464
            ],
            [
              -70.61545149181819,
              -32.74748024283464
            ],
            [
              -70.61545149181819,
              -32.74747826720986
            ],
            [
              -70.61545196141032,
              -32.74747826720986
            ],
            [
              -70.61545196141032,
              -32.747476291585066
            ],
            [
              -70.61545243100245,
              -32.747476291585066
            ],
            [
              -70.61545243100245,
              -32.747473920835326
            ],
            [
              -70.61545290059459,
              -32.747473920835326
            ],
            [
              -70.61545290059459,
              -32.747471945210535
            ],
            [
              -70.61545337018671,
              -32.747471945210535
            ],
            [
              -70.61545337018671,
              -32.74746996958575
            ],
            [
              -70.61545383977885,
              -32.74746996958575
            ],
            [
              -70.61545383977885,
              -32.747467598836
            ],
            [
              -70.61545430937099,
              -32.747467598836
            ],
            [
              -70.61545430937099,
              -32.74746562321122
            ],
            [
              -70.61545477896311,
              -32.74746562321122
            ],
            [
              -70.61545477896311,
              -32.74746364758643
            ],
            [
              -70.61545524855525,
              -32.74746364758643
            ],
            [
              -70.61545524855525,
              -32.74746127683668
            ],
            [
              -70.61545571814739,
              -32.74746127683668
            ],
            [
              -70.61545571814739,
              -32.7474593012119
            ],
            [
              -70.61545618773953,
              -32.7474593012119
            ],
            [
              -70.61545618773953,
              -32.747457325587106
            ],
            [
              -70.61545665733165,
              -32.747457325587106
            ],
            [
              -70.61545665733165,
              -32.74745534996232
            ],
            [
              -70.61545712692379,
              -32.74745534996232
            ],
            [
              -70.61545712692379,
              -32.747452979212575
            ],
            [
              -70.61545759651592,
              -32.747452979212575
            ],
            [
              -70.61545759651592,
              -32.74745100358779
            ],
            [
              -70.61545806610805,
              -32.74745100358779
            ],
            [
              -70.61545806610805,
              -32.747449027963
            ],
            [
              -70.61545853570018,
              -32.747449027963
            ],
            [
              -70.61545853570018,
              -32.74744665721326
            ],
            [
              -70.61545900529232,
              -32.74744665721326
            ],
            [
              -70.61545900529232,
              -32.74744468158847
            ],
            [
              -70.61545947488446,
              -32.74744468158847
            ],
            [
              -70.61545947488446,
              -32.747442705963685
            ],
            [
              -70.61545994447658,
              -32.747442705963685
            ],
            [
              -70.61545994447658,
              -32.747440730338894
            ],
            [
              -70.61546041406872,
              -32.747440730338894
            ],
            [
              -70.61546041406872,
              -32.747438359589154
            ],
            [
              -70.61546088366086,
              -32.747438359589154
            ],
            [
              -70.61546088366086,
              -32.74743638396436
            ],
            [
              -70.61546135325298,
              -32.74743638396436
            ],
            [
              -70.61546135325298,
              -32.74743440833958
            ],
            [
              -70.61546182284512,
              -32.74743440833958
            ],
            [
              -70.61546182284512,
              -32.74743203758983
            ],
            [
              -70.61546229243726,
              -32.74743203758983
            ],
            [
              -70.61546229243726,
              -32.74743006196505
            ],
            [
              -70.61546276202938,
              -32.74743006196505
            ],
            [
              -70.61546276202938,
              -32.74742808634026
            ],
            [
              -70.61546323162152,
              -32.74742808634026
            ],
            [
              -70.61546323162152,
              -32.74742571559051
            ],
            [
              -70.61546370121366,
              -32.74742571559051
            ],
            [
              -70.61546370121366,
              -32.747423739965726
            ],
            [
              -70.6154641708058,
              -32.747423739965726
            ],
            [
              -70.6154641708058,
              -32.747421764340935
            ],
            [
              -70.61546464039792,
              -32.747421764340935
            ],
            [
              -70.61546464039792,
              -32.74741978871615
            ],
            [
              -70.61546510999005,
              -32.74741978871615
            ],
            [
              -70.61546510999005,
              -32.7474174179664
            ],
            [
              -70.61546557958219,
              -32.7474174179664
            ],
            [
              -70.61546557958219,
              -32.74741544234162
            ],
            [
              -70.61546604917432,
              -32.74741544234162
            ],
            [
              -70.61546604917432,
              -32.74741346671683
            ],
            [
              -70.61546651876645,
              -32.74741346671683
            ],
            [
              -70.61546651876645,
              -32.74741109596709
            ],
            [
              -70.61546698835859,
              -32.74741109596709
            ],
            [
              -70.61546698835859,
              -32.7474091203423
            ],
            [
              -70.61546745795071,
              -32.7474091203423
            ],
            [
              -70.61546745795071,
              -32.74740714471751
            ],
            [
              -70.61546792754285,
              -32.74740714471751
            ],
            [
              -70.61546792754285,
              -32.74740516909272
            ],
            [
              -70.61546839713499,
              -32.74740516909272
            ],
            [
              -70.61546839713499,
              -32.74740279834298
            ],
            [
              -70.61546886672713,
              -32.74740279834298
            ],
            [
              -70.61546886672713,
              -32.74740082271819
            ],
            [
              -70.61546933631925,
              -32.74740082271819
            ],
            [
              -70.61546933631925,
              -32.74739884709341
            ],
            [
              -70.61546980591139,
              -32.74739884709341
            ],
            [
              -70.61546980591139,
              -32.74739647634366
            ],
            [
              -70.61547027550353,
              -32.74739647634366
            ],
            [
              -70.61547027550353,
              -32.747394500718876
            ],
            [
              -70.61547074509565,
              -32.747394500718876
            ],
            [
              -70.61547074509565,
              -32.747392525094085
            ],
            [
              -70.61547121468779,
              -32.747392525094085
            ],
            [
              -70.61547121468779,
              -32.7473905494693
            ],
            [
              -70.61547168427992,
              -32.7473905494693
            ],
            [
              -70.61547168427992,
              -32.747388178719554
            ],
            [
              -70.61547215387205,
              -32.747388178719554
            ],
            [
              -70.61547215387205,
              -32.74738620309476
            ],
            [
              -70.61547262346419,
              -32.74738620309476
            ],
            [
              -70.61547262346419,
              -32.74738422746998
            ],
            [
              -70.61547309305632,
              -32.74738422746998
            ],
            [
              -70.61547309305632,
              -32.74738185672023
            ],
            [
              -70.61547356264846,
              -32.74738185672023
            ],
            [
              -70.61547356264846,
              -32.74737988109545
            ],
            [
              -70.61547403224058,
              -32.74737988109545
            ],
            [
              -70.61547403224058,
              -32.74737790547066
            ],
            [
              -70.61547450183272,
              -32.74737790547066
            ],
            [
              -70.61547450183272,
              -32.747375534720916
            ],
            [
              -70.61547497142486,
              -32.747375534720916
            ],
            [
              -70.61547497142486,
              -32.747373559096125
            ],
            [
              -70.61547544101698,
              -32.747373559096125
            ],
            [
              -70.61547544101698,
              -32.74737158347134
            ],
            [
              -70.61547591060912,
              -32.74737158347134
            ],
            [
              -70.61547591060912,
              -32.74736960784655
            ],
            [
              -70.61547638020126,
              -32.74736960784655
            ],
            [
              -70.61547638020126,
              -32.74736723709681
            ],
            [
              -70.6154768497934,
              -32.74736723709681
            ],
            [
              -70.6154768497934,
              -32.74736526147202
            ],
            [
              -70.61547731938552,
              -32.74736526147202
            ],
            [
              -70.61547731938552,
              -32.747363285847236
            ],
            [
              -70.61547778897766,
              -32.747363285847236
            ],
            [
              -70.61547778897766,
              -32.74736091509749
            ],
            [
              -70.6154782585698,
              -32.74736091509749
            ],
            [
              -70.6154782585698,
              -32.747358939472704
            ],
            [
              -70.61547872816192,
              -32.747358939472704
            ],
            [
              -70.61547872816192,
              -32.74735696384791
            ],
            [
              -70.61547919775406,
              -32.74735696384791
            ],
            [
              -70.61547919775406,
              -32.74735498822313
            ],
            [
              -70.6154796673462,
              -32.74735498822313
            ],
            [
              -70.6154796673462,
              -32.74735261747338
            ],
            [
              -70.61548013693832,
              -32.74735261747338
            ],
            [
              -70.61548013693832,
              -32.74735064184859
            ],
            [
              -70.61548060653045,
              -32.74735064184859
            ],
            [
              -70.61548060653045,
              -32.74734866622381
            ],
            [
              -70.61548107612259,
              -32.74734866622381
            ],
            [
              -70.61548107612259,
              -32.747347875973894
            ],
            [
              -70.61548201530685,
              -32.747347875973894
            ],
            [
              -70.61548201530685,
              -32.74734748084894
            ],
            [
              -70.61548342408325,
              -32.74734748084894
            ],
            [
              -70.61548342408325,
              -32.74734708572398
            ],
            [
              -70.61548436326753,
              -32.74734708572398
            ],
            [
              -70.61548436326753,
              -32.74734669059902
            ],
            [
              -70.61548577204393,
              -32.74734669059902
            ],
            [
              -70.61548577204393,
              -32.74734629547406
            ],
            [
              -70.61548718082032,
              -32.74734629547406
            ],
            [
              -70.61548718082032,
              -32.7473459003491
            ],
            [
              -70.61548858959672,
              -32.7473459003491
            ],
            [
              -70.61548858959672,
              -32.747345505224146
            ],
            [
              -70.615489528781,
              -32.747345505224146
            ],
            [
              -70.615489528781,
              -32.74734511009919
            ],
            [
              -70.6154909375574,
              -32.74734511009919
            ],
            [
              -70.6154909375574,
              -32.74734471497423
            ],
            [
              -70.6154923463338,
              -32.74734471497423
            ],
            [
              -70.6154923463338,
              -32.747344319849276
            ],
            [
              -70.6154937551102,
              -32.747344319849276
            ],
            [
              -70.6154937551102,
              -32.74734392472432
            ],
            [
              -70.61549516388659,
              -32.74734392472432
            ],
            [
              -70.61549516388659,
              -32.74734352959936
            ],
            [
              -70.61549610307085,
              -32.74734352959936
            ],
            [
              -70.61549610307085,
              -32.747343134474406
            ],
            [
              -70.61549751184725,
              -32.747343134474406
            ],
            [
              -70.61549751184725,
              -32.74734273934944
            ],
            [
              -70.61549892062366,
              -32.74734273934944
            ],
            [
              -70.61549892062366,
              -32.747342344224485
            ],
            [
              -70.61550032940006,
              -32.747342344224485
            ],
            [
              -70.61550032940006,
              -32.74734194909953
            ],
            [
              -70.61550126858432,
              -32.74734194909953
            ],
            [
              -70.61550126858432,
              -32.74734155397457
            ],
            [
              -70.61550267736072,
              -32.74734155397457
            ],
            [
              -70.61550267736072,
              -32.747341158849615
            ],
            [
              -70.61550408613712,
              -32.747341158849615
            ],
            [
              -70.61550408613712,
              -32.74734076372466
            ],
            [
              -70.61550549491352,
              -32.74734076372466
            ],
            [
              -70.61550549491352,
              -32.7473403685997
            ],
            [
              -70.61550690368993,
              -32.7473403685997
            ],
            [
              -70.61550690368993,
              -32.747339973474745
            ],
            [
              -70.6155078428742,
              -32.747339973474745
            ],
            [
              -70.6155078428742,
              -32.74733957834979
            ],
            [
              -70.6155092516506,
              -32.74733957834979
            ],
            [
              -70.6155092516506,
              -32.74733918322483
            ],
            [
              -70.61551066042699,
              -32.74733918322483
            ],
            [
              -70.61551066042699,
              -32.74733878809987
            ],
            [
              -70.61551206920339,
              -32.74733878809987
            ],
            [
              -70.61551206920339,
              -32.74733839297491
            ],
            [
              -70.61551300838767,
              -32.74733839297491
            ],
            [
              -70.61551300838767,
              -32.747337997849954
            ],
            [
              -70.61551441716406,
              -32.747337997849954
            ],
            [
              -70.61551441716406,
              -32.747337602725
            ],
            [
              -70.61551582594046,
              -32.747337602725
            ],
            [
              -70.61551582594046,
              -32.74733720760004
            ],
            [
              -70.61551723471686,
              -32.74733720760004
            ],
            [
              -70.61551723471686,
              -32.74733681247508
            ],
            [
              -70.61551864349326,
              -32.74733681247508
            ],
            [
              -70.61551864349326,
              -32.74733641735013
            ],
            [
              -70.61551958267752,
              -32.74733641735013
            ],
            [
              -70.61551958267752,
              -32.74733602222517
            ],
            [
              -70.61552099145393,
              -32.74733602222517
            ],
            [
              -70.61552099145393,
              -32.74733562710021
            ],
            [
              -70.61552240023033,
              -32.74733562710021
            ],
            [
              -70.61552240023033,
              -32.747335231975256
            ],
            [
              -70.61552380900673,
              -32.747335231975256
            ],
            [
              -70.61552380900673,
              -32.74733483685029
            ],
            [
              -70.61552474819099,
              -32.74733483685029
            ],
            [
              -70.61552474819099,
              -32.747334441725336
            ],
            [
              -70.61552615696739,
              -32.747334441725336
            ],
            [
              -70.61552615696739,
              -32.74733404660038
            ],
            [
              -70.61552756574379,
              -32.74733404660038
            ],
            [
              -70.61552756574379,
              -32.74733365147542
            ],
            [
              -70.6155289745202,
              -32.74733365147542
            ],
            [
              -70.6155289745202,
              -32.747333256350466
            ],
            [
              -70.6155303832966,
              -32.747333256350466
            ],
            [
              -70.6155303832966,
              -32.74733286122551
            ],
            [
              -70.61553132248086,
              -32.74733286122551
            ],
            [
              -70.61553132248086,
              -32.74733246610055
            ],
            [
              -70.61553273125726,
              -32.74733246610055
            ],
            [
              -70.61553273125726,
              -32.747332070975595
            ],
            [
              -70.61553414003366,
              -32.747332070975595
            ],
            [
              -70.61553414003366,
              -32.74733167585064
            ],
            [
              -70.61553554881006,
              -32.74733167585064
            ],
            [
              -70.61553554881006,
              -32.74733128072568
            ],
            [
              -70.61553648799433,
              -32.74733128072568
            ],
            [
              -70.61553648799433,
              -32.74733088560072
            ],
            [
              -70.61553789677073,
              -32.74733088560072
            ],
            [
              -70.61553789677073,
              -32.74733049047576
            ],
            [
              -70.61553930554713,
              -32.74733049047576
            ],
            [
              -70.61553930554713,
              -32.747330095350804
            ],
            [
              -70.61554071432353,
              -32.747330095350804
            ],
            [
              -70.61554071432353,
              -32.74732970022585
            ],
            [
              -70.61554212309993,
              -32.74732970022585
            ],
            [
              -70.61554212309993,
              -32.74732930510089
            ],
            [
              -70.6155430622842,
              -32.74732930510089
            ],
            [
              -70.6155430622842,
              -32.747328909975934
            ],
            [
              -70.6155444710606,
              -32.747328909975934
            ],
            [
              -70.6155444710606,
              -32.74732851485098
            ],
            [
              -70.615545879837,
              -32.74732851485098
            ],
            [
              -70.615545879837,
              -32.74732811972602
            ],
            [
              -70.6155472886134,
              -32.74732811972602
            ],
            [
              -70.6155472886134,
              -32.747327724601064
            ],
            [
              -70.61554822779766,
              -32.747327724601064
            ],
            [
              -70.61554822779766,
              -32.74732732947611
            ],
            [
              -70.61554963657406,
              -32.74732732947611
            ],
            [
              -70.61554963657406,
              -32.74732693435114
            ],
            [
              -70.61555104535047,
              -32.74732693435114
            ],
            [
              -70.61555104535047,
              -32.74732653922619
            ],
            [
              -70.61555245412687,
              -32.74732653922619
            ],
            [
              -70.61555245412687,
              -32.74732614410123
            ],
            [
              -70.61555386290327,
              -32.74732614410123
            ],
            [
              -70.61555386290327,
              -32.74732574897627
            ],
            [
              -70.61555480208753,
              -32.74732574897627
            ],
            [
              -70.61555480208753,
              -32.747325353851316
            ],
            [
              -70.61555621086393,
              -32.747325353851316
            ],
            [
              -70.61555621086393,
              -32.74732495872636
            ],
            [
              -70.61555761964033,
              -32.74732495872636
            ],
            [
              -70.61555761964033,
              -32.7473245636014
            ],
            [
              -70.61555902841674,
              -32.7473245636014
            ],
            [
              -70.61555902841674,
              -32.747324168476446
            ],
            [
              -70.615559967601,
              -32.747324168476446
            ],
            [
              -70.615559967601,
              -32.74732377335149
            ],
            [
              -70.6155613763774,
              -32.74732377335149
            ],
            [
              -70.6155613763774,
              -32.74732337822653
            ],
            [
              -70.6155627851538,
              -32.74732337822653
            ],
            [
              -70.6155627851538,
              -32.74732298310157
            ],
            [
              -70.6155641939302,
              -32.74732298310157
            ],
            [
              -70.6155641939302,
              -32.74732258797661
            ],
            [
              -70.6155656027066,
              -32.74732258797661
            ],
            [
              -70.6155656027066,
              -32.747322192851655
            ],
            [
              -70.61556654189087,
              -32.747322192851655
            ],
            [
              -70.61556654189087,
              -32.7473217977267
            ],
            [
              -70.61556795066727,
              -32.7473217977267
            ],
            [
              -70.61556795066727,
              -32.74732140260174
            ],
            [
              -70.61556935944367,
              -32.74732140260174
            ],
            [
              -70.61556935944367,
              -32.747321007476785
            ],
            [
              -70.61557076822007,
              -32.747321007476785
            ],
            [
              -70.61557076822007,
              -32.74732061235183
            ],
            [
              -70.61557170740434,
              -32.74732061235183
            ],
            [
              -70.61557170740434,
              -32.74732021722687
            ],
            [
              -70.61557311618074,
              -32.74732021722687
            ],
            [
              -70.61557311618074,
              -32.747319822101915
            ],
            [
              -70.61557452495714,
              -32.747319822101915
            ],
            [
              -70.61557452495714,
              -32.74731942697696
            ],
            [
              -70.61557593373354,
              -32.74731942697696
            ],
            [
              -70.61557593373354,
              -32.747319031851994
            ],
            [
              -70.61557734250994,
              -32.747319031851994
            ],
            [
              -70.61557734250994,
              -32.74731863672704
            ],
            [
              -70.6155782816942,
              -32.74731863672704
            ],
            [
              -70.6155782816942,
              -32.74731824160208
            ],
            [
              -70.6155796904706,
              -32.74731824160208
            ],
            [
              -70.6155796904706,
              -32.747317846477124
            ],
            [
              -70.61558109924701,
              -32.747317846477124
            ],
            [
              -70.61558109924701,
              -32.74731745135217
            ],
            [
              -70.61558250802341,
              -32.74731745135217
            ],
            [
              -70.61558250802341,
              -32.74731705622721
            ],
            [
              -70.61558344720767,
              -32.74731705622721
            ],
            [
              -70.61558344720767,
              -32.74731666110225
            ],
            [
              -70.61558485598407,
              -32.74731666110225
            ],
            [
              -70.61558485598407,
              -32.7473162659773
            ],
            [
              -70.61558626476047,
              -32.7473162659773
            ],
            [
              -70.61558626476047,
              -32.74731587085234
            ],
            [
              -70.61558767353687,
              -32.74731587085234
            ],
            [
              -70.61558767353687,
              -32.74731547572738
            ],
            [
              -70.61558908231328,
              -32.74731547572738
            ],
            [
              -70.61558908231328,
              -32.74731508060242
            ],
            [
              -70.61559002149754,
              -32.74731508060242
            ],
            [
              -70.61559002149754,
              -32.74731468547746
            ],
            [
              -70.61559143027394,
              -32.74731468547746
            ],
            [
              -70.61559143027394,
              -32.747314290352506
            ],
            [
              -70.61559283905034,
              -32.747314290352506
            ],
            [
              -70.61559283905034,
              -32.74731389522755
            ],
            [
              -70.61559424782673,
              -32.74731389522755
            ],
            [
              -70.61559424782673,
              -32.74731350010259
            ],
            [
              -70.61559518701101,
              -32.74731350010259
            ],
            [
              -70.61559518701101,
              -32.747313104977636
            ],
            [
              -70.61559659578741,
              -32.747313104977636
            ],
            [
              -70.61559659578741,
              -32.74731270985268
            ],
            [
              -70.61559800456381,
              -32.74731270985268
            ],
            [
              -70.61559800456381,
              -32.74731231472772
            ],
            [
              -70.6155994133402,
              -32.74731231472772
            ],
            [
              -70.6155994133402,
              -32.747311919602765
            ],
            [
              -70.61560035252447,
              -32.747311919602765
            ],
            [
              -70.61560035252447,
              -32.74731152447781
            ],
            [
              -70.61560176130087,
              -32.74731152447781
            ],
            [
              -70.61560176130087,
              -32.747311129352845
            ],
            [
              -70.61560317007728,
              -32.747311129352845
            ],
            [
              -70.61560317007728,
              -32.74731073422789
            ],
            [
              -70.61560457885368,
              -32.74731073422789
            ],
            [
              -70.61560457885368,
              -32.74731033910293
            ],
            [
              -70.61560598763008,
              -32.74731033910293
            ],
            [
              -70.61560598763008,
              -32.747309943977974
            ],
            [
              -70.61560692681434,
              -32.747309943977974
            ],
            [
              -70.61560692681434,
              -32.74730954885302
            ],
            [
              -70.61560833559074,
              -32.74730954885302
            ],
            [
              -70.61560833559074,
              -32.74730915372806
            ],
            [
              -70.61560974436713,
              -32.74730915372806
            ],
            [
              -70.61560974436713,
              -32.747308758603104
            ],
            [
              -70.61561115314355,
              -32.747308758603104
            ],
            [
              -70.61561115314355,
              -32.74730836347815
            ],
            [
              -70.61561209232781,
              -32.74730836347815
            ],
            [
              -70.61561209232781,
              -32.74730796835319
            ],
            [
              -70.6156135011042,
              -32.74730796835319
            ],
            [
              -70.6156135011042,
              -32.747307573228234
            ],
            [
              -70.6156149098806,
              -32.747307573228234
            ],
            [
              -70.6156149098806,
              -32.74730717810327
            ],
            [
              -70.615616318657,
              -32.74730717810327
            ],
            [
              -70.615616318657,
              -32.74730678297831
            ],
            [
              -70.6156177274334,
              -32.74730678297831
            ],
            [
              -70.6156177274334,
              -32.74730638785336
            ],
            [
              -70.61561866661768,
              -32.74730638785336
            ],
            [
              -70.61561866661768,
              -32.7473059927284
            ],
            [
              -70.61562007539408,
              -32.7473059927284
            ],
            [
              -70.61562007539408,
              -32.74730559760344
            ],
            [
              -70.61562148417048,
              -32.74730559760344
            ],
            [
              -70.61562148417048,
              -32.747305202478486
            ],
            [
              -70.61562289294687,
              -32.747305202478486
            ],
            [
              -70.61562289294687,
              -32.74730480735353
            ],
            [
              -70.61562383213115,
              -32.74730480735353
            ],
            [
              -70.61562383213115,
              -32.74730441222857
            ],
            [
              -70.61562524090755,
              -32.74730441222857
            ],
            [
              -70.61562524090755,
              -32.747304017103616
            ],
            [
              -70.61562664968395,
              -32.747304017103616
            ],
            [
              -70.61562664968395,
              -32.74730362197866
            ],
            [
              -70.61562805846035,
              -32.74730362197866
            ],
            [
              -70.61562805846035,
              -32.747303226853695
            ],
            [
              -70.61562946723674,
              -32.747303226853695
            ],
            [
              -70.61562946723674,
              -32.74730283172874
            ],
            [
              -70.615630406421,
              -32.74730283172874
            ],
            [
              -70.615630406421,
              -32.74730243660378
            ],
            [
              -70.6156318151974,
              -32.74730243660378
            ],
            [
              -70.6156318151974,
              -32.747302041478825
            ],
            [
              -70.61563322397382,
              -32.747302041478825
            ],
            [
              -70.61563322397382,
              -32.74730164635387
            ],
            [
              -70.61563463275021,
              -32.74730164635387
            ],
            [
              -70.61563463275021,
              -32.74730125122891
            ],
            [
              -70.61563557193448,
              -32.74730125122891
            ],
            [
              -70.61563557193448,
              -32.747300856103955
            ],
            [
              -70.61563698071087,
              -32.747300856103955
            ],
            [
              -70.61563698071087,
              -32.747300460979
            ],
            [
              -70.61563838948727,
              -32.747300460979
            ],
            [
              -70.61563838948727,
              -32.74730006585404
            ],
            [
              -70.61563979826367,
              -32.74730006585404
            ],
            [
              -70.61563979826367,
              -32.747299670729085
            ],
            [
              -70.61564120704008,
              -32.747299670729085
            ],
            [
              -70.61564120704008,
              -32.74729927560412
            ],
            [
              -70.61564214622435,
              -32.74729927560412
            ],
            [
              -70.61564214622435,
              -32.747298880479164
            ],
            [
              -70.61564355500074,
              -32.747298880479164
            ],
            [
              -70.61564355500074,
              -32.74729848535421
            ],
            [
              -70.61564496377714,
              -32.74729848535421
            ],
            [
              -70.61564496377714,
              -32.74729809022925
            ],
            [
              -70.61564637255354,
              -32.74729809022925
            ],
            [
              -70.61564637255354,
              -32.747297695104294
            ],
            [
              -70.61564731173782,
              -32.747297695104294
            ],
            [
              -70.61564731173782,
              -32.74729729997934
            ],
            [
              -70.61564872051422,
              -32.74729729997934
            ],
            [
              -70.61564872051422,
              -32.74729690485438
            ],
            [
              -70.61565012929061,
              -32.74729690485438
            ],
            [
              -70.61565012929061,
              -32.74729650972942
            ],
            [
              -70.61565153806701,
              -32.74729650972942
            ],
            [
              -70.61565153806701,
              -32.74729611460447
            ],
            [
              -70.61565294684341,
              -32.74729611460447
            ],
            [
              -70.61565294684341,
              -32.74729571947951
            ],
            [
              -70.61565388602769,
              -32.74729571947951
            ],
            [
              -70.61565388602769,
              -32.747295324354546
            ],
            [
              -70.61565529480409,
              -32.747295324354546
            ],
            [
              -70.61565529480409,
              -32.74729492922959
            ],
            [
              -70.61565670358048,
              -32.74729492922959
            ],
            [
              -70.61565670358048,
              -32.74729453410463
            ],
            [
              -70.61565811235688,
              -32.74729453410463
            ],
            [
              -70.61565811235688,
              -32.747294138979676
            ],
            [
              -70.61565905154114,
              -32.747294138979676
            ],
            [
              -70.61565905154114,
              -32.74729374385472
            ],
            [
              -70.61566046031754,
              -32.74729374385472
            ],
            [
              -70.61566046031754,
              -32.74729334872976
            ],
            [
              -70.61566186909394,
              -32.74729334872976
            ],
            [
              -70.61566186909394,
              -32.747292953604806
            ],
            [
              -70.61566327787035,
              -32.747292953604806
            ],
            [
              -70.61566327787035,
              -32.74729255847985
            ],
            [
              -70.61566468664675,
              -32.74729255847985
            ],
            [
              -70.61566468664675,
              -32.74729216335489
            ],
            [
              -70.61566562583101,
              -32.74729216335489
            ],
            [
              -70.61566562583101,
              -32.747291768229935
            ],
            [
              -70.61566703460741,
              -32.747291768229935
            ],
            [
              -70.61566703460741,
              -32.74729137310497
            ],
            [
              -70.61566844338381,
              -32.74729137310497
            ],
            [
              -70.61566844338381,
              -32.747290977980015
            ],
            [
              -70.61566985216021,
              -32.747290977980015
            ],
            [
              -70.61566985216021,
              -32.74729058285506
            ],
            [
              -70.61567079134448,
              -32.74729058285506
            ],
            [
              -70.61567079134448,
              -32.7472901877301
            ],
            [
              -70.61567220012088,
              -32.7472901877301
            ],
            [
              -70.61567220012088,
              -32.747289792605144
            ],
            [
              -70.61567360889728,
              -32.747289792605144
            ],
            [
              -70.61567360889728,
              -32.74728939748019
            ],
            [
              -70.61567501767368,
              -32.74728939748019
            ],
            [
              -70.61567501767368,
              -32.74728900235523
            ],
            [
              -70.61567642645008,
              -32.74728900235523
            ],
            [
              -70.61567642645008,
              -32.747288607230274
            ],
            [
              -70.61567736563435,
              -32.747288607230274
            ],
            [
              -70.61567736563435,
              -32.74728821210532
            ],
            [
              -70.61567877441075,
              -32.74728821210532
            ],
            [
              -70.61567877441075,
              -32.74728781698036
            ],
            [
              -70.61568018318715,
              -32.74728781698036
            ],
            [
              -70.61568018318715,
              -32.7472874218554
            ],
            [
              -70.61568159196355,
              -32.7472874218554
            ],
            [
              -70.61568159196355,
              -32.74728702673044
            ],
            [
              -70.61568253114781,
              -32.74728702673044
            ],
            [
              -70.61568253114781,
              -32.74728663160548
            ],
            [
              -70.61568393992422,
              -32.74728663160548
            ],
            [
              -70.61568393992422,
              -32.74728623648053
            ],
            [
              -70.61568534870062,
              -32.74728623648053
            ],
            [
              -70.61568534870062,
              -32.74728584135557
            ],
            [
              -70.61568675747702,
              -32.74728584135557
            ],
            [
              -70.61568675747702,
              -32.74728544623061
            ],
            [
              -70.61568816625342,
              -32.74728544623061
            ],
            [
              -70.61568816625342,
              -32.747285051105656
            ],
            [
              -70.61568910543768,
              -32.747285051105656
            ],
            [
              -70.61568910543768,
              -32.7472846559807
            ],
            [
              -70.61569051421408,
              -32.7472846559807
            ],
            [
              -70.61569051421408,
              -32.74728426085574
            ],
            [
              -70.61569192299048,
              -32.74728426085574
            ],
            [
              -70.61569192299048,
              -32.747283865730786
            ],
            [
              -70.61569333176689,
              -32.747283865730786
            ],
            [
              -70.61569333176689,
              -32.74728347060583
            ],
            [
              -70.61569427095115,
              -32.74728347060583
            ],
            [
              -70.61569427095115,
              -32.747283075480865
            ],
            [
              -70.61569567972755,
              -32.747283075480865
            ],
            [
              -70.61569567972755,
              -32.74728268035591
            ],
            [
              -70.61569708850395,
              -32.74728268035591
            ],
            [
              -70.61569708850395,
              -32.74728228523095
            ],
            [
              -70.61569849728035,
              -32.74728228523095
            ],
            [
              -70.61569849728035,
              -32.747281890105995
            ],
            [
              -70.61569990605675,
              -32.747281890105995
            ],
            [
              -70.61569990605675,
              -32.74728149498104
            ],
            [
              -70.61570084524102,
              -32.74728149498104
            ],
            [
              -70.61570084524102,
              -32.74728109985608
            ],
            [
              -70.61570225401742,
              -32.74728109985608
            ],
            [
              -70.61570225401742,
              -32.747280704731125
            ],
            [
              -70.61570366279382,
              -32.747280704731125
            ],
            [
              -70.61570366279382,
              -32.74728030960617
            ],
            [
              -70.61570507157022,
              -32.74728030960617
            ],
            [
              -70.61570507157022,
              -32.74727991448121
            ],
            [
              -70.6157060107545,
              -32.74727991448121
            ],
            [
              -70.6157060107545,
              -32.747279519356255
            ],
            [
              -70.61570741953089,
              -32.747279519356255
            ],
            [
              -70.61570741953089,
              -32.74727912423129
            ],
            [
              -70.61570882830729,
              -32.74727912423129
            ],
            [
              -70.61570882830729,
              -32.747278729106334
            ],
            [
              -70.61571023708369,
              -32.747278729106334
            ],
            [
              -70.61571023708369,
              -32.74727833398138
            ],
            [
              -70.61571164586009,
              -32.74727833398138
            ],
            [
              -70.61571164586009,
              -32.74727793885642
            ],
            [
              -70.61571258504435,
              -32.74727793885642
            ],
            [
              -70.61571258504435,
              -32.747277543731464
            ],
            [
              -70.61571399382075,
              -32.747277543731464
            ],
            [
              -70.61571399382075,
              -32.74727714860651
            ],
            [
              -70.61571540259716,
              -32.74727714860651
            ],
            [
              -70.61571540259716,
              -32.74727675348155
            ],
            [
              -70.61571681137356,
              -32.74727675348155
            ],
            [
              -70.61571681137356,
              -32.747276358356594
            ],
            [
              -70.61571775055782,
              -32.747276358356594
            ],
            [
              -70.61571775055782,
              -32.74727596323164
            ],
            [
              -70.61571915933422,
              -32.74727596323164
            ],
            [
              -70.61571915933422,
              -32.74727556810668
            ],
            [
              -70.61572056811062,
              -32.74727556810668
            ],
            [
              -70.61572056811062,
              -32.747275172981716
            ],
            [
              -70.61572197688702,
              -32.747275172981716
            ],
            [
              -70.61572197688702,
              -32.74727477785676
            ],
            [
              -70.61572291607129,
              -32.74727477785676
            ],
            [
              -70.61572291607129,
              -32.7472743827318
            ],
            [
              -70.61572432484769,
              -32.7472743827318
            ],
            [
              -70.61572432484769,
              -32.747273987606846
            ],
            [
              -70.61572573362409,
              -32.747273987606846
            ],
            [
              -70.61572573362409,
              -32.74727359248189
            ],
            [
              -70.61572714240049,
              -32.74727359248189
            ],
            [
              -70.61572714240049,
              -32.74727319735693
            ],
            [
              -70.61572855117689,
              -32.74727319735693
            ],
            [
              -70.61572855117689,
              -32.747272802231976
            ],
            [
              -70.61572949036116,
              -32.747272802231976
            ],
            [
              -70.61572949036116,
              -32.74727240710702
            ],
            [
              -70.61573089913756,
              -32.74727240710702
            ],
            [
              -70.61573089913756,
              -32.74727201198206
            ],
            [
              -70.61573230791396,
              -32.74727201198206
            ],
            [
              -70.61573230791396,
              -32.747271616857105
            ],
            [
              -70.61573371669036,
              -32.747271616857105
            ],
            [
              -70.61573371669036,
              -32.74727122173214
            ],
            [
              -70.61573465587462,
              -32.74727122173214
            ],
            [
              -70.61573465587462,
              -32.747270826607185
            ],
            [
              -70.61573606465103,
              -32.747270826607185
            ],
            [
              -70.61573606465103,
              -32.74727043148223
            ],
            [
              -70.61573747342743,
              -32.74727043148223
            ],
            [
              -70.61573747342743,
              -32.74727003635727
            ],
            [
              -70.61573888220383,
              -32.74727003635727
            ],
            [
              -70.61573888220383,
              -32.747269641232315
            ],
            [
              -70.61574029098023,
              -32.747269641232315
            ],
            [
              -70.61574029098023,
              -32.74726924610736
            ],
            [
              -70.61574123016449,
              -32.74726924610736
            ],
            [
              -70.61574123016449,
              -32.7472688509824
            ],
            [
              -70.61574263894089,
              -32.7472688509824
            ],
            [
              -70.61574263894089,
              -32.747268455857444
            ],
            [
              -70.61574404771729,
              -32.747268455857444
            ],
            [
              -70.61574404771729,
              -32.74726806073249
            ],
            [
              -70.6157454564937,
              -32.74726806073249
            ],
            [
              -70.6157454564937,
              -32.74726766560753
            ],
            [
              -70.61574639567796,
              -32.74726766560753
            ],
            [
              -70.61574639567796,
              -32.74726727048257
            ],
            [
              -70.61574780445436,
              -32.74726727048257
            ],
            [
              -70.61574780445436,
              -32.74726687535761
            ],
            [
              -70.61574921323076,
              -32.74726687535761
            ],
            [
              -70.61574921323076,
              -32.74726648023265
            ],
            [
              -70.61575062200716,
              -32.74726648023265
            ],
            [
              -70.61575062200716,
              -32.7472660851077
            ],
            [
              -70.61575203078355,
              -32.7472660851077
            ],
            [
              -70.61575203078355,
              -32.74726568998274
            ],
            [
              -70.61575296996783,
              -32.74726568998274
            ],
            [
              -70.61575296996783,
              -32.74726529485778
            ],
            [
              -70.61575437874423,
              -32.74726529485778
            ],
            [
              -70.61575437874423,
              -32.747264899732826
            ],
            [
              -70.61575578752063,
              -32.747264899732826
            ],
            [
              -70.61575578752063,
              -32.74726450460787
            ],
            [
              -70.61575719629703,
              -32.74726450460787
            ],
            [
              -70.61575719629703,
              -32.74726410948291
            ],
            [
              -70.6157581354813,
              -32.74726410948291
            ],
            [
              -70.6157581354813,
              -32.747263714357956
            ],
            [
              -70.6157595442577,
              -32.747263714357956
            ],
            [
              -70.6157595442577,
              -32.74726331923299
            ],
            [
              -70.6157609530341,
              -32.74726331923299
            ],
            [
              -70.6157609530341,
              -32.747262924108036
            ],
            [
              -70.6157623618105,
              -32.747262924108036
            ],
            [
              -70.6157623618105,
              -32.74726252898308
            ],
            [
              -70.6157637705869,
              -32.74726252898308
            ],
            [
              -70.6157637705869,
              -32.74726213385812
            ],
            [
              -70.61576470977116,
              -32.74726213385812
            ],
            [
              -70.61576470977116,
              -32.747261738733165
            ],
            [
              -70.61576611854757,
              -32.747261738733165
            ],
            [
              -70.61576611854757,
              -32.74726134360821
            ],
            [
              -70.61576752732397,
              -32.74726134360821
            ],
            [
              -70.61576752732397,
              -32.74726094848325
            ],
            [
              -70.61576893610037,
              -32.74726094848325
            ],
            [
              -70.61576893610037,
              -32.747260553358295
            ],
            [
              -70.61576987528463,
              -32.747260553358295
            ],
            [
              -70.61576987528463,
              -32.74726015823334
            ],
            [
              -70.61577128406103,
              -32.74726015823334
            ],
            [
              -70.61577128406103,
              -32.74725976310838
            ],
            [
              -70.61577269283742,
              -32.74725976310838
            ],
            [
              -70.61577269283742,
              -32.74725936798342
            ],
            [
              -70.61577410161382,
              -32.74725936798342
            ],
            [
              -70.61577410161382,
              -32.74725897285846
            ],
            [
              -70.61577551039024,
              -32.74725897285846
            ],
            [
              -70.61577551039024,
              -32.747258577733504
            ],
            [
              -70.6157764495745,
              -32.747258577733504
            ],
            [
              -70.6157764495745,
              -32.74725818260855
            ],
            [
              -70.6157778583509,
              -32.74725818260855
            ],
            [
              -70.6157778583509,
              -32.74725778748359
            ],
            [
              -70.6157792671273,
              -32.74725778748359
            ],
            [
              -70.6157792671273,
              -32.747257392358634
            ],
            [
              -70.6157806759037,
              -32.747257392358634
            ],
            [
              -70.6157806759037,
              -32.74725699723368
            ],
            [
              -70.61578161508797,
              -32.74725699723368
            ],
            [
              -70.61578161508797,
              -32.74725660210872
            ],
            [
              -70.61578302386437,
              -32.74725660210872
            ],
            [
              -70.61578302386437,
              -32.747256206983764
            ],
            [
              -70.61578443264077,
              -32.747256206983764
            ],
            [
              -70.61578443264077,
              -32.74725581185881
            ],
            [
              -70.61578584141716,
              -32.74725581185881
            ],
            [
              -70.61578584141716,
              -32.74725541673384
            ],
            [
              -70.61578725019356,
              -32.74725541673384
            ],
            [
              -70.61578725019356,
              -32.747255021608886
            ],
            [
              -70.61578818937784,
              -32.747255021608886
            ],
            [
              -70.61578818937784,
              -32.74725462648393
            ],
            [
              -70.61578959815424,
              -32.74725462648393
            ],
            [
              -70.61578959815424,
              -32.74725423135897
            ],
            [
              -70.61579100693064,
              -32.74725423135897
            ],
            [
              -70.61579100693064,
              -32.747253836234016
            ],
            [
              -70.61579241570703,
              -32.747253836234016
            ],
            [
              -70.61579241570703,
              -32.74725344110906
            ],
            [
              -70.6157933548913,
              -32.74725344110906
            ],
            [
              -70.6157933548913,
              -32.7472530459841
            ],
            [
              -70.6157947636677,
              -32.7472530459841
            ],
            [
              -70.6157947636677,
              -32.747252650859146
            ],
            [
              -70.61579617244409,
              -32.747252650859146
            ],
            [
              -70.61579617244409,
              -32.74725225573419
            ],
            [
              -70.6157975812205,
              -32.74725225573419
            ],
            [
              -70.6157975812205,
              -32.74725186060923
            ],
            [
              -70.6157989899969,
              -32.74725186060923
            ],
            [
              -70.6157989899969,
              -32.74725146548427
            ],
            [
              -70.61579992918116,
              -32.74725146548427
            ],
            [
              -70.61579992918116,
              -32.74725107035931
            ],
            [
              -70.61580133795756,
              -32.74725107035931
            ],
            [
              -70.61580133795756,
              -32.747250675234355
            ],
            [
              -70.61580274673396,
              -32.747250675234355
            ],
            [
              -70.61580274673396,
              -32.7472502801094
            ],
            [
              -70.61580415551036,
              -32.7472502801094
            ],
            [
              -70.61580415551036,
              -32.74724988498444
            ],
            [
              -70.61580509469464,
              -32.74724988498444
            ],
            [
              -70.61580509469464,
              -32.747249489859485
            ],
            [
              -70.61580650347103,
              -32.747249489859485
            ],
            [
              -70.61580650347103,
              -32.74724909473453
            ],
            [
              -70.61580791224743,
              -32.74724909473453
            ],
            [
              -70.61580791224743,
              -32.74724869960957
            ],
            [
              -70.61580932102383,
              -32.74724869960957
            ],
            [
              -70.61580932102383,
              -32.747248304484614
            ],
            [
              -70.61581072980023,
              -32.747248304484614
            ],
            [
              -70.61581072980023,
              -32.74724790935966
            ],
            [
              -70.6158116689845,
              -32.74724790935966
            ],
            [
              -70.6158116689845,
              -32.747247514234694
            ],
            [
              -70.6158130777609,
              -32.747247514234694
            ],
            [
              -70.6158130777609,
              -32.74724711910974
            ],
            [
              -70.6158144865373,
              -32.74724711910974
            ],
            [
              -70.6158144865373,
              -32.74724672398478
            ],
            [
              -70.6158158953137,
              -32.74724672398478
            ],
            [
              -70.6158158953137,
              -32.74724632885982
            ],
            [
              -70.61581683449796,
              -32.74724632885982
            ],
            [
              -70.61581683449796,
              -32.74724593373487
            ],
            [
              -70.61581824327438,
              -32.74724593373487
            ],
            [
              -70.61581824327438,
              -32.74724553860991
            ],
            [
              -70.61581965205077,
              -32.74724553860991
            ],
            [
              -70.61581965205077,
              -32.74724514348495
            ],
            [
              -70.61582106082717,
              -32.74724514348495
            ],
            [
              -70.61582106082717,
              -32.747244748359996
            ],
            [
              -70.61582246960357,
              -32.747244748359996
            ],
            [
              -70.61582246960357,
              -32.74724435323504
            ],
            [
              -70.61582340878783,
              -32.74724435323504
            ],
            [
              -70.61582340878783,
              -32.74724395811008
            ],
            [
              -70.61582481756423,
              -32.74724395811008
            ],
            [
              -70.61582481756423,
              -32.74724356298512
            ],
            [
              -70.61582622634063,
              -32.74724356298512
            ],
            [
              -70.61582622634063,
              -32.74724316786016
            ],
            [
              -70.61582763511704,
              -32.74724316786016
            ],
            [
              -70.61582763511704,
              -32.747242772735206
            ],
            [
              -70.6158285743013,
              -32.747242772735206
            ],
            [
              -70.6158285743013,
              -32.74724237761025
            ],
            [
              -70.6158299830777,
              -32.74724237761025
            ],
            [
              -70.6158299830777,
              -32.74724198248529
            ],
            [
              -70.6158313918541,
              -32.74724198248529
            ],
            [
              -70.6158313918541,
              -32.747241587360335
            ],
            [
              -70.6158328006305,
              -32.747241587360335
            ],
            [
              -70.6158328006305,
              -32.74724119223538
            ],
            [
              -70.6158342094069,
              -32.74724119223538
            ],
            [
              -70.6158342094069,
              -32.74724079711042
            ],
            [
              -70.61583514859117,
              -32.74724079711042
            ],
            [
              -70.61583514859117,
              -32.747240401985465
            ],
            [
              -70.61583655736757,
              -32.747240401985465
            ],
            [
              -70.61583655736757,
              -32.74724000686051
            ],
            [
              -70.61583796614397,
              -32.74724000686051
            ],
            [
              -70.61583796614397,
              -32.747239611735544
            ],
            [
              -70.61583937492037,
              -32.747239611735544
            ],
            [
              -70.61583937492037,
              -32.74723921661059
            ],
            [
              -70.61584031410464,
              -32.74723921661059
            ],
            [
              -70.61584031410464,
              -32.74723882148563
            ],
            [
              -70.61584172288104,
              -32.74723882148563
            ],
            [
              -70.61584172288104,
              -32.747238426360674
            ],
            [
              -70.61584313165744,
              -32.747238426360674
            ],
            [
              -70.61584313165744,
              -32.74723803123572
            ],
            [
              -70.61584454043384,
              -32.74723803123572
            ],
            [
              -70.61584454043384,
              -32.74723763611076
            ],
            [
              -70.6158454796181,
              -32.74723763611076
            ],
            [
              -70.6158454796181,
              -32.747237240985804
            ],
            [
              -70.6158468883945,
              -32.747237240985804
            ],
            [
              -70.6158468883945,
              -32.74723684586085
            ],
            [
              -70.61584829717091,
              -32.74723684586085
            ],
            [
              -70.61584829717091,
              -32.74723645073589
            ],
            [
              -70.61584970594731,
              -32.74723645073589
            ],
            [
              -70.61584970594731,
              -32.747236055610934
            ],
            [
              -70.61585111472371,
              -32.747236055610934
            ],
            [
              -70.61585111472371,
              -32.74723566048597
            ],
            [
              -70.61585205390797,
              -32.74723566048597
            ],
            [
              -70.61585205390797,
              -32.74723526536101
            ],
            [
              -70.61585346268437,
              -32.74723526536101
            ],
            [
              -70.61585346268437,
              -32.747234870236056
            ],
            [
              -70.61585487146077,
              -32.747234870236056
            ],
            [
              -70.61585487146077,
              -32.7472344751111
            ],
            [
              -70.61585628023717,
              -32.7472344751111
            ],
            [
              -70.61585628023717,
              -32.74723407998614
            ],
            [
              -70.61585721942144,
              -32.74723407998614
            ],
            [
              -70.61585721942144,
              -32.747233684861186
            ],
            [
              -70.61585862819784,
              -32.747233684861186
            ],
            [
              -70.61585862819784,
              -32.74723328973623
            ],
            [
              -70.61586003697424,
              -32.74723328973623
            ],
            [
              -70.61586003697424,
              -32.74723289461127
            ],
            [
              -70.61586144575064,
              -32.74723289461127
            ],
            [
              -70.61586144575064,
              -32.747232499486316
            ],
            [
              -70.61586285452704,
              -32.747232499486316
            ],
            [
              -70.61586285452704,
              -32.74723210436136
            ],
            [
              -70.61586379371131,
              -32.74723210436136
            ],
            [
              -70.61586379371131,
              -32.747231709236395
            ],
            [
              -70.61586520248771,
              -32.747231709236395
            ],
            [
              -70.61586520248771,
              -32.74723131411144
            ],
            [
              -70.61586661126411,
              -32.74723131411144
            ],
            [
              -70.61586661126411,
              -32.74723091898648
            ],
            [
              -70.61586802004051,
              -32.74723091898648
            ],
            [
              -70.61586802004051,
              -32.747230523861525
            ],
            [
              -70.61586895922477,
              -32.747230523861525
            ],
            [
              -70.61586895922477,
              -32.74723012873657
            ],
            [
              -70.61587036800118,
              -32.74723012873657
            ],
            [
              -70.61587036800118,
              -32.74722973361161
            ],
            [
              -70.61587177677758,
              -32.74722973361161
            ],
            [
              -70.61587177677758,
              -32.747229338486655
            ],
            [
              -70.61587318555398,
              -32.747229338486655
            ],
            [
              -70.61587318555398,
              -32.7472289433617
            ],
            [
              -70.61587459433038,
              -32.7472289433617
            ],
            [
              -70.61587459433038,
              -32.74722854823674
            ],
            [
              -70.61587553351464,
              -32.74722854823674
            ],
            [
              -70.61587553351464,
              -32.747228153111784
            ],
            [
              -70.61587694229104,
              -32.747228153111784
            ],
            [
              -70.61587694229104,
              -32.74722775798682
            ],
            [
              -70.61587835106744,
              -32.74722775798682
            ],
            [
              -70.61587835106744,
              -32.747227362861864
            ],
            [
              -70.61587975984385,
              -32.747227362861864
            ],
            [
              -70.61587975984385,
              -32.74722696773691
            ],
            [
              -70.61588069902811,
              -32.74722696773691
            ],
            [
              -70.61588069902811,
              -32.74722657261195
            ],
            [
              -70.61588210780451,
              -32.74722657261195
            ],
            [
              -70.61588210780451,
              -32.74722617748699
            ],
            [
              -70.61588351658091,
              -32.74722617748699
            ],
            [
              -70.61588351658091,
              -32.74722578236204
            ],
            [
              -70.6158849253573,
              -32.74722578236204
            ],
            [
              -70.6158849253573,
              -32.74722538723708
            ],
            [
              -70.6158863341337,
              -32.74722538723708
            ],
            [
              -70.6158863341337,
              -32.74722499211212
            ],
            [
              -70.61588727331798,
              -32.74722499211212
            ],
            [
              -70.61588727331798,
              -32.74722459698717
            ],
            [
              -70.61588868209438,
              -32.74722459698717
            ],
            [
              -70.61588868209438,
              -32.74722420186221
            ],
            [
              -70.61589009087078,
              -32.74722420186221
            ],
            [
              -70.61589009087078,
              -32.747223806737246
            ],
            [
              -70.61589149964718,
              -32.747223806737246
            ],
            [
              -70.61589149964718,
              -32.74722341161229
            ],
            [
              -70.61589243883145,
              -32.74722341161229
            ],
            [
              -70.61589243883145,
              -32.74722301648733
            ],
            [
              -70.61589384760785,
              -32.74722301648733
            ],
            [
              -70.61589384760785,
              -32.747222621362376
            ],
            [
              -70.61589525638425,
              -32.747222621362376
            ],
            [
              -70.61589525638425,
              -32.74722222623742
            ],
            [
              -70.61589666516065,
              -32.74722222623742
            ],
            [
              -70.61589666516065,
              -32.74722183111246
            ],
            [
              -70.61589807393705,
              -32.74722183111246
            ],
            [
              -70.61589807393705,
              -32.747221435987505
            ],
            [
              -70.61589901312131,
              -32.747221435987505
            ],
            [
              -70.61589901312131,
              -32.74722104086255
            ],
            [
              -70.61590042189772,
              -32.74722104086255
            ],
            [
              -70.61590042189772,
              -32.74722064573759
            ],
            [
              -70.61590183067412,
              -32.74722064573759
            ],
            [
              -70.61590183067412,
              -32.747220250612635
            ],
            [
              -70.61590323945052,
              -32.747220250612635
            ],
            [
              -70.61590323945052,
              -32.74721985548767
            ],
            [
              -70.61590417863478,
              -32.74721985548767
            ],
            [
              -70.61590417863478,
              -32.747219460362714
            ],
            [
              -70.61590558741118,
              -32.747219460362714
            ],
            [
              -70.61590558741118,
              -32.74721906523776
            ],
            [
              -70.61590699618758,
              -32.74721906523776
            ],
            [
              -70.61590699618758,
              -32.7472186701128
            ],
            [
              -70.61590840496397,
              -32.7472186701128
            ],
            [
              -70.61590840496397,
              -32.747218274987844
            ],
            [
              -70.61590981374039,
              -32.747218274987844
            ],
            [
              -70.61590981374039,
              -32.74721787986289
            ],
            [
              -70.61591075292465,
              -32.74721787986289
            ],
            [
              -70.61591075292465,
              -32.74721748473793
            ],
            [
              -70.61591216170105,
              -32.74721748473793
            ],
            [
              -70.61591216170105,
              -32.747217089612974
            ],
            [
              -70.61591357047745,
              -32.747217089612974
            ],
            [
              -70.61591357047745,
              -32.74721669448802
            ],
            [
              -70.61591497925384,
              -32.74721669448802
            ],
            [
              -70.61591497925384,
              -32.74721629936306
            ],
            [
              -70.61591591843812,
              -32.74721629936306
            ],
            [
              -70.61591591843812,
              -32.7472159042381
            ],
            [
              -70.61591732721452,
              -32.7472159042381
            ],
            [
              -70.61591732721452,
              -32.74721550911314
            ],
            [
              -70.61591873599092,
              -32.74721550911314
            ],
            [
              -70.61591873599092,
              -32.74721511398818
            ],
            [
              -70.61592014476732,
              -32.74721511398818
            ],
            [
              -70.61592014476732,
              -32.747214718863226
            ],
            [
              -70.61592155354371,
              -32.747214718863226
            ],
            [
              -70.61592155354371,
              -32.74721432373827
            ],
            [
              -70.61592249272799,
              -32.74721432373827
            ],
            [
              -70.61592249272799,
              -32.74721392861331
            ],
            [
              -70.61592390150439,
              -32.74721392861331
            ],
            [
              -70.61592390150439,
              -32.747213533488356
            ],
            [
              -70.61592531028079,
              -32.747213533488356
            ],
            [
              -70.61592531028079,
              -32.7472131383634
            ],
            [
              -70.61592671905719,
              -32.7472131383634
            ],
            [
              -70.61592671905719,
              -32.74721274323844
            ],
            [
              -70.61592765824145,
              -32.74721274323844
            ],
            [
              -70.61592765824145,
              -32.747212348113486
            ],
            [
              -70.61592906701785,
              -32.747212348113486
            ],
            [
              -70.61592906701785,
              -32.74721195298852
            ],
            [
              -70.61593047579426,
              -32.74721195298852
            ],
            [
              -70.61593047579426,
              -32.747211557863565
            ],
            [
              -70.61593188457066,
              -32.747211557863565
            ],
            [
              -70.61593188457066,
              -32.74721116273861
            ],
            [
              -70.61593329334706,
              -32.74721116273861
            ],
            [
              -70.61593329334706,
              -32.74721076761365
            ],
            [
              -70.61593423253132,
              -32.74721076761365
            ],
            [
              -70.61593423253132,
              -32.747210372488695
            ],
            [
              -70.61593564130771,
              -32.747210372488695
            ],
            [
              -70.61593564130771,
              -32.74720997736374
            ],
            [
              -70.61593705008411,
              -32.74720997736374
            ],
            [
              -70.61593705008411,
              -32.74720958223878
            ],
            [
              -70.61593845886051,
              -32.74720958223878
            ],
            [
              -70.61593845886051,
              -32.747209187113825
            ],
            [
              -70.61593939804479,
              -32.747209187113825
            ],
            [
              -70.61593939804479,
              -32.74720879198887
            ],
            [
              -70.61594080682119,
              -32.74720879198887
            ],
            [
              -70.61594080682119,
              -32.74720839686391
            ],
            [
              -70.61594221559758,
              -32.74720839686391
            ],
            [
              -70.61594221559758,
              -32.74720800173895
            ],
            [
              -70.61594362437398,
              -32.74720800173895
            ],
            [
              -70.61594362437398,
              -32.74720760661399
            ],
            [
              -70.61594503315038,
              -32.74720760661399
            ],
            [
              -70.61594503315038,
              -32.747207211489034
            ],
            [
              -70.61594597233466,
              -32.747207211489034
            ],
            [
              -70.61594597233466,
              -32.74720681636408
            ],
            [
              -70.61594738111106,
              -32.74720681636408
            ],
            [
              -70.61594738111106,
              -32.74720642123912
            ],
            [
              -70.61594878988745,
              -32.74720642123912
            ],
            [
              -70.61594878988745,
              -32.74720602611416
            ],
            [
              -70.61595019866385,
              -32.74720602611416
            ],
            [
              -70.61595019866385,
              -32.74720563098921
            ],
            [
              -70.61595113784811,
              -32.74720563098921
            ],
            [
              -70.61595113784811,
              -32.74720523586425
            ],
            [
              -70.61595254662453,
              -32.74720523586425
            ],
            [
              -70.61595254662453,
              -32.74720484073929
            ],
            [
              -70.61595395540093,
              -32.74720484073929
            ],
            [
              -70.61595395540093,
              -32.74720444561434
            ],
            [
              -70.61595536417732,
              -32.74720444561434
            ],
            [
              -70.61595536417732,
              -32.74720405048937
            ],
            [
              -70.61595677295372,
              -32.74720405048937
            ],
            [
              -70.61595677295372,
              -32.747203655364416
            ],
            [
              -70.61595771213798,
              -32.747203655364416
            ],
            [
              -70.61595771213798,
              -32.74720326023946
            ],
            [
              -70.61595912091438,
              -32.74720326023946
            ],
            [
              -70.61595912091438,
              -32.7472028651145
            ],
            [
              -70.6159605296908,
              -32.7472028651145
            ],
            [
              -70.6159605296908,
              -32.747202469989546
            ],
            [
              -70.6159619384672,
              -32.747202469989546
            ],
            [
              -70.6159619384672,
              -32.74720207486459
            ],
            [
              -70.61596287765146,
              -32.74720207486459
            ],
            [
              -70.61596287765146,
              -32.74720167973963
            ],
            [
              -70.61596428642785,
              -32.74720167973963
            ],
            [
              -70.61596428642785,
              -32.747201284614675
            ],
            [
              -70.61596569520425,
              -32.747201284614675
            ],
            [
              -70.61596569520425,
              -32.74720088948972
            ],
            [
              -70.61596710398065,
              -32.74720088948972
            ],
            [
              -70.61596710398065,
              -32.74720049436476
            ],
            [
              -70.61596804316493,
              -32.74720049436476
            ],
            [
              -70.61596804316493,
              -32.7472000992398
            ],
            [
              -70.61596945194133,
              -32.7472000992398
            ],
            [
              -70.61596945194133,
              -32.74719970411484
            ],
            [
              -70.61597086071772,
              -32.74719970411484
            ],
            [
              -70.61597086071772,
              -32.747199308989885
            ],
            [
              -70.61597226949412,
              -32.747199308989885
            ],
            [
              -70.61597226949412,
              -32.74719891386493
            ],
            [
              -70.61597367827052,
              -32.74719891386493
            ],
            [
              -70.61597367827052,
              -32.74719851873997
            ],
            [
              -70.6159746174548,
              -32.74719851873997
            ],
            [
              -70.6159746174548,
              -32.747198123615014
            ],
            [
              -70.6159760262312,
              -32.747198123615014
            ],
            [
              -70.6159760262312,
              -32.74719772849006
            ],
            [
              -70.6159774350076,
              -32.74719772849006
            ],
            [
              -70.6159774350076,
              -32.7471973333651
            ],
            [
              -70.61597884378399,
              -32.7471973333651
            ],
            [
              -70.61597884378399,
              -32.747196938240144
            ],
            [
              -70.61597978296825,
              -32.747196938240144
            ],
            [
              -70.61597978296825,
              -32.74719654311519
            ],
            [
              -70.61598119174465,
              -32.74719654311519
            ],
            [
              -70.61598119174465,
              -32.74719614799022
            ],
            [
              -70.61598260052106,
              -32.74719614799022
            ],
            [
              -70.61598260052106,
              -32.74719575286527
            ],
            [
              -70.61598400929746,
              -32.74719575286527
            ],
            [
              -70.61598400929746,
              -32.74719535774031
            ],
            [
              -70.61598541807386,
              -32.74719535774031
            ],
            [
              -70.61598541807386,
              -32.74719496261535
            ],
            [
              -70.61598635725812,
              -32.74719496261535
            ],
            [
              -70.61598635725812,
              -32.747194567490396
            ],
            [
              -70.61598776603452,
              -32.747194567490396
            ],
            [
              -70.61598776603452,
              -32.74719417236544
            ],
            [
              -70.61598917481092,
              -32.74719417236544
            ],
            [
              -70.61598917481092,
              -32.74719377724048
            ],
            [
              -70.61599058358732,
              -32.74719377724048
            ],
            [
              -70.61599058358732,
              -32.747193382115526
            ],
            [
              -70.6159915227716,
              -32.747193382115526
            ],
            [
              -70.6159915227716,
              -32.74719298699057
            ],
            [
              -70.61599293154799,
              -32.74719298699057
            ],
            [
              -70.61599293154799,
              -32.74719259186561
            ],
            [
              -70.61599434032439,
              -32.74719259186561
            ],
            [
              -70.61599434032439,
              -32.74719219674065
            ],
            [
              -70.61599574910079,
              -32.74719219674065
            ],
            [
              -70.61599574910079,
              -32.74719180161569
            ],
            [
              -70.61599715787719,
              -32.74719180161569
            ],
            [
              -70.61599715787719,
              -32.747191406490735
            ],
            [
              -70.61599809706146,
              -32.747191406490735
            ],
            [
              -70.61599809706146,
              -32.74719101136578
            ],
            [
              -70.61599950583786,
              -32.74719101136578
            ],
            [
              -70.61599950583786,
              -32.74719061624082
            ],
            [
              -70.61600091461426,
              -32.74719061624082
            ],
            [
              -70.61600091461426,
              -32.747190221115865
            ],
            [
              -70.61600232339066,
              -32.747190221115865
            ],
            [
              -70.61600232339066,
              -32.74718982599091
            ],
            [
              -70.61600326257492,
              -32.74718982599091
            ],
            [
              -70.61600326257492,
              -32.74718943086595
            ],
            [
              -70.61600467135133,
              -32.74718943086595
            ],
            [
              -70.61600467135133,
              -32.747189035740995
            ],
            [
              -70.61600608012773,
              -32.747189035740995
            ],
            [
              -70.61600608012773,
              -32.74718864061604
            ],
            [
              -70.61600748890413,
              -32.74718864061604
            ],
            [
              -70.61600748890413,
              -32.747188245491074
            ],
            [
              -70.61600889768053,
              -32.747188245491074
            ],
            [
              -70.61600889768053,
              -32.74718785036612
            ],
            [
              -70.61600983686479,
              -32.74718785036612
            ],
            [
              -70.61600983686479,
              -32.74718745524116
            ],
            [
              -70.61601124564119,
              -32.74718745524116
            ],
            [
              -70.61601124564119,
              -32.747187060116204
            ],
            [
              -70.6160126544176,
              -32.747187060116204
            ],
            [
              -70.6160126544176,
              -32.74718666499125
            ],
            [
              -70.616014063194,
              -32.74718666499125
            ],
            [
              -70.616014063194,
              -32.74718626986629
            ],
            [
              -70.61601500237826,
              -32.74718626986629
            ],
            [
              -70.61601500237826,
              -32.747185874741334
            ],
            [
              -70.61601641115466,
              -32.747185874741334
            ],
            [
              -70.61601641115466,
              -32.74718547961638
            ],
            [
              -70.61601781993106,
              -32.74718547961638
            ],
            [
              -70.61601781993106,
              -32.74718508449142
            ],
            [
              -70.61601922870746,
              -32.74718508449142
            ],
            [
              -70.61601922870746,
              -32.74718468936646
            ],
            [
              -70.61602063748386,
              -32.74718468936646
            ],
            [
              -70.61602063748386,
              -32.7471842942415
            ],
            [
              -70.61602157666813,
              -32.7471842942415
            ],
            [
              -70.61602157666813,
              -32.74718389911654
            ],
            [
              -70.61602298544453,
              -32.74718389911654
            ],
            [
              -70.61602298544453,
              -32.747183503991586
            ],
            [
              -70.61602439422093,
              -32.747183503991586
            ],
            [
              -70.61602439422093,
              -32.74718310886663
            ],
            [
              -70.61602580299733,
              -32.74718310886663
            ],
            [
              -70.61602580299733,
              -32.74718271374167
            ],
            [
              -70.6160267421816,
              -32.74718271374167
            ],
            [
              -70.6160267421816,
              -32.747182318616716
            ],
            [
              -70.616028150958,
              -32.747182318616716
            ],
            [
              -70.616028150958,
              -32.74718192349176
            ],
            [
              -70.6160295597344,
              -32.74718192349176
            ],
            [
              -70.6160295597344,
              -32.7471815283668
            ],
            [
              -70.6160309685108,
              -32.7471815283668
            ],
            [
              -70.6160309685108,
              -32.747181133241845
            ],
            [
              -70.6160323772872,
              -32.747181133241845
            ],
            [
              -70.6160323772872,
              -32.74718073811689
            ],
            [
              -70.61603331647146,
              -32.74718073811689
            ],
            [
              -70.61603331647146,
              -32.747180342991925
            ],
            [
              -70.61603472524787,
              -32.747180342991925
            ],
            [
              -70.61603472524787,
              -32.74717994786697
            ],
            [
              -70.61603613402427,
              -32.74717994786697
            ],
            [
              -70.61603613402427,
              -32.74717955274201
            ],
            [
              -70.61603754280067,
              -32.74717955274201
            ],
            [
              -70.61603754280067,
              -32.747179157617055
            ],
            [
              -70.61603848198493,
              -32.747179157617055
            ],
            [
              -70.61603848198493,
              -32.7471787624921
            ],
            [
              -70.61603989076133,
              -32.7471787624921
            ],
            [
              -70.61603989076133,
              -32.74717836736714
            ],
            [
              -70.61604129953773,
              -32.74717836736714
            ],
            [
              -70.61604129953773,
              -32.747177972242184
            ],
            [
              -70.61604270831414,
              -32.747177972242184
            ],
            [
              -70.61604270831414,
              -32.74717757711723
            ],
            [
              -70.61604411709054,
              -32.74717757711723
            ],
            [
              -70.61604411709054,
              -32.74717718199227
            ],
            [
              -70.6160450562748,
              -32.74717718199227
            ],
            [
              -70.6160450562748,
              -32.747176786867314
            ],
            [
              -70.6160464650512,
              -32.747176786867314
            ],
            [
              -70.6160464650512,
              -32.74717639174235
            ],
            [
              -70.6160478738276,
              -32.74717639174235
            ],
            [
              -70.6160478738276,
              -32.74717599661739
            ],
            [
              -70.616049282604,
              -32.74717599661739
            ],
            [
              -70.616049282604,
              -32.74717560149244
            ],
            [
              -70.61605022178827,
              -32.74717560149244
            ],
            [
              -70.61605022178827,
              -32.74717520636748
            ],
            [
              -70.61605163056467,
              -32.74717520636748
            ],
            [
              -70.61605163056467,
              -32.74717481124252
            ],
            [
              -70.61605303934107,
              -32.74717481124252
            ],
            [
              -70.61605303934107,
              -32.747174416117566
            ],
            [
              -70.61605444811747,
              -32.747174416117566
            ],
            [
              -70.61605444811747,
              -32.74717402099261
            ],
            [
              -70.61605585689387,
              -32.74717402099261
            ],
            [
              -70.61605585689387,
              -32.74717362586765
            ],
            [
              -70.61605679607814,
              -32.74717362586765
            ],
            [
              -70.61605679607814,
              -32.747173230742696
            ],
            [
              -70.61605820485454,
              -32.747173230742696
            ],
            [
              -70.61605820485454,
              -32.74717283561774
            ],
            [
              -70.61605961363094,
              -32.74717283561774
            ],
            [
              -70.61605961363094,
              -32.747172440492776
            ],
            [
              -70.61606102240734,
              -32.747172440492776
            ],
            [
              -70.61606102240734,
              -32.74717204536782
            ],
            [
              -70.6160619615916,
              -32.74717204536782
            ],
            [
              -70.6160619615916,
              -32.74717165024286
            ],
            [
              -70.616063370368,
              -32.74717165024286
            ],
            [
              -70.616063370368,
              -32.747171255117905
            ],
            [
              -70.61606477914441,
              -32.747171255117905
            ],
            [
              -70.61606477914441,
              -32.74717085999295
            ],
            [
              -70.61606618792081,
              -32.74717085999295
            ],
            [
              -70.61606618792081,
              -32.74717046486799
            ],
            [
              -70.6160675966972,
              -32.74717046486799
            ],
            [
              -70.6160675966972,
              -32.747170069743035
            ],
            [
              -70.61606853588147,
              -32.747170069743035
            ],
            [
              -70.61606853588147,
              -32.74716967461808
            ],
            [
              -70.61606994465787,
              -32.74716967461808
            ],
            [
              -70.61606994465787,
              -32.74716927949312
            ],
            [
              -70.61607135343426,
              -32.74716927949312
            ],
            [
              -70.61607135343426,
              -32.747168884368165
            ],
            [
              -70.61607276221066,
              -32.747168884368165
            ],
            [
              -70.61607276221066,
              -32.7471684892432
            ],
            [
              -70.61607370139494,
              -32.7471684892432
            ],
            [
              -70.61607370139494,
              -32.747168094118244
            ],
            [
              -70.61607511017134,
              -32.747168094118244
            ],
            [
              -70.61607511017134,
              -32.74716769899329
            ],
            [
              -70.61607651894774,
              -32.74716769899329
            ],
            [
              -70.61607651894774,
              -32.74716730386833
            ],
            [
              -70.61607792772413,
              -32.74716730386833
            ],
            [
              -70.61607792772413,
              -32.747166908743374
            ],
            [
              -70.61607933650053,
              -32.747166908743374
            ],
            [
              -70.61607933650053,
              -32.74716651361842
            ],
            [
              -70.61608027568481,
              -32.74716651361842
            ],
            [
              -70.61608027568481,
              -32.74716611849346
            ],
            [
              -70.61608168446121,
              -32.74716611849346
            ],
            [
              -70.61608168446121,
              -32.747165723368504
            ],
            [
              -70.6160830932376,
              -32.747165723368504
            ],
            [
              -70.6160830932376,
              -32.74716532824355
            ],
            [
              -70.616084502014,
              -32.74716532824355
            ],
            [
              -70.616084502014,
              -32.74716493311859
            ],
            [
              -70.61608544119827,
              -32.74716493311859
            ],
            [
              -70.61608544119827,
              -32.747164537993626
            ],
            [
              -70.61608684997468,
              -32.747164537993626
            ],
            [
              -70.61608684997468,
              -32.74716414286867
            ],
            [
              -70.61608825875108,
              -32.74716414286867
            ],
            [
              -70.61608825875108,
              -32.74716374774371
            ],
            [
              -70.61608966752748,
              -32.74716374774371
            ],
            [
              -70.61608966752748,
              -32.747163352618756
            ],
            [
              -70.61609060671174,
              -32.747163352618756
            ],
            [
              -70.61609060671174,
              -32.7471629574938
            ],
            [
              -70.61609201548814,
              -32.7471629574938
            ],
            [
              -70.61609201548814,
              -32.74716256236884
            ],
            [
              -70.61609342426453,
              -32.74716256236884
            ],
            [
              -70.61609342426453,
              -32.747162167243886
            ],
            [
              -70.61609483304095,
              -32.747162167243886
            ],
            [
              -70.61609483304095,
              -32.74716177211893
            ],
            [
              -70.61609624181735,
              -32.74716177211893
            ],
            [
              -70.61609624181735,
              -32.74716137699397
            ],
            [
              -70.6160971810016,
              -32.74716137699397
            ],
            [
              -70.6160971810016,
              -32.747160981869015
            ],
            [
              -70.616098589778,
              -32.747160981869015
            ],
            [
              -70.616098589778,
              -32.74716058674405
            ],
            [
              -70.6160999985544,
              -32.74716058674405
            ],
            [
              -70.6160999985544,
              -32.747160191619095
            ],
            [
              -70.6161014073308,
              -32.747160191619095
            ],
            [
              -70.6161014073308,
              -32.74715979649414
            ],
            [
              -70.61610234651508,
              -32.74715979649414
            ],
            [
              -70.61610234651508,
              -32.74715940136918
            ],
            [
              -70.61610375529148,
              -32.74715940136918
            ],
            [
              -70.61610375529148,
              -32.747159006244225
            ],
            [
              -70.61610516406787,
              -32.747159006244225
            ],
            [
              -70.61610516406787,
              -32.74715861111927
            ],
            [
              -70.61610657284427,
              -32.74715861111927
            ],
            [
              -70.61610657284427,
              -32.74715821599431
            ],
            [
              -70.61610798162067,
              -32.74715821599431
            ],
            [
              -70.61610798162067,
              -32.747157820869354
            ],
            [
              -70.61610892080495,
              -32.747157820869354
            ],
            [
              -70.61610892080495,
              -32.7471574257444
            ],
            [
              -70.61611032958135,
              -32.7471574257444
            ],
            [
              -70.61611032958135,
              -32.74715703061944
            ],
            [
              -70.61611173835774,
              -32.74715703061944
            ],
            [
              -70.61611173835774,
              -32.74715663549448
            ],
            [
              -70.61611314713414,
              -32.74715663549448
            ],
            [
              -70.61611314713414,
              -32.74715624036952
            ],
            [
              -70.6161140863184,
              -32.74715624036952
            ],
            [
              -70.6161140863184,
              -32.74715584524456
            ],
            [
              -70.6161154950948,
              -32.74715584524456
            ],
            [
              -70.6161154950948,
              -32.74715545011961
            ],
            [
              -70.61611690387122,
              -32.74715545011961
            ],
            [
              -70.61611690387122,
              -32.74715505499465
            ],
            [
              -70.61611831264761,
              -32.74715505499465
            ],
            [
              -70.61611831264761,
              -32.74715465986969
            ],
            [
              -70.61611972142401,
              -32.74715465986969
            ],
            [
              -70.61611972142401,
              -32.74715426474474
            ],
            [
              -70.61612066060827,
              -32.74715426474474
            ],
            [
              -70.61612066060827,
              -32.74715386961978
            ],
            [
              -70.61612206938467,
              -32.74715386961978
            ],
            [
              -70.61612206938467,
              -32.74715347449482
            ],
            [
              -70.61612347816107,
              -32.74715347449482
            ],
            [
              -70.61612347816107,
              -32.747153079369866
            ],
            [
              -70.61612488693748,
              -32.747153079369866
            ],
            [
              -70.61612488693748,
              -32.7471526842449
            ],
            [
              -70.61612582612175,
              -32.7471526842449
            ],
            [
              -70.61612582612175,
              -32.747152289119946
            ],
            [
              -70.61612723489814,
              -32.747152289119946
            ],
            [
              -70.61612723489814,
              -32.74715189399499
            ],
            [
              -70.61612864367454,
              -32.74715189399499
            ],
            [
              -70.61612864367454,
              -32.74715149887003
            ],
            [
              -70.61613005245094,
              -32.74715149887003
            ],
            [
              -70.61613005245094,
              -32.747151103745075
            ],
            [
              -70.61613146122734,
              -32.747151103745075
            ],
            [
              -70.61613146122734,
              -32.74715070862012
            ],
            [
              -70.61613240041162,
              -32.74715070862012
            ],
            [
              -70.61613240041162,
              -32.74715031349516
            ],
            [
              -70.61613380918801,
              -32.74715031349516
            ],
            [
              -70.61613380918801,
              -32.747149918370205
            ],
            [
              -70.61613521796441,
              -32.747149918370205
            ],
            [
              -70.61613521796441,
              -32.74714952324525
            ],
            [
              -70.61613662674081,
              -32.74714952324525
            ],
            [
              -70.61613662674081,
              -32.74714912812029
            ],
            [
              -70.61613756592507,
              -32.74714912812029
            ],
            [
              -70.61613756592507,
              -32.74714873299533
            ],
            [
              -70.61613897470149,
              -32.74714873299533
            ],
            [
              -70.61613897470149,
              -32.74714833787037
            ],
            [
              -70.61614038347788,
              -32.74714833787037
            ],
            [
              -70.61614038347788,
              -32.747147942745414
            ],
            [
              -70.61614179225428,
              -32.747147942745414
            ],
            [
              -70.61614179225428,
              -32.74714754762046
            ],
            [
              -70.61614320103068,
              -32.74714754762046
            ],
            [
              -70.61614320103068,
              -32.7471471524955
            ],
            [
              -70.61614414021494,
              -32.7471471524955
            ],
            [
              -70.61614414021494,
              -32.747146757370544
            ],
            [
              -70.61614554899134,
              -32.747146757370544
            ],
            [
              -70.61614554899134,
              -32.74714636224559
            ],
            [
              -70.61614695776775,
              -32.74714636224559
            ],
            [
              -70.61614695776775,
              -32.74714596712063
            ],
            [
              -70.61614836654415,
              -32.74714596712063
            ],
            [
              -70.61614836654415,
              -32.747145571995674
            ],
            [
              -70.61614930572841,
              -32.747145571995674
            ],
            [
              -70.61614930572841,
              -32.74714517687072
            ],
            [
              -70.61615071450481,
              -32.74714517687072
            ],
            [
              -70.61615071450481,
              -32.74714478174575
            ],
            [
              -70.61615212328121,
              -32.74714478174575
            ],
            [
              -70.61615212328121,
              -32.747144386620796
            ],
            [
              -70.61615353205761,
              -32.747144386620796
            ],
            [
              -70.61615353205761,
              -32.74714399149584
            ],
            [
              -70.61615494083401,
              -32.74714399149584
            ],
            [
              -70.61615494083401,
              -32.74714359637088
            ],
            [
              -70.61615588001828,
              -32.74714359637088
            ],
            [
              -70.61615588001828,
              -32.747143201245926
            ],
            [
              -70.61615728879468,
              -32.747143201245926
            ],
            [
              -70.61615728879468,
              -32.74714280612097
            ],
            [
              -70.61615869757108,
              -32.74714280612097
            ],
            [
              -70.61615869757108,
              -32.74714241099601
            ],
            [
              -70.61616010634748,
              -32.74714241099601
            ],
            [
              -70.61616010634748,
              -32.747142015871056
            ],
            [
              -70.61616104553175,
              -32.747142015871056
            ],
            [
              -70.61616104553175,
              -32.7471416207461
            ],
            [
              -70.61616245430815,
              -32.7471416207461
            ],
            [
              -70.61616245430815,
              -32.74714122562114
            ],
            [
              -70.61616386308455,
              -32.74714122562114
            ],
            [
              -70.61616386308455,
              -32.74714083049618
            ],
            [
              -70.61616527186095,
              -32.74714083049618
            ],
            [
              -70.61616527186095,
              -32.74714043537122
            ],
            [
              -70.61616668063735,
              -32.74714043537122
            ],
            [
              -70.61616668063735,
              -32.747140040246265
            ],
            [
              -70.61616761982161,
              -32.747140040246265
            ],
            [
              -70.61616761982161,
              -32.74713964512131
            ],
            [
              -70.61616902859802,
              -32.74713964512131
            ],
            [
              -70.61616902859802,
              -32.74713924999635
            ],
            [
              -70.61617043737442,
              -32.74713924999635
            ],
            [
              -70.61617043737442,
              -32.747138854871395
            ],
            [
              -70.61617184615082,
              -32.747138854871395
            ],
            [
              -70.61617184615082,
              -32.74713845974644
            ],
            [
              -70.61617278533508,
              -32.74713845974644
            ],
            [
              -70.61617278533508,
              -32.74713806462148
            ],
            [
              -70.61617419411148,
              -32.74713806462148
            ],
            [
              -70.61617419411148,
              -32.747137669496524
            ],
            [
              -70.61617560288788,
              -32.747137669496524
            ],
            [
              -70.61617560288788,
              -32.74713727437157
            ],
            [
              -70.61617701166429,
              -32.74713727437157
            ],
            [
              -70.61617701166429,
              -32.747136879246604
            ],
            [
              -70.61617842044069,
              -32.747136879246604
            ],
            [
              -70.61617842044069,
              -32.74713648412165
            ],
            [
              -70.61617935962495,
              -32.74713648412165
            ],
            [
              -70.61617935962495,
              -32.74713608899669
            ],
            [
              -70.61618076840135,
              -32.74713608899669
            ],
            [
              -70.61618076840135,
              -32.74713569387173
            ],
            [
              -70.61618217717775,
              -32.74713569387173
            ],
            [
              -70.61618217717775,
              -32.74713529874678
            ],
            [
              -70.61618358595415,
              -32.74713529874678
            ],
            [
              -70.61618358595415,
              -32.74713490362182
            ],
            [
              -70.61618452513842,
              -32.74713490362182
            ],
            [
              -70.61618452513842,
              -32.74713450849686
            ],
            [
              -70.61618593391482,
              -32.74713450849686
            ],
            [
              -70.61618593391482,
              -32.74713411337191
            ],
            [
              -70.61618734269122,
              -32.74713411337191
            ],
            [
              -70.61618734269122,
              -32.74713371824695
            ],
            [
              -70.61618875146762,
              -32.74713371824695
            ],
            [
              -70.61618875146762,
              -32.74713332312199
            ],
            [
              -70.61619016024402,
              -32.74713332312199
            ],
            [
              -70.61619016024402,
              -32.74713292799703
            ],
            [
              -70.61619109942829,
              -32.74713292799703
            ],
            [
              -70.61619109942829,
              -32.74713253287207
            ],
            [
              -70.61619250820469,
              -32.74713253287207
            ],
            [
              -70.61619250820469,
              -32.747132137747116
            ],
            [
              -70.61619391698109,
              -32.747132137747116
            ],
            [
              -70.61619391698109,
              -32.74713174262216
            ],
            [
              -70.61619532575749,
              -32.74713174262216
            ],
            [
              -70.61619532575749,
              -32.7471313474972
            ],
            [
              -70.61619626494175,
              -32.7471313474972
            ],
            [
              -70.61619626494175,
              -32.747130952372245
            ],
            [
              -70.61619767371815,
              -32.747130952372245
            ],
            [
              -70.61619767371815,
              -32.74713055724729
            ],
            [
              -70.61619908249456,
              -32.74713055724729
            ],
            [
              -70.61619908249456,
              -32.74713016212233
            ],
            [
              -70.61620049127096,
              -32.74713016212233
            ],
            [
              -70.61620049127096,
              -32.747129766997375
            ],
            [
              -70.61620190004736,
              -32.747129766997375
            ],
            [
              -70.61620190004736,
              -32.74712937187242
            ],
            [
              -70.61620283923162,
              -32.74712937187242
            ],
            [
              -70.61620283923162,
              -32.747128976747454
            ],
            [
              -70.61620424800802,
              -32.747128976747454
            ],
            [
              -70.61620424800802,
              -32.7471285816225
            ],
            [
              -70.61620565678442,
              -32.7471285816225
            ],
            [
              -70.61620565678442,
              -32.74712818649754
            ],
            [
              -70.61620706556083,
              -32.74712818649754
            ],
            [
              -70.61620706556083,
              -32.747127791372584
            ],
            [
              -70.61620800474509,
              -32.747127791372584
            ],
            [
              -70.61620800474509,
              -32.74712739624763
            ],
            [
              -70.61620941352149,
              -32.74712739624763
            ],
            [
              -70.61620941352149,
              -32.74712700112267
            ],
            [
              -70.61621082229789,
              -32.74712700112267
            ],
            [
              -70.61621082229789,
              -32.747126605997714
            ],
            [
              -70.61621223107429,
              -32.747126605997714
            ],
            [
              -70.61621223107429,
              -32.74712621087276
            ],
            [
              -70.61621317025856,
              -32.74712621087276
            ],
            [
              -70.61621317025856,
              -32.7471258157478
            ],
            [
              -70.61621457903496,
              -32.7471258157478
            ],
            [
              -70.61621457903496,
              -32.747125420622844
            ],
            [
              -70.61621598781136,
              -32.747125420622844
            ],
            [
              -70.61621598781136,
              -32.74712502549788
            ],
            [
              -70.61621739658776,
              -32.74712502549788
            ],
            [
              -70.61621739658776,
              -32.74712463037292
            ],
            [
              -70.61621880536416,
              -32.74712463037292
            ],
            [
              -70.61621880536416,
              -32.747124235247966
            ],
            [
              -70.61621974454842,
              -32.747124235247966
            ],
            [
              -70.61621974454842,
              -32.74712384012301
            ],
            [
              -70.61622115332483,
              -32.74712384012301
            ],
            [
              -70.61622115332483,
              -32.74712344499805
            ],
            [
              -70.61622256210123,
              -32.74712344499805
            ],
            [
              -70.61622256210123,
              -32.747123049873096
            ],
            [
              -70.61622397087763,
              -32.747123049873096
            ],
            [
              -70.61622397087763,
              -32.74712265474814
            ],
            [
              -70.61622491006189,
              -32.74712265474814
            ],
            [
              -70.61622491006189,
              -32.74712225962318
            ],
            [
              -70.61622631883829,
              -32.74712225962318
            ],
            [
              -70.61622631883829,
              -32.747121864498226
            ],
            [
              -70.61622772761469,
              -32.747121864498226
            ],
            [
              -70.61622772761469,
              -32.74712146937327
            ],
            [
              -70.6162291363911,
              -32.74712146937327
            ],
            [
              -70.6162291363911,
              -32.747121074248305
            ],
            [
              -70.6162305451675,
              -32.747121074248305
            ],
            [
              -70.6162305451675,
              -32.74712067912335
            ],
            [
              -70.61623148435176,
              -32.74712067912335
            ],
            [
              -70.61623148435176,
              -32.74712028399839
            ],
            [
              -70.61623289312816,
              -32.74712028399839
            ],
            [
              -70.61623289312816,
              -32.747119888873435
            ],
            [
              -70.61623430190456,
              -32.747119888873435
            ],
            [
              -70.61623430190456,
              -32.74711949374848
            ],
            [
              -70.61623571068095,
              -32.74711949374848
            ],
            [
              -70.61623571068095,
              -32.74711909862352
            ],
            [
              -70.61623664986523,
              -32.74711909862352
            ],
            [
              -70.61623664986523,
              -32.747118703498565
            ],
            [
              -70.61623805864163,
              -32.747118703498565
            ],
            [
              -70.61623805864163,
              -32.74711830837361
            ],
            [
              -70.61623946741803,
              -32.74711830837361
            ],
            [
              -70.61623946741803,
              -32.74711791324865
            ],
            [
              -70.61624087619442,
              -32.74711791324865
            ],
            [
              -70.61624087619442,
              -32.747117518123694
            ],
            [
              -70.61624228497082,
              -32.747117518123694
            ],
            [
              -70.61624228497082,
              -32.74711712299873
            ],
            [
              -70.6162432241551,
              -32.74711712299873
            ],
            [
              -70.6162432241551,
              -32.747116727873774
            ],
            [
              -70.6162446329315,
              -32.747116727873774
            ],
            [
              -70.6162446329315,
              -32.74711633274882
            ],
            [
              -70.6162460417079,
              -32.74711633274882
            ],
            [
              -70.6162460417079,
              -32.74711593762386
            ],
            [
              -70.6162474504843,
              -32.74711593762386
            ],
            [
              -70.6162474504843,
              -32.7471155424989
            ],
            [
              -70.61624838966856,
              -32.7471155424989
            ],
            [
              -70.61624838966856,
              -32.74711514737395
            ],
            [
              -70.61624979844495,
              -32.74711514737395
            ],
            [
              -70.61624979844495,
              -32.74711475224899
            ],
            [
              -70.61625120722137,
              -32.74711475224899
            ],
            [
              -70.61625120722137,
              -32.74711435712403
            ],
            [
              -70.61625261599777,
              -32.74711435712403
            ],
            [
              -70.61625261599777,
              -32.74711396199908
            ],
            [
              -70.61625402477416,
              -32.74711396199908
            ],
            [
              -70.61625402477416,
              -32.74711356687412
            ],
            [
              -70.61625496395843,
              -32.74711356687412
            ],
            [
              -70.61625496395843,
              -32.747113171749156
            ],
            [
              -70.61625637273482,
              -32.747113171749156
            ],
            [
              -70.61625637273482,
              -32.7471127766242
            ],
            [
              -70.61625778151122,
              -32.7471127766242
            ],
            [
              -70.61625778151122,
              -32.74711238149924
            ],
            [
              -70.61625919028764,
              -32.74711238149924
            ],
            [
              -70.61625919028764,
              -32.747111986374286
            ],
            [
              -70.6162601294719,
              -32.747111986374286
            ],
            [
              -70.6162601294719,
              -32.74711159124933
            ],
            [
              -70.6162615382483,
              -32.74711159124933
            ],
            [
              -70.6162615382483,
              -32.74711119612437
            ],
            [
              -70.6162629470247,
              -32.74711119612437
            ],
            [
              -70.6162629470247,
              -32.747110800999415
            ],
            [
              -70.61626435580109,
              -32.747110800999415
            ],
            [
              -70.61626435580109,
              -32.74711040587446
            ],
            [
              -70.61626576457749,
              -32.74711040587446
            ],
            [
              -70.61626576457749,
              -32.7471100107495
            ],
            [
              -70.61626670376177,
              -32.7471100107495
            ],
            [
              -70.61626670376177,
              -32.747109615624545
            ],
            [
              -70.61626811253817,
              -32.747109615624545
            ],
            [
              -70.61626811253817,
              -32.74710922049958
            ],
            [
              -70.61626952131456,
              -32.74710922049958
            ],
            [
              -70.61626952131456,
              -32.747108825374625
            ],
            [
              -70.61627093009096,
              -32.747108825374625
            ],
            [
              -70.61627093009096,
              -32.74710843024967
            ],
            [
              -70.61627186927524,
              -32.74710843024967
            ],
            [
              -70.61627186927524,
              -32.74710803512471
            ],
            [
              -70.61627327805164,
              -32.74710803512471
            ],
            [
              -70.61627327805164,
              -32.747107639999754
            ],
            [
              -70.61627468682804,
              -32.747107639999754
            ],
            [
              -70.61627468682804,
              -32.7471072448748
            ],
            [
              -70.61627609560443,
              -32.7471072448748
            ],
            [
              -70.61627609560443,
              -32.74710684974984
            ],
            [
              -70.61627750438083,
              -32.74710684974984
            ],
            [
              -70.61627750438083,
              -32.747106454624884
            ],
            [
              -70.6162784435651,
              -32.747106454624884
            ],
            [
              -70.6162784435651,
              -32.74710605949993
            ],
            [
              -70.61627985234149,
              -32.74710605949993
            ],
            [
              -70.61627985234149,
              -32.74710566437497
            ],
            [
              -70.6162812611179,
              -32.74710566437497
            ],
            [
              -70.6162812611179,
              -32.74710526925001
            ],
            [
              -70.6162826698943,
              -32.74710526925001
            ],
            [
              -70.6162826698943,
              -32.74710487412505
            ],
            [
              -70.61628360907856,
              -32.74710487412505
            ],
            [
              -70.61628360907856,
              -32.74710447900009
            ],
            [
              -70.61628501785496,
              -32.74710447900009
            ],
            [
              -70.61628501785496,
              -32.747104083875136
            ],
            [
              -70.61628642663136,
              -32.747104083875136
            ],
            [
              -70.61628642663136,
              -32.74710368875018
            ],
            [
              -70.61628783540776,
              -32.74710368875018
            ],
            [
              -70.61628783540776,
              -32.74710329362522
            ],
            [
              -70.61628924418417,
              -32.74710329362522
            ],
            [
              -70.61628924418417,
              -32.747102898500266
            ],
            [
              -70.61629018336843,
              -32.747102898500266
            ],
            [
              -70.61629018336843,
              -32.74710250337531
            ],
            [
              -70.61629159214483,
              -32.74710250337531
            ],
            [
              -70.61629159214483,
              -32.74710210825035
            ],
            [
              -70.61629300092123,
              -32.74710210825035
            ],
            [
              -70.61629300092123,
              -32.747101713125396
            ],
            [
              -70.61629440969763,
              -32.747101713125396
            ],
            [
              -70.61629440969763,
              -32.74710131800043
            ],
            [
              -70.6162953488819,
              -32.74710131800043
            ],
            [
              -70.6162953488819,
              -32.747100922875475
            ],
            [
              -70.6162967576583,
              -32.747100922875475
            ],
            [
              -70.6162967576583,
              -32.74710052775052
            ],
            [
              -70.6162981664347,
              -32.74710052775052
            ],
            [
              -70.6162981664347,
              -32.74710013262556
            ],
            [
              -70.6162995752111,
              -32.74710013262556
            ],
            [
              -70.6162995752111,
              -32.747099737500605
            ],
            [
              -70.6163009839875,
              -32.747099737500605
            ],
            [
              -70.6163009839875,
              -32.74709934237565
            ],
            [
              -70.6163023927639,
              -32.74709934237565
            ],
            [
              -70.6163023927639,
              -32.74709894725069
            ],
            [
              -70.61630333194817,
              -32.74709894725069
            ],
            [
              -70.61630333194817,
              -32.747098552125735
            ],
            [
              -70.61630474072457,
              -32.747098552125735
            ],
            [
              -70.61630474072457,
              -32.74709815700078
            ],
            [
              -70.61630614950097,
              -32.74709815700078
            ],
            [
              -70.61630614950097,
              -32.74709776187582
            ],
            [
              -70.61630755827737,
              -32.74709776187582
            ],
            [
              -70.61630755827737,
              -32.74709736675086
            ],
            [
              -70.61630896705377,
              -32.74709736675086
            ],
            [
              -70.61630896705377,
              -32.7470969716259
            ],
            [
              -70.61631037583017,
              -32.7470969716259
            ],
            [
              -70.61631037583017,
              -32.747096576500944
            ],
            [
              -70.61631178460657,
              -32.747096576500944
            ],
            [
              -70.61631178460657,
              -32.74709618137599
            ],
            [
              -70.61631319338296,
              -32.74709618137599
            ],
            [
              -70.61631319338296,
              -32.74709578625103
            ],
            [
              -70.61631460215936,
              -32.74709578625103
            ],
            [
              -70.61631460215936,
              -32.747095391126074
            ],
            [
              -70.61631601093578,
              -32.747095391126074
            ],
            [
              -70.61631601093578,
              -32.74709499600112
            ],
            [
              -70.61631741971217,
              -32.74709499600112
            ],
            [
              -70.61631741971217,
              -32.74709460087616
            ],
            [
              -70.61631882848857,
              -32.74709460087616
            ],
            [
              -70.61631882848857,
              -32.7470942057512
            ],
            [
              -70.61632023726497,
              -32.7470942057512
            ],
            [
              -70.61632023726497,
              -32.74709381062625
            ],
            [
              -70.61632164604137,
              -32.74709381062625
            ],
            [
              -70.61632164604137,
              -32.74709341550128
            ],
            [
              -70.61632258522563,
              -32.74709341550128
            ],
            [
              -70.61632258522563,
              -32.747093020376326
            ],
            [
              -70.61632399400204,
              -32.747093020376326
            ],
            [
              -70.61632399400204,
              -32.74709262525137
            ],
            [
              -70.61632540277844,
              -32.74709262525137
            ],
            [
              -70.61632540277844,
              -32.74709223012641
            ],
            [
              -70.61632681155484,
              -32.74709223012641
            ],
            [
              -70.61632681155484,
              -32.747091835001456
            ],
            [
              -70.61632822033124,
              -32.747091835001456
            ],
            [
              -70.61632822033124,
              -32.7470914398765
            ],
            [
              -70.61632962910764,
              -32.7470914398765
            ],
            [
              -70.61632962910764,
              -32.74709104475154
            ],
            [
              -70.61633103788404,
              -32.74709104475154
            ],
            [
              -70.61633103788404,
              -32.747090649626585
            ],
            [
              -70.61633244666044,
              -32.747090649626585
            ],
            [
              -70.61633244666044,
              -32.74709025450163
            ],
            [
              -70.61633385543684,
              -32.74709025450163
            ],
            [
              -70.61633385543684,
              -32.74708985937667
            ],
            [
              -70.61633526421323,
              -32.74708985937667
            ],
            [
              -70.61633526421323,
              -32.74708946425171
            ],
            [
              -70.61633667298965,
              -32.74708946425171
            ],
            [
              -70.61633667298965,
              -32.74708906912675
            ],
            [
              -70.61633808176605,
              -32.74708906912675
            ],
            [
              -70.61633808176605,
              -32.747088674001795
            ],
            [
              -70.61633949054244,
              -32.747088674001795
            ],
            [
              -70.61633949054244,
              -32.74708827887684
            ],
            [
              -70.61634089931884,
              -32.74708827887684
            ],
            [
              -70.61634089931884,
              -32.74708788375188
            ],
            [
              -70.6163418385031,
              -32.74708788375188
            ],
            [
              -70.6163418385031,
              -32.747087488626924
            ],
            [
              -70.6163432472795,
              -32.747087488626924
            ],
            [
              -70.6163432472795,
              -32.74708709350197
            ],
            [
              -70.6163446560559,
              -32.74708709350197
            ],
            [
              -70.6163446560559,
              -32.74708669837701
            ],
            [
              -70.61634606483231,
              -32.74708669837701
            ],
            [
              -70.61634606483231,
              -32.747086303252054
            ],
            [
              -70.61634747360871,
              -32.747086303252054
            ],
            [
              -70.61634747360871,
              -32.7470859081271
            ],
            [
              -70.61634888238511,
              -32.7470859081271
            ],
            [
              -70.61634888238511,
              -32.74708551300213
            ],
            [
              -70.61635029116151,
              -32.74708551300213
            ],
            [
              -70.61635029116151,
              -32.74708511787718
            ],
            [
              -70.61635169993791,
              -32.74708511787718
            ],
            [
              -70.61635169993791,
              -32.74708472275222
            ],
            [
              -70.6163531087143,
              -32.74708472275222
            ],
            [
              -70.6163531087143,
              -32.74708432762726
            ],
            [
              -70.6163545174907,
              -32.74708432762726
            ],
            [
              -70.6163545174907,
              -32.747083932502306
            ],
            [
              -70.6163559262671,
              -32.747083932502306
            ],
            [
              -70.6163559262671,
              -32.74708353737735
            ],
            [
              -70.6163573350435,
              -32.74708353737735
            ],
            [
              -70.6163573350435,
              -32.74708314225239
            ],
            [
              -70.61635874381992,
              -32.74708314225239
            ],
            [
              -70.61635874381992,
              -32.747082747127436
            ],
            [
              -70.61636015259631,
              -32.747082747127436
            ],
            [
              -70.61636015259631,
              -32.74708235200248
            ],
            [
              -70.61636109178058,
              -32.74708235200248
            ],
            [
              -70.61636109178058,
              -32.74708195687752
            ],
            [
              -70.61636250055697,
              -32.74708195687752
            ],
            [
              -70.61636250055697,
              -32.74708156175256
            ],
            [
              -70.61636390933337,
              -32.74708156175256
            ],
            [
              -70.61636390933337,
              -32.7470811666276
            ],
            [
              -70.61636531810977,
              -32.7470811666276
            ],
            [
              -70.61636531810977,
              -32.747080771502645
            ],
            [
              -70.61636672688617,
              -32.747080771502645
            ],
            [
              -70.61636672688617,
              -32.74708037637769
            ],
            [
              -70.61636813566258,
              -32.74708037637769
            ],
            [
              -70.61636813566258,
              -32.74707998125273
            ],
            [
              -70.61636954443898,
              -32.74707998125273
            ],
            [
              -70.61636954443898,
              -32.747079586127775
            ],
            [
              -70.61637095321538,
              -32.747079586127775
            ],
            [
              -70.61637095321538,
              -32.74707919100282
            ],
            [
              -70.61637236199178,
              -32.74707919100282
            ],
            [
              -70.61637236199178,
              -32.74707879587786
            ],
            [
              -70.61637377076818,
              -32.74707879587786
            ],
            [
              -70.61637377076818,
              -32.747078400752905
            ],
            [
              -70.61637517954458,
              -32.747078400752905
            ],
            [
              -70.61637517954458,
              -32.74707800562795
            ],
            [
              -70.61637658832097,
              -32.74707800562795
            ],
            [
              -70.61637658832097,
              -32.747077610502984
            ],
            [
              -70.61637799709737,
              -32.747077610502984
            ],
            [
              -70.61637799709737,
              -32.74707721537803
            ],
            [
              -70.61637940587377,
              -32.74707721537803
            ],
            [
              -70.61637940587377,
              -32.74707682025307
            ],
            [
              -70.61638034505805,
              -32.74707682025307
            ],
            [
              -70.61638034505805,
              -32.747076425128114
            ],
            [
              -70.61638175383445,
              -32.747076425128114
            ],
            [
              -70.61638175383445,
              -32.74707603000316
            ],
            [
              -70.61638316261084,
              -32.74707603000316
            ],
            [
              -70.61638316261084,
              -32.7470756348782
            ],
            [
              -70.61638457138724,
              -32.7470756348782
            ],
            [
              -70.61638457138724,
              -32.747075239753244
            ],
            [
              -70.61638598016364,
              -32.747075239753244
            ],
            [
              -70.61638598016364,
              -32.74707484462829
            ],
            [
              -70.61638738894004,
              -32.74707484462829
            ],
            [
              -70.61638738894004,
              -32.74707444950333
            ],
            [
              -70.61638879771645,
              -32.74707444950333
            ],
            [
              -70.61638879771645,
              -32.74707405437837
            ],
            [
              -70.61639020649285,
              -32.74707405437837
            ],
            [
              -70.61639020649285,
              -32.74707365925341
            ],
            [
              -70.61639161526925,
              -32.74707365925341
            ],
            [
              -70.61639161526925,
              -32.74707326412845
            ],
            [
              -70.61639302404565,
              -32.74707326412845
            ],
            [
              -70.61639302404565,
              -32.747072869003496
            ],
            [
              -70.61639443282205,
              -32.747072869003496
            ],
            [
              -70.61639443282205,
              -32.74707247387854
            ],
            [
              -70.61639584159845,
              -32.74707247387854
            ],
            [
              -70.61639584159845,
              -32.74707207875358
            ],
            [
              -70.61639725037485,
              -32.74707207875358
            ],
            [
              -70.61639725037485,
              -32.747071683628626
            ],
            [
              -70.61639865915124,
              -32.747071683628626
            ],
            [
              -70.61639865915124,
              -32.74707128850367
            ],
            [
              -70.61639959833552,
              -32.74707128850367
            ],
            [
              -70.61639959833552,
              -32.74707089337871
            ],
            [
              -70.61640100711192,
              -32.74707089337871
            ],
            [
              -70.61640100711192,
              -32.747070498253755
            ],
            [
              -70.61640241588832,
              -32.747070498253755
            ],
            [
              -70.61640241588832,
              -32.7470701031288
            ],
            [
              -70.61640382466472,
              -32.7470701031288
            ],
            [
              -70.61640382466472,
              -32.747069708003835
            ],
            [
              -70.61640523344111,
              -32.747069708003835
            ],
            [
              -70.61640523344111,
              -32.74706931287888
            ],
            [
              -70.61640664221751,
              -32.74706931287888
            ],
            [
              -70.61640664221751,
              -32.74706891775392
            ],
            [
              -70.61640805099391,
              -32.74706891775392
            ],
            [
              -70.61640805099391,
              -32.747068522628965
            ],
            [
              -70.61640945977031,
              -32.747068522628965
            ],
            [
              -70.61640945977031,
              -32.74706812750401
            ],
            [
              -70.61641086854672,
              -32.74706812750401
            ],
            [
              -70.61641086854672,
              -32.74706773237905
            ],
            [
              -70.61641227732312,
              -32.74706773237905
            ],
            [
              -70.61641227732312,
              -32.747067337254094
            ],
            [
              -70.61641368609952,
              -32.747067337254094
            ],
            [
              -70.61641368609952,
              -32.74706694212914
            ],
            [
              -70.61641509487592,
              -32.74706694212914
            ],
            [
              -70.61641509487592,
              -32.74706654700418
            ],
            [
              -70.61641650365232,
              -32.74706654700418
            ],
            [
              -70.61641650365232,
              -32.747066151879224
            ],
            [
              -70.61641791242872,
              -32.747066151879224
            ],
            [
              -70.61641791242872,
              -32.74706575675426
            ],
            [
              -70.61641885161299,
              -32.74706575675426
            ],
            [
              -70.61641885161299,
              -32.7470653616293
            ],
            [
              -70.61642026038939,
              -32.7470653616293
            ],
            [
              -70.61642026038939,
              -32.74706496650435
            ],
            [
              -70.61642166916579,
              -32.74706496650435
            ],
            [
              -70.61642166916579,
              -32.74706457137939
            ],
            [
              -70.61642307794219,
              -32.74706457137939
            ],
            [
              -70.61642307794219,
              -32.74706417625443
            ],
            [
              -70.61642448671859,
              -32.74706417625443
            ],
            [
              -70.61642448671859,
              -32.74706378112948
            ],
            [
              -70.61642589549498,
              -32.74706378112948
            ],
            [
              -70.61642589549498,
              -32.74706338600452
            ],
            [
              -70.61642730427138,
              -32.74706338600452
            ],
            [
              -70.61642730427138,
              -32.74706299087956
            ],
            [
              -70.61642871304778,
              -32.74706299087956
            ],
            [
              -70.61642871304778,
              -32.747062595754606
            ],
            [
              -70.61643012182418,
              -32.747062595754606
            ],
            [
              -70.61643012182418,
              -32.74706220062965
            ],
            [
              -70.61643153060058,
              -32.74706220062965
            ],
            [
              -70.61643153060058,
              -32.747061805504686
            ],
            [
              -70.61643293937699,
              -32.747061805504686
            ],
            [
              -70.61643293937699,
              -32.74706141037973
            ],
            [
              -70.61643434815339,
              -32.74706141037973
            ],
            [
              -70.61643434815339,
              -32.74706101525477
            ],
            [
              -70.61643575692979,
              -32.74706101525477
            ],
            [
              -70.61643575692979,
              -32.747060620129815
            ],
            [
              -70.61643716570619,
              -32.747060620129815
            ],
            [
              -70.61643716570619,
              -32.74706022500486
            ],
            [
              -70.61643857448259,
              -32.74706022500486
            ],
            [
              -70.61643857448259,
              -32.7470598298799
            ],
            [
              -70.61643951366685,
              -32.7470598298799
            ],
            [
              -70.61643951366685,
              -32.747059434754945
            ],
            [
              -70.61644092244326,
              -32.747059434754945
            ],
            [
              -70.61644092244326,
              -32.74705903962999
            ],
            [
              -70.61644233121966,
              -32.74705903962999
            ],
            [
              -70.61644233121966,
              -32.74705864450503
            ],
            [
              -70.61644373999606,
              -32.74705864450503
            ],
            [
              -70.61644373999606,
              -32.747058249380075
            ],
            [
              -70.61644514877246,
              -32.747058249380075
            ],
            [
              -70.61644514877246,
              -32.74705785425511
            ],
            [
              -70.61644655754885,
              -32.74705785425511
            ],
            [
              -70.61644655754885,
              -32.747057459130154
            ],
            [
              -70.61644796632525,
              -32.747057459130154
            ],
            [
              -70.61644796632525,
              -32.7470570640052
            ],
            [
              -70.61644937510165,
              -32.7470570640052
            ],
            [
              -70.61644937510165,
              -32.74705666888024
            ],
            [
              -70.61645078387805,
              -32.74705666888024
            ],
            [
              -70.61645078387805,
              -32.747056273755284
            ],
            [
              -70.61645219265445,
              -32.747056273755284
            ],
            [
              -70.61645219265445,
              -32.74705587863033
            ],
            [
              -70.61645360143086,
              -32.74705587863033
            ],
            [
              -70.61645360143086,
              -32.74705548350537
            ],
            [
              -70.61645501020726,
              -32.74705548350537
            ],
            [
              -70.61645501020726,
              -32.747055088380414
            ],
            [
              -70.61645641898366,
              -32.747055088380414
            ],
            [
              -70.61645641898366,
              -32.74705469325546
            ],
            [
              -70.61645782776006,
              -32.74705469325546
            ],
            [
              -70.61645782776006,
              -32.7470542981305
            ],
            [
              -70.61645876694432,
              -32.7470542981305
            ],
            [
              -70.61645876694432,
              -32.747053903005536
            ],
            [
              -70.61646017572072,
              -32.747053903005536
            ],
            [
              -70.61646017572072,
              -32.74705350788058
            ],
            [
              -70.61646158449712,
              -32.74705350788058
            ],
            [
              -70.61646158449712,
              -32.74705311275562
            ],
            [
              -70.61646299327353,
              -32.74705311275562
            ],
            [
              -70.61646299327353,
              -32.747052717630666
            ],
            [
              -70.61646440204993,
              -32.747052717630666
            ],
            [
              -70.61646440204993,
              -32.74705232250571
            ],
            [
              -70.61646581082633,
              -32.74705232250571
            ],
            [
              -70.61646581082633,
              -32.74705192738075
            ],
            [
              -70.61646721960273,
              -32.74705192738075
            ],
            [
              -70.61646721960273,
              -32.747051532255796
            ],
            [
              -70.61646862837912,
              -32.747051532255796
            ],
            [
              -70.61646862837912,
              -32.74705113713084
            ],
            [
              -70.61647003715552,
              -32.74705113713084
            ],
            [
              -70.61647003715552,
              -32.74705074200588
            ],
            [
              -70.61647144593192,
              -32.74705074200588
            ],
            [
              -70.61647144593192,
              -32.747050346880926
            ],
            [
              -70.61647285470832,
              -32.747050346880926
            ],
            [
              -70.61647285470832,
              -32.74704995175596
            ],
            [
              -70.61647426348472,
              -32.74704995175596
            ],
            [
              -70.61647426348472,
              -32.747049556631005
            ],
            [
              -70.61647567226113,
              -32.747049556631005
            ],
            [
              -70.61647567226113,
              -32.74704916150605
            ],
            [
              -70.61647708103753,
              -32.74704916150605
            ],
            [
              -70.61647708103753,
              -32.74704876638109
            ],
            [
              -70.61647802022179,
              -32.74704876638109
            ],
            [
              -70.61647802022179,
              -32.747048371256135
            ],
            [
              -70.61647942899819,
              -32.747048371256135
            ],
            [
              -70.61647942899819,
              -32.74704797613118
            ],
            [
              -70.61648083777459,
              -32.74704797613118
            ],
            [
              -70.61648083777459,
              -32.74704758100622
            ],
            [
              -70.61648224655099,
              -32.74704758100622
            ],
            [
              -70.61648224655099,
              -32.747047185881264
            ],
            [
              -70.6164836553274,
              -32.747047185881264
            ],
            [
              -70.6164836553274,
              -32.74704679075631
            ],
            [
              -70.6164850641038,
              -32.74704679075631
            ],
            [
              -70.6164850641038,
              -32.74704639563135
            ],
            [
              -70.6164864728802,
              -32.74704639563135
            ],
            [
              -70.6164864728802,
              -32.74704600050639
            ],
            [
              -70.6164878816566,
              -32.74704600050639
            ],
            [
              -70.6164878816566,
              -32.74704560538143
            ],
            [
              -70.616489290433,
              -32.74704560538143
            ],
            [
              -70.616489290433,
              -32.74704521025647
            ],
            [
              -70.6164906992094,
              -32.74704521025647
            ],
            [
              -70.6164906992094,
              -32.74704481513152
            ],
            [
              -70.61649210798579,
              -32.74704481513152
            ],
            [
              -70.61649210798579,
              -32.74704442000656
            ],
            [
              -70.61649351676219,
              -32.74704442000656
            ],
            [
              -70.61649351676219,
              -32.7470440248816
            ],
            [
              -70.61649492553859,
              -32.7470440248816
            ],
            [
              -70.61649492553859,
              -32.74704362975665
            ],
            [
              -70.61649633431499,
              -32.74704362975665
            ],
            [
              -70.61649633431499,
              -32.74704323463169
            ],
            [
              -70.61649727349926,
              -32.74704323463169
            ],
            [
              -70.61649727349926,
              -32.74704283950673
            ],
            [
              -70.61649868227566,
              -32.74704283950673
            ],
            [
              -70.61649868227566,
              -32.747042444381776
            ],
            [
              -70.61650009105206,
              -32.747042444381776
            ],
            [
              -70.61650009105206,
              -32.74704204925681
            ],
            [
              -70.61650149982846,
              -32.74704204925681
            ],
            [
              -70.61650149982846,
              -32.747041654131856
            ],
            [
              -70.61650290860486,
              -32.747041654131856
            ],
            [
              -70.61650290860486,
              -32.7470412590069
            ],
            [
              -70.61650431738126,
              -32.7470412590069
            ],
            [
              -70.61650431738126,
              -32.74704086388194
            ],
            [
              -70.61650572615767,
              -32.74704086388194
            ],
            [
              -70.61650572615767,
              -32.747040468756985
            ],
            [
              -70.61650713493407,
              -32.747040468756985
            ],
            [
              -70.61650713493407,
              -32.74704007363203
            ],
            [
              -70.61650854371047,
              -32.74704007363203
            ],
            [
              -70.61650854371047,
              -32.74703967850707
            ],
            [
              -70.61650995248687,
              -32.74703967850707
            ],
            [
              -70.61650995248687,
              -32.747039283382115
            ],
            [
              -70.61651136126326,
              -32.747039283382115
            ],
            [
              -70.61651136126326,
              -32.74703888825716
            ],
            [
              -70.61651277003966,
              -32.74703888825716
            ],
            [
              -70.61651277003966,
              -32.7470384931322
            ],
            [
              -70.61651417881606,
              -32.7470384931322
            ],
            [
              -70.61651417881606,
              -32.74703809800724
            ],
            [
              -70.61651558759246,
              -32.74703809800724
            ],
            [
              -70.61651558759246,
              -32.74703770288228
            ],
            [
              -70.61651652677673,
              -32.74703770288228
            ],
            [
              -70.61651652677673,
              -32.747037307757324
            ],
            [
              -70.61651793555313,
              -32.747037307757324
            ],
            [
              -70.61651793555313,
              -32.74703691263237
            ],
            [
              -70.61651934432953,
              -32.74703691263237
            ],
            [
              -70.61651934432953,
              -32.74703651750741
            ],
            [
              -70.61652075310593,
              -32.74703651750741
            ],
            [
              -70.61652075310593,
              -32.747036122382454
            ],
            [
              -70.61652216188233,
              -32.747036122382454
            ],
            [
              -70.61652216188233,
              -32.7470357272575
            ],
            [
              -70.61652357065873,
              -32.7470357272575
            ],
            [
              -70.61652357065873,
              -32.74703533213254
            ],
            [
              -70.61652497943513,
              -32.74703533213254
            ],
            [
              -70.61652497943513,
              -32.747034937007584
            ],
            [
              -70.61652638821153,
              -32.747034937007584
            ],
            [
              -70.61652638821153,
              -32.74703454188263
            ],
            [
              -70.61652779698794,
              -32.74703454188263
            ],
            [
              -70.61652779698794,
              -32.74703414675766
            ],
            [
              -70.61652920576434,
              -32.74703414675766
            ],
            [
              -70.61652920576434,
              -32.747033751632706
            ],
            [
              -70.61653061454074,
              -32.747033751632706
            ],
            [
              -70.61653061454074,
              -32.74703335650775
            ],
            [
              -70.61653202331713,
              -32.74703335650775
            ],
            [
              -70.61653202331713,
              -32.74703296138279
            ],
            [
              -70.61653343209353,
              -32.74703296138279
            ],
            [
              -70.61653343209353,
              -32.747032566257836
            ],
            [
              -70.61653484086993,
              -32.747032566257836
            ],
            [
              -70.61653484086993,
              -32.74703217113288
            ],
            [
              -70.6165357800542,
              -32.74703217113288
            ],
            [
              -70.6165357800542,
              -32.74703177600792
            ],
            [
              -70.6165371888306,
              -32.74703177600792
            ],
            [
              -70.6165371888306,
              -32.747031380882966
            ],
            [
              -70.616538597607,
              -32.747031380882966
            ],
            [
              -70.616538597607,
              -32.74703098575801
            ],
            [
              -70.6165400063834,
              -32.74703098575801
            ],
            [
              -70.6165400063834,
              -32.74703059063305
            ],
            [
              -70.6165414151598,
              -32.74703059063305
            ],
            [
              -70.6165414151598,
              -32.74703019550809
            ],
            [
              -70.6165428239362,
              -32.74703019550809
            ],
            [
              -70.6165428239362,
              -32.74702980038313
            ],
            [
              -70.6165442327126,
              -32.74702980038313
            ],
            [
              -70.6165442327126,
              -32.747029405258175
            ],
            [
              -70.616545641489,
              -32.747029405258175
            ],
            [
              -70.616545641489,
              -32.74702901013322
            ],
            [
              -70.6165470502654,
              -32.74702901013322
            ],
            [
              -70.6165470502654,
              -32.74702861500826
            ],
            [
              -70.61654845904181,
              -32.74702861500826
            ],
            [
              -70.61654845904181,
              -32.747028219883305
            ],
            [
              -70.61654986781821,
              -32.747028219883305
            ],
            [
              -70.61654986781821,
              -32.74702782475835
            ],
            [
              -70.6165512765946,
              -32.74702782475835
            ],
            [
              -70.6165512765946,
              -32.74702742963339
            ],
            [
              -70.616552685371,
              -32.74702742963339
            ],
            [
              -70.616552685371,
              -32.747027034508434
            ],
            [
              -70.6165540941474,
              -32.747027034508434
            ],
            [
              -70.6165540941474,
              -32.74702663938348
            ],
            [
              -70.61655503333166,
              -32.74702663938348
            ],
            [
              -70.61655503333166,
              -32.747026244258514
            ],
            [
              -70.61655644210806,
              -32.747026244258514
            ],
            [
              -70.61655644210806,
              -32.74702584913356
            ],
            [
              -70.61655785088448,
              -32.74702584913356
            ],
            [
              -70.61655785088448,
              -32.7470254540086
            ],
            [
              -70.61655925966087,
              -32.7470254540086
            ],
            [
              -70.61655925966087,
              -32.747025058883644
            ],
            [
              -70.61656066843727,
              -32.747025058883644
            ],
            [
              -70.61656066843727,
              -32.74702466375869
            ],
            [
              -70.61656207721367,
              -32.74702466375869
            ],
            [
              -70.61656207721367,
              -32.74702426863373
            ],
            [
              -70.61656348599007,
              -32.74702426863373
            ],
            [
              -70.61656348599007,
              -32.74702387350877
            ],
            [
              -70.61656489476647,
              -32.74702387350877
            ],
            [
              -70.61656489476647,
              -32.74702347838382
            ],
            [
              -70.61656630354287,
              -32.74702347838382
            ]
          ]
        ]
      }
    }
  ]
}
