{
  "type": "FeatureCollection",
  "name": "drone_outlines_v_siebenthal3_20260618_ndwi",
  "features": [
    {
      "type": "Feature",
      "properties": {
        "id_cuartel": "c00026",
        "nom_cuartel": "3",
        "cultivo": "Uva de mesa",
        "nom_predio": "Von Siebenthal",
        "propietario": "Vina Von Siebenthal",
        "superficie": "5.6554",
        "predio_id": "v_siebenthal3",
        "raster_key": "v_siebenthal3_20260618_ndwi",
        "fuente": "drone_webp_alpha"
      },
      "geometry": {
        "type": "Polygon",
        "coordinates": [
          [
            [
              -70.83968025600467,
              -32.80735723788965
            ],
            [
              -70.83968025600467,
              -32.807357985487926
            ],
            [
              -70.83968399391739,
              -32.807357985487926
            ],
            [
              -70.83968399391739,
              -32.807358733086204
            ],
            [
              -70.83968847941264,
              -32.807358733086204
            ],
            [
              -70.83968847941264,
              -32.807359480684475
            ],
            [
              -70.83969221732536,
              -32.807359480684475
            ],
            [
              -70.83969221732536,
              -32.807360228282754
            ],
            [
              -70.83969670282062,
              -32.807360228282754
            ],
            [
              -70.83969670282062,
              -32.80736097588103
            ],
            [
              -70.83970118831587,
              -32.80736097588103
            ],
            [
              -70.83970118831587,
              -32.80736172347931
            ],
            [
              -70.83970492622858,
              -32.80736172347931
            ],
            [
              -70.83970492622858,
              -32.80736247107758
            ],
            [
              -70.83970941172383,
              -32.80736247107758
            ],
            [
              -70.83970941172383,
              -32.80736321867586
            ],
            [
              -70.83971314963655,
              -32.80736321867586
            ],
            [
              -70.83971314963655,
              -32.80736396627414
            ],
            [
              -70.8397176351318,
              -32.80736396627414
            ],
            [
              -70.8397176351318,
              -32.80736471387242
            ],
            [
              -70.83972212062706,
              -32.80736471387242
            ],
            [
              -70.83972212062706,
              -32.80736546147069
            ],
            [
              -70.83972585853978,
              -32.80736546147069
            ],
            [
              -70.83972585853978,
              -32.80736620906897
            ],
            [
              -70.83973034403503,
              -32.80736620906897
            ],
            [
              -70.83973034403503,
              -32.807366956667245
            ],
            [
              -70.83973408194774,
              -32.807366956667245
            ],
            [
              -70.83973408194774,
              -32.80736770426552
            ],
            [
              -70.839738567443,
              -32.80736770426552
            ],
            [
              -70.839738567443,
              -32.807368451863795
            ],
            [
              -70.83974305293826,
              -32.807368451863795
            ],
            [
              -70.83974305293826,
              -32.80736919946207
            ],
            [
              -70.83974679085097,
              -32.80736919946207
            ],
            [
              -70.83974679085097,
              -32.80736994706035
            ],
            [
              -70.83975127634622,
              -32.80736994706035
            ],
            [
              -70.83975127634622,
              -32.80737069465863
            ],
            [
              -70.83975501425894,
              -32.80737069465863
            ],
            [
              -70.83975501425894,
              -32.80737144225691
            ],
            [
              -70.8397594997542,
              -32.80737144225691
            ],
            [
              -70.8397594997542,
              -32.80737218985518
            ],
            [
              -70.83976398524945,
              -32.80737218985518
            ],
            [
              -70.83976398524945,
              -32.80737293745346
            ],
            [
              -70.83976772316217,
              -32.80737293745346
            ],
            [
              -70.83976772316217,
              -32.807373685051736
            ],
            [
              -70.83977220865742,
              -32.807373685051736
            ],
            [
              -70.83977220865742,
              -32.807374432650015
            ],
            [
              -70.83977669415268,
              -32.807374432650015
            ],
            [
              -70.83977669415268,
              -32.807375180248286
            ],
            [
              -70.8397804320654,
              -32.807375180248286
            ],
            [
              -70.8397804320654,
              -32.807375927846564
            ],
            [
              -70.83978491756065,
              -32.807375927846564
            ],
            [
              -70.83978491756065,
              -32.80737667544484
            ],
            [
              -70.83978865547336,
              -32.80737667544484
            ],
            [
              -70.83978865547336,
              -32.80737742304312
            ],
            [
              -70.83979314096861,
              -32.80737742304312
            ],
            [
              -70.83979314096861,
              -32.80737817064139
            ],
            [
              -70.83979762646386,
              -32.80737817064139
            ],
            [
              -70.83979762646386,
              -32.80737891823967
            ],
            [
              -70.83980136437658,
              -32.80737891823967
            ],
            [
              -70.83980136437658,
              -32.80737966583795
            ],
            [
              -70.83980584987184,
              -32.80737966583795
            ],
            [
              -70.83980584987184,
              -32.80738041343623
            ],
            [
              -70.83980958778456,
              -32.80738041343623
            ],
            [
              -70.83980958778456,
              -32.8073811610345
            ],
            [
              -70.83981407327981,
              -32.8073811610345
            ],
            [
              -70.83981407327981,
              -32.80738190863278
            ],
            [
              -70.83981855877506,
              -32.80738190863278
            ],
            [
              -70.83981855877506,
              -32.807382656231056
            ],
            [
              -70.83982229668777,
              -32.807382656231056
            ],
            [
              -70.83982229668777,
              -32.807383403829334
            ],
            [
              -70.83982678218304,
              -32.807383403829334
            ],
            [
              -70.83982678218304,
              -32.80738415142761
            ],
            [
              -70.83983052009575,
              -32.80738415142761
            ],
            [
              -70.83983052009575,
              -32.807384899025884
            ],
            [
              -70.839835005591,
              -32.807384899025884
            ],
            [
              -70.839835005591,
              -32.80738564662416
            ],
            [
              -70.83983949108625,
              -32.80738564662416
            ],
            [
              -70.83983949108625,
              -32.80738639422244
            ],
            [
              -70.83984322899897,
              -32.80738639422244
            ],
            [
              -70.83984322899897,
              -32.80738714182072
            ],
            [
              -70.83984771449423,
              -32.80738714182072
            ],
            [
              -70.83984771449423,
              -32.80738788941899
            ],
            [
              -70.83985145240695,
              -32.80738788941899
            ],
            [
              -70.83985145240695,
              -32.80738863701727
            ],
            [
              -70.8398559379022,
              -32.80738863701727
            ],
            [
              -70.8398559379022,
              -32.80738938461555
            ],
            [
              -70.83986042339745,
              -32.80738938461555
            ],
            [
              -70.83986042339745,
              -32.807390132213825
            ],
            [
              -70.83986416131016,
              -32.807390132213825
            ],
            [
              -70.83986416131016,
              -32.8073908798121
            ],
            [
              -70.83986864680541,
              -32.8073908798121
            ],
            [
              -70.83986864680541,
              -32.807391627410375
            ],
            [
              -70.83987238471813,
              -32.807391627410375
            ],
            [
              -70.83987238471813,
              -32.807392375008654
            ],
            [
              -70.83987687021339,
              -32.807392375008654
            ],
            [
              -70.83987687021339,
              -32.80739312260693
            ],
            [
              -70.83988135570864,
              -32.80739312260693
            ],
            [
              -70.83988135570864,
              -32.8073938702052
            ],
            [
              -70.83988509362136,
              -32.8073938702052
            ],
            [
              -70.83988509362136,
              -32.80739461780348
            ],
            [
              -70.83988957911662,
              -32.80739461780348
            ],
            [
              -70.83988957911662,
              -32.80739536540176
            ],
            [
              -70.83989331702932,
              -32.80739536540176
            ],
            [
              -70.83989331702932,
              -32.80739611300004
            ],
            [
              -70.83989780252459,
              -32.80739611300004
            ],
            [
              -70.83989780252459,
              -32.80739686059831
            ],
            [
              -70.83990228801984,
              -32.80739686059831
            ],
            [
              -70.83990228801984,
              -32.80739760819659
            ],
            [
              -70.83990602593255,
              -32.80739760819659
            ],
            [
              -70.83990602593255,
              -32.80739835579487
            ],
            [
              -70.8399105114278,
              -32.80739835579487
            ],
            [
              -70.8399105114278,
              -32.807399103393145
            ],
            [
              -70.83991499692307,
              -32.807399103393145
            ],
            [
              -70.83991499692307,
              -32.80739985099142
            ],
            [
              -70.83991873483578,
              -32.80739985099142
            ],
            [
              -70.83991873483578,
              -32.807400598589695
            ],
            [
              -70.83992322033103,
              -32.807400598589695
            ],
            [
              -70.83992322033103,
              -32.80740134618797
            ],
            [
              -70.83992695824375,
              -32.80740134618797
            ],
            [
              -70.83992695824375,
              -32.80740209378625
            ],
            [
              -70.839931443739,
              -32.80740209378625
            ],
            [
              -70.839931443739,
              -32.80740284138453
            ],
            [
              -70.83993592923426,
              -32.80740284138453
            ],
            [
              -70.83993592923426,
              -32.8074035889828
            ],
            [
              -70.83993966714698,
              -32.8074035889828
            ],
            [
              -70.83993966714698,
              -32.80740433658108
            ],
            [
              -70.83994415264223,
              -32.80740433658108
            ],
            [
              -70.83994415264223,
              -32.80740508417936
            ],
            [
              -70.83994789055494,
              -32.80740508417936
            ],
            [
              -70.83994789055494,
              -32.807405831777636
            ],
            [
              -70.83995237605019,
              -32.807405831777636
            ],
            [
              -70.83995237605019,
              -32.80740657937591
            ],
            [
              -70.83995686154545,
              -32.80740657937591
            ],
            [
              -70.83995686154545,
              -32.807407326974186
            ],
            [
              -70.83996059945817,
              -32.807407326974186
            ],
            [
              -70.83996059945817,
              -32.807408074572464
            ],
            [
              -70.83996508495342,
              -32.807408074572464
            ],
            [
              -70.83996508495342,
              -32.80740882217074
            ],
            [
              -70.83996882286614,
              -32.80740882217074
            ],
            [
              -70.83996882286614,
              -32.807409569769014
            ],
            [
              -70.8399733083614,
              -32.807409569769014
            ],
            [
              -70.8399733083614,
              -32.80741031736729
            ],
            [
              -70.83997779385665,
              -32.80741031736729
            ],
            [
              -70.83997779385665,
              -32.80741106496557
            ],
            [
              -70.83998153176935,
              -32.80741106496557
            ],
            [
              -70.83998153176935,
              -32.80741181256385
            ],
            [
              -70.83998601726462,
              -32.80741181256385
            ],
            [
              -70.83998601726462,
              -32.80741256016213
            ],
            [
              -70.83998975517733,
              -32.80741256016213
            ],
            [
              -70.83998975517733,
              -32.8074133077604
            ],
            [
              -70.83999424067258,
              -32.8074133077604
            ],
            [
              -70.83999424067258,
              -32.80741405535868
            ],
            [
              -70.83999872616783,
              -32.80741405535868
            ],
            [
              -70.83999872616783,
              -32.807414802956956
            ],
            [
              -70.84000246408056,
              -32.807414802956956
            ],
            [
              -70.84000246408056,
              -32.807415550555234
            ],
            [
              -70.84000694957581,
              -32.807415550555234
            ],
            [
              -70.84000694957581,
              -32.807416298153505
            ],
            [
              -70.84001068748853,
              -32.807416298153505
            ],
            [
              -70.84001068748853,
              -32.807417045751784
            ],
            [
              -70.84001517298378,
              -32.807417045751784
            ],
            [
              -70.84001517298378,
              -32.80741779335006
            ],
            [
              -70.84001965847904,
              -32.80741779335006
            ],
            [
              -70.84001965847904,
              -32.80741854094834
            ],
            [
              -70.84002339639174,
              -32.80741854094834
            ],
            [
              -70.84002339639174,
              -32.80741928854661
            ],
            [
              -70.840027881887,
              -32.80741928854661
            ],
            [
              -70.840027881887,
              -32.80742003614489
            ],
            [
              -70.84003161979972,
              -32.80742003614489
            ],
            [
              -70.84003161979972,
              -32.80742078374317
            ],
            [
              -70.84003610529497,
              -32.80742078374317
            ],
            [
              -70.84003610529497,
              -32.80742153134145
            ],
            [
              -70.84004059079022,
              -32.80742153134145
            ],
            [
              -70.84004059079022,
              -32.80742227893972
            ],
            [
              -70.84004432870294,
              -32.80742227893972
            ],
            [
              -70.84004432870294,
              -32.807423026538
            ],
            [
              -70.8400488141982,
              -32.807423026538
            ],
            [
              -70.8400488141982,
              -32.807423774136275
            ],
            [
              -70.84005329969345,
              -32.807423774136275
            ],
            [
              -70.84005329969345,
              -32.80742452173455
            ],
            [
              -70.84005703760617,
              -32.80742452173455
            ],
            [
              -70.84005703760617,
              -32.80742526933283
            ],
            [
              -70.84006152310143,
              -32.80742526933283
            ],
            [
              -70.84006152310143,
              -32.8074260169311
            ],
            [
              -70.84006526101413,
              -32.8074260169311
            ],
            [
              -70.84006526101413,
              -32.80742676452938
            ],
            [
              -70.84006974650939,
              -32.80742676452938
            ],
            [
              -70.84006974650939,
              -32.80742751212766
            ],
            [
              -70.84007423200465,
              -32.80742751212766
            ],
            [
              -70.84007423200465,
              -32.80742825972594
            ],
            [
              -70.84007796991736,
              -32.80742825972594
            ],
            [
              -70.84007796991736,
              -32.80742900732421
            ],
            [
              -70.84008245541261,
              -32.80742900732421
            ],
            [
              -70.84008245541261,
              -32.80742975492249
            ],
            [
              -70.84008619332533,
              -32.80742975492249
            ],
            [
              -70.84008619332533,
              -32.807430502520766
            ],
            [
              -70.84009067882059,
              -32.807430502520766
            ],
            [
              -70.84009067882059,
              -32.807431250119045
            ],
            [
              -70.84009516431584,
              -32.807431250119045
            ],
            [
              -70.84009516431584,
              -32.807431997717316
            ],
            [
              -70.84009890222856,
              -32.807431997717316
            ],
            [
              -70.84009890222856,
              -32.807432745315595
            ],
            [
              -70.84010338772381,
              -32.807432745315595
            ],
            [
              -70.84010338772381,
              -32.80743349291387
            ],
            [
              -70.84010712563652,
              -32.80743349291387
            ],
            [
              -70.84010712563652,
              -32.80743424051215
            ],
            [
              -70.84011161113177,
              -32.80743424051215
            ],
            [
              -70.84011161113177,
              -32.80743498811042
            ],
            [
              -70.84011609662703,
              -32.80743498811042
            ],
            [
              -70.84011609662703,
              -32.8074357357087
            ],
            [
              -70.84011983453975,
              -32.8074357357087
            ],
            [
              -70.84011983453975,
              -32.80743648330698
            ],
            [
              -70.840124320035,
              -32.80743648330698
            ],
            [
              -70.840124320035,
              -32.80743723090526
            ],
            [
              -70.84012805794772,
              -32.80743723090526
            ],
            [
              -70.84012805794772,
              -32.807437978503536
            ],
            [
              -70.84013254344298,
              -32.807437978503536
            ],
            [
              -70.84013254344298,
              -32.80743872610181
            ],
            [
              -70.84013702893823,
              -32.80743872610181
            ],
            [
              -70.84013702893823,
              -32.807439473700086
            ],
            [
              -70.84014076685094,
              -32.807439473700086
            ],
            [
              -70.84014076685094,
              -32.807440221298364
            ],
            [
              -70.8401452523462,
              -32.807440221298364
            ],
            [
              -70.8401452523462,
              -32.80744096889664
            ],
            [
              -70.84014899025891,
              -32.80744096889664
            ],
            [
              -70.84014899025891,
              -32.807441716494914
            ],
            [
              -70.84015347575416,
              -32.807441716494914
            ],
            [
              -70.84015347575416,
              -32.80744246409319
            ],
            [
              -70.84015796124942,
              -32.80744246409319
            ],
            [
              -70.84015796124942,
              -32.80744321169147
            ],
            [
              -70.84016169916214,
              -32.80744321169147
            ],
            [
              -70.84016169916214,
              -32.80744395928975
            ],
            [
              -70.84016618465739,
              -32.80744395928975
            ],
            [
              -70.84016618465739,
              -32.80744470688802
            ],
            [
              -70.84017067015265,
              -32.80744470688802
            ],
            [
              -70.84017067015265,
              -32.8074454544863
            ],
            [
              -70.84017440806537,
              -32.8074454544863
            ],
            [
              -70.84017440806537,
              -32.80744620208458
            ],
            [
              -70.84017889356062,
              -32.80744620208458
            ],
            [
              -70.84017889356062,
              -32.807446949682856
            ],
            [
              -70.84018263147333,
              -32.807446949682856
            ],
            [
              -70.84018263147333,
              -32.80744769728113
            ],
            [
              -70.8401871169686,
              -32.80744769728113
            ],
            [
              -70.8401871169686,
              -32.807448444879405
            ],
            [
              -70.84019160246385,
              -32.807448444879405
            ],
            [
              -70.84019160246385,
              -32.807449192477684
            ],
            [
              -70.84019534037655,
              -32.807449192477684
            ],
            [
              -70.84019534037655,
              -32.80744994007596
            ],
            [
              -70.8401998258718,
              -32.80744994007596
            ],
            [
              -70.8401998258718,
              -32.80745068767423
            ],
            [
              -70.84020356378453,
              -32.80745068767423
            ],
            [
              -70.84020356378453,
              -32.80745143527251
            ],
            [
              -70.84020804927978,
              -32.80745143527251
            ],
            [
              -70.84020804927978,
              -32.80745218287079
            ],
            [
              -70.84021253477503,
              -32.80745218287079
            ],
            [
              -70.84021253477503,
              -32.80745293046907
            ],
            [
              -70.84021627268775,
              -32.80745293046907
            ],
            [
              -70.84021627268775,
              -32.80745367806735
            ],
            [
              -70.84022075818301,
              -32.80745367806735
            ],
            [
              -70.84022075818301,
              -32.80745442566562
            ],
            [
              -70.84022449609571,
              -32.80745442566562
            ],
            [
              -70.84022449609571,
              -32.8074551732639
            ],
            [
              -70.84022898159097,
              -32.8074551732639
            ],
            [
              -70.84022898159097,
              -32.807455920862175
            ],
            [
              -70.84023346708624,
              -32.807455920862175
            ],
            [
              -70.84023346708624,
              -32.80745666846045
            ],
            [
              -70.84023720499894,
              -32.80745666846045
            ],
            [
              -70.84023720499894,
              -32.807457416058725
            ],
            [
              -70.8402416904942,
              -32.807457416058725
            ],
            [
              -70.8402416904942,
              -32.807458163657
            ],
            [
              -70.84024542840692,
              -32.807458163657
            ],
            [
              -70.84024542840692,
              -32.80745891125528
            ],
            [
              -70.84024991390217,
              -32.80745891125528
            ],
            [
              -70.84024991390217,
              -32.80745965885356
            ],
            [
              -70.84025439939742,
              -32.80745965885356
            ],
            [
              -70.84025439939742,
              -32.80746040645183
            ],
            [
              -70.84025813731014,
              -32.80746040645183
            ],
            [
              -70.84025813731014,
              -32.80746115405011
            ],
            [
              -70.8402626228054,
              -32.80746115405011
            ],
            [
              -70.8402626228054,
              -32.80746190164839
            ],
            [
              -70.8402663607181,
              -32.80746190164839
            ],
            [
              -70.8402663607181,
              -32.807462649246666
            ],
            [
              -70.84027084621336,
              -32.807462649246666
            ],
            [
              -70.84027084621336,
              -32.80746339684494
            ],
            [
              -70.84027533170861,
              -32.80746339684494
            ],
            [
              -70.84027533170861,
              -32.807464144443216
            ],
            [
              -70.84027906962133,
              -32.807464144443216
            ],
            [
              -70.84027906962133,
              -32.807464892041494
            ],
            [
              -70.84028355511659,
              -32.807464892041494
            ],
            [
              -70.84028355511659,
              -32.80746563963977
            ],
            [
              -70.8402872930293,
              -32.80746563963977
            ],
            [
              -70.8402872930293,
              -32.80746638723805
            ],
            [
              -70.84029177852456,
              -32.80746638723805
            ],
            [
              -70.84029177852456,
              -32.80746713483632
            ],
            [
              -70.84029626401981,
              -32.80746713483632
            ],
            [
              -70.84029626401981,
              -32.8074678824346
            ],
            [
              -70.84030000193252,
              -32.8074678824346
            ],
            [
              -70.84030000193252,
              -32.80746863003288
            ],
            [
              -70.84030448742779,
              -32.80746863003288
            ],
            [
              -70.84030448742779,
              -32.80746937763116
            ],
            [
              -70.84030897292304,
              -32.80746937763116
            ],
            [
              -70.84030897292304,
              -32.80747012522943
            ],
            [
              -70.84031271083575,
              -32.80747012522943
            ],
            [
              -70.84031271083575,
              -32.80747087282771
            ],
            [
              -70.840317196331,
              -32.80747087282771
            ],
            [
              -70.840317196331,
              -32.807471620425986
            ],
            [
              -70.84032093424372,
              -32.807471620425986
            ],
            [
              -70.84032093424372,
              -32.807472368024264
            ],
            [
              -70.84032541973897,
              -32.807472368024264
            ],
            [
              -70.84032541973897,
              -32.807473115622535
            ],
            [
              -70.84032990523423,
              -32.807473115622535
            ],
            [
              -70.84032990523423,
              -32.807473863220814
            ],
            [
              -70.84033364314695,
              -32.807473863220814
            ],
            [
              -70.84033364314695,
              -32.80747461081909
            ],
            [
              -70.8403381286422,
              -32.80747461081909
            ],
            [
              -70.8403381286422,
              -32.80747535841737
            ],
            [
              -70.84034186655491,
              -32.80747535841737
            ],
            [
              -70.84034186655491,
              -32.80747610601564
            ],
            [
              -70.84034635205018,
              -32.80747610601564
            ],
            [
              -70.84034635205018,
              -32.80747685361392
            ],
            [
              -70.84035083754543,
              -32.80747685361392
            ],
            [
              -70.84035083754543,
              -32.8074776012122
            ],
            [
              -70.84035457545814,
              -32.8074776012122
            ],
            [
              -70.84035457545814,
              -32.80747834881048
            ],
            [
              -70.84035906095339,
              -32.80747834881048
            ],
            [
              -70.84035906095339,
              -32.807479096408755
            ],
            [
              -70.84036279886611,
              -32.807479096408755
            ],
            [
              -70.84036279886611,
              -32.80747984400703
            ],
            [
              -70.84036728436136,
              -32.80747984400703
            ],
            [
              -70.84036728436136,
              -32.807480591605305
            ],
            [
              -70.84037176985662,
              -32.807480591605305
            ],
            [
              -70.84037176985662,
              -32.807481339203584
            ],
            [
              -70.84037550776934,
              -32.807481339203584
            ],
            [
              -70.84037550776934,
              -32.80748208680186
            ],
            [
              -70.84037999326459,
              -32.80748208680186
            ],
            [
              -70.84037999326459,
              -32.80748283440013
            ],
            [
              -70.8403837311773,
              -32.80748283440013
            ],
            [
              -70.8403837311773,
              -32.80748358199841
            ],
            [
              -70.84038821667255,
              -32.80748358199841
            ],
            [
              -70.84038821667255,
              -32.80748432959669
            ],
            [
              -70.84039270216782,
              -32.80748432959669
            ],
            [
              -70.84039270216782,
              -32.80748507719497
            ],
            [
              -70.84039644008053,
              -32.80748507719497
            ],
            [
              -70.84039644008053,
              -32.80748582479324
            ],
            [
              -70.84040092557578,
              -32.80748582479324
            ],
            [
              -70.84040092557578,
              -32.80748657239152
            ],
            [
              -70.8404046634885,
              -32.80748657239152
            ],
            [
              -70.8404046634885,
              -32.8074873199898
            ],
            [
              -70.84040914898375,
              -32.8074873199898
            ],
            [
              -70.84040914898375,
              -32.807488067588075
            ],
            [
              -70.840413634479,
              -32.807488067588075
            ],
            [
              -70.840413634479,
              -32.807488815186346
            ],
            [
              -70.84041737239173,
              -32.807488815186346
            ],
            [
              -70.84041737239173,
              -32.807489562784625
            ],
            [
              -70.84042185788698,
              -32.807489562784625
            ],
            [
              -70.84042185788698,
              -32.8074903103829
            ],
            [
              -70.84042559579969,
              -32.8074903103829
            ],
            [
              -70.84042559579969,
              -32.80749105798118
            ],
            [
              -70.84043008129494,
              -32.80749105798118
            ],
            [
              -70.84043008129494,
              -32.80749180557946
            ],
            [
              -70.8404345667902,
              -32.80749180557946
            ],
            [
              -70.8404345667902,
              -32.80749255317773
            ],
            [
              -70.84043830470291,
              -32.80749255317773
            ],
            [
              -70.84043830470291,
              -32.80749330077601
            ],
            [
              -70.84044279019817,
              -32.80749330077601
            ],
            [
              -70.84044279019817,
              -32.80749404837429
            ],
            [
              -70.84044727569342,
              -32.80749404837429
            ],
            [
              -70.84044727569342,
              -32.807494795972566
            ],
            [
              -70.84045101360614,
              -32.807494795972566
            ],
            [
              -70.84045101360614,
              -32.80749554357084
            ],
            [
              -70.8404554991014,
              -32.80749554357084
            ],
            [
              -70.8404554991014,
              -32.807496291169116
            ],
            [
              -70.8404592370141,
              -32.807496291169116
            ],
            [
              -70.8404592370141,
              -32.807497038767394
            ],
            [
              -70.84046372250937,
              -32.807497038767394
            ],
            [
              -70.84046372250937,
              -32.80749778636567
            ],
            [
              -70.84046820800462,
              -32.80749778636567
            ],
            [
              -70.84046820800462,
              -32.807498533963944
            ],
            [
              -70.84047194591733,
              -32.807498533963944
            ],
            [
              -70.84047194591733,
              -32.80749928156222
            ],
            [
              -70.84047643141258,
              -32.80749928156222
            ],
            [
              -70.84047643141258,
              -32.8075000291605
            ],
            [
              -70.8404801693253,
              -32.8075000291605
            ],
            [
              -70.8404801693253,
              -32.80750077675878
            ],
            [
              -70.84048465482056,
              -32.80750077675878
            ],
            [
              -70.84048465482056,
              -32.80750152435705
            ],
            [
              -70.84048914031581,
              -32.80750152435705
            ],
            [
              -70.84048914031581,
              -32.80750227195533
            ],
            [
              -70.84049287822853,
              -32.80750227195533
            ],
            [
              -70.84049287822853,
              -32.80750301955361
            ],
            [
              -70.84049736372378,
              -32.80750301955361
            ],
            [
              -70.84049736372378,
              -32.807503767151886
            ],
            [
              -70.84050110163649,
              -32.807503767151886
            ],
            [
              -70.84050110163649,
              -32.80750451475016
            ],
            [
              -70.84050558713176,
              -32.80750451475016
            ],
            [
              -70.84050558713176,
              -32.807505262348435
            ],
            [
              -70.84051007262701,
              -32.807505262348435
            ],
            [
              -70.84051007262701,
              -32.807506009946714
            ],
            [
              -70.84051381053972,
              -32.807506009946714
            ],
            [
              -70.84051381053972,
              -32.80750675754499
            ],
            [
              -70.84051829603497,
              -32.80750675754499
            ],
            [
              -70.84051829603497,
              -32.80750750514327
            ],
            [
              -70.84052203394769,
              -32.80750750514327
            ],
            [
              -70.84052203394769,
              -32.80750825274154
            ],
            [
              -70.84052651944295,
              -32.80750825274154
            ],
            [
              -70.84052651944295,
              -32.80750900033982
            ],
            [
              -70.8405310049382,
              -32.80750900033982
            ],
            [
              -70.8405310049382,
              -32.8075097479381
            ],
            [
              -70.84053474285092,
              -32.8075097479381
            ],
            [
              -70.84053474285092,
              -32.80751049553638
            ],
            [
              -70.84053922834617,
              -32.80751049553638
            ],
            [
              -70.84053922834617,
              -32.80751124313465
            ],
            [
              -70.84054296625888,
              -32.80751124313465
            ],
            [
              -70.84054296625888,
              -32.80751199073293
            ],
            [
              -70.84054745175413,
              -32.80751199073293
            ],
            [
              -70.84054745175413,
              -32.807512738331205
            ],
            [
              -70.8405519372494,
              -32.807512738331205
            ],
            [
              -70.8405519372494,
              -32.80751348592948
            ],
            [
              -70.84055567516211,
              -32.80751348592948
            ],
            [
              -70.84055567516211,
              -32.807514233527755
            ],
            [
              -70.84056016065736,
              -32.807514233527755
            ],
            [
              -70.84056016065736,
              -32.80751498112603
            ],
            [
              -70.84056389857008,
              -32.80751498112603
            ],
            [
              -70.84056389857008,
              -32.80751572872431
            ],
            [
              -70.84056838406534,
              -32.80751572872431
            ],
            [
              -70.84056838406534,
              -32.80751647632259
            ],
            [
              -70.84057286956059,
              -32.80751647632259
            ],
            [
              -70.84057286956059,
              -32.80751722392086
            ],
            [
              -70.84057660747331,
              -32.80751722392086
            ],
            [
              -70.84057660747331,
              -32.80751797151914
            ],
            [
              -70.84058109296856,
              -32.80751797151914
            ],
            [
              -70.84058109296856,
              -32.80751871911742
            ],
            [
              -70.84058557846382,
              -32.80751871911742
            ],
            [
              -70.84058557846382,
              -32.807519466715696
            ],
            [
              -70.84058931637652,
              -32.807519466715696
            ],
            [
              -70.84058931637652,
              -32.807520214313975
            ],
            [
              -70.84059380187179,
              -32.807520214313975
            ],
            [
              -70.84059380187179,
              -32.807520961912246
            ],
            [
              -70.8405975397845,
              -32.807520961912246
            ],
            [
              -70.8405975397845,
              -32.807521709510524
            ],
            [
              -70.84060202527975,
              -32.807521709510524
            ],
            [
              -70.84060202527975,
              -32.8075224571088
            ],
            [
              -70.840606510775,
              -32.8075224571088
            ],
            [
              -70.840606510775,
              -32.80752320470708
            ],
            [
              -70.84061024868772,
              -32.80752320470708
            ],
            [
              -70.84061024868772,
              -32.80752395230535
            ],
            [
              -70.84061473418298,
              -32.80752395230535
            ],
            [
              -70.84061473418298,
              -32.80752469990363
            ],
            [
              -70.84061847209568,
              -32.80752469990363
            ],
            [
              -70.84061847209568,
              -32.80752544750191
            ],
            [
              -70.84062295759095,
              -32.80752544750191
            ],
            [
              -70.84062295759095,
              -32.80752619510019
            ],
            [
              -70.8406274430862,
              -32.80752619510019
            ],
            [
              -70.8406274430862,
              -32.80752694269846
            ],
            [
              -70.84063118099891,
              -32.80752694269846
            ],
            [
              -70.84063118099891,
              -32.80752769029674
            ],
            [
              -70.84063566649417,
              -32.80752769029674
            ],
            [
              -70.84063566649417,
              -32.807528437895016
            ],
            [
              -70.84063940440689,
              -32.807528437895016
            ],
            [
              -70.84063940440689,
              -32.807529185493294
            ],
            [
              -70.84064388990214,
              -32.807529185493294
            ],
            [
              -70.84064388990214,
              -32.807529933091566
            ],
            [
              -70.8406483753974,
              -32.807529933091566
            ],
            [
              -70.8406483753974,
              -32.807530680689844
            ],
            [
              -70.84065211331011,
              -32.807530680689844
            ],
            [
              -70.84065211331011,
              -32.80753142828812
            ],
            [
              -70.84065659880537,
              -32.80753142828812
            ],
            [
              -70.84065659880537,
              -32.8075321758864
            ],
            [
              -70.84066033671807,
              -32.8075321758864
            ],
            [
              -70.84066033671807,
              -32.80753292348468
            ],
            [
              -70.84066482221334,
              -32.80753292348468
            ],
            [
              -70.84066482221334,
              -32.80753367108295
            ],
            [
              -70.8406693077086,
              -32.80753367108295
            ],
            [
              -70.8406693077086,
              -32.80753441868123
            ],
            [
              -70.8406730456213,
              -32.80753441868123
            ],
            [
              -70.8406730456213,
              -32.80753516627951
            ],
            [
              -70.84067753111655,
              -32.80753516627951
            ],
            [
              -70.84067753111655,
              -32.807535913877786
            ],
            [
              -70.84068126902928,
              -32.807535913877786
            ],
            [
              -70.84068126902928,
              -32.80753666147606
            ],
            [
              -70.84068575452453,
              -32.80753666147606
            ],
            [
              -70.84068575452453,
              -32.807537409074335
            ],
            [
              -70.84069024001978,
              -32.807537409074335
            ],
            [
              -70.84069024001978,
              -32.807538156672614
            ],
            [
              -70.8406939779325,
              -32.807538156672614
            ],
            [
              -70.8406939779325,
              -32.80753890427089
            ],
            [
              -70.84069846342776,
              -32.80753890427089
            ],
            [
              -70.84069846342776,
              -32.80753965186916
            ],
            [
              -70.84070294892301,
              -32.80753965186916
            ],
            [
              -70.84070294892301,
              -32.80754039946744
            ],
            [
              -70.84070668683572,
              -32.80754039946744
            ],
            [
              -70.84070668683572,
              -32.80754114706572
            ],
            [
              -70.84071117233098,
              -32.80754114706572
            ],
            [
              -70.84071117233098,
              -32.807541894664
            ],
            [
              -70.84071491024369,
              -32.807541894664
            ],
            [
              -70.84071491024369,
              -32.80754264226227
            ],
            [
              -70.84071939573894,
              -32.80754264226227
            ],
            [
              -70.84071939573894,
              -32.80754338986055
            ],
            [
              -70.8407238812342,
              -32.80754338986055
            ],
            [
              -70.8407238812342,
              -32.80754413745883
            ],
            [
              -70.84072761914692,
              -32.80754413745883
            ],
            [
              -70.84072761914692,
              -32.807544885057105
            ],
            [
              -70.84073210464217,
              -32.807544885057105
            ],
            [
              -70.84073210464217,
              -32.80754563265538
            ],
            [
              -70.84073584255489,
              -32.80754563265538
            ],
            [
              -70.84073584255489,
              -32.807546380253655
            ],
            [
              -70.84074032805015,
              -32.807546380253655
            ],
            [
              -70.84074032805015,
              -32.80754712785193
            ],
            [
              -70.8407448135454,
              -32.80754712785193
            ],
            [
              -70.8407448135454,
              -32.80754787545021
            ],
            [
              -70.8407485514581,
              -32.80754787545021
            ],
            [
              -70.8407485514581,
              -32.80754862304849
            ],
            [
              -70.84075303695337,
              -32.80754862304849
            ],
            [
              -70.84075303695337,
              -32.80754937064676
            ],
            [
              -70.84075677486608,
              -32.80754937064676
            ],
            [
              -70.84075677486608,
              -32.80755011824504
            ],
            [
              -70.84076126036133,
              -32.80755011824504
            ],
            [
              -70.84076126036133,
              -32.80755086584332
            ],
            [
              -70.84076574585659,
              -32.80755086584332
            ],
            [
              -70.84076574585659,
              -32.807551613441596
            ],
            [
              -70.84076948376931,
              -32.807551613441596
            ],
            [
              -70.84076948376931,
              -32.80755236103987
            ],
            [
              -70.84077396926456,
              -32.80755236103987
            ],
            [
              -70.84077396926456,
              -32.807553108638146
            ],
            [
              -70.84077770717727,
              -32.807553108638146
            ],
            [
              -70.84077770717727,
              -32.807553856236424
            ],
            [
              -70.84078219267253,
              -32.807553856236424
            ],
            [
              -70.84078219267253,
              -32.8075546038347
            ],
            [
              -70.84078667816779,
              -32.8075546038347
            ],
            [
              -70.84078667816779,
              -32.807555351432974
            ],
            [
              -70.8407904160805,
              -32.807555351432974
            ],
            [
              -70.8407904160805,
              -32.80755609903125
            ],
            [
              -70.84079490157575,
              -32.80755609903125
            ],
            [
              -70.84079490157575,
              -32.80755684662953
            ],
            [
              -70.84079863948847,
              -32.80755684662953
            ],
            [
              -70.84079863948847,
              -32.80755759422781
            ],
            [
              -70.84080312498372,
              -32.80755759422781
            ],
            [
              -70.84080312498372,
              -32.80755834182608
            ],
            [
              -70.84080761047898,
              -32.80755834182608
            ],
            [
              -70.84080761047898,
              -32.80755908942436
            ],
            [
              -70.8408113483917,
              -32.80755908942436
            ],
            [
              -70.8408113483917,
              -32.80755983702264
            ],
            [
              -70.84081583388695,
              -32.80755983702264
            ],
            [
              -70.84081583388695,
              -32.807560584620916
            ],
            [
              -70.84081957179966,
              -32.807560584620916
            ],
            [
              -70.84081957179966,
              -32.807561332219194
            ],
            [
              -70.84082405729492,
              -32.807561332219194
            ],
            [
              -70.84082405729492,
              -32.807562079817465
            ],
            [
              -70.84082854279018,
              -32.807562079817465
            ],
            [
              -70.84082854279018,
              -32.807562827415744
            ],
            [
              -70.84083228070288,
              -32.807562827415744
            ],
            [
              -70.84083228070288,
              -32.80756357501402
            ],
            [
              -70.84083676619814,
              -32.80756357501402
            ],
            [
              -70.84083676619814,
              -32.8075643226123
            ],
            [
              -70.84084125169339,
              -32.8075643226123
            ],
            [
              -70.84084125169339,
              -32.80756507021057
            ],
            [
              -70.84084498960611,
              -32.80756507021057
            ],
            [
              -70.84084498960611,
              -32.80756581780885
            ],
            [
              -70.84084947510136,
              -32.80756581780885
            ],
            [
              -70.84084947510136,
              -32.80756656540713
            ],
            [
              -70.84085321301409,
              -32.80756656540713
            ],
            [
              -70.84085321301409,
              -32.80756731300541
            ],
            [
              -70.84085769850934,
              -32.80756731300541
            ],
            [
              -70.84085769850934,
              -32.80756806060368
            ],
            [
              -70.84086218400459,
              -32.80756806060368
            ],
            [
              -70.84086218400459,
              -32.80756880820196
            ],
            [
              -70.8408659219173,
              -32.80756880820196
            ],
            [
              -70.8408659219173,
              -32.807569555800235
            ],
            [
              -70.84087040741257,
              -32.807569555800235
            ],
            [
              -70.84087040741257,
              -32.80757030339851
            ],
            [
              -70.84087414532527,
              -32.80757030339851
            ],
            [
              -70.84087414532527,
              -32.807571050996785
            ],
            [
              -70.84087863082053,
              -32.807571050996785
            ],
            [
              -70.84087863082053,
              -32.80757179859506
            ],
            [
              -70.84088311631578,
              -32.80757179859506
            ],
            [
              -70.84088311631578,
              -32.80757254619334
            ],
            [
              -70.8408868542285,
              -32.80757254619334
            ],
            [
              -70.8408868542285,
              -32.80757329379162
            ],
            [
              -70.84089133972375,
              -32.80757329379162
            ],
            [
              -70.84089133972375,
              -32.8075740413899
            ],
            [
              -70.84089507763647,
              -32.8075740413899
            ],
            [
              -70.84089507763647,
              -32.80757478898817
            ],
            [
              -70.84089956313173,
              -32.80757478898817
            ],
            [
              -70.84089956313173,
              -32.80757553658645
            ],
            [
              -70.84090404862698,
              -32.80757553658645
            ],
            [
              -70.84090404862698,
              -32.80757628418473
            ],
            [
              -70.84090778653969,
              -32.80757628418473
            ],
            [
              -70.84090778653969,
              -32.807577031783005
            ],
            [
              -70.84091227203496,
              -32.807577031783005
            ],
            [
              -70.84091227203496,
              -32.807577779381276
            ],
            [
              -70.84091600994766,
              -32.807577779381276
            ],
            [
              -70.84091600994766,
              -32.807578526979555
            ],
            [
              -70.84092049544292,
              -32.807578526979555
            ],
            [
              -70.84092049544292,
              -32.80757927457783
            ],
            [
              -70.84092498093817,
              -32.80757927457783
            ],
            [
              -70.84092498093817,
              -32.80758002217611
            ],
            [
              -70.84092871885089,
              -32.80758002217611
            ],
            [
              -70.84092871885089,
              -32.80758076977438
            ],
            [
              -70.84093320434614,
              -32.80758076977438
            ],
            [
              -70.84093320434614,
              -32.80758151737266
            ],
            [
              -70.84093694225885,
              -32.80758151737266
            ],
            [
              -70.84093694225885,
              -32.80758226497094
            ],
            [
              -70.84094142775412,
              -32.80758226497094
            ],
            [
              -70.84094142775412,
              -32.80758301256922
            ],
            [
              -70.84094591324937,
              -32.80758301256922
            ],
            [
              -70.84094591324937,
              -32.80758376016749
            ],
            [
              -70.84094965116208,
              -32.80758376016749
            ],
            [
              -70.84094965116208,
              -32.80758450776577
            ],
            [
              -70.84095413665733,
              -32.80758450776577
            ],
            [
              -70.84095413665733,
              -32.807585255364046
            ],
            [
              -70.84095787457005,
              -32.807585255364046
            ],
            [
              -70.84095787457005,
              -32.807586002962324
            ],
            [
              -70.8409623600653,
              -32.807586002962324
            ],
            [
              -70.8409623600653,
              -32.8075867505606
            ],
            [
              -70.84096684556056,
              -32.8075867505606
            ],
            [
              -70.84096684556056,
              -32.807587498158874
            ],
            [
              -70.84097058347328,
              -32.807587498158874
            ],
            [
              -70.84097058347328,
              -32.80758824575715
            ],
            [
              -70.84097506896853,
              -32.80758824575715
            ],
            [
              -70.84097506896853,
              -32.80758899335543
            ],
            [
              -70.84097955446379,
              -32.80758899335543
            ],
            [
              -70.84097955446379,
              -32.80758974095371
            ],
            [
              -70.8409832923765,
              -32.80758974095371
            ],
            [
              -70.8409832923765,
              -32.80759048855198
            ],
            [
              -70.84098777787176,
              -32.80759048855198
            ],
            [
              -70.84098777787176,
              -32.80759123615026
            ],
            [
              -70.84099151578447,
              -32.80759123615026
            ],
            [
              -70.84099151578447,
              -32.80759198374854
            ],
            [
              -70.84099600127972,
              -32.80759198374854
            ],
            [
              -70.84099600127972,
              -32.807592731346816
            ],
            [
              -70.84100048677499,
              -32.807592731346816
            ],
            [
              -70.84100048677499,
              -32.80759347894509
            ],
            [
              -70.8410042246877,
              -32.80759347894509
            ],
            [
              -70.8410042246877,
              -32.807594226543365
            ],
            [
              -70.84100871018295,
              -32.807594226543365
            ],
            [
              -70.84100871018295,
              -32.807594974141644
            ],
            [
              -70.84101244809567,
              -32.807594974141644
            ],
            [
              -70.84101244809567,
              -32.80759572173992
            ],
            [
              -70.84101693359092,
              -32.80759572173992
            ],
            [
              -70.84101693359092,
              -32.80759646933819
            ],
            [
              -70.84102141908618,
              -32.80759646933819
            ],
            [
              -70.84102141908618,
              -32.80759721693647
            ],
            [
              -70.84102515699888,
              -32.80759721693647
            ],
            [
              -70.84102515699888,
              -32.80759796453475
            ],
            [
              -70.84102964249415,
              -32.80759796453475
            ],
            [
              -70.84102964249415,
              -32.80759871213303
            ],
            [
              -70.84103338040686,
              -32.80759871213303
            ],
            [
              -70.84103338040686,
              -32.80759945973131
            ],
            [
              -70.84103786590211,
              -32.80759945973131
            ],
            [
              -70.84103786590211,
              -32.80760020732958
            ],
            [
              -70.84104235139736,
              -32.80760020732958
            ],
            [
              -70.84104235139736,
              -32.80760095492786
            ],
            [
              -70.84104608931008,
              -32.80760095492786
            ],
            [
              -70.84104608931008,
              -32.807601702526135
            ],
            [
              -70.84105057480534,
              -32.807601702526135
            ],
            [
              -70.84105057480534,
              -32.80760245012441
            ],
            [
              -70.84105431271806,
              -32.80760245012441
            ],
            [
              -70.84105431271806,
              -32.807603197722685
            ],
            [
              -70.84105879821331,
              -32.807603197722685
            ],
            [
              -70.84105879821331,
              -32.80760394532096
            ],
            [
              -70.84106328370856,
              -32.80760394532096
            ],
            [
              -70.84106328370856,
              -32.80760469291924
            ],
            [
              -70.84106702162127,
              -32.80760469291924
            ],
            [
              -70.84106702162127,
              -32.80760544051752
            ],
            [
              -70.84107150711654,
              -32.80760544051752
            ],
            [
              -70.84107150711654,
              -32.80760618811579
            ],
            [
              -70.84107524502924,
              -32.80760618811579
            ],
            [
              -70.84107524502924,
              -32.80760693571407
            ],
            [
              -70.8410797305245,
              -32.80760693571407
            ],
            [
              -70.8410797305245,
              -32.80760768331235
            ],
            [
              -70.84108421601975,
              -32.80760768331235
            ],
            [
              -70.84108421601975,
              -32.807608430910626
            ],
            [
              -70.84108795393247,
              -32.807608430910626
            ],
            [
              -70.84108795393247,
              -32.8076091785089
            ],
            [
              -70.84109243942773,
              -32.8076091785089
            ],
            [
              -70.84109243942773,
              -32.807609926107176
            ],
            [
              -70.84109617734043,
              -32.807609926107176
            ],
            [
              -70.84109617734043,
              -32.807610673705454
            ],
            [
              -70.8411006628357,
              -32.807610673705454
            ],
            [
              -70.8411006628357,
              -32.80761142130373
            ],
            [
              -70.84110514833095,
              -32.80761142130373
            ],
            [
              -70.84110514833095,
              -32.807612168902004
            ],
            [
              -70.84110888624366,
              -32.807612168902004
            ],
            [
              -70.84110888624366,
              -32.80761291650028
            ],
            [
              -70.84111337173891,
              -32.80761291650028
            ],
            [
              -70.84111337173891,
              -32.80761366409856
            ],
            [
              -70.84111785723418,
              -32.80761366409856
            ],
            [
              -70.84111785723418,
              -32.80761441169684
            ],
            [
              -70.84112159514689,
              -32.80761441169684
            ],
            [
              -70.84112159514689,
              -32.80761515929512
            ],
            [
              -70.84112608064214,
              -32.80761515929512
            ],
            [
              -70.84112608064214,
              -32.80761590689339
            ],
            [
              -70.84112981855486,
              -32.80761590689339
            ],
            [
              -70.84112981855486,
              -32.80761665449167
            ],
            [
              -70.84113430405012,
              -32.80761665449167
            ],
            [
              -70.84113430405012,
              -32.807617402089946
            ],
            [
              -70.84113878954537,
              -32.807617402089946
            ],
            [
              -70.84113878954537,
              -32.807618149688224
            ],
            [
              -70.84114252745809,
              -32.807618149688224
            ],
            [
              -70.84114252745809,
              -32.807618897286495
            ],
            [
              -70.84114701295334,
              -32.807618897286495
            ],
            [
              -70.84114701295334,
              -32.807619644884774
            ],
            [
              -70.84115075086605,
              -32.807619644884774
            ],
            [
              -70.84115075086605,
              -32.80762039248305
            ],
            [
              -70.8411552363613,
              -32.80762039248305
            ],
            [
              -70.8411552363613,
              -32.80762114008133
            ],
            [
              -70.84115972185657,
              -32.80762114008133
            ],
            [
              -70.84115972185657,
              -32.8076218876796
            ],
            [
              -70.84116345976928,
              -32.8076218876796
            ],
            [
              -70.84116345976928,
              -32.80762263527788
            ],
            [
              -70.84116794526453,
              -32.80762263527788
            ],
            [
              -70.84116794526453,
              -32.80762338287616
            ],
            [
              -70.84117168317725,
              -32.80762338287616
            ],
            [
              -70.84117168317725,
              -32.80762413047444
            ],
            [
              -70.8411761686725,
              -32.80762413047444
            ],
            [
              -70.8411761686725,
              -32.80762487807271
            ],
            [
              -70.84118065416776,
              -32.80762487807271
            ],
            [
              -70.84118065416776,
              -32.80762562567099
            ],
            [
              -70.84118439208046,
              -32.80762562567099
            ],
            [
              -70.84118439208046,
              -32.807626373269265
            ],
            [
              -70.84118887757573,
              -32.807626373269265
            ],
            [
              -70.84118887757573,
              -32.807627120867544
            ],
            [
              -70.84119261548844,
              -32.807627120867544
            ],
            [
              -70.84119261548844,
              -32.80762786846582
            ],
            [
              -70.84119710098369,
              -32.80762786846582
            ],
            [
              -70.84119710098369,
              -32.80762861606409
            ],
            [
              -70.84120158647895,
              -32.80762861606409
            ],
            [
              -70.84120158647895,
              -32.80762936366237
            ],
            [
              -70.84120532439167,
              -32.80762936366237
            ],
            [
              -70.84120532439167,
              -32.80763011126065
            ],
            [
              -70.84120980988692,
              -32.80763011126065
            ],
            [
              -70.84120980988692,
              -32.80763085885893
            ],
            [
              -70.84121354779964,
              -32.80763085885893
            ],
            [
              -70.84121354779964,
              -32.8076316064572
            ],
            [
              -70.8412180332949,
              -32.8076316064572
            ],
            [
              -70.8412180332949,
              -32.80763235405548
            ],
            [
              -70.84122251879015,
              -32.80763235405548
            ],
            [
              -70.84122251879015,
              -32.80763310165376
            ],
            [
              -70.84122625670285,
              -32.80763310165376
            ],
            [
              -70.84122625670285,
              -32.807633849252035
            ],
            [
              -70.84123074219812,
              -32.807633849252035
            ],
            [
              -70.84123074219812,
              -32.807634596850306
            ],
            [
              -70.84123522769337,
              -32.807634596850306
            ],
            [
              -70.84123522769337,
              -32.807635344448585
            ],
            [
              -70.84123896560608,
              -32.807635344448585
            ],
            [
              -70.84123896560608,
              -32.80763609204686
            ],
            [
              -70.84124345110133,
              -32.80763609204686
            ],
            [
              -70.84124345110133,
              -32.80763683964514
            ],
            [
              -70.84124718901406,
              -32.80763683964514
            ],
            [
              -70.84124718901406,
              -32.80763758724341
            ],
            [
              -70.84125167450931,
              -32.80763758724341
            ],
            [
              -70.84125167450931,
              -32.80763833484169
            ],
            [
              -70.84125616000456,
              -32.80763833484169
            ],
            [
              -70.84125616000456,
              -32.80763908243997
            ],
            [
              -70.84125989791728,
              -32.80763908243997
            ],
            [
              -70.84125989791728,
              -32.80763983003825
            ],
            [
              -70.84126438341254,
              -32.80763983003825
            ],
            [
              -70.84126438341254,
              -32.807640577636526
            ],
            [
              -70.84126812132524,
              -32.807640577636526
            ],
            [
              -70.84126812132524,
              -32.8076413252348
            ],
            [
              -70.8412726068205,
              -32.8076413252348
            ],
            [
              -70.8412726068205,
              -32.807642072833076
            ],
            [
              -70.84127709231576,
              -32.807642072833076
            ],
            [
              -70.84127709231576,
              -32.807642820431354
            ],
            [
              -70.84128083022847,
              -32.807642820431354
            ],
            [
              -70.84128083022847,
              -32.80764356802963
            ],
            [
              -70.84128531572372,
              -32.80764356802963
            ],
            [
              -70.84128531572372,
              -32.807644315627904
            ],
            [
              -70.84128905363644,
              -32.807644315627904
            ],
            [
              -70.84128905363644,
              -32.80764506322618
            ],
            [
              -70.8412935391317,
              -32.80764506322618
            ],
            [
              -70.8412935391317,
              -32.80764581082446
            ],
            [
              -70.84129802462695,
              -32.80764581082446
            ],
            [
              -70.84129802462695,
              -32.80764655842274
            ],
            [
              -70.84130176253967,
              -32.80764655842274
            ],
            [
              -70.84130176253967,
              -32.80764730602101
            ],
            [
              -70.84130624803493,
              -32.80764730602101
            ],
            [
              -70.84130624803493,
              -32.80764805361929
            ],
            [
              -70.84130998594763,
              -32.80764805361929
            ],
            [
              -70.84130998594763,
              -32.80764880121757
            ],
            [
              -70.84131447144289,
              -32.80764880121757
            ],
            [
              -70.84131447144289,
              -32.807649548815846
            ],
            [
              -70.84131895693815,
              -32.807649548815846
            ],
            [
              -70.84131895693815,
              -32.80765029641412
            ],
            [
              -70.84132269485086,
              -32.80765029641412
            ],
            [
              -70.84132269485086,
              -32.807651044012395
            ],
            [
              -70.84132718034611,
              -32.807651044012395
            ],
            [
              -70.84132718034611,
              -32.807651791610674
            ],
            [
              -70.84133091825883,
              -32.807651791610674
            ],
            [
              -70.84133091825883,
              -32.80765253920895
            ],
            [
              -70.84133540375409,
              -32.80765253920895
            ],
            [
              -70.84133540375409,
              -32.80765328680723
            ],
            [
              -70.84133988924934,
              -32.80765328680723
            ],
            [
              -70.84133988924934,
              -32.8076540344055
            ],
            [
              -70.84134362716205,
              -32.8076540344055
            ],
            [
              -70.84134362716205,
              -32.80765478200378
            ],
            [
              -70.84134811265731,
              -32.80765478200378
            ],
            [
              -70.84134811265731,
              -32.80765552960206
            ],
            [
              -70.84135185057002,
              -32.80765552960206
            ],
            [
              -70.84135185057002,
              -32.80765627720034
            ],
            [
              -70.84135633606527,
              -32.80765627720034
            ],
            [
              -70.84135633606527,
              -32.80765702479861
            ],
            [
              -70.84136082156053,
              -32.80765702479861
            ],
            [
              -70.84136082156053,
              -32.80765777239689
            ],
            [
              -70.84136455947325,
              -32.80765777239689
            ],
            [
              -70.84136455947325,
              -32.807658519995165
            ],
            [
              -70.8413690449685,
              -32.807658519995165
            ],
            [
              -70.8413690449685,
              -32.80765926759344
            ],
            [
              -70.84137353046376,
              -32.80765926759344
            ],
            [
              -70.84137353046376,
              -32.807660015191715
            ],
            [
              -70.84137726837648,
              -32.807660015191715
            ],
            [
              -70.84137726837648,
              -32.80766076278999
            ],
            [
              -70.84138175387173,
              -32.80766076278999
            ],
            [
              -70.84138175387173,
              -32.80766151038827
            ],
            [
              -70.84138549178444,
              -32.80766151038827
            ],
            [
              -70.84138549178444,
              -32.80766225798655
            ],
            [
              -70.8413899772797,
              -32.80766225798655
            ],
            [
              -70.8413899772797,
              -32.80766300558482
            ],
            [
              -70.84139446277496,
              -32.80766300558482
            ],
            [
              -70.84139446277496,
              -32.8076637531831
            ],
            [
              -70.84139820068766,
              -32.8076637531831
            ],
            [
              -70.84139820068766,
              -32.80766450078138
            ],
            [
              -70.84140268618292,
              -32.80766450078138
            ],
            [
              -70.84140268618292,
              -32.80766524837966
            ],
            [
              -70.84140642409564,
              -32.80766524837966
            ],
            [
              -70.84140642409564,
              -32.80766599597793
            ],
            [
              -70.84141090959089,
              -32.80766599597793
            ],
            [
              -70.84141090959089,
              -32.807666743576206
            ],
            [
              -70.84141539508614,
              -32.807666743576206
            ],
            [
              -70.84141539508614,
              -32.807667491174485
            ],
            [
              -70.84141913299887,
              -32.807667491174485
            ],
            [
              -70.84141913299887,
              -32.80766823877276
            ],
            [
              -70.84142361849412,
              -32.80766823877276
            ],
            [
              -70.84142361849412,
              -32.80766898637104
            ],
            [
              -70.84142735640683,
              -32.80766898637104
            ],
            [
              -70.84142735640683,
              -32.80766973396931
            ],
            [
              -70.84143184190208,
              -32.80766973396931
            ],
            [
              -70.84143184190208,
              -32.80767048156759
            ],
            [
              -70.84143632739735,
              -32.80767048156759
            ],
            [
              -70.84143632739735,
              -32.80767122916587
            ],
            [
              -70.84144006531005,
              -32.80767122916587
            ],
            [
              -70.84144006531005,
              -32.80767197676415
            ],
            [
              -70.8414445508053,
              -32.80767197676415
            ],
            [
              -70.8414445508053,
              -32.80767272436242
            ],
            [
              -70.84144828871803,
              -32.80767272436242
            ],
            [
              -70.84144828871803,
              -32.8076734719607
            ],
            [
              -70.84145277421328,
              -32.8076734719607
            ],
            [
              -70.84145277421328,
              -32.807674219558976
            ],
            [
              -70.84145725970853,
              -32.807674219558976
            ],
            [
              -70.84145725970853,
              -32.807674967157254
            ],
            [
              -70.84146099762125,
              -32.807674967157254
            ],
            [
              -70.84146099762125,
              -32.807675714755526
            ],
            [
              -70.84146548311651,
              -32.807675714755526
            ],
            [
              -70.84146548311651,
              -32.807676462353804
            ],
            [
              -70.84146922102921,
              -32.807676462353804
            ],
            [
              -70.84146922102921,
              -32.80767720995208
            ],
            [
              -70.84147370652447,
              -32.80767720995208
            ],
            [
              -70.84147370652447,
              -32.80767795755036
            ],
            [
              -70.84147819201974,
              -32.80767795755036
            ],
            [
              -70.84147819201974,
              -32.80767870514863
            ],
            [
              -70.84148192993244,
              -32.80767870514863
            ],
            [
              -70.84148192993244,
              -32.80767945274691
            ],
            [
              -70.8414864154277,
              -32.80767945274691
            ],
            [
              -70.8414864154277,
              -32.80768020034519
            ],
            [
              -70.84149015334042,
              -32.80768020034519
            ],
            [
              -70.84149015334042,
              -32.80768094794347
            ],
            [
              -70.84149463883567,
              -32.80768094794347
            ],
            [
              -70.84149463883567,
              -32.807681695541746
            ],
            [
              -70.84149912433092,
              -32.807681695541746
            ],
            [
              -70.84149912433092,
              -32.80768244314002
            ],
            [
              -70.84150286224363,
              -32.80768244314002
            ],
            [
              -70.84150286224363,
              -32.807683190738295
            ],
            [
              -70.8415073477389,
              -32.807683190738295
            ],
            [
              -70.8415073477389,
              -32.807683938336574
            ],
            [
              -70.84150884290398,
              -32.807683938336574
            ],
            [
              -70.84150884290398,
              -32.80768543353312
            ],
            [
              -70.84150809532143,
              -32.80768543353312
            ],
            [
              -70.84150809532143,
              -32.80768842392623
            ],
            [
              -70.8415073477389,
              -32.80768842392623
            ],
            [
              -70.8415073477389,
              -32.807691414319336
            ],
            [
              -70.84150660015635,
              -32.807691414319336
            ],
            [
              -70.84150660015635,
              -32.80769440471245
            ],
            [
              -70.8415058525738,
              -32.80769440471245
            ],
            [
              -70.8415058525738,
              -32.80769814270383
            ],
            [
              -70.84150510499127,
              -32.80769814270383
            ],
            [
              -70.84150510499127,
              -32.807701133096934
            ],
            [
              -70.84150435740872,
              -32.807701133096934
            ],
            [
              -70.84150435740872,
              -32.80770412349004
            ],
            [
              -70.84150360982618,
              -32.80770412349004
            ],
            [
              -70.84150360982618,
              -32.807707113883154
            ],
            [
              -70.84150286224363,
              -32.807707113883154
            ],
            [
              -70.84150286224363,
              -32.80771010427626
            ],
            [
              -70.8415021146611,
              -32.80771010427626
            ],
            [
              -70.8415021146611,
              -32.80771384226764
            ],
            [
              -70.84150136707855,
              -32.80771384226764
            ],
            [
              -70.84150136707855,
              -32.807716832660745
            ],
            [
              -70.841500619496,
              -32.807716832660745
            ],
            [
              -70.841500619496,
              -32.80771982305385
            ],
            [
              -70.84149987191347,
              -32.80771982305385
            ],
            [
              -70.84149987191347,
              -32.807722813446965
            ],
            [
              -70.84149912433092,
              -32.807722813446965
            ],
            [
              -70.84149912433092,
              -32.80772580384007
            ],
            [
              -70.84149837674838,
              -32.80772580384007
            ],
            [
              -70.84149837674838,
              -32.80772879423318
            ],
            [
              -70.84149762916584,
              -32.80772879423318
            ],
            [
              -70.84149762916584,
              -32.807732532224556
            ],
            [
              -70.8414968815833,
              -32.807732532224556
            ],
            [
              -70.8414968815833,
              -32.80773552261767
            ],
            [
              -70.84149613400075,
              -32.80773552261767
            ],
            [
              -70.84149613400075,
              -32.807738513010776
            ],
            [
              -70.8414953864182,
              -32.807738513010776
            ],
            [
              -70.8414953864182,
              -32.80774150340388
            ],
            [
              -70.84149463883567,
              -32.80774150340388
            ],
            [
              -70.84149463883567,
              -32.80774449379699
            ],
            [
              -70.84149389125312,
              -32.80774449379699
            ],
            [
              -70.84149389125312,
              -32.80774823178837
            ],
            [
              -70.84149314367058,
              -32.80774823178837
            ],
            [
              -70.84149314367058,
              -32.80775122218148
            ],
            [
              -70.84149239608804,
              -32.80775122218148
            ],
            [
              -70.84149239608804,
              -32.80775421257459
            ],
            [
              -70.8414916485055,
              -32.80775421257459
            ],
            [
              -70.8414916485055,
              -32.80775720296769
            ],
            [
              -70.84149090092295,
              -32.80775720296769
            ],
            [
              -70.84149090092295,
              -32.8077601933608
            ],
            [
              -70.84149015334042,
              -32.8077601933608
            ],
            [
              -70.84149015334042,
              -32.807763931352184
            ],
            [
              -70.84148940575787,
              -32.807763931352184
            ],
            [
              -70.84148940575787,
              -32.80776692174529
            ],
            [
              -70.84148865817532,
              -32.80776692174529
            ],
            [
              -70.84148865817532,
              -32.8077699121384
            ],
            [
              -70.84148791059279,
              -32.8077699121384
            ],
            [
              -70.84148791059279,
              -32.807772902531504
            ],
            [
              -70.84148716301024,
              -32.807772902531504
            ],
            [
              -70.84148716301024,
              -32.80777589292461
            ],
            [
              -70.8414864154277,
              -32.80777589292461
            ],
            [
              -70.8414864154277,
              -32.807779630915995
            ],
            [
              -70.84148566784515,
              -32.807779630915995
            ],
            [
              -70.84148566784515,
              -32.8077826213091
            ],
            [
              -70.84148492026262,
              -32.8077826213091
            ],
            [
              -70.84148492026262,
              -32.80778561170221
            ],
            [
              -70.84148417268007,
              -32.80778561170221
            ],
            [
              -70.84148417268007,
              -32.807788602095314
            ],
            [
              -70.84148342509752,
              -32.807788602095314
            ],
            [
              -70.84148342509752,
              -32.80779159248842
            ],
            [
              -70.84148267751499,
              -32.80779159248842
            ],
            [
              -70.84148267751499,
              -32.807795330479806
            ],
            [
              -70.84148192993244,
              -32.807795330479806
            ],
            [
              -70.84148192993244,
              -32.80779832087291
            ],
            [
              -70.8414811823499,
              -32.80779832087291
            ],
            [
              -70.8414811823499,
              -32.80780131126602
            ],
            [
              -70.84148043476736,
              -32.80780131126602
            ],
            [
              -70.84148043476736,
              -32.807804301659125
            ],
            [
              -70.84147968718482,
              -32.807804301659125
            ],
            [
              -70.84147968718482,
              -32.80780729205223
            ],
            [
              -70.84147893960227,
              -32.80780729205223
            ],
            [
              -70.84147893960227,
              -32.80781103004362
            ],
            [
              -70.84147819201974,
              -32.80781103004362
            ],
            [
              -70.84147819201974,
              -32.80781402043672
            ],
            [
              -70.84147744443719,
              -32.80781402043672
            ],
            [
              -70.84147744443719,
              -32.80781701082983
            ],
            [
              -70.84147669685464,
              -32.80781701082983
            ],
            [
              -70.84147669685464,
              -32.807820001222936
            ],
            [
              -70.8414759492721,
              -32.807820001222936
            ],
            [
              -70.8414759492721,
              -32.80782299161604
            ],
            [
              -70.84147520168956,
              -32.80782299161604
            ],
            [
              -70.84147520168956,
              -32.80782598200915
            ],
            [
              -70.84147445410701,
              -32.80782598200915
            ],
            [
              -70.84147445410701,
              -32.807829720000534
            ],
            [
              -70.84147370652447,
              -32.807829720000534
            ],
            [
              -70.84147370652447,
              -32.80783271039364
            ],
            [
              -70.84147295894194,
              -32.80783271039364
            ],
            [
              -70.84147295894194,
              -32.80783570078675
            ],
            [
              -70.84147221135939,
              -32.80783570078675
            ],
            [
              -70.84147221135939,
              -32.80783869117985
            ],
            [
              -70.84147146377684,
              -32.80783869117985
            ],
            [
              -70.84147146377684,
              -32.80784168157296
            ],
            [
              -70.84147071619431,
              -32.80784168157296
            ],
            [
              -70.84147071619431,
              -32.807845419564345
            ],
            [
              -70.84146996861176,
              -32.807845419564345
            ],
            [
              -70.84146996861176,
              -32.80784840995745
            ],
            [
              -70.84146922102921,
              -32.80784840995745
            ],
            [
              -70.84146922102921,
              -32.80785140035056
            ],
            [
              -70.84146847344667,
              -32.80785140035056
            ],
            [
              -70.84146847344667,
              -32.807854390743664
            ],
            [
              -70.84146772586413,
              -32.807854390743664
            ],
            [
              -70.84146772586413,
              -32.80785738113677
            ],
            [
              -70.84146697828159,
              -32.80785738113677
            ],
            [
              -70.84146697828159,
              -32.807861119128155
            ],
            [
              -70.84146623069904,
              -32.807861119128155
            ],
            [
              -70.84146623069904,
              -32.80786410952126
            ],
            [
              -70.84146548311651,
              -32.80786410952126
            ],
            [
              -70.84146548311651,
              -32.80786709991437
            ],
            [
              -70.84146473553396,
              -32.80786709991437
            ],
            [
              -70.84146473553396,
              -32.807870090307475
            ],
            [
              -70.84146398795141,
              -32.807870090307475
            ],
            [
              -70.84146398795141,
              -32.80787308070058
            ],
            [
              -70.84146324036888,
              -32.80787308070058
            ],
            [
              -70.84146324036888,
              -32.807876818691966
            ],
            [
              -70.84146249278633,
              -32.807876818691966
            ],
            [
              -70.84146249278633,
              -32.80787980908507
            ],
            [
              -70.84146174520379,
              -32.80787980908507
            ],
            [
              -70.84146174520379,
              -32.80788279947818
            ],
            [
              -70.84146099762125,
              -32.80788279947818
            ],
            [
              -70.84146099762125,
              -32.807885789871285
            ],
            [
              -70.84146025003871,
              -32.807885789871285
            ],
            [
              -70.84146025003871,
              -32.80788878026439
            ],
            [
              -70.84145950245616,
              -32.80788878026439
            ],
            [
              -70.84145950245616,
              -32.80789251825578
            ],
            [
              -70.84145875487361,
              -32.80789251825578
            ],
            [
              -70.84145875487361,
              -32.80789550864888
            ],
            [
              -70.84145800729108,
              -32.80789550864888
            ],
            [
              -70.84145800729108,
              -32.80789849904199
            ],
            [
              -70.84145725970853,
              -32.80789849904199
            ],
            [
              -70.84145725970853,
              -32.807901489435096
            ],
            [
              -70.84145651212599,
              -32.807901489435096
            ],
            [
              -70.84145651212599,
              -32.8079044798282
            ],
            [
              -70.84145576454345,
              -32.8079044798282
            ],
            [
              -70.84145576454345,
              -32.80790821781959
            ],
            [
              -70.84145501696091,
              -32.80790821781959
            ],
            [
              -70.84145501696091,
              -32.807911208212694
            ],
            [
              -70.84145426937836,
              -32.807911208212694
            ],
            [
              -70.84145426937836,
              -32.8079141986058
            ],
            [
              -70.84145352179583,
              -32.8079141986058
            ],
            [
              -70.84145352179583,
              -32.80791718899891
            ],
            [
              -70.84145277421328,
              -32.80791718899891
            ],
            [
              -70.84145277421328,
              -32.80792017939201
            ],
            [
              -70.84145202663073,
              -32.80792017939201
            ],
            [
              -70.84145202663073,
              -32.80792316978512
            ],
            [
              -70.84145127904819,
              -32.80792316978512
            ],
            [
              -70.84145127904819,
              -32.807926907776505
            ],
            [
              -70.84145053146565,
              -32.807926907776505
            ],
            [
              -70.84145053146565,
              -32.80792989816961
            ],
            [
              -70.8414497838831,
              -32.80792989816961
            ],
            [
              -70.8414497838831,
              -32.80793288856272
            ],
            [
              -70.84144903630056,
              -32.80793288856272
            ],
            [
              -70.84144903630056,
              -32.807935878955824
            ],
            [
              -70.84144828871803,
              -32.807935878955824
            ],
            [
              -70.84144828871803,
              -32.80793886934893
            ],
            [
              -70.84144754113548,
              -32.80793886934893
            ],
            [
              -70.84144754113548,
              -32.807942607340316
            ],
            [
              -70.84144679355293,
              -32.807942607340316
            ],
            [
              -70.84144679355293,
              -32.80794559773342
            ],
            [
              -70.8414460459704,
              -32.80794559773342
            ],
            [
              -70.8414460459704,
              -32.80794858812653
            ],
            [
              -70.84144529838785,
              -32.80794858812653
            ],
            [
              -70.84144529838785,
              -32.807951578519635
            ],
            [
              -70.8414445508053,
              -32.807951578519635
            ],
            [
              -70.8414445508053,
              -32.80795456891274
            ],
            [
              -70.84144380322277,
              -32.80795456891274
            ],
            [
              -70.84144380322277,
              -32.807958306904126
            ],
            [
              -70.84144305564023,
              -32.807958306904126
            ],
            [
              -70.84144305564023,
              -32.80796129729723
            ],
            [
              -70.84144230805768,
              -32.80796129729723
            ],
            [
              -70.84144230805768,
              -32.80796428769034
            ],
            [
              -70.84144156047513,
              -32.80796428769034
            ],
            [
              -70.84144156047513,
              -32.807967278083446
            ],
            [
              -70.8414408128926,
              -32.807967278083446
            ],
            [
              -70.8414408128926,
              -32.80797026847655
            ],
            [
              -70.84144006531005,
              -32.80797026847655
            ],
            [
              -70.84144006531005,
              -32.80797400646794
            ],
            [
              -70.8414393177275,
              -32.80797400646794
            ],
            [
              -70.8414393177275,
              -32.80797699686104
            ],
            [
              -70.84143857014497,
              -32.80797699686104
            ],
            [
              -70.84143857014497,
              -32.80797998725415
            ],
            [
              -70.84143782256243,
              -32.80797998725415
            ],
            [
              -70.84143782256243,
              -32.80798297764726
            ],
            [
              -70.84143707497988,
              -32.80798297764726
            ],
            [
              -70.84143707497988,
              -32.80798596804036
            ],
            [
              -70.84143632739735,
              -32.80798596804036
            ],
            [
              -70.84143632739735,
              -32.80798970603175
            ],
            [
              -70.8414355798148,
              -32.80798970603175
            ],
            [
              -70.8414355798148,
              -32.807992696424854
            ],
            [
              -70.84143483223225,
              -32.807992696424854
            ],
            [
              -70.84143483223225,
              -32.80799568681796
            ],
            [
              -70.84143408464972,
              -32.80799568681796
            ],
            [
              -70.84143408464972,
              -32.80799867721107
            ],
            [
              -70.84143333706717,
              -32.80799867721107
            ],
            [
              -70.84143333706717,
              -32.808001667604174
            ],
            [
              -70.84143258948463,
              -32.808001667604174
            ],
            [
              -70.84143258948463,
              -32.80800540559556
            ],
            [
              -70.84143184190208,
              -32.80800540559556
            ],
            [
              -70.84143184190208,
              -32.808008395988665
            ],
            [
              -70.84143109431955,
              -32.808008395988665
            ],
            [
              -70.84143109431955,
              -32.80801138638177
            ],
            [
              -70.841430346737,
              -32.80801138638177
            ],
            [
              -70.841430346737,
              -32.80801437677488
            ],
            [
              -70.84142959915445,
              -32.80801437677488
            ],
            [
              -70.84142959915445,
              -32.80801736716799
            ],
            [
              -70.84142885157192,
              -32.80801736716799
            ],
            [
              -70.84142885157192,
              -32.8080203575611
            ],
            [
              -70.84142810398937,
              -32.8080203575611
            ],
            [
              -70.84142810398937,
              -32.808024095552476
            ],
            [
              -70.84142735640683,
              -32.808024095552476
            ],
            [
              -70.84142735640683,
              -32.80802708594558
            ],
            [
              -70.84142660882429,
              -32.80802708594558
            ],
            [
              -70.84142660882429,
              -32.808030076338696
            ],
            [
              -70.84142586124175,
              -32.808030076338696
            ],
            [
              -70.84142586124175,
              -32.8080330667318
            ],
            [
              -70.8414251136592,
              -32.8080330667318
            ],
            [
              -70.8414251136592,
              -32.80803605712491
            ],
            [
              -70.84142436607665,
              -32.80803605712491
            ],
            [
              -70.84142436607665,
              -32.80803979511629
            ],
            [
              -70.84142361849412,
              -32.80803979511629
            ],
            [
              -70.84142361849412,
              -32.8080427855094
            ],
            [
              -70.84142287091157,
              -32.8080427855094
            ],
            [
              -70.84142287091157,
              -32.80804577590251
            ],
            [
              -70.84142212332902,
              -32.80804577590251
            ],
            [
              -70.84142212332902,
              -32.80804876629561
            ],
            [
              -70.84142137574649,
              -32.80804876629561
            ],
            [
              -70.84142137574649,
              -32.80805175668872
            ],
            [
              -70.84142062816395,
              -32.80805175668872
            ],
            [
              -70.84142062816395,
              -32.8080554946801
            ],
            [
              -70.8414198805814,
              -32.8080554946801
            ],
            [
              -70.8414198805814,
              -32.80805848507321
            ],
            [
              -70.84141913299887,
              -32.80805848507321
            ],
            [
              -70.84141913299887,
              -32.80806147546632
            ],
            [
              -70.84141838541632,
              -32.80806147546632
            ],
            [
              -70.84141838541632,
              -32.808064465859424
            ],
            [
              -70.84141763783377,
              -32.808064465859424
            ],
            [
              -70.84141763783377,
              -32.80806745625253
            ],
            [
              -70.84141689025124,
              -32.80806745625253
            ],
            [
              -70.84141689025124,
              -32.808071194243915
            ],
            [
              -70.84141614266869,
              -32.808071194243915
            ],
            [
              -70.84141614266869,
              -32.80807418463702
            ],
            [
              -70.84141539508614,
              -32.80807418463702
            ],
            [
              -70.84141539508614,
              -32.80807717503013
            ],
            [
              -70.8414146475036,
              -32.80807717503013
            ],
            [
              -70.8414146475036,
              -32.808080165423235
            ],
            [
              -70.84141389992106,
              -32.808080165423235
            ],
            [
              -70.84141389992106,
              -32.80808315581634
            ],
            [
              -70.84141315233852,
              -32.80808315581634
            ],
            [
              -70.84141315233852,
              -32.808086893807726
            ],
            [
              -70.84141240475597,
              -32.808086893807726
            ],
            [
              -70.84141240475597,
              -32.80808988420083
            ],
            [
              -70.84141165717344,
              -32.80808988420083
            ],
            [
              -70.84141165717344,
              -32.80809287459394
            ],
            [
              -70.84141090959089,
              -32.80809287459394
            ],
            [
              -70.84141090959089,
              -32.808095864987045
            ],
            [
              -70.84141016200834,
              -32.808095864987045
            ],
            [
              -70.84141016200834,
              -32.80809885538015
            ],
            [
              -70.84140941442581,
              -32.80809885538015
            ],
            [
              -70.84140941442581,
              -32.80810259337154
            ],
            [
              -70.84140866684326,
              -32.80810259337154
            ],
            [
              -70.84140866684326,
              -32.80810558376464
            ],
            [
              -70.84140791926072,
              -32.80810558376464
            ],
            [
              -70.84140791926072,
              -32.80810857415775
            ],
            [
              -70.84140717167818,
              -32.80810857415775
            ],
            [
              -70.84140717167818,
              -32.808111564550856
            ],
            [
              -70.84140642409564,
              -32.808111564550856
            ],
            [
              -70.84140642409564,
              -32.80811455494396
            ],
            [
              -70.84140567651309,
              -32.80811455494396
            ],
            [
              -70.84140567651309,
              -32.80811754533707
            ],
            [
              -70.84140492893054,
              -32.80811754533707
            ],
            [
              -70.84140492893054,
              -32.808121283328454
            ],
            [
              -70.84140418134801,
              -32.808121283328454
            ],
            [
              -70.84140418134801,
              -32.80812427372156
            ],
            [
              -70.84140343376546,
              -32.80812427372156
            ],
            [
              -70.84140343376546,
              -32.80812726411467
            ],
            [
              -70.84140268618292,
              -32.80812726411467
            ],
            [
              -70.84140268618292,
              -32.80813025450777
            ],
            [
              -70.84140193860038,
              -32.80813025450777
            ],
            [
              -70.84140193860038,
              -32.80813324490088
            ],
            [
              -70.84140119101784,
              -32.80813324490088
            ],
            [
              -70.84140119101784,
              -32.808136982892265
            ],
            [
              -70.84140044343529,
              -32.808136982892265
            ],
            [
              -70.84140044343529,
              -32.80813997328537
            ],
            [
              -70.84139969585276,
              -32.80813997328537
            ],
            [
              -70.84139969585276,
              -32.80814296367848
            ],
            [
              -70.84139894827021,
              -32.80814296367848
            ],
            [
              -70.84139894827021,
              -32.808145954071584
            ],
            [
              -70.84139820068766,
              -32.808145954071584
            ],
            [
              -70.84139820068766,
              -32.80814894446469
            ],
            [
              -70.84139745310512,
              -32.80814894446469
            ],
            [
              -70.84139745310512,
              -32.808152682456075
            ],
            [
              -70.84139670552258,
              -32.808152682456075
            ],
            [
              -70.84139670552258,
              -32.80815567284918
            ],
            [
              -70.84139595794004,
              -32.80815567284918
            ],
            [
              -70.84139595794004,
              -32.80815866324229
            ],
            [
              -70.84139521035749,
              -32.80815866324229
            ],
            [
              -70.84139521035749,
              -32.808161653635395
            ],
            [
              -70.84139446277496,
              -32.808161653635395
            ],
            [
              -70.84139446277496,
              -32.8081646440285
            ],
            [
              -70.84139371519241,
              -32.8081646440285
            ],
            [
              -70.84139371519241,
              -32.808168382019886
            ],
            [
              -70.84139296760986,
              -32.808168382019886
            ],
            [
              -70.84139296760986,
              -32.80817137241299
            ],
            [
              -70.84139222002733,
              -32.80817137241299
            ],
            [
              -70.84139222002733,
              -32.8081743628061
            ],
            [
              -70.84139147244478,
              -32.8081743628061
            ],
            [
              -70.84139147244478,
              -32.808177353199206
            ],
            [
              -70.84139072486224,
              -32.808177353199206
            ],
            [
              -70.84139072486224,
              -32.80818034359231
            ],
            [
              -70.8413899772797,
              -32.80818034359231
            ],
            [
              -70.8413899772797,
              -32.8081840815837
            ],
            [
              -70.84138922969716,
              -32.8081840815837
            ],
            [
              -70.84138922969716,
              -32.8081870719768
            ],
            [
              -70.84138848211461,
              -32.8081870719768
            ],
            [
              -70.84138848211461,
              -32.80819006236991
            ],
            [
              -70.84138773453206,
              -32.80819006236991
            ],
            [
              -70.84138773453206,
              -32.808193052763016
            ],
            [
              -70.84138698694953,
              -32.808193052763016
            ],
            [
              -70.84138698694953,
              -32.80819604315612
            ],
            [
              -70.84138623936698,
              -32.80819604315612
            ],
            [
              -70.84138623936698,
              -32.80819978114751
            ],
            [
              -70.84138549178444,
              -32.80819978114751
            ],
            [
              -70.84138549178444,
              -32.808202771540614
            ],
            [
              -70.8413847442019,
              -32.808202771540614
            ],
            [
              -70.8413847442019,
              -32.80820576193372
            ],
            [
              -70.84138399661936,
              -32.80820576193372
            ],
            [
              -70.84138399661936,
              -32.80820875232683
            ],
            [
              -70.84138324903681,
              -32.80820875232683
            ],
            [
              -70.84138324903681,
              -32.808211742719934
            ],
            [
              -70.84138250145428,
              -32.808211742719934
            ],
            [
              -70.84138250145428,
              -32.80821473311304
            ],
            [
              -70.84138175387173,
              -32.80821473311304
            ],
            [
              -70.84138175387173,
              -32.808218471104425
            ],
            [
              -70.84138100628918,
              -32.808218471104425
            ],
            [
              -70.84138100628918,
              -32.80822146149753
            ],
            [
              -70.84138025870664,
              -32.80822146149753
            ],
            [
              -70.84138025870664,
              -32.80822445189064
            ],
            [
              -70.8413795111241,
              -32.80822445189064
            ],
            [
              -70.8413795111241,
              -32.808227442283744
            ],
            [
              -70.84137876354156,
              -32.808227442283744
            ],
            [
              -70.84137876354156,
              -32.80823043267685
            ],
            [
              -70.84137801595901,
              -32.80823043267685
            ],
            [
              -70.84137801595901,
              -32.808234170668236
            ],
            [
              -70.84137726837648,
              -32.808234170668236
            ],
            [
              -70.84137726837648,
              -32.80823716106134
            ],
            [
              -70.84137652079393,
              -32.80823716106134
            ],
            [
              -70.84137652079393,
              -32.80824015145445
            ],
            [
              -70.84137577321138,
              -32.80824015145445
            ],
            [
              -70.84137577321138,
              -32.808243141847555
            ],
            [
              -70.84137502562885,
              -32.808243141847555
            ],
            [
              -70.84137502562885,
              -32.80824613224066
            ],
            [
              -70.8413742780463,
              -32.80824613224066
            ],
            [
              -70.8413742780463,
              -32.808249870232046
            ],
            [
              -70.84137353046376,
              -32.808249870232046
            ],
            [
              -70.84137353046376,
              -32.80825286062515
            ],
            [
              -70.84137278288122,
              -32.80825286062515
            ],
            [
              -70.84137278288122,
              -32.80825585101826
            ],
            [
              -70.84137203529868,
              -32.80825585101826
            ],
            [
              -70.84137203529868,
              -32.808258841411366
            ],
            [
              -70.84137128771613,
              -32.808258841411366
            ],
            [
              -70.84137128771613,
              -32.80826183180447
            ],
            [
              -70.84137054013358,
              -32.80826183180447
            ],
            [
              -70.84137054013358,
              -32.80826556979586
            ],
            [
              -70.84136979255105,
              -32.80826556979586
            ],
            [
              -70.84136979255105,
              -32.808268560188964
            ],
            [
              -70.8413690449685,
              -32.808268560188964
            ],
            [
              -70.8413690449685,
              -32.80827155058207
            ],
            [
              -70.84136829738596,
              -32.80827155058207
            ],
            [
              -70.84136829738596,
              -32.80827454097518
            ],
            [
              -70.84136754980342,
              -32.80827454097518
            ],
            [
              -70.84136754980342,
              -32.80827753136828
            ],
            [
              -70.84136680222088,
              -32.80827753136828
            ],
            [
              -70.84136680222088,
              -32.80828126935967
            ],
            [
              -70.84136605463833,
              -32.80828126935967
            ],
            [
              -70.84136605463833,
              -32.808284259752774
            ],
            [
              -70.8413653070558,
              -32.808284259752774
            ],
            [
              -70.8413653070558,
              -32.80828725014588
            ],
            [
              -70.84136455947325,
              -32.80828725014588
            ],
            [
              -70.84136455947325,
              -32.80829024053899
            ],
            [
              -70.8413638118907,
              -32.80829024053899
            ],
            [
              -70.8413638118907,
              -32.808293230932094
            ],
            [
              -70.84136306430817,
              -32.808293230932094
            ],
            [
              -70.84136306430817,
              -32.80829696892348
            ],
            [
              -70.84136231672562,
              -32.80829696892348
            ],
            [
              -70.84136231672562,
              -32.808299959316585
            ],
            [
              -70.84136156914307,
              -32.808299959316585
            ],
            [
              -70.84136156914307,
              -32.80830294970969
            ],
            [
              -70.84136082156053,
              -32.80830294970969
            ],
            [
              -70.84136082156053,
              -32.8083059401028
            ],
            [
              -70.841360073978,
              -32.8083059401028
            ],
            [
              -70.841360073978,
              -32.808308930495905
            ],
            [
              -70.84135932639545,
              -32.808308930495905
            ],
            [
              -70.84135932639545,
              -32.80831192088902
            ],
            [
              -70.8413585788129,
              -32.80831192088902
            ],
            [
              -70.8413585788129,
              -32.808315658880396
            ],
            [
              -70.84135783123037,
              -32.808315658880396
            ],
            [
              -70.84135783123037,
              -32.8083186492735
            ],
            [
              -70.84135708364782,
              -32.8083186492735
            ],
            [
              -70.84135708364782,
              -32.80832163966661
            ],
            [
              -70.84135633606527,
              -32.80832163966661
            ],
            [
              -70.84135633606527,
              -32.80832463005972
            ],
            [
              -70.84135558848274,
              -32.80832463005972
            ],
            [
              -70.84135558848274,
              -32.80832762045283
            ],
            [
              -70.8413548409002,
              -32.80832762045283
            ],
            [
              -70.8413548409002,
              -32.80833135844421
            ],
            [
              -70.84135409331765,
              -32.80833135844421
            ],
            [
              -70.84135409331765,
              -32.80833434883731
            ],
            [
              -70.8413533457351,
              -32.80833434883731
            ],
            [
              -70.8413533457351,
              -32.80833733923042
            ],
            [
              -70.84135259815257,
              -32.80833733923042
            ],
            [
              -70.84135259815257,
              -32.80834032962353
            ],
            [
              -70.84135185057002,
              -32.80834032962353
            ],
            [
              -70.84135185057002,
              -32.80834332001664
            ],
            [
              -70.84135110298747,
              -32.80834332001664
            ],
            [
              -70.84135110298747,
              -32.80834705800802
            ],
            [
              -70.84135035540494,
              -32.80834705800802
            ],
            [
              -70.84135035540494,
              -32.808350048401124
            ],
            [
              -70.8413496078224,
              -32.808350048401124
            ],
            [
              -70.8413496078224,
              -32.80835303879424
            ],
            [
              -70.84134886023985,
              -32.80835303879424
            ],
            [
              -70.84134886023985,
              -32.808356029187344
            ],
            [
              -70.84134811265731,
              -32.808356029187344
            ],
            [
              -70.84134811265731,
              -32.80835901958045
            ],
            [
              -70.84134736507477,
              -32.80835901958045
            ],
            [
              -70.84134736507477,
              -32.80836275757183
            ],
            [
              -70.84134661749222,
              -32.80836275757183
            ],
            [
              -70.84134661749222,
              -32.80836574796494
            ],
            [
              -70.84134586990969,
              -32.80836574796494
            ],
            [
              -70.84134586990969,
              -32.80836873835805
            ],
            [
              -70.84134512232714,
              -32.80836873835805
            ],
            [
              -70.84134512232714,
              -32.808371728751155
            ],
            [
              -70.8413443747446,
              -32.808371728751155
            ],
            [
              -70.8413443747446,
              -32.80837471914426
            ],
            [
              -70.84134362716205,
              -32.80837471914426
            ],
            [
              -70.84134362716205,
              -32.808378457135646
            ],
            [
              -70.84134287957951,
              -32.808378457135646
            ],
            [
              -70.84134287957951,
              -32.80838144752875
            ],
            [
              -70.84134213199697,
              -32.80838144752875
            ],
            [
              -70.84134213199697,
              -32.80838443792186
            ],
            [
              -70.84134138441442,
              -32.80838443792186
            ],
            [
              -70.84134138441442,
              -32.808387428314965
            ],
            [
              -70.84134063683189,
              -32.808387428314965
            ],
            [
              -70.84134063683189,
              -32.80839041870807
            ],
            [
              -70.84133988924934,
              -32.80839041870807
            ],
            [
              -70.84133988924934,
              -32.80839415669946
            ],
            [
              -70.8413391416668,
              -32.80839415669946
            ],
            [
              -70.8413391416668,
              -32.80839714709256
            ],
            [
              -70.84133839408426,
              -32.80839714709256
            ],
            [
              -70.84133839408426,
              -32.80840013748567
            ],
            [
              -70.84133764650171,
              -32.80840013748567
            ],
            [
              -70.84133764650171,
              -32.808403127878776
            ],
            [
              -70.84133689891917,
              -32.808403127878776
            ],
            [
              -70.84133689891917,
              -32.80840611827188
            ],
            [
              -70.84133615133662,
              -32.80840611827188
            ],
            [
              -70.84133615133662,
              -32.80840910866499
            ],
            [
              -70.84133540375409,
              -32.80840910866499
            ],
            [
              -70.84133540375409,
              -32.808412846656374
            ],
            [
              -70.84133465617154,
              -32.808412846656374
            ],
            [
              -70.84133465617154,
              -32.80841583704948
            ],
            [
              -70.841333908589,
              -32.80841583704948
            ],
            [
              -70.841333908589,
              -32.80841882744259
            ],
            [
              -70.84133316100646,
              -32.80841882744259
            ],
            [
              -70.84133316100646,
              -32.80842181783569
            ],
            [
              -70.84133241342391,
              -32.80842181783569
            ],
            [
              -70.84133241342391,
              -32.8084248082288
            ],
            [
              -70.84133166584137,
              -32.8084248082288
            ],
            [
              -70.84133166584137,
              -32.808428546220185
            ],
            [
              -70.84133091825883,
              -32.808428546220185
            ],
            [
              -70.84133091825883,
              -32.80843153661329
            ],
            [
              -70.84133017067629,
              -32.80843153661329
            ],
            [
              -70.84133017067629,
              -32.8084345270064
            ],
            [
              -70.84132942309374,
              -32.8084345270064
            ],
            [
              -70.84132942309374,
              -32.808437517399504
            ],
            [
              -70.8413286755112,
              -32.808437517399504
            ],
            [
              -70.8413286755112,
              -32.80844050779261
            ],
            [
              -70.84132792792866,
              -32.80844050779261
            ],
            [
              -70.84132792792866,
              -32.808444245783996
            ],
            [
              -70.84132718034611,
              -32.808444245783996
            ],
            [
              -70.84132718034611,
              -32.8084472361771
            ],
            [
              -70.84132643276357,
              -32.8084472361771
            ],
            [
              -70.84132643276357,
              -32.80845022657021
            ],
            [
              -70.84132568518103,
              -32.80845022657021
            ],
            [
              -70.84132568518103,
              -32.808453216963315
            ],
            [
              -70.84132493759849,
              -32.808453216963315
            ],
            [
              -70.84132493759849,
              -32.80845620735642
            ],
            [
              -70.84132419001594,
              -32.80845620735642
            ],
            [
              -70.84132419001594,
              -32.808459945347806
            ],
            [
              -70.8413234424334,
              -32.808459945347806
            ],
            [
              -70.8413234424334,
              -32.80846293574091
            ],
            [
              -70.84132269485086,
              -32.80846293574091
            ],
            [
              -70.84132269485086,
              -32.80846592613402
            ],
            [
              -70.84132194726831,
              -32.80846592613402
            ],
            [
              -70.84132194726831,
              -32.808468916527126
            ],
            [
              -70.84132119968578,
              -32.808468916527126
            ],
            [
              -70.84132119968578,
              -32.80847190692023
            ],
            [
              -70.84132045210323,
              -32.80847190692023
            ],
            [
              -70.84132045210323,
              -32.80847564491162
            ],
            [
              -70.84131970452069,
              -32.80847564491162
            ],
            [
              -70.84131970452069,
              -32.80847863530472
            ],
            [
              -70.84131895693815,
              -32.80847863530472
            ],
            [
              -70.84131895693815,
              -32.80848162569783
            ],
            [
              -70.8413182093556,
              -32.80848162569783
            ],
            [
              -70.8413182093556,
              -32.80848461609094
            ],
            [
              -70.84131746177306,
              -32.80848461609094
            ],
            [
              -70.84131746177306,
              -32.80848760648404
            ],
            [
              -70.84131671419051,
              -32.80848760648404
            ],
            [
              -70.84131671419051,
              -32.80849134447543
            ],
            [
              -70.84131596660798,
              -32.80849134447543
            ],
            [
              -70.84131596660798,
              -32.808494334868534
            ],
            [
              -70.84131521902543,
              -32.808494334868534
            ],
            [
              -70.84131521902543,
              -32.80849732526164
            ],
            [
              -70.84131447144289,
              -32.80849732526164
            ],
            [
              -70.84131447144289,
              -32.80850031565475
            ],
            [
              -70.84131372386035,
              -32.80850031565475
            ],
            [
              -70.84131372386035,
              -32.808503306047854
            ],
            [
              -70.8413129762778,
              -32.808503306047854
            ],
            [
              -70.8413129762778,
              -32.80850629644096
            ],
            [
              -70.84131222869526,
              -32.80850629644096
            ],
            [
              -70.84131222869526,
              -32.808510034432345
            ],
            [
              -70.84131148111273,
              -32.808510034432345
            ],
            [
              -70.84131148111273,
              -32.80851302482545
            ],
            [
              -70.84131073353018,
              -32.80851302482545
            ],
            [
              -70.84131073353018,
              -32.80851601521856
            ],
            [
              -70.84130998594763,
              -32.80851601521856
            ],
            [
              -70.84130998594763,
              -32.808519005611664
            ],
            [
              -70.84130923836508,
              -32.808519005611664
            ],
            [
              -70.84130923836508,
              -32.80852199600477
            ],
            [
              -70.84130849078255,
              -32.80852199600477
            ],
            [
              -70.84130849078255,
              -32.808525733996156
            ],
            [
              -70.8413077432,
              -32.808525733996156
            ],
            [
              -70.8413077432,
              -32.80852872438926
            ],
            [
              -70.84130699561746,
              -32.80852872438926
            ],
            [
              -70.84130699561746,
              -32.80853171478237
            ],
            [
              -70.84130624803493,
              -32.80853171478237
            ],
            [
              -70.84130624803493,
              -32.808534705175475
            ],
            [
              -70.84130550045238,
              -32.808534705175475
            ],
            [
              -70.84130550045238,
              -32.80853769556858
            ],
            [
              -70.84130475286983,
              -32.80853769556858
            ],
            [
              -70.84130475286983,
              -32.80854143355997
            ],
            [
              -70.8413040052873,
              -32.80854143355997
            ],
            [
              -70.8413040052873,
              -32.80854442395307
            ],
            [
              -70.84130325770475,
              -32.80854442395307
            ],
            [
              -70.84130325770475,
              -32.80854741434618
            ],
            [
              -70.8413025101222,
              -32.80854741434618
            ],
            [
              -70.8413025101222,
              -32.808550404739286
            ],
            [
              -70.84130176253967,
              -32.808550404739286
            ],
            [
              -70.84130176253967,
              -32.80855339513239
            ],
            [
              -70.84130101495712,
              -32.80855339513239
            ],
            [
              -70.84130101495712,
              -32.80855713312378
            ],
            [
              -70.84130026737458,
              -32.80855713312378
            ],
            [
              -70.84130026737458,
              -32.808560123516884
            ],
            [
              -70.84129951979203,
              -32.808560123516884
            ],
            [
              -70.84129951979203,
              -32.80856311390999
            ],
            [
              -70.8412987722095,
              -32.80856311390999
            ],
            [
              -70.8412987722095,
              -32.8085661043031
            ],
            [
              -70.84129802462695,
              -32.8085661043031
            ],
            [
              -70.84129802462695,
              -32.8085690946962
            ],
            [
              -70.8412972770444,
              -32.8085690946962
            ],
            [
              -70.8412972770444,
              -32.80857283268759
            ],
            [
              -70.84129652946187,
              -32.80857283268759
            ],
            [
              -70.84129652946187,
              -32.808575823080695
            ],
            [
              -70.84129578187932,
              -32.808575823080695
            ],
            [
              -70.84129578187932,
              -32.8085788134738
            ],
            [
              -70.84129503429678,
              -32.8085788134738
            ],
            [
              -70.84129503429678,
              -32.80858180386691
            ],
            [
              -70.84129428671424,
              -32.80858180386691
            ],
            [
              -70.84129428671424,
              -32.808584794260014
            ],
            [
              -70.8412935391317,
              -32.808584794260014
            ],
            [
              -70.8412935391317,
              -32.8085885322514
            ],
            [
              -70.84129279154915,
              -32.8085885322514
            ],
            [
              -70.84129279154915,
              -32.808591522644505
            ],
            [
              -70.8412920439666,
              -32.808591522644505
            ],
            [
              -70.8412920439666,
              -32.80859451303761
            ],
            [
              -70.84129129638407,
              -32.80859451303761
            ],
            [
              -70.84129129638407,
              -32.80859750343072
            ],
            [
              -70.84129054880152,
              -32.80859750343072
            ],
            [
              -70.84129054880152,
              -32.808600493823825
            ],
            [
              -70.84128980121898,
              -32.808600493823825
            ],
            [
              -70.84128980121898,
              -32.80860348421693
            ],
            [
              -70.84128905363644,
              -32.80860348421693
            ],
            [
              -70.84128905363644,
              -32.808607222208316
            ],
            [
              -70.8412883060539,
              -32.808607222208316
            ],
            [
              -70.8412883060539,
              -32.80861021260142
            ],
            [
              -70.84128755847135,
              -32.80861021260142
            ],
            [
              -70.84128755847135,
              -32.80861320299453
            ],
            [
              -70.84128681088882,
              -32.80861320299453
            ],
            [
              -70.84128681088882,
              -32.808616193387635
            ],
            [
              -70.84128606330627,
              -32.808616193387635
            ],
            [
              -70.84128606330627,
              -32.80861918378074
            ],
            [
              -70.84128531572372,
              -32.80861918378074
            ],
            [
              -70.84128531572372,
              -32.80862292177213
            ],
            [
              -70.84128456814119,
              -32.80862292177213
            ],
            [
              -70.84128456814119,
              -32.80862591216523
            ],
            [
              -70.84128382055864,
              -32.80862591216523
            ],
            [
              -70.84128382055864,
              -32.80862890255834
            ],
            [
              -70.8412830729761,
              -32.80862890255834
            ],
            [
              -70.8412830729761,
              -32.808631892951446
            ],
            [
              -70.84128232539355,
              -32.808631892951446
            ],
            [
              -70.84128232539355,
              -32.80863488334456
            ],
            [
              -70.84128157781102,
              -32.80863488334456
            ],
            [
              -70.84128157781102,
              -32.80863862133594
            ],
            [
              -70.84128083022847,
              -32.80863862133594
            ],
            [
              -70.84128083022847,
              -32.808641611729044
            ],
            [
              -70.84128008264592,
              -32.808641611729044
            ],
            [
              -70.84128008264592,
              -32.80864460212215
            ],
            [
              -70.84127933506339,
              -32.80864460212215
            ],
            [
              -70.84127933506339,
              -32.808647592515264
            ],
            [
              -70.84127858748084,
              -32.808647592515264
            ],
            [
              -70.84127858748084,
              -32.80865058290837
            ],
            [
              -70.8412778398983,
              -32.80865058290837
            ],
            [
              -70.8412778398983,
              -32.80865432089975
            ],
            [
              -70.84127709231576,
              -32.80865432089975
            ],
            [
              -70.84127709231576,
              -32.808657311292855
            ],
            [
              -70.84127634473322,
              -32.808657311292855
            ],
            [
              -70.84127634473322,
              -32.80866030168597
            ],
            [
              -70.84127559715067,
              -32.80866030168597
            ],
            [
              -70.84127559715067,
              -32.808663292079075
            ],
            [
              -70.84127484956814,
              -32.808663292079075
            ],
            [
              -70.84127484956814,
              -32.80866628247218
            ],
            [
              -70.84127410198559,
              -32.80866628247218
            ],
            [
              -70.84127410198559,
              -32.80867002046356
            ],
            [
              -70.84127335440304,
              -32.80867002046356
            ],
            [
              -70.84127335440304,
              -32.808673010856666
            ],
            [
              -70.8412726068205,
              -32.808673010856666
            ],
            [
              -70.8412726068205,
              -32.80867600124978
            ],
            [
              -70.84127185923796,
              -32.80867600124978
            ],
            [
              -70.84127185923796,
              -32.808678991642886
            ],
            [
              -70.84127111165542,
              -32.808678991642886
            ],
            [
              -70.84127111165542,
              -32.80868198203599
            ],
            [
              -70.84127036407287,
              -32.80868198203599
            ],
            [
              -70.84127036407287,
              -32.8086849724291
            ],
            [
              -70.84126961649034,
              -32.8086849724291
            ],
            [
              -70.84126961649034,
              -32.80868871042048
            ],
            [
              -70.84126886890779,
              -32.80868871042048
            ],
            [
              -70.84126886890779,
              -32.80869170081359
            ],
            [
              -70.84126812132524,
              -32.80869170081359
            ],
            [
              -70.84126812132524,
              -32.808694691206696
            ],
            [
              -70.84126737374271,
              -32.808694691206696
            ],
            [
              -70.84126737374271,
              -32.8086976815998
            ],
            [
              -70.84126662616016,
              -32.8086976815998
            ],
            [
              -70.84126662616016,
              -32.80870067199291
            ],
            [
              -70.84126587857762,
              -32.80870067199291
            ],
            [
              -70.84126587857762,
              -32.808704409984294
            ],
            [
              -70.84126513099507,
              -32.808704409984294
            ],
            [
              -70.84126513099507,
              -32.8087074003774
            ],
            [
              -70.84126438341254,
              -32.8087074003774
            ],
            [
              -70.84126438341254,
              -32.80871039077051
            ],
            [
              -70.84126363582999,
              -32.80871039077051
            ],
            [
              -70.84126363582999,
              -32.808713381163614
            ],
            [
              -70.84126288824744,
              -32.808713381163614
            ],
            [
              -70.84126288824744,
              -32.80871637155672
            ],
            [
              -70.84126214066491,
              -32.80871637155672
            ],
            [
              -70.84126214066491,
              -32.808720109548105
            ],
            [
              -70.84126139308236,
              -32.808720109548105
            ],
            [
              -70.84126139308236,
              -32.80872309994121
            ],
            [
              -70.84126064549982,
              -32.80872309994121
            ],
            [
              -70.84126064549982,
              -32.80872609033432
            ],
            [
              -70.84125989791728,
              -32.80872609033432
            ],
            [
              -70.84125989791728,
              -32.808729080727424
            ],
            [
              -70.84125915033474,
              -32.808729080727424
            ],
            [
              -70.84125915033474,
              -32.80873207112053
            ],
            [
              -70.84125840275219,
              -32.80873207112053
            ],
            [
              -70.84125840275219,
              -32.808735809111916
            ],
            [
              -70.84125765516966,
              -32.808735809111916
            ],
            [
              -70.84125765516966,
              -32.80873879950502
            ],
            [
              -70.84125690758711,
              -32.80873879950502
            ],
            [
              -70.84125690758711,
              -32.80874178989813
            ],
            [
              -70.84125616000456,
              -32.80874178989813
            ],
            [
              -70.84125616000456,
              -32.808744780291235
            ],
            [
              -70.84125541242202,
              -32.808744780291235
            ],
            [
              -70.84125541242202,
              -32.80874777068434
            ],
            [
              -70.84125466483948,
              -32.80874777068434
            ],
            [
              -70.84125466483948,
              -32.808751508675726
            ],
            [
              -70.84125391725694,
              -32.808751508675726
            ],
            [
              -70.84125391725694,
              -32.80875449906883
            ],
            [
              -70.84125316967439,
              -32.80875449906883
            ],
            [
              -70.84125316967439,
              -32.80875748946194
            ],
            [
              -70.84125242209186,
              -32.80875748946194
            ],
            [
              -70.84125242209186,
              -32.808760479855046
            ],
            [
              -70.84125167450931,
              -32.808760479855046
            ],
            [
              -70.84125167450931,
              -32.80876347024815
            ],
            [
              -70.84125092692676,
              -32.80876347024815
            ],
            [
              -70.84125092692676,
              -32.80876720823954
            ],
            [
              -70.84125017934423,
              -32.80876720823954
            ],
            [
              -70.84125017934423,
              -32.808770198632644
            ],
            [
              -70.84124943176168,
              -32.808770198632644
            ],
            [
              -70.84124943176168,
              -32.80877318902575
            ],
            [
              -70.84124868417913,
              -32.80877318902575
            ],
            [
              -70.84124868417913,
              -32.80877617941886
            ],
            [
              -70.84124793659659,
              -32.80877617941886
            ],
            [
              -70.84124793659659,
              -32.80877916981196
            ],
            [
              -70.84124718901406,
              -32.80877916981196
            ],
            [
              -70.84124718901406,
              -32.80878216020507
            ],
            [
              -70.84124644143151,
              -32.80878216020507
            ],
            [
              -70.84124644143151,
              -32.808785898196454
            ],
            [
              -70.84124569384896,
              -32.808785898196454
            ],
            [
              -70.84124569384896,
              -32.80878888858956
            ],
            [
              -70.84124494626643,
              -32.80878888858956
            ],
            [
              -70.84124494626643,
              -32.80879187898267
            ],
            [
              -70.84124419868388,
              -32.80879187898267
            ],
            [
              -70.84124419868388,
              -32.808794869375774
            ],
            [
              -70.84124345110133,
              -32.808794869375774
            ],
            [
              -70.84124345110133,
              -32.80879785976888
            ],
            [
              -70.8412427035188,
              -32.80879785976888
            ],
            [
              -70.8412427035188,
              -32.808801597760265
            ],
            [
              -70.84124195593625,
              -32.808801597760265
            ],
            [
              -70.84124195593625,
              -32.80880458815337
            ],
            [
              -70.84124120835371,
              -32.80880458815337
            ],
            [
              -70.84124120835371,
              -32.80880757854648
            ],
            [
              -70.84124046077117,
              -32.80880757854648
            ],
            [
              -70.84124046077117,
              -32.808810568939585
            ],
            [
              -70.84123971318863,
              -32.808810568939585
            ],
            [
              -70.84123971318863,
              -32.80881355933269
            ],
            [
              -70.84123896560608,
              -32.80881355933269
            ],
            [
              -70.84123896560608,
              -32.808817297324076
            ],
            [
              -70.84123821802353,
              -32.808817297324076
            ],
            [
              -70.84123821802353,
              -32.80882028771718
            ],
            [
              -70.841237470441,
              -32.80882028771718
            ],
            [
              -70.841237470441,
              -32.80882327811029
            ],
            [
              -70.84123672285845,
              -32.80882327811029
            ],
            [
              -70.84123672285845,
              -32.808826268503395
            ],
            [
              -70.84123597527591,
              -32.808826268503395
            ],
            [
              -70.84123597527591,
              -32.8088292588965
            ],
            [
              -70.84123522769337,
              -32.8088292588965
            ],
            [
              -70.84123522769337,
              -32.80883299688789
            ],
            [
              -70.84123448011083,
              -32.80883299688789
            ],
            [
              -70.84123448011083,
              -32.80883598728099
            ],
            [
              -70.84123373252828,
              -32.80883598728099
            ],
            [
              -70.84123373252828,
              -32.8088389776741
            ],
            [
              -70.84123298494575,
              -32.8088389776741
            ],
            [
              -70.84123298494575,
              -32.808841968067206
            ],
            [
              -70.8412322373632,
              -32.808841968067206
            ],
            [
              -70.8412322373632,
              -32.80884495846031
            ],
            [
              -70.84123148978065,
              -32.80884495846031
            ],
            [
              -70.84123148978065,
              -32.8088486964517
            ],
            [
              -70.84123074219812,
              -32.8088486964517
            ],
            [
              -70.84123074219812,
              -32.808851686844804
            ],
            [
              -70.84122999461557,
              -32.808851686844804
            ],
            [
              -70.84122999461557,
              -32.80885467723791
            ],
            [
              -70.84122924703303,
              -32.80885467723791
            ],
            [
              -70.84122924703303,
              -32.80885766763102
            ],
            [
              -70.84122849945048,
              -32.80885766763102
            ],
            [
              -70.84122849945048,
              -32.80886065802412
            ],
            [
              -70.84122775186795,
              -32.80886065802412
            ],
            [
              -70.84122775186795,
              -32.80886439601551
            ],
            [
              -70.8412270042854,
              -32.80886439601551
            ],
            [
              -70.8412270042854,
              -32.808867386408615
            ],
            [
              -70.84122625670285,
              -32.808867386408615
            ],
            [
              -70.84122625670285,
              -32.80887037680172
            ],
            [
              -70.84122550912032,
              -32.80887037680172
            ],
            [
              -70.84122550912032,
              -32.80887336719483
            ],
            [
              -70.84122476153777,
              -32.80887336719483
            ],
            [
              -70.84122476153777,
              -32.808876357587934
            ],
            [
              -70.84122401395523,
              -32.808876357587934
            ],
            [
              -70.84122401395523,
              -32.80887934798104
            ],
            [
              -70.8412232663727,
              -32.80887934798104
            ],
            [
              -70.8412232663727,
              -32.808883085972425
            ],
            [
              -70.84122251879015,
              -32.808883085972425
            ],
            [
              -70.84122251879015,
              -32.80888607636553
            ],
            [
              -70.8412217712076,
              -32.80888607636553
            ],
            [
              -70.8412217712076,
              -32.80888906675864
            ],
            [
              -70.84122102362505,
              -32.80888906675864
            ],
            [
              -70.84122102362505,
              -32.808892057151745
            ],
            [
              -70.84122027604252,
              -32.808892057151745
            ],
            [
              -70.84122027604252,
              -32.80889504754485
            ],
            [
              -70.84121952845997,
              -32.80889504754485
            ],
            [
              -70.84121952845997,
              -32.808898785536236
            ],
            [
              -70.84121878087743,
              -32.808898785536236
            ],
            [
              -70.84121878087743,
              -32.80890177592934
            ],
            [
              -70.8412180332949,
              -32.80890177592934
            ],
            [
              -70.8412180332949,
              -32.80890476632245
            ],
            [
              -70.84121728571235,
              -32.80890476632245
            ],
            [
              -70.84121728571235,
              -32.808907756715556
            ],
            [
              -70.8412165381298,
              -32.808907756715556
            ],
            [
              -70.8412165381298,
              -32.80891074710866
            ],
            [
              -70.84121579054727,
              -32.80891074710866
            ],
            [
              -70.84121579054727,
              -32.80891448510005
            ],
            [
              -70.84121504296472,
              -32.80891448510005
            ],
            [
              -70.84121504296472,
              -32.80891747549315
            ],
            [
              -70.84121429538217,
              -32.80891747549315
            ],
            [
              -70.84121429538217,
              -32.80892046588626
            ],
            [
              -70.84121354779964,
              -32.80892046588626
            ],
            [
              -70.84121354779964,
              -32.808923456279366
            ],
            [
              -70.8412128002171,
              -32.808923456279366
            ],
            [
              -70.8412128002171,
              -32.80892644667247
            ],
            [
              -70.84121205263455,
              -32.80892644667247
            ],
            [
              -70.84121205263455,
              -32.80893018466386
            ],
            [
              -70.841211305052,
              -32.80893018466386
            ],
            [
              -70.841211305052,
              -32.808933175056964
            ],
            [
              -70.84121055746947,
              -32.808933175056964
            ],
            [
              -70.84121055746947,
              -32.80893616545007
            ],
            [
              -70.84120980988692,
              -32.80893616545007
            ],
            [
              -70.84120980988692,
              -32.80893915584318
            ],
            [
              -70.84120906230437,
              -32.80893915584318
            ],
            [
              -70.84120906230437,
              -32.80894214623629
            ],
            [
              -70.84120831472184,
              -32.80894214623629
            ],
            [
              -70.84120831472184,
              -32.80894588422767
            ],
            [
              -70.84120756713929,
              -32.80894588422767
            ],
            [
              -70.84120756713929,
              -32.808948874620775
            ],
            [
              -70.84120681955675,
              -32.808948874620775
            ],
            [
              -70.84120681955675,
              -32.80895186501388
            ],
            [
              -70.84120607197421,
              -32.80895186501388
            ],
            [
              -70.84120607197421,
              -32.80895485540699
            ],
            [
              -70.84120532439167,
              -32.80895485540699
            ],
            [
              -70.84120532439167,
              -32.8089578458001
            ],
            [
              -70.84120457680912,
              -32.8089578458001
            ],
            [
              -70.84120457680912,
              -32.80896158379148
            ],
            [
              -70.84120382922659,
              -32.80896158379148
            ],
            [
              -70.84120382922659,
              -32.808964574184586
            ],
            [
              -70.84120308164404,
              -32.808964574184586
            ],
            [
              -70.84120308164404,
              -32.80896756457769
            ],
            [
              -70.84120233406149,
              -32.80896756457769
            ],
            [
              -70.84120233406149,
              -32.808970554970806
            ],
            [
              -70.84120158647895,
              -32.808970554970806
            ],
            [
              -70.84120158647895,
              -32.80897354536391
            ],
            [
              -70.84120083889641,
              -32.80897354536391
            ],
            [
              -70.84120083889641,
              -32.80897653575702
            ],
            [
              -70.84120009131387,
              -32.80897653575702
            ],
            [
              -70.84120009131387,
              -32.808980273748396
            ],
            [
              -70.84119934373132,
              -32.808980273748396
            ],
            [
              -70.84119934373132,
              -32.80898326414151
            ],
            [
              -70.84119859614879,
              -32.80898326414151
            ],
            [
              -70.84119859614879,
              -32.80898625453462
            ],
            [
              -70.84119784856624,
              -32.80898625453462
            ],
            [
              -70.84119784856624,
              -32.80898924492772
            ],
            [
              -70.84119710098369,
              -32.80898924492772
            ],
            [
              -70.84119710098369,
              -32.80899223532083
            ],
            [
              -70.84119635340116,
              -32.80899223532083
            ],
            [
              -70.84119635340116,
              -32.808995973312214
            ],
            [
              -70.84119560581861,
              -32.808995973312214
            ],
            [
              -70.84119560581861,
              -32.80899896370532
            ],
            [
              -70.84119485823607,
              -32.80899896370532
            ],
            [
              -70.84119485823607,
              -32.80900195409843
            ],
            [
              -70.84119411065352,
              -32.80900195409843
            ],
            [
              -70.84119411065352,
              -32.809004944491534
            ],
            [
              -70.84119336307099,
              -32.809004944491534
            ],
            [
              -70.84119336307099,
              -32.80900793488464
            ],
            [
              -70.84119261548844,
              -32.80900793488464
            ],
            [
              -70.84119261548844,
              -32.809011672876025
            ],
            [
              -70.84119186790589,
              -32.809011672876025
            ],
            [
              -70.84119186790589,
              -32.80901466326913
            ],
            [
              -70.84119112032336,
              -32.80901466326913
            ],
            [
              -70.84119112032336,
              -32.80901765366224
            ],
            [
              -70.84119037274081,
              -32.80901765366224
            ],
            [
              -70.84119037274081,
              -32.809020644055344
            ],
            [
              -70.84118962515826,
              -32.809020644055344
            ],
            [
              -70.84118962515826,
              -32.80902363444845
            ],
            [
              -70.84118887757573,
              -32.80902363444845
            ],
            [
              -70.84118887757573,
              -32.809027372439836
            ],
            [
              -70.84118812999318,
              -32.809027372439836
            ],
            [
              -70.84118812999318,
              -32.80903036283294
            ],
            [
              -70.84118738241064,
              -32.80903036283294
            ],
            [
              -70.84118738241064,
              -32.80903335322605
            ],
            [
              -70.8411866348281,
              -32.80903335322605
            ],
            [
              -70.8411866348281,
              -32.809036343619155
            ],
            [
              -70.84118588724556,
              -32.809036343619155
            ],
            [
              -70.84118588724556,
              -32.80903933401226
            ],
            [
              -70.84118513966301,
              -32.80903933401226
            ],
            [
              -70.84118513966301,
              -32.80904307200365
            ],
            [
              -70.84118439208046,
              -32.80904307200365
            ],
            [
              -70.84118439208046,
              -32.80904606239675
            ],
            [
              -70.84118364449793,
              -32.80904606239675
            ],
            [
              -70.84118364449793,
              -32.80904905278986
            ],
            [
              -70.84118289691538,
              -32.80904905278986
            ],
            [
              -70.84118289691538,
              -32.809052043182966
            ],
            [
              -70.84118214933284,
              -32.809052043182966
            ],
            [
              -70.84118214933284,
              -32.80905503357607
            ],
            [
              -70.8411814017503,
              -32.80905503357607
            ],
            [
              -70.8411814017503,
              -32.80905877156746
            ],
            [
              -70.84118065416776,
              -32.80905877156746
            ],
            [
              -70.84118065416776,
              -32.809061761960564
            ],
            [
              -70.84117990658521,
              -32.809061761960564
            ],
            [
              -70.84117990658521,
              -32.80906475235367
            ],
            [
              -70.84117915900268,
              -32.80906475235367
            ],
            [
              -70.84117915900268,
              -32.80906774274678
            ],
            [
              -70.84117841142013,
              -32.80906774274678
            ],
            [
              -70.84117841142013,
              -32.80907073313988
            ],
            [
              -70.84117766383758,
              -32.80907073313988
            ],
            [
              -70.84117766383758,
              -32.80907372353299
            ],
            [
              -70.84117691625504,
              -32.80907372353299
            ],
            [
              -70.84117691625504,
              -32.809077461524375
            ],
            [
              -70.8411761686725,
              -32.809077461524375
            ],
            [
              -70.8411761686725,
              -32.80908045191748
            ],
            [
              -70.84117542108996,
              -32.80908045191748
            ],
            [
              -70.84117542108996,
              -32.80908344231059
            ],
            [
              -70.84117467350741,
              -32.80908344231059
            ],
            [
              -70.84117467350741,
              -32.809086432703694
            ],
            [
              -70.84117392592488,
              -32.809086432703694
            ],
            [
              -70.84117392592488,
              -32.8090894230968
            ],
            [
              -70.84117317834233,
              -32.8090894230968
            ],
            [
              -70.84117317834233,
              -32.809093161088185
            ],
            [
              -70.84117243075978,
              -32.809093161088185
            ],
            [
              -70.84117243075978,
              -32.80909615148129
            ],
            [
              -70.84117168317725,
              -32.80909615148129
            ],
            [
              -70.84117168317725,
              -32.8090991418744
            ],
            [
              -70.8411709355947,
              -32.8090991418744
            ],
            [
              -70.8411709355947,
              -32.809102132267505
            ],
            [
              -70.84117018801216,
              -32.809102132267505
            ],
            [
              -70.84117018801216,
              -32.80910512266061
            ],
            [
              -70.84116944042962,
              -32.80910512266061
            ],
            [
              -70.84116944042962,
              -32.809108860651996
            ],
            [
              -70.84116869284708,
              -32.809108860651996
            ],
            [
              -70.84116869284708,
              -32.8091118510451
            ],
            [
              -70.84116794526453,
              -32.8091118510451
            ],
            [
              -70.84116794526453,
              -32.80911484143821
            ],
            [
              -70.84116719768198,
              -32.80911484143821
            ],
            [
              -70.84116719768198,
              -32.809117831831315
            ],
            [
              -70.84116645009945,
              -32.809117831831315
            ],
            [
              -70.84116645009945,
              -32.80912082222442
            ],
            [
              -70.8411657025169,
              -32.80912082222442
            ],
            [
              -70.8411657025169,
              -32.80912456021581
            ],
            [
              -70.84116495493436,
              -32.80912456021581
            ],
            [
              -70.84116495493436,
              -32.80912755060891
            ],
            [
              -70.84116420735182,
              -32.80912755060891
            ],
            [
              -70.84116420735182,
              -32.80913054100202
            ],
            [
              -70.84116345976928,
              -32.80913054100202
            ],
            [
              -70.84116345976928,
              -32.809133531395126
            ],
            [
              -70.84116271218673,
              -32.809133531395126
            ],
            [
              -70.84116271218673,
              -32.80913652178823
            ],
            [
              -70.8411619646042,
              -32.80913652178823
            ],
            [
              -70.8411619646042,
              -32.80914025977962
            ],
            [
              -70.84116121702165,
              -32.80914025977962
            ],
            [
              -70.84116121702165,
              -32.809143250172724
            ],
            [
              -70.8411604694391,
              -32.809143250172724
            ],
            [
              -70.8411604694391,
              -32.80914624056583
            ],
            [
              -70.84115972185657,
              -32.80914624056583
            ],
            [
              -70.84115972185657,
              -32.80914923095894
            ],
            [
              -70.84115897427402,
              -32.80914923095894
            ],
            [
              -70.84115897427402,
              -32.80915222135204
            ],
            [
              -70.84115822669148,
              -32.80915222135204
            ],
            [
              -70.84115822669148,
              -32.80915595934343
            ],
            [
              -70.84115747910893,
              -32.80915595934343
            ],
            [
              -70.84115747910893,
              -32.809158949736535
            ],
            [
              -70.8411567315264,
              -32.809158949736535
            ],
            [
              -70.8411567315264,
              -32.80916194012964
            ],
            [
              -70.84115598394385,
              -32.80916194012964
            ],
            [
              -70.84115598394385,
              -32.80916493052275
            ],
            [
              -70.8411552363613,
              -32.80916493052275
            ],
            [
              -70.8411552363613,
              -32.809167920915854
            ],
            [
              -70.84115448877877,
              -32.809167920915854
            ],
            [
              -70.84115448877877,
              -32.80917091130896
            ],
            [
              -70.84115374119622,
              -32.80917091130896
            ],
            [
              -70.84115374119622,
              -32.809174649300346
            ],
            [
              -70.84115299361368,
              -32.809174649300346
            ],
            [
              -70.84115299361368,
              -32.80917763969345
            ],
            [
              -70.84115224603114,
              -32.80917763969345
            ],
            [
              -70.84115224603114,
              -32.80918063008656
            ],
            [
              -70.8411514984486,
              -32.80918063008656
            ],
            [
              -70.8411514984486,
              -32.809183620479665
            ],
            [
              -70.84115075086605,
              -32.809183620479665
            ],
            [
              -70.84115075086605,
              -32.80918661087277
            ],
            [
              -70.8411500032835,
              -32.80918661087277
            ],
            [
              -70.8411500032835,
              -32.809190348864156
            ],
            [
              -70.84114925570097,
              -32.809190348864156
            ],
            [
              -70.84114925570097,
              -32.80919333925726
            ],
            [
              -70.84114850811842,
              -32.80919333925726
            ],
            [
              -70.84114850811842,
              -32.80919632965037
            ],
            [
              -70.84114776053588,
              -32.80919632965037
            ],
            [
              -70.84114776053588,
              -32.809199320043476
            ],
            [
              -70.84114701295334,
              -32.809199320043476
            ],
            [
              -70.84114701295334,
              -32.80920231043658
            ],
            [
              -70.8411462653708,
              -32.80920231043658
            ],
            [
              -70.8411462653708,
              -32.80920604842797
            ],
            [
              -70.84114551778825,
              -32.80920604842797
            ],
            [
              -70.84114551778825,
              -32.80920903882107
            ],
            [
              -70.84114477020572,
              -32.80920903882107
            ],
            [
              -70.84114477020572,
              -32.80921202921418
            ],
            [
              -70.84114402262317,
              -32.80921202921418
            ],
            [
              -70.84114402262317,
              -32.80921501960729
            ],
            [
              -70.84114327504062,
              -32.80921501960729
            ],
            [
              -70.84114327504062,
              -32.80921801000039
            ],
            [
              -70.84114252745809,
              -32.80921801000039
            ],
            [
              -70.84114252745809,
              -32.80922174799178
            ],
            [
              -70.84114177987554,
              -32.80922174799178
            ],
            [
              -70.84114177987554,
              -32.809224738384884
            ],
            [
              -70.841141032293,
              -32.809224738384884
            ],
            [
              -70.841141032293,
              -32.80922772877799
            ],
            [
              -70.84114028471045,
              -32.80922772877799
            ],
            [
              -70.84114028471045,
              -32.8092307191711
            ],
            [
              -70.84113953712792,
              -32.8092307191711
            ],
            [
              -70.84113953712792,
              -32.809233709564204
            ],
            [
              -70.84113878954537,
              -32.809233709564204
            ],
            [
              -70.84113878954537,
              -32.80923744755559
            ],
            [
              -70.84113804196282,
              -32.80923744755559
            ],
            [
              -70.84113804196282,
              -32.809240437948695
            ],
            [
              -70.84113729438029,
              -32.809240437948695
            ],
            [
              -70.84113729438029,
              -32.8092434283418
            ],
            [
              -70.84113654679774,
              -32.8092434283418
            ],
            [
              -70.84113654679774,
              -32.80924641873491
            ],
            [
              -70.8411357992152,
              -32.80924641873491
            ],
            [
              -70.8411357992152,
              -32.809249409128014
            ],
            [
              -70.84113505163266,
              -32.809249409128014
            ],
            [
              -70.84113505163266,
              -32.8092531471194
            ],
            [
              -70.84113430405012,
              -32.8092531471194
            ],
            [
              -70.84113430405012,
              -32.809256137512506
            ],
            [
              -70.84113355646757,
              -32.809256137512506
            ],
            [
              -70.84113355646757,
              -32.80925912790561
            ],
            [
              -70.84113280888502,
              -32.80925912790561
            ],
            [
              -70.84113280888502,
              -32.80926211829872
            ],
            [
              -70.84113206130249,
              -32.80926211829872
            ],
            [
              -70.84113206130249,
              -32.80926510869183
            ],
            [
              -70.84113131371994,
              -32.80926510869183
            ],
            [
              -70.84113131371994,
              -32.80926809908494
            ],
            [
              -70.8411305661374,
              -32.80926809908494
            ],
            [
              -70.8411305661374,
              -32.80927183707632
            ],
            [
              -70.84112981855486,
              -32.80927183707632
            ],
            [
              -70.84112981855486,
              -32.80927482746942
            ],
            [
              -70.84112907097231,
              -32.80927482746942
            ],
            [
              -70.84112907097231,
              -32.80927781786254
            ],
            [
              -70.84112832338977,
              -32.80927781786254
            ],
            [
              -70.84112832338977,
              -32.80928080825564
            ],
            [
              -70.84112757580723,
              -32.80928080825564
            ],
            [
              -70.84112757580723,
              -32.80928379864875
            ],
            [
              -70.84112682822469,
              -32.80928379864875
            ],
            [
              -70.84112682822469,
              -32.80928753664013
            ],
            [
              -70.84112608064214,
              -32.80928753664013
            ],
            [
              -70.84112608064214,
              -32.809290527033234
            ],
            [
              -70.84112533305961,
              -32.809290527033234
            ],
            [
              -70.84112533305961,
              -32.80929351742635
            ],
            [
              -70.84112458547706,
              -32.80929351742635
            ],
            [
              -70.84112458547706,
              -32.809296507819454
            ],
            [
              -70.84112383789451,
              -32.809296507819454
            ],
            [
              -70.84112383789451,
              -32.80929949821256
            ],
            [
              -70.84112309031197,
              -32.80929949821256
            ],
            [
              -70.84112309031197,
              -32.80930323620394
            ],
            [
              -70.84112234272943,
              -32.80930323620394
            ],
            [
              -70.84112234272943,
              -32.80930622659705
            ],
            [
              -70.84112159514689,
              -32.80930622659705
            ],
            [
              -70.84112159514689,
              -32.80930921699016
            ],
            [
              -70.84112084756434,
              -32.80930921699016
            ],
            [
              -70.84112084756434,
              -32.809312207383265
            ],
            [
              -70.84112009998181,
              -32.809312207383265
            ],
            [
              -70.84112009998181,
              -32.80931519777637
            ],
            [
              -70.84111935239926,
              -32.80931519777637
            ],
            [
              -70.84111935239926,
              -32.809318935767756
            ],
            [
              -70.84111860481671,
              -32.809318935767756
            ],
            [
              -70.84111860481671,
              -32.80932192616086
            ],
            [
              -70.84111785723418,
              -32.80932192616086
            ],
            [
              -70.84111785723418,
              -32.80932491655397
            ],
            [
              -70.84111710965163,
              -32.80932491655397
            ],
            [
              -70.84111710965163,
              -32.809327906947075
            ],
            [
              -70.84111636206909,
              -32.809327906947075
            ],
            [
              -70.84111636206909,
              -32.80933089734018
            ],
            [
              -70.84111561448655,
              -32.80933089734018
            ],
            [
              -70.84111561448655,
              -32.80933463533157
            ],
            [
              -70.84111486690401,
              -32.80933463533157
            ],
            [
              -70.84111486690401,
              -32.80933762572467
            ],
            [
              -70.84111411932146,
              -32.80933762572467
            ],
            [
              -70.84111411932146,
              -32.80934061611778
            ],
            [
              -70.84111337173891,
              -32.80934061611778
            ],
            [
              -70.84111337173891,
              -32.809343606510886
            ],
            [
              -70.84111262415638,
              -32.809343606510886
            ],
            [
              -70.84111262415638,
              -32.80934659690399
            ],
            [
              -70.84111187657383,
              -32.80934659690399
            ],
            [
              -70.84111187657383,
              -32.80935033489538
            ],
            [
              -70.84111112899129,
              -32.80935033489538
            ],
            [
              -70.84111112899129,
              -32.809353325288484
            ],
            [
              -70.84111038140875,
              -32.809353325288484
            ],
            [
              -70.84111038140875,
              -32.80935631568159
            ],
            [
              -70.8411096338262,
              -32.80935631568159
            ],
            [
              -70.8411096338262,
              -32.8093593060747
            ],
            [
              -70.84110888624366,
              -32.8093593060747
            ],
            [
              -70.84110888624366,
              -32.8093622964678
            ],
            [
              -70.84110813866113,
              -32.8093622964678
            ],
            [
              -70.84110813866113,
              -32.80936528686091
            ],
            [
              -70.84110739107858,
              -32.80936528686091
            ],
            [
              -70.84110739107858,
              -32.809369024852295
            ],
            [
              -70.84110664349603,
              -32.809369024852295
            ],
            [
              -70.84110664349603,
              -32.8093720152454
            ],
            [
              -70.84110589591349,
              -32.8093720152454
            ],
            [
              -70.84110589591349,
              -32.80937500563851
            ],
            [
              -70.84110514833095,
              -32.80937500563851
            ],
            [
              -70.84110514833095,
              -32.809377996031614
            ],
            [
              -70.8411044007484,
              -32.809377996031614
            ],
            [
              -70.8411044007484,
              -32.80938098642472
            ],
            [
              -70.84110365316586,
              -32.80938098642472
            ],
            [
              -70.84110365316586,
              -32.809384724416105
            ],
            [
              -70.84110290558333,
              -32.809384724416105
            ],
            [
              -70.84110290558333,
              -32.80938771480921
            ],
            [
              -70.84110215800078,
              -32.80938771480921
            ],
            [
              -70.84110215800078,
              -32.80939070520232
            ],
            [
              -70.84110141041823,
              -32.80939070520232
            ],
            [
              -70.84110141041823,
              -32.809393695595425
            ],
            [
              -70.8411006628357,
              -32.809393695595425
            ],
            [
              -70.8411006628357,
              -32.80939668598853
            ],
            [
              -70.84109991525315,
              -32.80939668598853
            ],
            [
              -70.84109991525315,
              -32.809400423979916
            ],
            [
              -70.8410991676706,
              -32.809400423979916
            ],
            [
              -70.8410991676706,
              -32.80940341437302
            ],
            [
              -70.84109842008807,
              -32.80940341437302
            ],
            [
              -70.84109842008807,
              -32.80940640476613
            ],
            [
              -70.84109767250553,
              -32.80940640476613
            ],
            [
              -70.84109767250553,
              -32.809409395159236
            ],
            [
              -70.84109692492298,
              -32.809409395159236
            ],
            [
              -70.84109692492298,
              -32.80941238555234
            ],
            [
              -70.84109617734043,
              -32.80941238555234
            ],
            [
              -70.84109617734043,
              -32.80941612354373
            ],
            [
              -70.8410954297579,
              -32.80941612354373
            ],
            [
              -70.8410954297579,
              -32.80941911393683
            ],
            [
              -70.84109468217535,
              -32.80941911393683
            ],
            [
              -70.84109468217535,
              -32.80942210432994
            ],
            [
              -70.8410939345928,
              -32.80942210432994
            ],
            [
              -70.8410939345928,
              -32.809425094723046
            ],
            [
              -70.84109318701027,
              -32.809425094723046
            ],
            [
              -70.84109318701027,
              -32.80942808511615
            ],
            [
              -70.84109243942773,
              -32.80942808511615
            ],
            [
              -70.84109243942773,
              -32.80943182310754
            ],
            [
              -70.84109169184518,
              -32.80943182310754
            ],
            [
              -70.84109169184518,
              -32.809434813500644
            ],
            [
              -70.84109094426265,
              -32.809434813500644
            ],
            [
              -70.84109094426265,
              -32.80943780389375
            ],
            [
              -70.8410901966801,
              -32.80943780389375
            ],
            [
              -70.8410901966801,
              -32.80944079428686
            ],
            [
              -70.84108944909755,
              -32.80944079428686
            ],
            [
              -70.84108944909755,
              -32.809443784679964
            ],
            [
              -70.841088701515,
              -32.809443784679964
            ],
            [
              -70.841088701515,
              -32.80944752267135
            ],
            [
              -70.84108795393247,
              -32.80944752267135
            ],
            [
              -70.84108795393247,
              -32.809450513064455
            ],
            [
              -70.84108720634993,
              -32.809450513064455
            ],
            [
              -70.84108720634993,
              -32.80945350345756
            ],
            [
              -70.84108645876738,
              -32.80945350345756
            ],
            [
              -70.84108645876738,
              -32.80945649385067
            ],
            [
              -70.84108571118485,
              -32.80945649385067
            ],
            [
              -70.84108571118485,
              -32.809459484243774
            ],
            [
              -70.8410849636023,
              -32.809459484243774
            ],
            [
              -70.8410849636023,
              -32.80946247463688
            ],
            [
              -70.84108421601975,
              -32.80946247463688
            ],
            [
              -70.84108421601975,
              -32.809466212628266
            ],
            [
              -70.84108346843722,
              -32.809466212628266
            ],
            [
              -70.84108346843722,
              -32.80946920302137
            ],
            [
              -70.84108272085467,
              -32.80946920302137
            ],
            [
              -70.84108272085467,
              -32.80947219341448
            ],
            [
              -70.84108197327213,
              -32.80947219341448
            ],
            [
              -70.84108197327213,
              -32.809475183807585
            ],
            [
              -70.84108122568959,
              -32.809475183807585
            ],
            [
              -70.84108122568959,
              -32.80947817420069
            ],
            [
              -70.84108047810705,
              -32.80947817420069
            ],
            [
              -70.84108047810705,
              -32.809481912192076
            ],
            [
              -70.8410797305245,
              -32.809481912192076
            ],
            [
              -70.8410797305245,
              -32.80948490258518
            ],
            [
              -70.84107898294195,
              -32.80948490258518
            ],
            [
              -70.84107898294195,
              -32.80948789297829
            ],
            [
              -70.84107823535942,
              -32.80948789297829
            ],
            [
              -70.84107823535942,
              -32.809490883371396
            ],
            [
              -70.84107748777687,
              -32.809490883371396
            ],
            [
              -70.84107748777687,
              -32.8094938737645
            ],
            [
              -70.84107674019432,
              -32.8094938737645
            ],
            [
              -70.84107674019432,
              -32.80949761175589
            ],
            [
              -70.84107599261179,
              -32.80949761175589
            ],
            [
              -70.84107599261179,
              -32.809500602148994
            ],
            [
              -70.84107524502924,
              -32.809500602148994
            ],
            [
              -70.84107524502924,
              -32.8095035925421
            ],
            [
              -70.8410744974467,
              -32.8095035925421
            ],
            [
              -70.8410744974467,
              -32.80950658293521
            ],
            [
              -70.84107374986417,
              -32.80950658293521
            ],
            [
              -70.84107374986417,
              -32.80950957332831
            ],
            [
              -70.84107300228162,
              -32.80950957332831
            ],
            [
              -70.84107300228162,
              -32.8095133113197
            ],
            [
              -70.84107225469907,
              -32.8095133113197
            ],
            [
              -70.84107225469907,
              -32.809516301712804
            ],
            [
              -70.84107150711654,
              -32.809516301712804
            ],
            [
              -70.84107150711654,
              -32.80951929210591
            ],
            [
              -70.84107075953399,
              -32.80951929210591
            ],
            [
              -70.84107075953399,
              -32.80952228249902
            ],
            [
              -70.84107001195144,
              -32.80952228249902
            ],
            [
              -70.84107001195144,
              -32.809525272892124
            ],
            [
              -70.8410692643689,
              -32.809525272892124
            ],
            [
              -70.8410692643689,
              -32.80952901088351
            ],
            [
              -70.84106851678636,
              -32.80952901088351
            ],
            [
              -70.84106851678636,
              -32.809532001276615
            ],
            [
              -70.84106776920382,
              -32.809532001276615
            ],
            [
              -70.84106776920382,
              -32.80953499166972
            ],
            [
              -70.84106702162127,
              -32.80953499166972
            ],
            [
              -70.84106702162127,
              -32.80953798206283
            ],
            [
              -70.84106627403874,
              -32.80953798206283
            ],
            [
              -70.84106627403874,
              -32.809540972455935
            ],
            [
              -70.84106552645619,
              -32.809540972455935
            ],
            [
              -70.84106552645619,
              -32.80954471044732
            ],
            [
              -70.84106477887364,
              -32.80954471044732
            ],
            [
              -70.84106477887364,
              -32.809547700840426
            ],
            [
              -70.84106403129111,
              -32.809547700840426
            ],
            [
              -70.84106403129111,
              -32.80955069123353
            ],
            [
              -70.84106328370856,
              -32.80955069123353
            ],
            [
              -70.84106328370856,
              -32.80955368162664
            ],
            [
              -70.84106253612602,
              -32.80955368162664
            ],
            [
              -70.84106253612602,
              -32.809556672019745
            ],
            [
              -70.84106178854347,
              -32.809556672019745
            ],
            [
              -70.84106178854347,
              -32.80955966241285
            ],
            [
              -70.84106104096094,
              -32.80955966241285
            ],
            [
              -70.84106104096094,
              -32.80956340040424
            ],
            [
              -70.84106029337839,
              -32.80956340040424
            ],
            [
              -70.84106029337839,
              -32.80956639079734
            ],
            [
              -70.84105954579584,
              -32.80956639079734
            ],
            [
              -70.84105954579584,
              -32.80956938119045
            ],
            [
              -70.84105879821331,
              -32.80956938119045
            ],
            [
              -70.84105879821331,
              -32.809572371583556
            ],
            [
              -70.84105805063076,
              -32.809572371583556
            ],
            [
              -70.84105805063076,
              -32.80957536197667
            ],
            [
              -70.84105730304822,
              -32.80957536197667
            ],
            [
              -70.84105730304822,
              -32.80957909996805
            ],
            [
              -70.84105655546568,
              -32.80957909996805
            ],
            [
              -70.84105655546568,
              -32.809582090361154
            ],
            [
              -70.84105580788314,
              -32.809582090361154
            ],
            [
              -70.84105580788314,
              -32.80958508075426
            ],
            [
              -70.84105506030059,
              -32.80958508075426
            ],
            [
              -70.84105506030059,
              -32.809588071147374
            ],
            [
              -70.84105431271806,
              -32.809588071147374
            ],
            [
              -70.84105431271806,
              -32.80959106154048
            ],
            [
              -70.84105356513551,
              -32.80959106154048
            ],
            [
              -70.84105356513551,
              -32.80959479953186
            ],
            [
              -70.84105281755296,
              -32.80959479953186
            ],
            [
              -70.84105281755296,
              -32.809597789924965
            ],
            [
              -70.84105206997042,
              -32.809597789924965
            ],
            [
              -70.84105206997042,
              -32.80960078031808
            ],
            [
              -70.84105132238788,
              -32.80960078031808
            ],
            [
              -70.84105132238788,
              -32.809603770711185
            ],
            [
              -70.84105057480534,
              -32.809603770711185
            ],
            [
              -70.84105057480534,
              -32.80960676110429
            ],
            [
              -70.84104982722279,
              -32.80960676110429
            ],
            [
              -70.84104982722279,
              -32.80961049909567
            ],
            [
              -70.84104907964026,
              -32.80961049909567
            ],
            [
              -70.84104907964026,
              -32.809613489488775
            ],
            [
              -70.84104833205771,
              -32.809613489488775
            ],
            [
              -70.84104833205771,
              -32.80961647988189
            ],
            [
              -70.84104758447516,
              -32.80961647988189
            ],
            [
              -70.84104758447516,
              -32.809619470274995
            ],
            [
              -70.84104683689263,
              -32.809619470274995
            ],
            [
              -70.84104683689263,
              -32.8096224606681
            ],
            [
              -70.84104608931008,
              -32.8096224606681
            ],
            [
              -70.84104608931008,
              -32.80962619865948
            ],
            [
              -70.84104534172754,
              -32.80962619865948
            ],
            [
              -70.84104534172754,
              -32.80962918905259
            ],
            [
              -70.84104459414499,
              -32.80962918905259
            ],
            [
              -70.84104459414499,
              -32.8096321794457
            ],
            [
              -70.84104384656246,
              -32.8096321794457
            ],
            [
              -70.84104384656246,
              -32.809635169838806
            ],
            [
              -70.84104309897991,
              -32.809635169838806
            ],
            [
              -70.84104309897991,
              -32.80963816023191
            ],
            [
              -70.84104235139736,
              -32.80963816023191
            ],
            [
              -70.84104235139736,
              -32.8096418982233
            ],
            [
              -70.84104160381483,
              -32.8096418982233
            ],
            [
              -70.84104160381483,
              -32.809644888616404
            ],
            [
              -70.84104085623228,
              -32.809644888616404
            ],
            [
              -70.84104085623228,
              -32.80964787900951
            ],
            [
              -70.84104010864974,
              -32.80964787900951
            ],
            [
              -70.84104010864974,
              -32.80965086940262
            ],
            [
              -70.8410393610672,
              -32.80965086940262
            ],
            [
              -70.8410393610672,
              -32.80965385979572
            ],
            [
              -70.84103861348466,
              -32.80965385979572
            ],
            [
              -70.84103861348466,
              -32.80965685018883
            ],
            [
              -70.84103786590211,
              -32.80965685018883
            ],
            [
              -70.84103786590211,
              -32.809660588180215
            ],
            [
              -70.84103711831958,
              -32.809660588180215
            ],
            [
              -70.84103711831958,
              -32.80966357857332
            ],
            [
              -70.84103637073703,
              -32.80966357857332
            ],
            [
              -70.84103637073703,
              -32.80966656896643
            ],
            [
              -70.84103562315448,
              -32.80966656896643
            ],
            [
              -70.84103562315448,
              -32.809669559359534
            ],
            [
              -70.84103487557194,
              -32.809669559359534
            ],
            [
              -70.84103487557194,
              -32.80967254975264
            ],
            [
              -70.8410341279894,
              -32.80967254975264
            ],
            [
              -70.8410341279894,
              -32.809676287744026
            ],
            [
              -70.84103338040686,
              -32.809676287744026
            ],
            [
              -70.84103338040686,
              -32.80967927813713
            ],
            [
              -70.84103263282431,
              -32.80967927813713
            ],
            [
              -70.84103263282431,
              -32.80968226853024
            ],
            [
              -70.84103188524178,
              -32.80968226853024
            ],
            [
              -70.84103188524178,
              -32.809685258923345
            ],
            [
              -70.84103113765923,
              -32.809685258923345
            ],
            [
              -70.84103113765923,
              -32.80968824931645
            ],
            [
              -70.84103039007668,
              -32.80968824931645
            ],
            [
              -70.84103039007668,
              -32.809691987307836
            ],
            [
              -70.84102964249415,
              -32.809691987307836
            ],
            [
              -70.84102964249415,
              -32.80969497770094
            ],
            [
              -70.8410288949116,
              -32.80969497770094
            ],
            [
              -70.8410288949116,
              -32.80969796809405
            ],
            [
              -70.84102814732906,
              -32.80969796809405
            ],
            [
              -70.84102814732906,
              -32.809700958487156
            ],
            [
              -70.84102739974652,
              -32.809700958487156
            ],
            [
              -70.84102739974652,
              -32.80970394888026
            ],
            [
              -70.84102665216398,
              -32.80970394888026
            ],
            [
              -70.84102665216398,
              -32.80970768687165
            ],
            [
              -70.84102590458143,
              -32.80970768687165
            ],
            [
              -70.84102590458143,
              -32.80971067726475
            ],
            [
              -70.84102515699888,
              -32.80971067726475
            ],
            [
              -70.84102515699888,
              -32.80971366765786
            ],
            [
              -70.84102440941635,
              -32.80971366765786
            ],
            [
              -70.84102440941635,
              -32.80971665805097
            ],
            [
              -70.8410236618338,
              -32.80971665805097
            ],
            [
              -70.8410236618338,
              -32.80971964844407
            ],
            [
              -70.84102291425125,
              -32.80971964844407
            ],
            [
              -70.84102291425125,
              -32.80972338643546
            ],
            [
              -70.84102216666872,
              -32.80972338643546
            ],
            [
              -70.84102216666872,
              -32.809726376828564
            ],
            [
              -70.84102141908618,
              -32.809726376828564
            ],
            [
              -70.84102141908618,
              -32.80972936722167
            ],
            [
              -70.84102067150363,
              -32.80972936722167
            ],
            [
              -70.84102067150363,
              -32.80973235761478
            ],
            [
              -70.8410199239211,
              -32.80973235761478
            ],
            [
              -70.8410199239211,
              -32.809735348007884
            ],
            [
              -70.84101917633855,
              -32.809735348007884
            ],
            [
              -70.84101917633855,
              -32.80973908599927
            ],
            [
              -70.841018428756,
              -32.80973908599927
            ],
            [
              -70.841018428756,
              -32.809742076392375
            ],
            [
              -70.84101768117345,
              -32.809742076392375
            ],
            [
              -70.84101768117345,
              -32.80974506678548
            ],
            [
              -70.84101693359092,
              -32.80974506678548
            ],
            [
              -70.84101693359092,
              -32.80974805717859
            ],
            [
              -70.84101618600837,
              -32.80974805717859
            ],
            [
              -70.84101618600837,
              -32.809751047571694
            ],
            [
              -70.84101543842583,
              -32.809751047571694
            ],
            [
              -70.84101543842583,
              -32.8097540379648
            ],
            [
              -70.8410146908433,
              -32.8097540379648
            ],
            [
              -70.8410146908433,
              -32.809757775956186
            ],
            [
              -70.84101394326075,
              -32.809757775956186
            ],
            [
              -70.84101394326075,
              -32.80976076634929
            ],
            [
              -70.8410131956782,
              -32.80976076634929
            ],
            [
              -70.8410131956782,
              -32.8097637567424
            ],
            [
              -70.84101244809567,
              -32.8097637567424
            ],
            [
              -70.84101244809567,
              -32.809766747135505
            ],
            [
              -70.84101170051312,
              -32.809766747135505
            ],
            [
              -70.84101170051312,
              -32.80976973752861
            ],
            [
              -70.84101095293057,
              -32.80976973752861
            ],
            [
              -70.84101095293057,
              -32.80977347552
            ],
            [
              -70.84101020534804,
              -32.80977347552
            ],
            [
              -70.84101020534804,
              -32.8097764659131
            ],
            [
              -70.8410094577655,
              -32.8097764659131
            ],
            [
              -70.8410094577655,
              -32.80977945630621
            ],
            [
              -70.84100871018295,
              -32.80977945630621
            ],
            [
              -70.84100871018295,
              -32.809782446699316
            ],
            [
              -70.8410079626004,
              -32.809782446699316
            ],
            [
              -70.8410079626004,
              -32.80978543709242
            ],
            [
              -70.84100721501787,
              -32.80978543709242
            ],
            [
              -70.84100721501787,
              -32.80978917508381
            ],
            [
              -70.84100646743532,
              -32.80978917508381
            ],
            [
              -70.84100646743532,
              -32.809792165476914
            ],
            [
              -70.84100571985277,
              -32.809792165476914
            ],
            [
              -70.84100571985277,
              -32.80979515587002
            ],
            [
              -70.84100497227024,
              -32.80979515587002
            ],
            [
              -70.84100497227024,
              -32.80979814626313
            ],
            [
              -70.8410042246877,
              -32.80979814626313
            ],
            [
              -70.8410042246877,
              -32.80980113665623
            ],
            [
              -70.84100347710515,
              -32.80980113665623
            ],
            [
              -70.84100347710515,
              -32.80980487464762
            ],
            [
              -70.84100272952261,
              -32.80980487464762
            ],
            [
              -70.84100272952261,
              -32.809807865040725
            ],
            [
              -70.84100198194007,
              -32.809807865040725
            ],
            [
              -70.84100198194007,
              -32.80981085543383
            ],
            [
              -70.84100123435752,
              -32.80981085543383
            ],
            [
              -70.84100123435752,
              -32.80981384582694
            ],
            [
              -70.84100048677499,
              -32.80981384582694
            ],
            [
              -70.84100048677499,
              -32.809816836220044
            ],
            [
              -70.84099973919244,
              -32.809816836220044
            ],
            [
              -70.84099973919244,
              -32.80982057421143
            ],
            [
              -70.8409989916099,
              -32.80982057421143
            ],
            [
              -70.8409989916099,
              -32.809823564604535
            ],
            [
              -70.84099824402735,
              -32.809823564604535
            ],
            [
              -70.84099824402735,
              -32.80982655499764
            ],
            [
              -70.84099749644481,
              -32.80982655499764
            ],
            [
              -70.84099749644481,
              -32.80982954539075
            ],
            [
              -70.84099674886227,
              -32.80982954539075
            ],
            [
              -70.84099674886227,
              -32.809832535783855
            ],
            [
              -70.84099600127972,
              -32.809832535783855
            ],
            [
              -70.84099600127972,
              -32.80983627377524
            ],
            [
              -70.84099525369719,
              -32.80983627377524
            ],
            [
              -70.84099525369719,
              -32.809839264168346
            ],
            [
              -70.84099450611464,
              -32.809839264168346
            ],
            [
              -70.84099450611464,
              -32.80984225456145
            ],
            [
              -70.8409937585321,
              -32.80984225456145
            ],
            [
              -70.8409937585321,
              -32.80984524495456
            ],
            [
              -70.84099301094956,
              -32.80984524495456
            ],
            [
              -70.84099301094956,
              -32.809848235347665
            ],
            [
              -70.84099226336701,
              -32.809848235347665
            ],
            [
              -70.84099226336701,
              -32.80985122574077
            ],
            [
              -70.84099151578447,
              -32.80985122574077
            ],
            [
              -70.84099151578447,
              -32.80985496373216
            ],
            [
              -70.84099076820192,
              -32.80985496373216
            ],
            [
              -70.84099076820192,
              -32.80985795412526
            ],
            [
              -70.84099002061939,
              -32.80985795412526
            ],
            [
              -70.84099002061939,
              -32.80986094451837
            ],
            [
              -70.84098927303684,
              -32.80986094451837
            ],
            [
              -70.84098927303684,
              -32.809863934911476
            ],
            [
              -70.84098852545429,
              -32.809863934911476
            ],
            [
              -70.84098852545429,
              -32.80986692530458
            ],
            [
              -70.84098777787176,
              -32.80986692530458
            ],
            [
              -70.84098777787176,
              -32.80987066329597
            ],
            [
              -70.84098703028921,
              -32.80987066329597
            ],
            [
              -70.84098703028921,
              -32.809873653689074
            ],
            [
              -70.84098628270667,
              -32.809873653689074
            ],
            [
              -70.84098628270667,
              -32.80987664408218
            ],
            [
              -70.84098553512413,
              -32.80987664408218
            ],
            [
              -70.84098553512413,
              -32.80987963447529
            ],
            [
              -70.84098478754159,
              -32.80987963447529
            ],
            [
              -70.84098478754159,
              -32.8098826248684
            ],
            [
              -70.84098403995904,
              -32.8098826248684
            ],
            [
              -70.84098403995904,
              -32.80988636285978
            ],
            [
              -70.8409832923765,
              -32.80988636285978
            ],
            [
              -70.8409832923765,
              -32.809889353252885
            ],
            [
              -70.84098254479396,
              -32.809889353252885
            ],
            [
              -70.84098254479396,
              -32.80989234364599
            ],
            [
              -70.84098179721141,
              -32.80989234364599
            ],
            [
              -70.84098179721141,
              -32.8098953340391
            ],
            [
              -70.84098104962887,
              -32.8098953340391
            ],
            [
              -70.84098104962887,
              -32.80989832443221
            ],
            [
              -70.84098030204633,
              -32.80989832443221
            ],
            [
              -70.84098030204633,
              -32.80990206242359
            ],
            [
              -70.84097955446379,
              -32.80990206242359
            ],
            [
              -70.84097955446379,
              -32.809905052816696
            ],
            [
              -70.84097880688124,
              -32.809905052816696
            ],
            [
              -70.84097880688124,
              -32.8099080432098
            ],
            [
              -70.8409780592987,
              -32.8099080432098
            ],
            [
              -70.8409780592987,
              -32.809911033602916
            ],
            [
              -70.84097731171616,
              -32.809911033602916
            ],
            [
              -70.84097731171616,
              -32.80991402399602
            ],
            [
              -70.84097656413361,
              -32.80991402399602
            ],
            [
              -70.84097656413361,
              -32.8099177619874
            ],
            [
              -70.84097581655108,
              -32.8099177619874
            ],
            [
              -70.84097581655108,
              -32.809920752380506
            ],
            [
              -70.84097506896853,
              -32.809920752380506
            ],
            [
              -70.84097506896853,
              -32.80992374277362
            ],
            [
              -70.84097432138599,
              -32.80992374277362
            ],
            [
              -70.84097432138599,
              -32.809926733166726
            ],
            [
              -70.84097357380344,
              -32.809926733166726
            ],
            [
              -70.84097357380344,
              -32.80992972355983
            ],
            [
              -70.8409728262209,
              -32.80992972355983
            ],
            [
              -70.8409728262209,
              -32.80993271395294
            ],
            [
              -70.84097207863836,
              -32.80993271395294
            ],
            [
              -70.84097207863836,
              -32.809936451944324
            ],
            [
              -70.84097133105581,
              -32.809936451944324
            ],
            [
              -70.84097133105581,
              -32.80993944233743
            ],
            [
              -70.84097058347328,
              -32.80993944233743
            ],
            [
              -70.84097058347328,
              -32.80994243273054
            ],
            [
              -70.84096983589073,
              -32.80994243273054
            ],
            [
              -70.84096983589073,
              -32.809945423123644
            ],
            [
              -70.84096908830819,
              -32.809945423123644
            ],
            [
              -70.84096908830819,
              -32.80994841351675
            ],
            [
              -70.84096834072565,
              -32.80994841351675
            ],
            [
              -70.84096834072565,
              -32.809952151508135
            ],
            [
              -70.8409675931431,
              -32.809952151508135
            ],
            [
              -70.8409675931431,
              -32.80995514190124
            ],
            [
              -70.84096684556056,
              -32.80995514190124
            ],
            [
              -70.84096684556056,
              -32.80995813229435
            ],
            [
              -70.84096609797803,
              -32.80995813229435
            ],
            [
              -70.84096609797803,
              -32.809961122687454
            ],
            [
              -70.84096535039548,
              -32.809961122687454
            ],
            [
              -70.84096535039548,
              -32.80996411308056
            ],
            [
              -70.84096460281293,
              -32.80996411308056
            ],
            [
              -70.84096460281293,
              -32.809967851071946
            ],
            [
              -70.84096385523038,
              -32.809967851071946
            ],
            [
              -70.84096385523038,
              -32.80997084146505
            ],
            [
              -70.84096310764785,
              -32.80997084146505
            ],
            [
              -70.84096310764785,
              -32.80997383185816
            ],
            [
              -70.8409623600653,
              -32.80997383185816
            ],
            [
              -70.8409623600653,
              -32.809976822251265
            ],
            [
              -70.84096161248276,
              -32.809976822251265
            ],
            [
              -70.84096161248276,
              -32.80997981264437
            ],
            [
              -70.84096086490023,
              -32.80997981264437
            ],
            [
              -70.84096086490023,
              -32.809983550635756
            ],
            [
              -70.84096011731768,
              -32.809983550635756
            ],
            [
              -70.84096011731768,
              -32.80998654102886
            ],
            [
              -70.84095936973513,
              -32.80998654102886
            ],
            [
              -70.84095936973513,
              -32.80998953142197
            ],
            [
              -70.8409586221526,
              -32.80998953142197
            ],
            [
              -70.8409586221526,
              -32.809992521815076
            ],
            [
              -70.84095787457005,
              -32.809992521815076
            ],
            [
              -70.84095787457005,
              -32.80999551220818
            ],
            [
              -70.8409571269875,
              -32.80999551220818
            ],
            [
              -70.8409571269875,
              -32.80999925019957
            ],
            [
              -70.84095637940497,
              -32.80999925019957
            ],
            [
              -70.84095637940497,
              -32.810002240592674
            ],
            [
              -70.84095563182242,
              -32.810002240592674
            ],
            [
              -70.84095563182242,
              -32.81000523098578
            ],
            [
              -70.84095488423988,
              -32.81000523098578
            ],
            [
              -70.84095488423988,
              -32.81000822137889
            ],
            [
              -70.84095413665733,
              -32.81000822137889
            ],
            [
              -70.84095413665733,
              -32.81001121177199
            ],
            [
              -70.8409533890748,
              -32.81001121177199
            ],
            [
              -70.8409533890748,
              -32.81001494976338
            ],
            [
              -70.84095264149225,
              -32.81001494976338
            ],
            [
              -70.84095264149225,
              -32.810017940156484
            ],
            [
              -70.8409518939097,
              -32.810017940156484
            ],
            [
              -70.8409518939097,
              -32.81002093054959
            ],
            [
              -70.84095114632717,
              -32.81002093054959
            ],
            [
              -70.84095114632717,
              -32.8100239209427
            ],
            [
              -70.84095039874462,
              -32.8100239209427
            ],
            [
              -70.84095039874462,
              -32.810026911335804
            ],
            [
              -70.84094965116208,
              -32.810026911335804
            ],
            [
              -70.84094965116208,
              -32.81002990172891
            ],
            [
              -70.84094890357954,
              -32.81002990172891
            ],
            [
              -70.84094890357954,
              -32.810033639720295
            ],
            [
              -70.840948155997,
              -32.810033639720295
            ],
            [
              -70.840948155997,
              -32.8100366301134
            ],
            [
              -70.84094740841445,
              -32.8100366301134
            ],
            [
              -70.84094740841445,
              -32.81003962050651
            ],
            [
              -70.8409466608319,
              -32.81003962050651
            ],
            [
              -70.8409466608319,
              -32.810042610899615
            ],
            [
              -70.84094591324937,
              -32.810042610899615
            ],
            [
              -70.84094591324937,
              -32.81004560129272
            ],
            [
              -70.84094516566682,
              -32.81004560129272
            ],
            [
              -70.84094516566682,
              -32.810049339284106
            ],
            [
              -70.84094441808428,
              -32.810049339284106
            ],
            [
              -70.84094441808428,
              -32.81005232967721
            ],
            [
              -70.84094367050174,
              -32.81005232967721
            ],
            [
              -70.84094367050174,
              -32.81005532007032
            ],
            [
              -70.8409429229192,
              -32.81005532007032
            ],
            [
              -70.8409429229192,
              -32.810058310463425
            ],
            [
              -70.84094217533665,
              -32.810058310463425
            ],
            [
              -70.84094217533665,
              -32.81006130085653
            ],
            [
              -70.84094142775412,
              -32.81006130085653
            ],
            [
              -70.84094142775412,
              -32.81006503884792
            ],
            [
              -70.84094068017157,
              -32.81006503884792
            ],
            [
              -70.84094068017157,
              -32.81006802924102
            ],
            [
              -70.84093993258902,
              -32.81006802924102
            ],
            [
              -70.84093993258902,
              -32.81007101963413
            ],
            [
              -70.84093918500649,
              -32.81007101963413
            ],
            [
              -70.84093918500649,
              -32.810074010027236
            ],
            [
              -70.84093843742394,
              -32.810074010027236
            ],
            [
              -70.84093843742394,
              -32.81007700042034
            ],
            [
              -70.8409376898414,
              -32.81007700042034
            ],
            [
              -70.8409376898414,
              -32.81008073841173
            ],
            [
              -70.84093694225885,
              -32.81008073841173
            ],
            [
              -70.84093694225885,
              -32.810083728804834
            ],
            [
              -70.84093619467632,
              -32.810083728804834
            ],
            [
              -70.84093619467632,
              -32.81008671919794
            ],
            [
              -70.84093544709377,
              -32.81008671919794
            ],
            [
              -70.84093544709377,
              -32.81008970959105
            ],
            [
              -70.84093469951122,
              -32.81008970959105
            ],
            [
              -70.84093469951122,
              -32.81009269998415
            ],
            [
              -70.84093395192869,
              -32.81009269998415
            ],
            [
              -70.84093395192869,
              -32.81009643797554
            ],
            [
              -70.84093320434614,
              -32.81009643797554
            ],
            [
              -70.84093320434614,
              -32.810099428368645
            ],
            [
              -70.8409324567636,
              -32.810099428368645
            ],
            [
              -70.8409324567636,
              -32.81010241876175
            ],
            [
              -70.84093170918106,
              -32.81010241876175
            ],
            [
              -70.84093170918106,
              -32.81010540915486
            ],
            [
              -70.84093096159852,
              -32.81010540915486
            ],
            [
              -70.84093096159852,
              -32.810108399547964
            ],
            [
              -70.84093021401597,
              -32.810108399547964
            ],
            [
              -70.84093021401597,
              -32.81011213753935
            ],
            [
              -70.84092946643342,
              -32.81011213753935
            ],
            [
              -70.84092946643342,
              -32.810115127932455
            ],
            [
              -70.84092871885089,
              -32.810115127932455
            ],
            [
              -70.84092871885089,
              -32.81011811832556
            ],
            [
              -70.84092797126834,
              -32.81011811832556
            ],
            [
              -70.84092797126834,
              -32.81012110871867
            ],
            [
              -70.8409272236858,
              -32.81012110871867
            ],
            [
              -70.8409272236858,
              -32.810124099111775
            ],
            [
              -70.84092647610326,
              -32.810124099111775
            ],
            [
              -70.84092647610326,
              -32.81012708950488
            ],
            [
              -70.84092572852072,
              -32.81012708950488
            ],
            [
              -70.84092572852072,
              -32.810130827496266
            ],
            [
              -70.84092498093817,
              -32.810130827496266
            ],
            [
              -70.84092498093817,
              -32.81013381788937
            ],
            [
              -70.84092423335564,
              -32.81013381788937
            ],
            [
              -70.84092423335564,
              -32.81013680828248
            ],
            [
              -70.84092348577309,
              -32.81013680828248
            ],
            [
              -70.84092348577309,
              -32.810139798675586
            ],
            [
              -70.84092273819054,
              -32.810139798675586
            ],
            [
              -70.84092273819054,
              -32.81014278906869
            ],
            [
              -70.84092199060801,
              -32.81014278906869
            ],
            [
              -70.84092199060801,
              -32.81014652706008
            ],
            [
              -70.84092124302546,
              -32.81014652706008
            ],
            [
              -70.84092124302546,
              -32.81014951745318
            ],
            [
              -70.84092049544292,
              -32.81014951745318
            ],
            [
              -70.84092049544292,
              -32.81015250784629
            ],
            [
              -70.84091974786037,
              -32.81015250784629
            ],
            [
              -70.84091974786037,
              -32.810155498239396
            ],
            [
              -70.84091900027784,
              -32.810155498239396
            ],
            [
              -70.84091900027784,
              -32.8101584886325
            ],
            [
              -70.84091825269529,
              -32.8101584886325
            ],
            [
              -70.84091825269529,
              -32.81016222662389
            ],
            [
              -70.84091750511274,
              -32.81016222662389
            ],
            [
              -70.84091750511274,
              -32.810165217016994
            ],
            [
              -70.84091675753021,
              -32.810165217016994
            ],
            [
              -70.84091675753021,
              -32.8101682074101
            ],
            [
              -70.84091600994766,
              -32.8101682074101
            ],
            [
              -70.84091600994766,
              -32.81017119780321
            ],
            [
              -70.84091526236512,
              -32.81017119780321
            ],
            [
              -70.84091526236512,
              -32.810174188196314
            ],
            [
              -70.84091451478258,
              -32.810174188196314
            ],
            [
              -70.84091451478258,
              -32.8101779261877
            ],
            [
              -70.84091376720004,
              -32.8101779261877
            ],
            [
              -70.84091376720004,
              -32.810180916580805
            ],
            [
              -70.84091301961749,
              -32.810180916580805
            ],
            [
              -70.84091301961749,
              -32.81018390697391
            ],
            [
              -70.84091227203496,
              -32.81018390697391
            ],
            [
              -70.84091227203496,
              -32.81018689736702
            ],
            [
              -70.84091152445241,
              -32.81018689736702
            ],
            [
              -70.84091152445241,
              -32.810189887760124
            ],
            [
              -70.84091077686986,
              -32.810189887760124
            ],
            [
              -70.84091077686986,
              -32.81019362575151
            ],
            [
              -70.84091002928731,
              -32.81019362575151
            ],
            [
              -70.84091002928731,
              -32.810196616144616
            ],
            [
              -70.84090928170478,
              -32.810196616144616
            ],
            [
              -70.84090928170478,
              -32.81019960653772
            ],
            [
              -70.84090853412224,
              -32.81019960653772
            ],
            [
              -70.84090853412224,
              -32.81020259693083
            ],
            [
              -70.84090778653969,
              -32.81020259693083
            ],
            [
              -70.84090778653969,
              -32.81020558732394
            ],
            [
              -70.84090703895716,
              -32.81020558732394
            ],
            [
              -70.84090703895716,
              -32.81020932531532
            ],
            [
              -70.84090629137461,
              -32.81020932531532
            ],
            [
              -70.84090629137461,
              -32.810212315708426
            ],
            [
              -70.84090554379206,
              -32.810212315708426
            ],
            [
              -70.84090554379206,
              -32.81021530610153
            ],
            [
              -70.84090479620953,
              -32.81021530610153
            ],
            [
              -70.84090479620953,
              -32.81021829649465
            ],
            [
              -70.84090404862698,
              -32.81021829649465
            ],
            [
              -70.84090404862698,
              -32.81022128688775
            ],
            [
              -70.84090330104443,
              -32.81022128688775
            ],
            [
              -70.84090330104443,
              -32.81022427728086
            ],
            [
              -70.84090255346189,
              -32.81022427728086
            ],
            [
              -70.84090255346189,
              -32.81022801527224
            ],
            [
              -70.84090180587935,
              -32.81022801527224
            ],
            [
              -70.84090180587935,
              -32.810231005665344
            ],
            [
              -70.84090105829681,
              -32.810231005665344
            ],
            [
              -70.84090105829681,
              -32.81023399605846
            ],
            [
              -70.84090031071426,
              -32.81023399605846
            ],
            [
              -70.84090031071426,
              -32.810236986451564
            ],
            [
              -70.84089956313173,
              -32.810236986451564
            ],
            [
              -70.84089956313173,
              -32.81023997684467
            ],
            [
              -70.84089881554918,
              -32.81023997684467
            ],
            [
              -70.84089881554918,
              -32.81024371483605
            ],
            [
              -70.84089806796663,
              -32.81024371483605
            ],
            [
              -70.84089806796663,
              -32.81024670522916
            ],
            [
              -70.8408973203841,
              -32.81024670522916
            ],
            [
              -70.8408973203841,
              -32.81024969562227
            ],
            [
              -70.84089657280155,
              -32.81024969562227
            ],
            [
              -70.84089657280155,
              -32.810252686015374
            ],
            [
              -70.84089582521901,
              -32.810252686015374
            ],
            [
              -70.84089582521901,
              -32.81025567640848
            ],
            [
              -70.84089507763647,
              -32.81025567640848
            ],
            [
              -70.84089507763647,
              -32.810259414399866
            ],
            [
              -70.84089433005393,
              -32.810259414399866
            ],
            [
              -70.84089433005393,
              -32.81026240479297
            ],
            [
              -70.84089358247138,
              -32.81026240479297
            ],
            [
              -70.84089358247138,
              -32.81026539518608
            ],
            [
              -70.84089283488883,
              -32.81026539518608
            ],
            [
              -70.84089283488883,
              -32.810268385579185
            ],
            [
              -70.8408920873063,
              -32.810268385579185
            ],
            [
              -70.8408920873063,
              -32.81027137597229
            ],
            [
              -70.84089133972375,
              -32.81027137597229
            ],
            [
              -70.84089133972375,
              -32.81027511396368
            ],
            [
              -70.8408905921412,
              -32.81027511396368
            ],
            [
              -70.8408905921412,
              -32.81027810435678
            ],
            [
              -70.84088984455867,
              -32.81027810435678
            ],
            [
              -70.84088984455867,
              -32.81028109474989
            ],
            [
              -70.84088909697613,
              -32.81028109474989
            ],
            [
              -70.84088909697613,
              -32.810284085142996
            ],
            [
              -70.84088834939358,
              -32.810284085142996
            ],
            [
              -70.84088834939358,
              -32.8102870755361
            ],
            [
              -70.84088760181105,
              -32.8102870755361
            ],
            [
              -70.84088760181105,
              -32.81029081352749
            ],
            [
              -70.8408868542285,
              -32.81029081352749
            ],
            [
              -70.8408868542285,
              -32.810293803920594
            ],
            [
              -70.84088610664595,
              -32.810293803920594
            ],
            [
              -70.84088610664595,
              -32.8102967943137
            ],
            [
              -70.8408853590634,
              -32.8102967943137
            ],
            [
              -70.8408853590634,
              -32.81029978470681
            ],
            [
              -70.84088461148087,
              -32.81029978470681
            ],
            [
              -70.84088461148087,
              -32.81030277509991
            ],
            [
              -70.84088386389833,
              -32.81030277509991
            ],
            [
              -70.84088386389833,
              -32.8103065130913
            ],
            [
              -70.84088311631578,
              -32.8103065130913
            ],
            [
              -70.84088311631578,
              -32.810309503484405
            ],
            [
              -70.84088236873325,
              -32.810309503484405
            ],
            [
              -70.84088236873325,
              -32.81031249387751
            ],
            [
              -70.8408816211507,
              -32.81031249387751
            ],
            [
              -70.8408816211507,
              -32.81031548427062
            ],
            [
              -70.84088087356815,
              -32.81031548427062
            ],
            [
              -70.84088087356815,
              -32.810318474663724
            ],
            [
              -70.84088012598562,
              -32.810318474663724
            ],
            [
              -70.84088012598562,
              -32.81032146505683
            ],
            [
              -70.84087937840307,
              -32.81032146505683
            ],
            [
              -70.84087937840307,
              -32.810325203048215
            ],
            [
              -70.84087863082053,
              -32.810325203048215
            ],
            [
              -70.84087863082053,
              -32.81032819344132
            ],
            [
              -70.840877883238,
              -32.81032819344132
            ],
            [
              -70.840877883238,
              -32.81033118383443
            ],
            [
              -70.84087713565545,
              -32.81033118383443
            ],
            [
              -70.84087713565545,
              -32.810334174227535
            ],
            [
              -70.8408763880729,
              -32.810334174227535
            ],
            [
              -70.8408763880729,
              -32.81033716462064
            ],
            [
              -70.84087564049035,
              -32.81033716462064
            ],
            [
              -70.84087564049035,
              -32.810340902612026
            ],
            [
              -70.84087489290782,
              -32.810340902612026
            ],
            [
              -70.84087489290782,
              -32.81034389300513
            ],
            [
              -70.84087414532527,
              -32.81034389300513
            ],
            [
              -70.84087414532527,
              -32.81034688339824
            ],
            [
              -70.84087339774273,
              -32.81034688339824
            ],
            [
              -70.84087339774273,
              -32.810349873791345
            ],
            [
              -70.8408726501602,
              -32.810349873791345
            ],
            [
              -70.8408726501602,
              -32.81035286418445
            ],
            [
              -70.84087190257765,
              -32.81035286418445
            ],
            [
              -70.84087190257765,
              -32.81035660217584
            ],
            [
              -70.8408711549951,
              -32.81035660217584
            ],
            [
              -70.8408711549951,
              -32.81035959256894
            ],
            [
              -70.84087040741257,
              -32.81035959256894
            ],
            [
              -70.84087040741257,
              -32.81036258296205
            ],
            [
              -70.84086965983002,
              -32.81036258296205
            ],
            [
              -70.84086965983002,
              -32.810365573355156
            ],
            [
              -70.84086891224747,
              -32.810365573355156
            ],
            [
              -70.84086891224747,
              -32.81036856374826
            ],
            [
              -70.84086816466494,
              -32.81036856374826
            ],
            [
              -70.84086816466494,
              -32.81037230173965
            ],
            [
              -70.84086741708239,
              -32.81037230173965
            ],
            [
              -70.84086741708239,
              -32.810375292132754
            ],
            [
              -70.84086666949985,
              -32.810375292132754
            ],
            [
              -70.84086666949985,
              -32.81037828252586
            ],
            [
              -70.8408659219173,
              -32.81037828252586
            ],
            [
              -70.8408659219173,
              -32.81038127291897
            ],
            [
              -70.84086517433477,
              -32.81038127291897
            ],
            [
              -70.84086517433477,
              -32.81038426331207
            ],
            [
              -70.84086442675222,
              -32.81038426331207
            ],
            [
              -70.84086442675222,
              -32.81038800130346
            ],
            [
              -70.84086367916967,
              -32.81038800130346
            ],
            [
              -70.84086367916967,
              -32.810390991696565
            ],
            [
              -70.84086293158714,
              -32.810390991696565
            ],
            [
              -70.84086293158714,
              -32.81039398208967
            ],
            [
              -70.84086218400459,
              -32.81039398208967
            ],
            [
              -70.84086218400459,
              -32.81039697248278
            ],
            [
              -70.84086143642205,
              -32.81039697248278
            ],
            [
              -70.84086143642205,
              -32.810399962875884
            ],
            [
              -70.84086068883951,
              -32.810399962875884
            ],
            [
              -70.84086068883951,
              -32.81040370086727
            ],
            [
              -70.84085994125697,
              -32.81040370086727
            ],
            [
              -70.84085994125697,
              -32.810406691260376
            ],
            [
              -70.84085919367442,
              -32.810406691260376
            ],
            [
              -70.84085919367442,
              -32.81040968165348
            ],
            [
              -70.84085844609187,
              -32.81040968165348
            ],
            [
              -70.84085844609187,
              -32.81041267204659
            ],
            [
              -70.84085769850934,
              -32.81041267204659
            ],
            [
              -70.84085769850934,
              -32.810415662439695
            ],
            [
              -70.84085695092679,
              -32.810415662439695
            ],
            [
              -70.84085695092679,
              -32.8104186528328
            ],
            [
              -70.84085620334425,
              -32.8104186528328
            ],
            [
              -70.84085620334425,
              -32.81041940043108
            ],
            [
              -70.84085470817917,
              -32.81041940043108
            ],
            [
              -70.84085470817917,
              -32.8104186528328
            ],
            [
              -70.84084872751882,
              -32.8104186528328
            ],
            [
              -70.84084872751882,
              -32.81041790523452
            ],
            [
              -70.84084349444103,
              -32.81041790523452
            ],
            [
              -70.84084349444103,
              -32.81041715763625
            ],
            [
              -70.84083826136323,
              -32.81041715763625
            ],
            [
              -70.84083826136323,
              -32.81041641003797
            ],
            [
              -70.84083302828543,
              -32.81041641003797
            ],
            [
              -70.84083302828543,
              -32.810415662439695
            ],
            [
              -70.84082704762508,
              -32.810415662439695
            ],
            [
              -70.84082704762508,
              -32.81041491484142
            ],
            [
              -70.84082181454728,
              -32.81041491484142
            ],
            [
              -70.84082181454728,
              -32.810414167243145
            ],
            [
              -70.8408165814695,
              -32.810414167243145
            ],
            [
              -70.8408165814695,
              -32.81041341964487
            ],
            [
              -70.8408113483917,
              -32.81041341964487
            ],
            [
              -70.8408113483917,
              -32.81041267204659
            ],
            [
              -70.84080536773135,
              -32.81041267204659
            ],
            [
              -70.84080536773135,
              -32.81041192444831
            ],
            [
              -70.84080013465355,
              -32.81041192444831
            ],
            [
              -70.84080013465355,
              -32.81041117685004
            ],
            [
              -70.84079490157575,
              -32.81041117685004
            ],
            [
              -70.84079490157575,
              -32.81041042925176
            ],
            [
              -70.84078892091541,
              -32.81041042925176
            ],
            [
              -70.84078892091541,
              -32.81040968165348
            ],
            [
              -70.84078368783761,
              -32.81040968165348
            ],
            [
              -70.84078368783761,
              -32.810408934055204
            ],
            [
              -70.84077845475981,
              -32.810408934055204
            ],
            [
              -70.84077845475981,
              -32.81040818645693
            ],
            [
              -70.84077322168201,
              -32.81040818645693
            ],
            [
              -70.84077322168201,
              -32.810407438858654
            ],
            [
              -70.84076724102168,
              -32.810407438858654
            ],
            [
              -70.84076724102168,
              -32.810406691260376
            ],
            [
              -70.84076200794388,
              -32.810406691260376
            ],
            [
              -70.84076200794388,
              -32.8104059436621
            ],
            [
              -70.84075677486608,
              -32.8104059436621
            ],
            [
              -70.84075677486608,
              -32.81040519606382
            ],
            [
              -70.84075154178828,
              -32.81040519606382
            ],
            [
              -70.84075154178828,
              -32.81040444846555
            ],
            [
              -70.84074556112795,
              -32.81040444846555
            ],
            [
              -70.84074556112795,
              -32.81040370086727
            ],
            [
              -70.84074032805015,
              -32.81040370086727
            ],
            [
              -70.84074032805015,
              -32.81040295326899
            ],
            [
              -70.84073509497235,
              -32.81040295326899
            ],
            [
              -70.84073509497235,
              -32.81040220567071
            ],
            [
              -70.84072986189454,
              -32.81040220567071
            ],
            [
              -70.84072986189454,
              -32.81040145807244
            ],
            [
              -70.8407238812342,
              -32.81040145807244
            ],
            [
              -70.8407238812342,
              -32.81040071047416
            ],
            [
              -70.84071864815641,
              -32.81040071047416
            ],
            [
              -70.84071864815641,
              -32.810399962875884
            ],
            [
              -70.84071341507861,
              -32.810399962875884
            ],
            [
              -70.84071341507861,
              -32.810399215277606
            ],
            [
              -70.84070818200081,
              -32.810399215277606
            ],
            [
              -70.84070818200081,
              -32.810398467679335
            ],
            [
              -70.84070220134046,
              -32.810398467679335
            ],
            [
              -70.84070220134046,
              -32.810397720081056
            ],
            [
              -70.84069696826266,
              -32.810397720081056
            ],
            [
              -70.84069696826266,
              -32.81039697248278
            ],
            [
              -70.84069173518488,
              -32.81039697248278
            ],
            [
              -70.84069173518488,
              -32.8103962248845
            ],
            [
              -70.84068575452453,
              -32.8103962248845
            ],
            [
              -70.84068575452453,
              -32.81039547728623
            ],
            [
              -70.84068052144673,
              -32.81039547728623
            ],
            [
              -70.84068052144673,
              -32.81039472968795
            ],
            [
              -70.84067528836893,
              -32.81039472968795
            ],
            [
              -70.84067528836893,
              -32.81039398208967
            ],
            [
              -70.84067005529113,
              -32.81039398208967
            ],
            [
              -70.84067005529113,
              -32.81039323449139
            ],
            [
              -70.8406640746308,
              -32.81039323449139
            ],
            [
              -70.8406640746308,
              -32.810392486893114
            ],
            [
              -70.840658841553,
              -32.810392486893114
            ],
            [
              -70.840658841553,
              -32.81039173929484
            ],
            [
              -70.8406536084752,
              -32.81039173929484
            ],
            [
              -70.8406536084752,
              -32.810390991696565
            ],
            [
              -70.8406483753974,
              -32.810390991696565
            ],
            [
              -70.8406483753974,
              -32.810390244098286
            ],
            [
              -70.84064239473706,
              -32.810390244098286
            ],
            [
              -70.84064239473706,
              -32.81038949650001
            ],
            [
              -70.84063716165926,
              -32.81038949650001
            ],
            [
              -70.84063716165926,
              -32.81038874890174
            ],
            [
              -70.84063192858146,
              -32.81038874890174
            ],
            [
              -70.84063192858146,
              -32.81038800130346
            ],
            [
              -70.84062669550366,
              -32.81038800130346
            ],
            [
              -70.84062669550366,
              -32.81038725370518
            ],
            [
              -70.84062071484333,
              -32.81038725370518
            ],
            [
              -70.84062071484333,
              -32.8103865061069
            ],
            [
              -70.84061548176552,
              -32.8103865061069
            ],
            [
              -70.84061548176552,
              -32.81038575850863
            ],
            [
              -70.84061024868772,
              -32.81038575850863
            ],
            [
              -70.84061024868772,
              -32.81038501091035
            ],
            [
              -70.84060501560992,
              -32.81038501091035
            ],
            [
              -70.84060501560992,
              -32.81038426331207
            ],
            [
              -70.84059903494958,
              -32.81038426331207
            ],
            [
              -70.84059903494958,
              -32.810383515713795
            ],
            [
              -70.84059380187179,
              -32.810383515713795
            ],
            [
              -70.84059380187179,
              -32.810382768115524
            ],
            [
              -70.84058856879399,
              -32.810382768115524
            ],
            [
              -70.84058856879399,
              -32.810382020517245
            ],
            [
              -70.84058258813364,
              -32.810382020517245
            ],
            [
              -70.84058258813364,
              -32.81038127291897
            ],
            [
              -70.84057735505584,
              -32.81038127291897
            ],
            [
              -70.84057735505584,
              -32.81038052532069
            ],
            [
              -70.84057286956059,
              -32.81038052532069
            ],
            [
              -70.84057286956059,
              -32.81037977772242
            ],
            [
              -70.84056987923042,
              -32.81037977772242
            ],
            [
              -70.84056987923042,
              -32.81037903012414
            ],
            [
              -70.84056614131771,
              -32.81037903012414
            ],
            [
              -70.84056614131771,
              -32.81037828252586
            ],
            [
              -70.84056315098753,
              -32.81037828252586
            ],
            [
              -70.84056315098753,
              -32.81037753492758
            ],
            [
              -70.84055941307483,
              -32.81037753492758
            ],
            [
              -70.84055941307483,
              -32.810376787329304
            ],
            [
              -70.84055642274465,
              -32.810376787329304
            ],
            [
              -70.84055642274465,
              -32.81037603973103
            ],
            [
              -70.84055268483193,
              -32.81037603973103
            ],
            [
              -70.84055268483193,
              -32.810375292132754
            ],
            [
              -70.84054969450177,
              -32.810375292132754
            ],
            [
              -70.84054969450177,
              -32.810374544534476
            ],
            [
              -70.84054595658905,
              -32.810374544534476
            ],
            [
              -70.84054595658905,
              -32.8103737969362
            ],
            [
              -70.84054296625888,
              -32.8103737969362
            ],
            [
              -70.84054296625888,
              -32.810373049337926
            ],
            [
              -70.8405399759287,
              -32.810373049337926
            ],
            [
              -70.8405399759287,
              -32.81037230173965
            ],
            [
              -70.840536238016,
              -32.81037230173965
            ],
            [
              -70.840536238016,
              -32.81037155414137
            ],
            [
              -70.84053324768583,
              -32.81037155414137
            ],
            [
              -70.84053324768583,
              -32.81037080654309
            ],
            [
              -70.84052950977312,
              -32.81037080654309
            ],
            [
              -70.84052950977312,
              -32.81037005894482
            ],
            [
              -70.84052651944295,
              -32.81037005894482
            ],
            [
              -70.84052651944295,
              -32.81036931134654
            ],
            [
              -70.84052278153023,
              -32.81036931134654
            ],
            [
              -70.84052278153023,
              -32.81036856374826
            ],
            [
              -70.84051979120007,
              -32.81036856374826
            ],
            [
              -70.84051979120007,
              -32.810367816149984
            ],
            [
              -70.84051605328735,
              -32.810367816149984
            ],
            [
              -70.84051605328735,
              -32.81036706855171
            ],
            [
              -70.84051306295717,
              -32.81036706855171
            ],
            [
              -70.84051306295717,
              -32.810366320953435
            ],
            [
              -70.84051007262701,
              -32.810366320953435
            ],
            [
              -70.84051007262701,
              -32.810365573355156
            ],
            [
              -70.84050633471429,
              -32.810365573355156
            ],
            [
              -70.84050633471429,
              -32.81036482575688
            ],
            [
              -70.84050334438412,
              -32.81036482575688
            ],
            [
              -70.84050334438412,
              -32.8103640781586
            ],
            [
              -70.84049960647141,
              -32.8103640781586
            ],
            [
              -70.84049960647141,
              -32.81036333056033
            ],
            [
              -70.84049661614124,
              -32.81036333056033
            ],
            [
              -70.84049661614124,
              -32.81036258296205
            ],
            [
              -70.84049287822853,
              -32.81036258296205
            ],
            [
              -70.84049287822853,
              -32.81036183536377
            ],
            [
              -70.84048988789836,
              -32.81036183536377
            ],
            [
              -70.84048988789836,
              -32.81036108776549
            ],
            [
              -70.84048689756818,
              -32.81036108776549
            ],
            [
              -70.84048689756818,
              -32.81036034016722
            ],
            [
              -70.84048315965548,
              -32.81036034016722
            ],
            [
              -70.84048315965548,
              -32.81035959256894
            ],
            [
              -70.8404801693253,
              -32.81035959256894
            ],
            [
              -70.8404801693253,
              -32.810358844970665
            ],
            [
              -70.84047643141258,
              -32.810358844970665
            ],
            [
              -70.84047643141258,
              -32.81035809737239
            ],
            [
              -70.84047344108242,
              -32.81035809737239
            ],
            [
              -70.84047344108242,
              -32.810357349774115
            ],
            [
              -70.8404697031697,
              -32.810357349774115
            ],
            [
              -70.8404697031697,
              -32.81035660217584
            ],
            [
              -70.84046671283953,
              -32.81035660217584
            ],
            [
              -70.84046671283953,
              -32.81035585457756
            ],
            [
              -70.84046297492682,
              -32.81035585457756
            ],
            [
              -70.84046297492682,
              -32.81035510697928
            ],
            [
              -70.84045998459665,
              -32.81035510697928
            ],
            [
              -70.84045998459665,
              -32.81035435938101
            ],
            [
              -70.84045699426648,
              -32.81035435938101
            ],
            [
              -70.84045699426648,
              -32.81035361178273
            ],
            [
              -70.84045325635377,
              -32.81035361178273
            ],
            [
              -70.84045325635377,
              -32.81035286418445
            ],
            [
              -70.8404502660236,
              -32.81035286418445
            ],
            [
              -70.8404502660236,
              -32.810352116586174
            ],
            [
              -70.84044652811089,
              -32.810352116586174
            ],
            [
              -70.84044652811089,
              -32.810351368987895
            ],
            [
              -70.84044353778071,
              -32.810351368987895
            ],
            [
              -70.84044353778071,
              -32.810350621389624
            ],
            [
              -70.840439799868,
              -32.810350621389624
            ],
            [
              -70.840439799868,
              -32.810349873791345
            ],
            [
              -70.84043680953783,
              -32.810349873791345
            ],
            [
              -70.84043680953783,
              -32.81034912619307
            ],
            [
              -70.84043307162511,
              -32.81034912619307
            ],
            [
              -70.84043307162511,
              -32.81034837859479
            ],
            [
              -70.84043008129494,
              -32.81034837859479
            ],
            [
              -70.84043008129494,
              -32.81034763099652
            ],
            [
              -70.84042709096478,
              -32.81034763099652
            ],
            [
              -70.84042709096478,
              -32.81034688339824
            ],
            [
              -70.84042335305206,
              -32.81034688339824
            ],
            [
              -70.84042335305206,
              -32.81034613579996
            ],
            [
              -70.84042036272189,
              -32.81034613579996
            ],
            [
              -70.84042036272189,
              -32.81034538820168
            ],
            [
              -70.84041662480918,
              -32.81034538820168
            ],
            [
              -70.84041662480918,
              -32.81034464060341
            ],
            [
              -70.840413634479,
              -32.81034464060341
            ],
            [
              -70.840413634479,
              -32.81034389300513
            ],
            [
              -70.8404098965663,
              -32.81034389300513
            ],
            [
              -70.8404098965663,
              -32.810343145406854
            ],
            [
              -70.84040690623613,
              -32.810343145406854
            ],
            [
              -70.84040690623613,
              -32.810342397808576
            ],
            [
              -70.8404031683234,
              -32.810342397808576
            ],
            [
              -70.8404031683234,
              -32.810341650210304
            ],
            [
              -70.84040017799325,
              -32.810341650210304
            ],
            [
              -70.84040017799325,
              -32.810340902612026
            ],
            [
              -70.84039718766307,
              -32.810340902612026
            ],
            [
              -70.84039718766307,
              -32.81034015501375
            ],
            [
              -70.84039344975035,
              -32.81034015501375
            ],
            [
              -70.84039344975035,
              -32.81033940741547
            ],
            [
              -70.84039045942019,
              -32.81033940741547
            ],
            [
              -70.84039045942019,
              -32.81033865981719
            ],
            [
              -70.84038672150747,
              -32.81033865981719
            ],
            [
              -70.84038672150747,
              -32.81033791221892
            ],
            [
              -70.8403837311773,
              -32.81033791221892
            ],
            [
              -70.8403837311773,
              -32.81033716462064
            ],
            [
              -70.84037999326459,
              -32.81033716462064
            ],
            [
              -70.84037999326459,
              -32.81033641702236
            ],
            [
              -70.84037700293442,
              -32.81033641702236
            ],
            [
              -70.84037700293442,
              -32.810335669424084
            ],
            [
              -70.84037326502171,
              -32.810335669424084
            ],
            [
              -70.84037326502171,
              -32.81033492182581
            ],
            [
              -70.84037027469154,
              -32.81033492182581
            ],
            [
              -70.84037027469154,
              -32.810334174227535
            ],
            [
              -70.84036728436136,
              -32.810334174227535
            ],
            [
              -70.84036728436136,
              -32.810333426629256
            ],
            [
              -70.84036354644864,
              -32.810333426629256
            ],
            [
              -70.84036354644864,
              -32.81033267903098
            ],
            [
              -70.84036055611848,
              -32.81033267903098
            ],
            [
              -70.84036055611848,
              -32.81033193143271
            ],
            [
              -70.84035681820576,
              -32.81033193143271
            ],
            [
              -70.84035681820576,
              -32.81033118383443
            ],
            [
              -70.84035382787559,
              -32.81033118383443
            ],
            [
              -70.84035382787559,
              -32.81033043623615
            ],
            [
              -70.84035008996288,
              -32.81033043623615
            ],
            [
              -70.84035008996288,
              -32.81032968863787
            ],
            [
              -70.84034709963271,
              -32.81032968863787
            ],
            [
              -70.84034709963271,
              -32.8103289410396
            ],
            [
              -70.84034410930254,
              -32.8103289410396
            ],
            [
              -70.84034410930254,
              -32.81032819344132
            ],
            [
              -70.84034037138983,
              -32.81032819344132
            ],
            [
              -70.84034037138983,
              -32.81032744584304
            ],
            [
              -70.84033738105965,
              -32.81032744584304
            ],
            [
              -70.84033738105965,
              -32.810326698244765
            ],
            [
              -70.84033364314695,
              -32.810326698244765
            ],
            [
              -70.84033364314695,
              -32.810325950646494
            ],
            [
              -70.84033065281677,
              -32.810325950646494
            ],
            [
              -70.84033065281677,
              -32.810325203048215
            ],
            [
              -70.84032691490405,
              -32.810325203048215
            ],
            [
              -70.84032691490405,
              -32.81032445544994
            ],
            [
              -70.8403239245739,
              -32.81032445544994
            ],
            [
              -70.8403239245739,
              -32.81032370785166
            ],
            [
              -70.84032018666117,
              -32.81032370785166
            ],
            [
              -70.84032018666117,
              -32.81032296025338
            ],
            [
              -70.840317196331,
              -32.81032296025338
            ],
            [
              -70.840317196331,
              -32.81032221265511
            ],
            [
              -70.84031420600084,
              -32.81032221265511
            ],
            [
              -70.84031420600084,
              -32.81032146505683
            ],
            [
              -70.84031046808812,
              -32.81032146505683
            ],
            [
              -70.84031046808812,
              -32.81032071745855
            ],
            [
              -70.84030747775795,
              -32.81032071745855
            ],
            [
              -70.84030747775795,
              -32.810319969860274
            ],
            [
              -70.84030373984524,
              -32.810319969860274
            ],
            [
              -70.84030373984524,
              -32.810319222262
            ],
            [
              -70.84030074951507,
              -32.810319222262
            ],
            [
              -70.84030074951507,
              -32.810318474663724
            ],
            [
              -70.84029701160236,
              -32.810318474663724
            ],
            [
              -70.84029701160236,
              -32.810317727065446
            ],
            [
              -70.84029402127219,
              -32.810317727065446
            ],
            [
              -70.84029402127219,
              -32.81031697946717
            ],
            [
              -70.84029028335947,
              -32.81031697946717
            ],
            [
              -70.84029028335947,
              -32.810316231868896
            ],
            [
              -70.8402872930293,
              -32.810316231868896
            ],
            [
              -70.8402872930293,
              -32.81031548427062
            ],
            [
              -70.84028430269913,
              -32.81031548427062
            ],
            [
              -70.84028430269913,
              -32.81031473667234
            ],
            [
              -70.84028056478641,
              -32.81031473667234
            ],
            [
              -70.84028056478641,
              -32.81031398907406
            ],
            [
              -70.84027757445625,
              -32.81031398907406
            ],
            [
              -70.84027757445625,
              -32.81031324147579
            ],
            [
              -70.84027383654353,
              -32.81031324147579
            ],
            [
              -70.84027383654353,
              -32.81031249387751
            ],
            [
              -70.84027084621336,
              -32.81031249387751
            ],
            [
              -70.84027084621336,
              -32.81031174627923
            ],
            [
              -70.84026710830065,
              -32.81031174627923
            ],
            [
              -70.84026710830065,
              -32.810310998680954
            ],
            [
              -70.84026411797048,
              -32.810310998680954
            ],
            [
              -70.84026411797048,
              -32.810310251082676
            ],
            [
              -70.84026187522285,
              -32.810310251082676
            ],
            [
              -70.84026187522285,
              -32.810309503484405
            ],
            [
              -70.84025963247522,
              -32.810309503484405
            ],
            [
              -70.84025963247522,
              -32.810308755886126
            ],
            [
              -70.84025813731014,
              -32.810308755886126
            ],
            [
              -70.84025813731014,
              -32.81030800828785
            ],
            [
              -70.8402558945625,
              -32.81030800828785
            ],
            [
              -70.8402558945625,
              -32.81030726068957
            ],
            [
              -70.84025365181488,
              -32.81030726068957
            ],
            [
              -70.84025365181488,
              -32.8103065130913
            ],
            [
              -70.8402521566498,
              -32.8103065130913
            ],
            [
              -70.8402521566498,
              -32.81030576549302
            ],
            [
              -70.84024991390217,
              -32.81030576549302
            ],
            [
              -70.84024991390217,
              -32.81030501789474
            ],
            [
              -70.84024767115454,
              -32.81030501789474
            ],
            [
              -70.84024767115454,
              -32.81030427029646
            ],
            [
              -70.84024617598945,
              -32.81030427029646
            ],
            [
              -70.84024617598945,
              -32.81030352269819
            ],
            [
              -70.84024393324182,
              -32.81030352269819
            ],
            [
              -70.84024393324182,
              -32.81030277509991
            ],
            [
              -70.8402416904942,
              -32.81030277509991
            ],
            [
              -70.8402416904942,
              -32.810302027501635
            ],
            [
              -70.84024019532912,
              -32.810302027501635
            ],
            [
              -70.84024019532912,
              -32.810301279903356
            ],
            [
              -70.84023795258149,
              -32.810301279903356
            ],
            [
              -70.84023795258149,
              -32.810300532305085
            ],
            [
              -70.84023570983386,
              -32.810300532305085
            ],
            [
              -70.84023570983386,
              -32.81029978470681
            ],
            [
              -70.84023346708624,
              -32.81029978470681
            ],
            [
              -70.84023346708624,
              -32.81029903710853
            ],
            [
              -70.84023197192114,
              -32.81029903710853
            ],
            [
              -70.84023197192114,
              -32.81029828951025
            ],
            [
              -70.84022972917352,
              -32.81029828951025
            ],
            [
              -70.84022972917352,
              -32.81029754191197
            ],
            [
              -70.84022748642589,
              -32.81029754191197
            ],
            [
              -70.84022748642589,
              -32.8102967943137
            ],
            [
              -70.84022599126081,
              -32.8102967943137
            ],
            [
              -70.84022599126081,
              -32.81029604671542
            ],
            [
              -70.84022374851318,
              -32.81029604671542
            ],
            [
              -70.84022374851318,
              -32.81029529911714
            ],
            [
              -70.84022150576554,
              -32.81029529911714
            ],
            [
              -70.84022150576554,
              -32.810294551518865
            ],
            [
              -70.84022001060046,
              -32.810294551518865
            ],
            [
              -70.84022001060046,
              -32.810293803920594
            ],
            [
              -70.84021776785283,
              -32.810293803920594
            ],
            [
              -70.84021776785283,
              -32.810293056322315
            ],
            [
              -70.84021552510521,
              -32.810293056322315
            ],
            [
              -70.84021552510521,
              -32.81029230872404
            ],
            [
              -70.84021402994013,
              -32.81029230872404
            ],
            [
              -70.84021402994013,
              -32.81029156112576
            ],
            [
              -70.84021178719249,
              -32.81029156112576
            ],
            [
              -70.84021178719249,
              -32.81029081352749
            ],
            [
              -70.84020954444486,
              -32.81029081352749
            ],
            [
              -70.84020954444486,
              -32.81029006592921
            ],
            [
              -70.84020730169723,
              -32.81029006592921
            ],
            [
              -70.84020730169723,
              -32.81028931833093
            ],
            [
              -70.84020580653215,
              -32.81028931833093
            ],
            [
              -70.84020580653215,
              -32.81028857073265
            ],
            [
              -70.84020356378453,
              -32.81028857073265
            ],
            [
              -70.84020356378453,
              -32.81028782313438
            ],
            [
              -70.8402013210369,
              -32.81028782313438
            ],
            [
              -70.8402013210369,
              -32.8102870755361
            ],
            [
              -70.8401998258718,
              -32.8102870755361
            ],
            [
              -70.8401998258718,
              -32.810286327937824
            ],
            [
              -70.84019758312418,
              -32.810286327937824
            ],
            [
              -70.84019758312418,
              -32.810285580339546
            ],
            [
              -70.84019534037655,
              -32.810285580339546
            ],
            [
              -70.84019534037655,
              -32.81028483274127
            ],
            [
              -70.84019384521147,
              -32.81028483274127
            ],
            [
              -70.84019384521147,
              -32.810284085142996
            ],
            [
              -70.84019160246385,
              -32.810284085142996
            ],
            [
              -70.84019160246385,
              -32.81028333754472
            ],
            [
              -70.84018935971622,
              -32.81028333754472
            ],
            [
              -70.84018935971622,
              -32.81028258994644
            ],
            [
              -70.84018786455113,
              -32.81028258994644
            ],
            [
              -70.84018786455113,
              -32.81028184234816
            ],
            [
              -70.8401856218035,
              -32.81028184234816
            ],
            [
              -70.8401856218035,
              -32.81028109474989
            ],
            [
              -70.84018337905587,
              -32.81028109474989
            ],
            [
              -70.84018337905587,
              -32.81028034715161
            ],
            [
              -70.84018113630825,
              -32.81028034715161
            ],
            [
              -70.84018113630825,
              -32.81027959955333
            ],
            [
              -70.84017964114317,
              -32.81027959955333
            ],
            [
              -70.84017964114317,
              -32.810278851955054
            ],
            [
              -70.84017739839553,
              -32.810278851955054
            ],
            [
              -70.84017739839553,
              -32.81027810435678
            ],
            [
              -70.8401751556479,
              -32.81027810435678
            ],
            [
              -70.8401751556479,
              -32.810277356758505
            ],
            [
              -70.84017366048282,
              -32.810277356758505
            ],
            [
              -70.84017366048282,
              -32.810276609160226
            ],
            [
              -70.84017141773519,
              -32.810276609160226
            ],
            [
              -70.84017141773519,
              -32.81027586156195
            ],
            [
              -70.84016917498757,
              -32.81027586156195
            ],
            [
              -70.84016917498757,
              -32.81027511396368
            ],
            [
              -70.84016767982247,
              -32.81027511396368
            ],
            [
              -70.84016767982247,
              -32.8102743663654
            ],
            [
              -70.84016543707484,
              -32.8102743663654
            ],
            [
              -70.84016543707484,
              -32.81027361876712
            ],
            [
              -70.84016319432722,
              -32.81027361876712
            ],
            [
              -70.84016319432722,
              -32.81027287116884
            ],
            [
              -70.84016169916214,
              -32.81027287116884
            ],
            [
              -70.84016169916214,
              -32.81027212357057
            ],
            [
              -70.84015945641451,
              -32.81027212357057
            ],
            [
              -70.84015945641451,
              -32.81027137597229
            ],
            [
              -70.84015721366688,
              -32.81027137597229
            ],
            [
              -70.84015721366688,
              -32.81027062837401
            ],
            [
              -70.84015497091926,
              -32.81027062837401
            ],
            [
              -70.84015497091926,
              -32.810269880775735
            ],
            [
              -70.84015347575416,
              -32.810269880775735
            ],
            [
              -70.84015347575416,
              -32.81026913317746
            ],
            [
              -70.84015123300654,
              -32.81026913317746
            ],
            [
              -70.84015123300654,
              -32.810268385579185
            ],
            [
              -70.84014899025891,
              -32.810268385579185
            ],
            [
              -70.84014899025891,
              -32.81026763798091
            ],
            [
              -70.84014749509383,
              -32.81026763798091
            ],
            [
              -70.84014749509383,
              -32.81026689038263
            ],
            [
              -70.8401452523462,
              -32.81026689038263
            ],
            [
              -70.8401452523462,
              -32.81026614278435
            ],
            [
              -70.84014300959858,
              -32.81026614278435
            ],
            [
              -70.84014300959858,
              -32.81026539518608
            ],
            [
              -70.84014151443348,
              -32.81026539518608
            ],
            [
              -70.84014151443348,
              -32.8102646475878
            ],
            [
              -70.84013927168586,
              -32.8102646475878
            ],
            [
              -70.84013927168586,
              -32.81026389998952
            ],
            [
              -70.84013702893823,
              -32.81026389998952
            ],
            [
              -70.84013702893823,
              -32.810263152391244
            ],
            [
              -70.84013553377315,
              -32.810263152391244
            ],
            [
              -70.84013553377315,
              -32.81026240479297
            ],
            [
              -70.84013329102551,
              -32.81026240479297
            ],
            [
              -70.84013329102551,
              -32.810261657194694
            ],
            [
              -70.84013104827788,
              -32.810261657194694
            ],
            [
              -70.84013104827788,
              -32.810260909596416
            ],
            [
              -70.84012880553026,
              -32.810260909596416
            ],
            [
              -70.84012880553026,
              -32.81026016199814
            ],
            [
              -70.84012731036518,
              -32.81026016199814
            ],
            [
              -70.84012731036518,
              -32.810259414399866
            ],
            [
              -70.84012506761755,
              -32.810259414399866
            ],
            [
              -70.84012506761755,
              -32.81025866680159
            ],
            [
              -70.84012282486992,
              -32.81025866680159
            ],
            [
              -70.84012282486992,
              -32.81025791920331
            ],
            [
              -70.84012132970483,
              -32.81025791920331
            ],
            [
              -70.84012132970483,
              -32.81025717160503
            ],
            [
              -70.8401190869572,
              -32.81025717160503
            ],
            [
              -70.8401190869572,
              -32.81025642400675
            ],
            [
              -70.84011684420958,
              -32.81025642400675
            ],
            [
              -70.84011684420958,
              -32.81025567640848
            ],
            [
              -70.8401153490445,
              -32.81025567640848
            ],
            [
              -70.8401153490445,
              -32.8102549288102
            ],
            [
              -70.84011310629687,
              -32.8102549288102
            ],
            [
              -70.84011310629687,
              -32.810254181211924
            ],
            [
              -70.84011086354924,
              -32.810254181211924
            ],
            [
              -70.84011086354924,
              -32.810253433613646
            ],
            [
              -70.84010936838415,
              -32.810253433613646
            ],
            [
              -70.84010936838415,
              -32.810252686015374
            ],
            [
              -70.84010712563652,
              -32.810252686015374
            ],
            [
              -70.84010712563652,
              -32.810251938417096
            ],
            [
              -70.8401048828889,
              -32.810251938417096
            ],
            [
              -70.8401048828889,
              -32.81025119081882
            ],
            [
              -70.84010264014127,
              -32.81025119081882
            ],
            [
              -70.84010264014127,
              -32.81025044322054
            ],
            [
              -70.84010114497619,
              -32.81025044322054
            ],
            [
              -70.84010114497619,
              -32.81024969562227
            ],
            [
              -70.84009890222856,
              -32.81024969562227
            ],
            [
              -70.84009890222856,
              -32.81024894802399
            ],
            [
              -70.84009665948092,
              -32.81024894802399
            ],
            [
              -70.84009665948092,
              -32.81024820042571
            ],
            [
              -70.84009516431584,
              -32.81024820042571
            ],
            [
              -70.84009516431584,
              -32.81024745282743
            ],
            [
              -70.84009292156821,
              -32.81024745282743
            ],
            [
              -70.84009292156821,
              -32.81024670522916
            ],
            [
              -70.84009067882059,
              -32.81024670522916
            ],
            [
              -70.84009067882059,
              -32.81024595763088
            ],
            [
              -70.8400891836555,
              -32.81024595763088
            ],
            [
              -70.8400891836555,
              -32.810245210032605
            ],
            [
              -70.84008694090787,
              -32.810245210032605
            ],
            [
              -70.84008694090787,
              -32.810244462434326
            ],
            [
              -70.84008469816024,
              -32.810244462434326
            ],
            [
              -70.84008469816024,
              -32.81024371483605
            ],
            [
              -70.84008320299516,
              -32.81024371483605
            ],
            [
              -70.84008320299516,
              -32.81024296723778
            ],
            [
              -70.84008096024753,
              -32.81024296723778
            ],
            [
              -70.84008096024753,
              -32.8102422196395
            ],
            [
              -70.8400787174999,
              -32.8102422196395
            ],
            [
              -70.8400787174999,
              -32.81024147204122
            ],
            [
              -70.84007647475228,
              -32.81024147204122
            ],
            [
              -70.84007647475228,
              -32.81024072444294
            ],
            [
              -70.84007497958719,
              -32.81024072444294
            ],
            [
              -70.84007497958719,
              -32.81023997684467
            ],
            [
              -70.84007273683956,
              -32.81023997684467
            ],
            [
              -70.84007273683956,
              -32.81023922924639
            ],
            [
              -70.84007049409193,
              -32.81023922924639
            ],
            [
              -70.84007049409193,
              -32.81023848164811
            ],
            [
              -70.84006899892685,
              -32.81023848164811
            ],
            [
              -70.84006899892685,
              -32.810237734049835
            ],
            [
              -70.84006675617923,
              -32.810237734049835
            ],
            [
              -70.84006675617923,
              -32.810236986451564
            ],
            [
              -70.8400645134316,
              -32.810236986451564
            ],
            [
              -70.8400645134316,
              -32.810236238853285
            ],
            [
              -70.8400630182665,
              -32.810236238853285
            ],
            [
              -70.8400630182665,
              -32.81023549125501
            ],
            [
              -70.84006077551888,
              -32.81023549125501
            ],
            [
              -70.84006077551888,
              -32.81023474365673
            ],
            [
              -70.84005853277125,
              -32.81023474365673
            ],
            [
              -70.84005853277125,
              -32.81023399605846
            ],
            [
              -70.84005703760617,
              -32.81023399605846
            ],
            [
              -70.84005703760617,
              -32.81023324846018
            ],
            [
              -70.84005479485855,
              -32.81023324846018
            ],
            [
              -70.84005479485855,
              -32.8102325008619
            ],
            [
              -70.8400525521109,
              -32.8102325008619
            ],
            [
              -70.8400525521109,
              -32.81023175326362
            ],
            [
              -70.84005030936328,
              -32.81023175326362
            ],
            [
              -70.84005030936328,
              -32.810231005665344
            ],
            [
              -70.8400488141982,
              -32.810231005665344
            ],
            [
              -70.8400488141982,
              -32.81023025806707
            ],
            [
              -70.84004657145057,
              -32.81023025806707
            ],
            [
              -70.84004657145057,
              -32.810229510468794
            ],
            [
              -70.84004432870294,
              -32.810229510468794
            ],
            [
              -70.84004432870294,
              -32.810228762870516
            ],
            [
              -70.84004283353785,
              -32.810228762870516
            ],
            [
              -70.84004283353785,
              -32.81022801527224
            ],
            [
              -70.84004059079022,
              -32.81022801527224
            ],
            [
              -70.84004059079022,
              -32.810227267673966
            ],
            [
              -70.8400383480426,
              -32.810227267673966
            ],
            [
              -70.8400383480426,
              -32.81022652007569
            ],
            [
              -70.84003685287752,
              -32.81022652007569
            ],
            [
              -70.84003685287752,
              -32.81022577247741
            ],
            [
              -70.84003461012989,
              -32.81022577247741
            ],
            [
              -70.84003461012989,
              -32.81022502487913
            ],
            [
              -70.84003236738226,
              -32.81022502487913
            ],
            [
              -70.84003236738226,
              -32.81022427728086
            ],
            [
              -70.84003087221717,
              -32.81022427728086
            ],
            [
              -70.84003087221717,
              -32.81022352968258
            ],
            [
              -70.84002862946954,
              -32.81022352968258
            ],
            [
              -70.84002862946954,
              -32.8102227820843
            ],
            [
              -70.84002638672192,
              -32.8102227820843
            ],
            [
              -70.84002638672192,
              -32.810222034486024
            ],
            [
              -70.84002414397429,
              -32.810222034486024
            ],
            [
              -70.84002414397429,
              -32.81022128688775
            ],
            [
              -70.84002264880921,
              -32.81022128688775
            ],
            [
              -70.84002264880921,
              -32.810220539289475
            ],
            [
              -70.84002040606158,
              -32.810220539289475
            ],
            [
              -70.84002040606158,
              -32.810219791691196
            ],
            [
              -70.84001816331394,
              -32.810219791691196
            ],
            [
              -70.84001816331394,
              -32.81021904409292
            ],
            [
              -70.84001666814886,
              -32.81021904409292
            ],
            [
              -70.84001666814886,
              -32.81021829649465
            ],
            [
              -70.84001442540124,
              -32.81021829649465
            ],
            [
              -70.84001442540124,
              -32.81021754889637
            ],
            [
              -70.84001218265361,
              -32.81021754889637
            ],
            [
              -70.84001218265361,
              -32.81021680129809
            ],
            [
              -70.84001068748853,
              -32.81021680129809
            ],
            [
              -70.84001068748853,
              -32.81021605369981
            ],
            [
              -70.84000844474089,
              -32.81021605369981
            ],
            [
              -70.84000844474089,
              -32.81021530610153
            ],
            [
              -70.84000620199326,
              -32.81021530610153
            ],
            [
              -70.84000620199326,
              -32.81021455850326
            ],
            [
              -70.84000470682818,
              -32.81021455850326
            ],
            [
              -70.84000470682818,
              -32.81021381090498
            ],
            [
              -70.84000246408056,
              -32.81021381090498
            ],
            [
              -70.84000246408056,
              -32.810213063306705
            ],
            [
              -70.84000022133293,
              -32.810213063306705
            ],
            [
              -70.84000022133293,
              -32.810212315708426
            ],
            [
              -70.8399979785853,
              -32.810212315708426
            ],
            [
              -70.8399979785853,
              -32.810211568110155
            ],
            [
              -70.83999648342021,
              -32.810211568110155
            ],
            [
              -70.83999648342021,
              -32.81021082051188
            ],
            [
              -70.83999424067258,
              -32.81021082051188
            ],
            [
              -70.83999424067258,
              -32.8102100729136
            ],
            [
              -70.83999199792495,
              -32.8102100729136
            ],
            [
              -70.83999199792495,
              -32.81020932531532
            ],
            [
              -70.83999050275987,
              -32.81020932531532
            ],
            [
              -70.83999050275987,
              -32.81020857771705
            ],
            [
              -70.83998826001225,
              -32.81020857771705
            ],
            [
              -70.83998826001225,
              -32.81020783011877
            ],
            [
              -70.83998601726462,
              -32.81020783011877
            ],
            [
              -70.83998601726462,
              -32.81020708252049
            ],
            [
              -70.83998452209953,
              -32.81020708252049
            ],
            [
              -70.83998452209953,
              -32.81020633492221
            ],
            [
              -70.8399822793519,
              -32.81020633492221
            ],
            [
              -70.8399822793519,
              -32.81020558732394
            ],
            [
              -70.83998003660427,
              -32.81020558732394
            ],
            [
              -70.83998003660427,
              -32.810204839725664
            ],
            [
              -70.83997779385665,
              -32.810204839725664
            ],
            [
              -70.83997779385665,
              -32.810204092127385
            ],
            [
              -70.83997629869157,
              -32.810204092127385
            ],
            [
              -70.83997629869157,
              -32.81020334452911
            ],
            [
              -70.83997405594393,
              -32.81020334452911
            ],
            [
              -70.83997405594393,
              -32.81020259693083
            ],
            [
              -70.8399718131963,
              -32.81020259693083
            ],
            [
              -70.8399718131963,
              -32.81020184933256
            ],
            [
              -70.83997031803122,
              -32.81020184933256
            ],
            [
              -70.83997031803122,
              -32.81020110173428
            ],
            [
              -70.8399680752836,
              -32.81020110173428
            ],
            [
              -70.8399680752836,
              -32.810200354136
            ],
            [
              -70.83996583253597,
              -32.810200354136
            ],
            [
              -70.83996583253597,
              -32.81019960653772
            ],
            [
              -70.83996433737087,
              -32.81019960653772
            ],
            [
              -70.83996433737087,
              -32.81019885893945
            ],
            [
              -70.83996209462325,
              -32.81019885893945
            ],
            [
              -70.83996209462325,
              -32.81019811134117
            ],
            [
              -70.83995985187562,
              -32.81019811134117
            ],
            [
              -70.83995985187562,
              -32.810197363742894
            ],
            [
              -70.83995835671054,
              -32.810197363742894
            ],
            [
              -70.83995835671054,
              -32.810196616144616
            ],
            [
              -70.83995611396291,
              -32.810196616144616
            ],
            [
              -70.83995611396291,
              -32.810195868546344
            ],
            [
              -70.83995387121529,
              -32.810195868546344
            ],
            [
              -70.83995387121529,
              -32.810195120948066
            ],
            [
              -70.83995162846766,
              -32.810195120948066
            ],
            [
              -70.83995162846766,
              -32.81019437334979
            ],
            [
              -70.83995013330257,
              -32.81019437334979
            ],
            [
              -70.83995013330257,
              -32.81019362575151
            ],
            [
              -70.83994789055494,
              -32.81019362575151
            ],
            [
              -70.83994789055494,
              -32.81019287815324
            ],
            [
              -70.83994564780731,
              -32.81019287815324
            ],
            [
              -70.83994564780731,
              -32.81019213055496
            ],
            [
              -70.83994415264223,
              -32.81019213055496
            ],
            [
              -70.83994415264223,
              -32.81019138295668
            ],
            [
              -70.8399419098946,
              -32.81019138295668
            ],
            [
              -70.8399419098946,
              -32.8101906353584
            ],
            [
              -70.83993966714698,
              -32.8101906353584
            ],
            [
              -70.83993966714698,
              -32.810189887760124
            ],
            [
              -70.83993817198188,
              -32.810189887760124
            ],
            [
              -70.83993817198188,
              -32.81018914016185
            ],
            [
              -70.83993592923426,
              -32.81018914016185
            ],
            [
              -70.83993592923426,
              -32.810188392563575
            ],
            [
              -70.83993368648663,
              -32.810188392563575
            ],
            [
              -70.83993368648663,
              -32.810187644965296
            ],
            [
              -70.83993219132155,
              -32.810187644965296
            ],
            [
              -70.83993219132155,
              -32.81018689736702
            ],
            [
              -70.83992994857391,
              -32.81018689736702
            ],
            [
              -70.83992994857391,
              -32.81018614976875
            ],
            [
              -70.83992770582628,
              -32.81018614976875
            ],
            [
              -70.83992770582628,
              -32.81018540217047
            ],
            [
              -70.83992546307866,
              -32.81018540217047
            ],
            [
              -70.83992546307866,
              -32.81018465457219
            ],
            [
              -70.83992396791358,
              -32.81018465457219
            ],
            [
              -70.83992396791358,
              -32.81018390697391
            ],
            [
              -70.83992172516595,
              -32.81018390697391
            ],
            [
              -70.83992172516595,
              -32.81018315937564
            ],
            [
              -70.83991948241832,
              -32.81018315937564
            ],
            [
              -70.83991948241832,
              -32.81018241177736
            ],
            [
              -70.83991798725323,
              -32.81018241177736
            ],
            [
              -70.83991798725323,
              -32.81018166417908
            ],
            [
              -70.8399157445056,
              -32.81018166417908
            ],
            [
              -70.8399157445056,
              -32.810180916580805
            ],
            [
              -70.83991275417543,
              -32.810180916580805
            ],
            [
              -70.83991275417543,
              -32.810180168982534
            ],
            [
              -70.83990901626272,
              -32.810180168982534
            ],
            [
              -70.83990901626272,
              -32.810179421384255
            ],
            [
              -70.83990602593255,
              -32.810179421384255
            ],
            [
              -70.83990602593255,
              -32.81017867378598
            ],
            [
              -70.83990228801984,
              -32.81017867378598
            ],
            [
              -70.83990228801984,
              -32.8101779261877
            ],
            [
              -70.83989929768967,
              -32.8101779261877
            ],
            [
              -70.83989929768967,
              -32.81017717858942
            ],
            [
              -70.83989555977696,
              -32.81017717858942
            ],
            [
              -70.83989555977696,
              -32.81017643099115
            ],
            [
              -70.83989256944679,
              -32.81017643099115
            ],
            [
              -70.83989256944679,
              -32.81017568339287
            ],
            [
              -70.83988883153407,
              -32.81017568339287
            ],
            [
              -70.83988883153407,
              -32.81017493579459
            ],
            [
              -70.8398858412039,
              -32.81017493579459
            ],
            [
              -70.8398858412039,
              -32.810174188196314
            ],
            [
              -70.83988210329119,
              -32.810174188196314
            ],
            [
              -70.83988210329119,
              -32.81017344059804
            ],
            [
              -70.83987911296101,
              -32.81017344059804
            ],
            [
              -70.83987911296101,
              -32.810172692999764
            ],
            [
              -70.83987612263084,
              -32.810172692999764
            ],
            [
              -70.83987612263084,
              -32.810171945401486
            ],
            [
              -70.83987238471813,
              -32.810171945401486
            ],
            [
              -70.83987238471813,
              -32.81017119780321
            ],
            [
              -70.83986939438796,
              -32.81017119780321
            ],
            [
              -70.83986939438796,
              -32.810170450204936
            ],
            [
              -70.83986565647525,
              -32.810170450204936
            ],
            [
              -70.83986565647525,
              -32.81016970260666
            ],
            [
              -70.83986266614508,
              -32.81016970260666
            ],
            [
              -70.83986266614508,
              -32.81016895500838
            ],
            [
              -70.83985892823236,
              -32.81016895500838
            ],
            [
              -70.83985892823236,
              -32.8101682074101
            ],
            [
              -70.8398559379022,
              -32.8101682074101
            ],
            [
              -70.8398559379022,
              -32.81016745981183
            ],
            [
              -70.83985219998948,
              -32.81016745981183
            ],
            [
              -70.83985219998948,
              -32.81016671221355
            ],
            [
              -70.8398492096593,
              -32.81016671221355
            ],
            [
              -70.8398492096593,
              -32.81016596461527
            ],
            [
              -70.83984621932915,
              -32.81016596461527
            ],
            [
              -70.83984621932915,
              -32.810165217016994
            ],
            [
              -70.83984248141643,
              -32.810165217016994
            ],
            [
              -70.83984248141643,
              -32.81016446941872
            ],
            [
              -70.83983949108625,
              -32.81016446941872
            ],
            [
              -70.83983949108625,
              -32.810163721820444
            ],
            [
              -70.83983575317355,
              -32.810163721820444
            ],
            [
              -70.83983575317355,
              -32.810162974222166
            ],
            [
              -70.83983276284337,
              -32.810162974222166
            ],
            [
              -70.83983276284337,
              -32.81016222662389
            ],
            [
              -70.83982902493067,
              -32.81016222662389
            ],
            [
              -70.83982902493067,
              -32.81016147902561
            ],
            [
              -70.83982603460049,
              -32.81016147902561
            ],
            [
              -70.83982603460049,
              -32.81016073142734
            ],
            [
              -70.83982229668777,
              -32.81016073142734
            ],
            [
              -70.83982229668777,
              -32.81015998382906
            ],
            [
              -70.83981930635761,
              -32.81015998382906
            ],
            [
              -70.83981930635761,
              -32.81015923623078
            ],
            [
              -70.83981556844489,
              -32.81015923623078
            ],
            [
              -70.83981556844489,
              -32.8101584886325
            ],
            [
              -70.83981257811472,
              -32.8101584886325
            ],
            [
              -70.83981257811472,
              -32.81015774103423
            ],
            [
              -70.83980958778456,
              -32.81015774103423
            ],
            [
              -70.83980958778456,
              -32.81015699343595
            ],
            [
              -70.83980584987184,
              -32.81015699343595
            ],
            [
              -70.83980584987184,
              -32.810156245837675
            ],
            [
              -70.83980285954166,
              -32.810156245837675
            ],
            [
              -70.83980285954166,
              -32.810155498239396
            ],
            [
              -70.83979912162896,
              -32.810155498239396
            ],
            [
              -70.83979912162896,
              -32.810154750641125
            ],
            [
              -70.83979613129878,
              -32.810154750641125
            ],
            [
              -70.83979613129878,
              -32.81015400304285
            ],
            [
              -70.83979239338608,
              -32.81015400304285
            ],
            [
              -70.83979239338608,
              -32.81015325544457
            ],
            [
              -70.8397894030559,
              -32.81015325544457
            ],
            [
              -70.8397894030559,
              -32.81015250784629
            ],
            [
              -70.83978566514318,
              -32.81015250784629
            ],
            [
              -70.83978566514318,
              -32.81015176024802
            ],
            [
              -70.83978267481302,
              -32.81015176024802
            ],
            [
              -70.83978267481302,
              -32.81015101264974
            ],
            [
              -70.8397789369003,
              -32.81015101264974
            ],
            [
              -70.8397789369003,
              -32.81015026505146
            ],
            [
              -70.83977594657013,
              -32.81015026505146
            ],
            [
              -70.83977594657013,
              -32.81014951745318
            ],
            [
              -70.83977295623997,
              -32.81014951745318
            ],
            [
              -70.83977295623997,
              -32.810148769854905
            ],
            [
              -70.83976921832725,
              -32.810148769854905
            ],
            [
              -70.83976921832725,
              -32.810148022256634
            ],
            [
              -70.83976622799707,
              -32.810148022256634
            ],
            [
              -70.83976622799707,
              -32.810147274658355
            ],
            [
              -70.83976249008437,
              -32.810147274658355
            ],
            [
              -70.83976249008437,
              -32.81014652706008
            ],
            [
              -70.8397594997542,
              -32.81014652706008
            ],
            [
              -70.8397594997542,
              -32.8101457794618
            ],
            [
              -70.83975576184149,
              -32.8101457794618
            ],
            [
              -70.83975576184149,
              -32.81014503186353
            ],
            [
              -70.83975277151131,
              -32.81014503186353
            ],
            [
              -70.83975277151131,
              -32.81014428426525
            ],
            [
              -70.8397490335986,
              -32.81014428426525
            ],
            [
              -70.8397490335986,
              -32.81014353666697
            ],
            [
              -70.83974604326843,
              -32.81014353666697
            ],
            [
              -70.83974604326843,
              -32.81014278906869
            ],
            [
              -70.83974230535571,
              -32.81014278906869
            ],
            [
              -70.83974230535571,
              -32.81014204147042
            ],
            [
              -70.83973931502554,
              -32.81014204147042
            ],
            [
              -70.83973931502554,
              -32.81014129387214
            ],
            [
              -70.83973632469538,
              -32.81014129387214
            ],
            [
              -70.83973632469538,
              -32.810140546273864
            ],
            [
              -70.83973258678266,
              -32.810140546273864
            ],
            [
              -70.83973258678266,
              -32.810139798675586
            ],
            [
              -70.83972959645249,
              -32.810139798675586
            ],
            [
              -70.83972959645249,
              -32.810139051077314
            ],
            [
              -70.83972585853978,
              -32.810139051077314
            ],
            [
              -70.83972585853978,
              -32.810138303479036
            ],
            [
              -70.8397228682096,
              -32.810138303479036
            ],
            [
              -70.8397228682096,
              -32.81013755588076
            ],
            [
              -70.8397191302969,
              -32.81013755588076
            ],
            [
              -70.8397191302969,
              -32.81013680828248
            ],
            [
              -70.83971613996673,
              -32.81013680828248
            ],
            [
              -70.83971613996673,
              -32.8101360606842
            ],
            [
              -70.839712402054,
              -32.8101360606842
            ],
            [
              -70.839712402054,
              -32.81013531308593
            ],
            [
              -70.83970941172383,
              -32.81013531308593
            ],
            [
              -70.83970941172383,
              -32.81013456548765
            ],
            [
              -70.83970567381112,
              -32.81013456548765
            ],
            [
              -70.83970567381112,
              -32.81013381788937
            ],
            [
              -70.83970268348095,
              -32.81013381788937
            ],
            [
              -70.83970268348095,
              -32.810133070291094
            ],
            [
              -70.83969969315078,
              -32.810133070291094
            ],
            [
              -70.83969969315078,
              -32.81013232269282
            ],
            [
              -70.83969595523807,
              -32.81013232269282
            ],
            [
              -70.83969595523807,
              -32.810131575094545
            ],
            [
              -70.8396929649079,
              -32.810131575094545
            ],
            [
              -70.8396929649079,
              -32.810130827496266
            ],
            [
              -70.83968922699519,
              -32.810130827496266
            ],
            [
              -70.83968922699519,
              -32.81013007989799
            ],
            [
              -70.83968623666502,
              -32.81013007989799
            ],
            [
              -70.83968623666502,
              -32.81012933229972
            ],
            [
              -70.8396824987523,
              -32.81012933229972
            ],
            [
              -70.8396824987523,
              -32.81012858470144
            ],
            [
              -70.83967950842214,
              -32.81012858470144
            ],
            [
              -70.83967950842214,
              -32.81012783710316
            ],
            [
              -70.83967577050942,
              -32.81012783710316
            ],
            [
              -70.83967577050942,
              -32.81012708950488
            ],
            [
              -70.83967278017924,
              -32.81012708950488
            ],
            [
              -70.83967278017924,
              -32.81012634190661
            ],
            [
              -70.83966904226654,
              -32.81012634190661
            ],
            [
              -70.83966904226654,
              -32.81012559430833
            ],
            [
              -70.83966605193636,
              -32.81012559430833
            ],
            [
              -70.83966605193636,
              -32.81012484671005
            ],
            [
              -70.83966306160619,
              -32.81012484671005
            ],
            [
              -70.83966306160619,
              -32.810124099111775
            ],
            [
              -70.83965932369348,
              -32.810124099111775
            ],
            [
              -70.83965932369348,
              -32.8101233515135
            ],
            [
              -70.83965633336331,
              -32.8101233515135
            ],
            [
              -70.83965633336331,
              -32.810122603915225
            ],
            [
              -70.8396525954506,
              -32.810122603915225
            ],
            [
              -70.8396525954506,
              -32.81012185631695
            ],
            [
              -70.83964960512043,
              -32.81012185631695
            ],
            [
              -70.83964960512043,
              -32.81012110871867
            ],
            [
              -70.83964586720771,
              -32.81012110871867
            ],
            [
              -70.83964586720771,
              -32.81012036112039
            ],
            [
              -70.83964287687755,
              -32.81012036112039
            ],
            [
              -70.83964287687755,
              -32.81011961352212
            ],
            [
              -70.83963913896483,
              -32.81011961352212
            ],
            [
              -70.83963913896483,
              -32.81011886592384
            ],
            [
              -70.83963614863465,
              -32.81011886592384
            ],
            [
              -70.83963614863465,
              -32.81011811832556
            ],
            [
              -70.83963241072195,
              -32.81011811832556
            ],
            [
              -70.83963241072195,
              -32.81011737072728
            ],
            [
              -70.83962942039177,
              -32.81011737072728
            ],
            [
              -70.83962942039177,
              -32.81011662312901
            ],
            [
              -70.8396264300616,
              -32.81011662312901
            ],
            [
              -70.8396264300616,
              -32.810115875530734
            ],
            [
              -70.8396226921489,
              -32.810115875530734
            ],
            [
              -70.8396226921489,
              -32.810115127932455
            ],
            [
              -70.83961970181872,
              -32.810115127932455
            ],
            [
              -70.83961970181872,
              -32.81011438033418
            ],
            [
              -70.83961596390601,
              -32.81011438033418
            ],
            [
              -70.83961596390601,
              -32.810113632735906
            ],
            [
              -70.83961297357584,
              -32.810113632735906
            ],
            [
              -70.83961297357584,
              -32.81011288513763
            ],
            [
              -70.83960923566312,
              -32.81011288513763
            ],
            [
              -70.83960923566312,
              -32.81011213753935
            ],
            [
              -70.83960624533296,
              -32.81011213753935
            ],
            [
              -70.83960624533296,
              -32.81011138994107
            ],
            [
              -70.83960250742024,
              -32.81011138994107
            ],
            [
              -70.83960250742024,
              -32.8101106423428
            ],
            [
              -70.83959951709006,
              -32.8101106423428
            ],
            [
              -70.83959951709006,
              -32.81010989474452
            ],
            [
              -70.8395965267599,
              -32.81010989474452
            ],
            [
              -70.8395965267599,
              -32.81010914714624
            ],
            [
              -70.83959278884718,
              -32.81010914714624
            ],
            [
              -70.83959278884718,
              -32.810108399547964
            ],
            [
              -70.83958979851701,
              -32.810108399547964
            ],
            [
              -70.83958979851701,
              -32.810107651949686
            ],
            [
              -70.8395860606043,
              -32.810107651949686
            ],
            [
              -70.8395860606043,
              -32.810106904351414
            ],
            [
              -70.83958307027413,
              -32.810106904351414
            ],
            [
              -70.83958307027413,
              -32.810106156753136
            ],
            [
              -70.83957933236142,
              -32.810106156753136
            ],
            [
              -70.83957933236142,
              -32.81010540915486
            ],
            [
              -70.83957634203125,
              -32.81010540915486
            ],
            [
              -70.83957634203125,
              -32.81010466155658
            ],
            [
              -70.83957260411853,
              -32.81010466155658
            ],
            [
              -70.83957260411853,
              -32.81010391395831
            ],
            [
              -70.83956961378837,
              -32.81010391395831
            ],
            [
              -70.83956961378837,
              -32.81010316636003
            ],
            [
              -70.83956587587565,
              -32.81010316636003
            ],
            [
              -70.83956587587565,
              -32.81010241876175
            ],
            [
              -70.83956288554548,
              -32.81010241876175
            ],
            [
              -70.83956288554548,
              -32.81010167116347
            ],
            [
              -70.83955989521532,
              -32.81010167116347
            ],
            [
              -70.83955989521532,
              -32.8101009235652
            ],
            [
              -70.8395561573026,
              -32.8101009235652
            ],
            [
              -70.8395561573026,
              -32.81010017596692
            ],
            [
              -70.83955316697242,
              -32.81010017596692
            ],
            [
              -70.83955316697242,
              -32.810099428368645
            ],
            [
              -70.83954942905972,
              -32.810099428368645
            ],
            [
              -70.83954942905972,
              -32.810098680770366
            ],
            [
              -70.83954643872954,
              -32.810098680770366
            ],
            [
              -70.83954643872954,
              -32.810097933172095
            ],
            [
              -70.83954270081684,
              -32.810097933172095
            ],
            [
              -70.83954270081684,
              -32.81009718557382
            ],
            [
              -70.83953971048666,
              -32.81009718557382
            ],
            [
              -70.83953971048666,
              -32.81009643797554
            ],
            [
              -70.83953597257394,
              -32.81009643797554
            ],
            [
              -70.83953597257394,
              -32.81009569037726
            ],
            [
              -70.83953298224378,
              -32.81009569037726
            ],
            [
              -70.83953298224378,
              -32.81009494277898
            ],
            [
              -70.83952924433106,
              -32.81009494277898
            ],
            [
              -70.83952924433106,
              -32.81009419518071
            ],
            [
              -70.83952625400089,
              -32.81009419518071
            ],
            [
              -70.83952625400089,
              -32.81009344758243
            ],
            [
              -70.83952326367071,
              -32.81009344758243
            ],
            [
              -70.83952326367071,
              -32.81009269998415
            ],
            [
              -70.839519525758,
              -32.81009269998415
            ],
            [
              -70.839519525758,
              -32.810091952385875
            ],
            [
              -70.83951653542783,
              -32.810091952385875
            ],
            [
              -70.83951653542783,
              -32.810091204787604
            ],
            [
              -70.83951279751513,
              -32.810091204787604
            ],
            [
              -70.83951279751513,
              -32.810090457189325
            ],
            [
              -70.83950980718495,
              -32.810090457189325
            ],
            [
              -70.83950980718495,
              -32.81008970959105
            ],
            [
              -70.83950606927223,
              -32.81008970959105
            ],
            [
              -70.83950606927223,
              -32.81008896199277
            ],
            [
              -70.83950307894207,
              -32.81008896199277
            ],
            [
              -70.83950307894207,
              -32.8100882143945
            ],
            [
              -70.83949934102935,
              -32.8100882143945
            ],
            [
              -70.83949934102935,
              -32.81008746679622
            ],
            [
              -70.83949635069918,
              -32.81008746679622
            ],
            [
              -70.83949635069918,
              -32.81008671919794
            ],
            [
              -70.83949261278647,
              -32.81008671919794
            ],
            [
              -70.83949261278647,
              -32.81008597159966
            ],
            [
              -70.8394896224563,
              -32.81008597159966
            ],
            [
              -70.8394896224563,
              -32.81008522400139
            ],
            [
              -70.83948663212612,
              -32.81008522400139
            ],
            [
              -70.83948663212612,
              -32.81008447640311
            ],
            [
              -70.83948289421342,
              -32.81008447640311
            ],
            [
              -70.83948289421342,
              -32.810083728804834
            ],
            [
              -70.83947990388324,
              -32.810083728804834
            ],
            [
              -70.83947990388324,
              -32.810082981206556
            ],
            [
              -70.83947616597054,
              -32.810082981206556
            ],
            [
              -70.83947616597054,
              -32.81008223360828
            ],
            [
              -70.83947317564036,
              -32.81008223360828
            ],
            [
              -70.83947317564036,
              -32.810081486010006
            ],
            [
              -70.83946943772764,
              -32.810081486010006
            ],
            [
              -70.83946943772764,
              -32.81008073841173
            ],
            [
              -70.83946644739748,
              -32.81008073841173
            ],
            [
              -70.83946644739748,
              -32.81007999081345
            ],
            [
              -70.83946270948476,
              -32.81007999081345
            ],
            [
              -70.83946270948476,
              -32.81007924321517
            ],
            [
              -70.83945971915459,
              -32.81007924321517
            ],
            [
              -70.83945971915459,
              -32.8100784956169
            ],
            [
              -70.83945598124188,
              -32.8100784956169
            ],
            [
              -70.83945598124188,
              -32.81007774801862
            ],
            [
              -70.83945299091171,
              -32.81007774801862
            ],
            [
              -70.83945299091171,
              -32.81007700042034
            ],
            [
              -70.83945000058154,
              -32.81007700042034
            ],
            [
              -70.83945000058154,
              -32.810076252822064
            ],
            [
              -70.83944626266883,
              -32.810076252822064
            ],
            [
              -70.83944626266883,
              -32.81007550522379
            ],
            [
              -70.83944327233866,
              -32.81007550522379
            ],
            [
              -70.83944327233866,
              -32.810074757625515
            ],
            [
              -70.83943953442595,
              -32.810074757625515
            ],
            [
              -70.83943953442595,
              -32.810074010027236
            ],
            [
              -70.83943654409578,
              -32.810074010027236
            ],
            [
              -70.83943654409578,
              -32.81007326242896
            ],
            [
              -70.83943280618305,
              -32.81007326242896
            ],
            [
              -70.83943280618305,
              -32.810072514830686
            ],
            [
              -70.8394298158529,
              -32.810072514830686
            ],
            [
              -70.8394298158529,
              -32.81007176723241
            ],
            [
              -70.83942607794017,
              -32.81007176723241
            ],
            [
              -70.83942607794017,
              -32.81007101963413
            ],
            [
              -70.83942308761,
              -32.81007101963413
            ],
            [
              -70.83942308761,
              -32.81007027203585
            ],
            [
              -70.8394193496973,
              -32.81007027203585
            ],
            [
              -70.8394193496973,
              -32.81006952443757
            ],
            [
              -70.83941635936712,
              -32.81006952443757
            ],
            [
              -70.83941635936712,
              -32.8100687768393
            ],
            [
              -70.83941336903695,
              -32.8100687768393
            ],
            [
              -70.83941336903695,
              -32.81006802924102
            ],
            [
              -70.83940963112424,
              -32.81006802924102
            ],
            [
              -70.83940963112424,
              -32.810067281642745
            ],
            [
              -70.83940664079407,
              -32.810067281642745
            ],
            [
              -70.83940664079407,
              -32.810066534044466
            ],
            [
              -70.83940290288136,
              -32.810066534044466
            ],
            [
              -70.83940290288136,
              -32.810065786446195
            ],
            [
              -70.83939991255119,
              -32.810065786446195
            ],
            [
              -70.83939991255119,
              -32.81006503884792
            ],
            [
              -70.83939617463847,
              -32.81006503884792
            ],
            [
              -70.83939617463847,
              -32.81006429124964
            ],
            [
              -70.8393931843083,
              -32.81006429124964
            ],
            [
              -70.8393931843083,
              -32.81006354365136
            ],
            [
              -70.83938944639559,
              -32.81006354365136
            ],
            [
              -70.83938944639559,
              -32.81006279605309
            ],
            [
              -70.83938645606541,
              -32.81006279605309
            ],
            [
              -70.83938645606541,
              -32.81006204845481
            ],
            [
              -70.8393827181527,
              -32.81006204845481
            ],
            [
              -70.8393827181527,
              -32.81006130085653
            ],
            [
              -70.83937972782253,
              -32.81006130085653
            ],
            [
              -70.83937972782253,
              -32.81006055325825
            ],
            [
              -70.83937673749236,
              -32.81006055325825
            ],
            [
              -70.83937673749236,
              -32.81005980565998
            ],
            [
              -70.83937299957965,
              -32.81005980565998
            ],
            [
              -70.83937299957965,
              -32.810059058061704
            ],
            [
              -70.83937000924948,
              -32.810059058061704
            ],
            [
              -70.83937000924948,
              -32.810058310463425
            ],
            [
              -70.83936627133677,
              -32.810058310463425
            ],
            [
              -70.83936627133677,
              -32.81005756286515
            ],
            [
              -70.8393632810066,
              -32.81005756286515
            ],
            [
              -70.8393632810066,
              -32.810056815266876
            ],
            [
              -70.83935954309388,
              -32.810056815266876
            ],
            [
              -70.83935954309388,
              -32.8100560676686
            ],
            [
              -70.83935655276372,
              -32.8100560676686
            ],
            [
              -70.83935655276372,
              -32.81005532007032
            ],
            [
              -70.839352814851,
              -32.81005532007032
            ],
            [
              -70.839352814851,
              -32.81005457247204
            ],
            [
              -70.83934982452082,
              -32.81005457247204
            ],
            [
              -70.83934982452082,
              -32.81005382487376
            ],
            [
              -70.83934608660812,
              -32.81005382487376
            ],
            [
              -70.83934608660812,
              -32.81005307727549
            ],
            [
              -70.83934309627794,
              -32.81005307727549
            ],
            [
              -70.83934309627794,
              -32.81005232967721
            ],
            [
              -70.83934010594777,
              -32.81005232967721
            ],
            [
              -70.83934010594777,
              -32.810051582078934
            ],
            [
              -70.83933636803506,
              -32.810051582078934
            ],
            [
              -70.83933636803506,
              -32.810050834480656
            ],
            [
              -70.83933337770489,
              -32.810050834480656
            ],
            [
              -70.83933337770489,
              -32.810050086882384
            ],
            [
              -70.83932963979218,
              -32.810050086882384
            ],
            [
              -70.83932963979218,
              -32.810049339284106
            ],
            [
              -70.83932664946201,
              -32.810049339284106
            ],
            [
              -70.83932664946201,
              -32.81004859168583
            ],
            [
              -70.83932291154929,
              -32.81004859168583
            ],
            [
              -70.83932291154929,
              -32.81004784408755
            ],
            [
              -70.83931992121911,
              -32.81004784408755
            ],
            [
              -70.83931992121911,
              -32.81004709648928
            ],
            [
              -70.83931618330641,
              -32.81004709648928
            ],
            [
              -70.83931618330641,
              -32.81004560129272
            ],
            [
              -70.83931693088896,
              -32.81004560129272
            ],
            [
              -70.83931693088896,
              -32.81004410609617
            ],
            [
              -70.83931767847149,
              -32.81004410609617
            ],
            [
              -70.83931767847149,
              -32.810041863301336
            ],
            [
              -70.83931842605404,
              -32.810041863301336
            ],
            [
              -70.83931842605404,
              -32.81003962050651
            ],
            [
              -70.83931917363658,
              -32.81003962050651
            ],
            [
              -70.83931917363658,
              -32.81003737771168
            ],
            [
              -70.83931992121911,
              -32.81003737771168
            ],
            [
              -70.83931992121911,
              -32.810035134916845
            ],
            [
              -70.83932066880166,
              -32.810035134916845
            ],
            [
              -70.83932066880166,
              -32.81003289212202
            ],
            [
              -70.83932141638421,
              -32.81003289212202
            ],
            [
              -70.83932141638421,
              -32.81003064932719
            ],
            [
              -70.83932216396676,
              -32.81003064932719
            ],
            [
              -70.83932216396676,
              -32.81002840653235
            ],
            [
              -70.83932291154929,
              -32.81002840653235
            ],
            [
              -70.83932291154929,
              -32.810026911335804
            ],
            [
              -70.83932365913184,
              -32.810026911335804
            ],
            [
              -70.83932365913184,
              -32.810024668540976
            ],
            [
              -70.83932440671438,
              -32.810024668540976
            ],
            [
              -70.83932440671438,
              -32.81002242574614
            ],
            [
              -70.83932515429692,
              -32.81002242574614
            ],
            [
              -70.83932515429692,
              -32.81002018295131
            ],
            [
              -70.83932590187946,
              -32.81002018295131
            ],
            [
              -70.83932590187946,
              -32.810017940156484
            ],
            [
              -70.83932664946201,
              -32.810017940156484
            ],
            [
              -70.83932664946201,
              -32.81001569736165
            ],
            [
              -70.83932739704454,
              -32.81001569736165
            ],
            [
              -70.83932739704454,
              -32.81001345456682
            ],
            [
              -70.83932814462709,
              -32.81001345456682
            ],
            [
              -70.83932814462709,
              -32.81001195937027
            ],
            [
              -70.83932889220964,
              -32.81001195937027
            ],
            [
              -70.83932889220964,
              -32.810009716575436
            ],
            [
              -70.83932963979218,
              -32.810009716575436
            ],
            [
              -70.83932963979218,
              -32.81000747378061
            ],
            [
              -70.83933038737472,
              -32.81000747378061
            ],
            [
              -70.83933038737472,
              -32.81000523098578
            ],
            [
              -70.83933113495726,
              -32.81000523098578
            ],
            [
              -70.83933113495726,
              -32.810002988190945
            ],
            [
              -70.83933188253981,
              -32.810002988190945
            ],
            [
              -70.83933188253981,
              -32.81000074539612
            ],
            [
              -70.83933263012234,
              -32.81000074539612
            ],
            [
              -70.83933263012234,
              -32.80999850260129
            ],
            [
              -70.83933337770489,
              -32.80999850260129
            ],
            [
              -70.83933337770489,
              -32.80999625980646
            ],
            [
              -70.83933412528744,
              -32.80999625980646
            ],
            [
              -70.83933412528744,
              -32.809994764609904
            ],
            [
              -70.83933487286997,
              -32.809994764609904
            ],
            [
              -70.83933487286997,
              -32.809992521815076
            ],
            [
              -70.83933562045252,
              -32.809992521815076
            ],
            [
              -70.83933562045252,
              -32.80999027902025
            ],
            [
              -70.83933636803506,
              -32.80999027902025
            ],
            [
              -70.83933636803506,
              -32.80998803622541
            ],
            [
              -70.8393371156176,
              -32.80998803622541
            ],
            [
              -70.8393371156176,
              -32.809985793430585
            ],
            [
              -70.83933786320014,
              -32.809985793430585
            ],
            [
              -70.83933786320014,
              -32.809983550635756
            ],
            [
              -70.83933861078269,
              -32.809983550635756
            ],
            [
              -70.83933861078269,
              -32.80998130784092
            ],
            [
              -70.83933935836524,
              -32.80998130784092
            ],
            [
              -70.83933935836524,
              -32.80997981264437
            ],
            [
              -70.83934010594777,
              -32.80997981264437
            ],
            [
              -70.83934010594777,
              -32.80997756984954
            ],
            [
              -70.83934085353032,
              -32.80997756984954
            ],
            [
              -70.83934085353032,
              -32.80997532705471
            ],
            [
              -70.83934160111286,
              -32.80997532705471
            ],
            [
              -70.83934160111286,
              -32.80997308425988
            ],
            [
              -70.8393423486954,
              -32.80997308425988
            ],
            [
              -70.8393423486954,
              -32.80997084146505
            ],
            [
              -70.83934309627794,
              -32.80997084146505
            ],
            [
              -70.83934309627794,
              -32.80996859867022
            ],
            [
              -70.83934384386049,
              -32.80996859867022
            ],
            [
              -70.83934384386049,
              -32.80996635587539
            ],
            [
              -70.83934459144302,
              -32.80996635587539
            ],
            [
              -70.83934459144302,
              -32.80996411308056
            ],
            [
              -70.83934533902557,
              -32.80996411308056
            ],
            [
              -70.83934533902557,
              -32.809962617884004
            ],
            [
              -70.83934608660812,
              -32.809962617884004
            ],
            [
              -70.83934608660812,
              -32.809960375089176
            ],
            [
              -70.83934683419065,
              -32.809960375089176
            ],
            [
              -70.83934683419065,
              -32.80995813229435
            ],
            [
              -70.8393475817732,
              -32.80995813229435
            ],
            [
              -70.8393475817732,
              -32.80995588949951
            ],
            [
              -70.83934832935574,
              -32.80995588949951
            ],
            [
              -70.83934832935574,
              -32.809953646704685
            ],
            [
              -70.83934907693829,
              -32.809953646704685
            ],
            [
              -70.83934907693829,
              -32.80995140390986
            ],
            [
              -70.83934982452082,
              -32.80995140390986
            ],
            [
              -70.83934982452082,
              -32.80994916111502
            ],
            [
              -70.83935057210337,
              -32.80994916111502
            ],
            [
              -70.83935057210337,
              -32.80994766591847
            ],
            [
              -70.83935131968592,
              -32.80994766591847
            ],
            [
              -70.83935131968592,
              -32.809945423123644
            ],
            [
              -70.83935206726845,
              -32.809945423123644
            ],
            [
              -70.83935206726845,
              -32.80994318032881
            ],
            [
              -70.839352814851,
              -32.80994318032881
            ],
            [
              -70.839352814851,
              -32.80994093753398
            ],
            [
              -70.83935356243354,
              -32.80994093753398
            ],
            [
              -70.83935356243354,
              -32.80993869473915
            ],
            [
              -70.83935431001608,
              -32.80993869473915
            ],
            [
              -70.83935431001608,
              -32.809936451944324
            ],
            [
              -70.83935505759862,
              -32.809936451944324
            ],
            [
              -70.83935505759862,
              -32.80993420914949
            ],
            [
              -70.83935580518117,
              -32.80993420914949
            ],
            [
              -70.83935580518117,
              -32.80993271395294
            ],
            [
              -70.83935655276372,
              -32.80993271395294
            ],
            [
              -70.83935655276372,
              -32.809930471158104
            ],
            [
              -70.83935730034625,
              -32.809930471158104
            ],
            [
              -70.83935730034625,
              -32.809928228363276
            ],
            [
              -70.8393580479288,
              -32.809928228363276
            ],
            [
              -70.8393580479288,
              -32.80992598556845
            ],
            [
              -70.83935879551134,
              -32.80992598556845
            ],
            [
              -70.83935879551134,
              -32.80992374277362
            ],
            [
              -70.83935954309388,
              -32.80992374277362
            ],
            [
              -70.83935954309388,
              -32.809921499978785
            ],
            [
              -70.83936029067642,
              -32.809921499978785
            ],
            [
              -70.83936029067642,
              -32.80991925718396
            ],
            [
              -70.83936103825897,
              -32.80991925718396
            ],
            [
              -70.83936103825897,
              -32.80991701438913
            ],
            [
              -70.8393617858415,
              -32.80991701438913
            ],
            [
              -70.8393617858415,
              -32.80991551919257
            ],
            [
              -70.83936253342405,
              -32.80991551919257
            ],
            [
              -70.83936253342405,
              -32.809913276397744
            ],
            [
              -70.8393632810066,
              -32.809913276397744
            ],
            [
              -70.8393632810066,
              -32.809911033602916
            ],
            [
              -70.83936402858913,
              -32.809911033602916
            ],
            [
              -70.83936402858913,
              -32.80990879080808
            ],
            [
              -70.83936477617168,
              -32.80990879080808
            ],
            [
              -70.83936477617168,
              -32.80990654801325
            ],
            [
              -70.83936552375422,
              -32.80990654801325
            ],
            [
              -70.83936552375422,
              -32.809904305218424
            ],
            [
              -70.83936627133677,
              -32.809904305218424
            ],
            [
              -70.83936627133677,
              -32.80990206242359
            ],
            [
              -70.8393670189193,
              -32.80990206242359
            ],
            [
              -70.8393670189193,
              -32.80990056722704
            ],
            [
              -70.83936776650185,
              -32.80990056722704
            ],
            [
              -70.83936776650185,
              -32.80989832443221
            ],
            [
              -70.8393685140844,
              -32.80989832443221
            ],
            [
              -70.8393685140844,
              -32.809896081637376
            ],
            [
              -70.83936926166693,
              -32.809896081637376
            ],
            [
              -70.83936926166693,
              -32.80989383884255
            ],
            [
              -70.83937000924948,
              -32.80989383884255
            ],
            [
              -70.83937000924948,
              -32.80989159604772
            ],
            [
              -70.83937075683203,
              -32.80989159604772
            ],
            [
              -70.83937075683203,
              -32.809889353252885
            ],
            [
              -70.83937150441456,
              -32.809889353252885
            ],
            [
              -70.83937150441456,
              -32.80988711045806
            ],
            [
              -70.8393722519971,
              -32.80988711045806
            ],
            [
              -70.8393722519971,
              -32.80988486766323
            ],
            [
              -70.83937299957965,
              -32.80988486766323
            ],
            [
              -70.83937299957965,
              -32.80988337246667
            ],
            [
              -70.8393737471622,
              -32.80988337246667
            ],
            [
              -70.8393737471622,
              -32.809881129671844
            ],
            [
              -70.83937449474473,
              -32.809881129671844
            ],
            [
              -70.83937449474473,
              -32.809878886877016
            ],
            [
              -70.83937524232728,
              -32.809878886877016
            ],
            [
              -70.83937524232728,
              -32.80987664408218
            ],
            [
              -70.83937598990983,
              -32.80987664408218
            ],
            [
              -70.83937598990983,
              -32.80987440128735
            ],
            [
              -70.83937673749236,
              -32.80987440128735
            ],
            [
              -70.83937673749236,
              -32.809872158492524
            ],
            [
              -70.8393774850749,
              -32.809872158492524
            ],
            [
              -70.8393774850749,
              -32.809869915697696
            ],
            [
              -70.83937823265745,
              -32.809869915697696
            ],
            [
              -70.83937823265745,
              -32.80986842050114
            ],
            [
              -70.83937898023999,
              -32.80986842050114
            ],
            [
              -70.83937898023999,
              -32.80986617770631
            ],
            [
              -70.83937972782253,
              -32.80986617770631
            ],
            [
              -70.83937972782253,
              -32.809863934911476
            ],
            [
              -70.83938047540508,
              -32.809863934911476
            ],
            [
              -70.83938047540508,
              -32.80986169211665
            ],
            [
              -70.83938122298761,
              -32.80986169211665
            ],
            [
              -70.83938122298761,
              -32.80985944932182
            ],
            [
              -70.83938197057016,
              -32.80985944932182
            ],
            [
              -70.83938197057016,
              -32.80985720652699
            ],
            [
              -70.8393827181527,
              -32.80985720652699
            ],
            [
              -70.8393827181527,
              -32.80985496373216
            ],
            [
              -70.83938346573525,
              -32.80985496373216
            ],
            [
              -70.83938346573525,
              -32.80985272093733
            ],
            [
              -70.83938421331779,
              -32.80985272093733
            ],
            [
              -70.83938421331779,
              -32.80985122574077
            ],
            [
              -70.83938496090033,
              -32.80985122574077
            ],
            [
              -70.83938496090033,
              -32.809848982945944
            ],
            [
              -70.83938570848288,
              -32.809848982945944
            ],
            [
              -70.83938570848288,
              -32.809846740151116
            ],
            [
              -70.83938645606541,
              -32.809846740151116
            ],
            [
              -70.83938645606541,
              -32.80984449735629
            ],
            [
              -70.83938720364796,
              -32.80984449735629
            ],
            [
              -70.83938720364796,
              -32.80984225456145
            ],
            [
              -70.8393879512305,
              -32.80984225456145
            ],
            [
              -70.8393879512305,
              -32.809840011766624
            ],
            [
              -70.83938869881304,
              -32.809840011766624
            ],
            [
              -70.83938869881304,
              -32.809837768971796
            ],
            [
              -70.83938944639559,
              -32.809837768971796
            ],
            [
              -70.83938944639559,
              -32.80983627377524
            ],
            [
              -70.83939019397813,
              -32.80983627377524
            ],
            [
              -70.83939019397813,
              -32.80983403098041
            ],
            [
              -70.83939094156067,
              -32.80983403098041
            ],
            [
              -70.83939094156067,
              -32.80983178818558
            ],
            [
              -70.83939168914321,
              -32.80983178818558
            ],
            [
              -70.83939168914321,
              -32.80982954539075
            ],
            [
              -70.83939243672576,
              -32.80982954539075
            ],
            [
              -70.83939243672576,
              -32.80982730259592
            ],
            [
              -70.8393931843083,
              -32.80982730259592
            ],
            [
              -70.8393931843083,
              -32.80982505980109
            ],
            [
              -70.83939393189084,
              -32.80982505980109
            ],
            [
              -70.83939393189084,
              -32.80982281700626
            ],
            [
              -70.83939467947339,
              -32.80982281700626
            ],
            [
              -70.83939467947339,
              -32.80982057421143
            ],
            [
              -70.83939542705593,
              -32.80982057421143
            ],
            [
              -70.83939542705593,
              -32.80981907901488
            ],
            [
              -70.83939617463847,
              -32.80981907901488
            ],
            [
              -70.83939617463847,
              -32.809816836220044
            ],
            [
              -70.83939692222101,
              -32.809816836220044
            ],
            [
              -70.83939692222101,
              -32.809814593425216
            ],
            [
              -70.83939766980356,
              -32.809814593425216
            ],
            [
              -70.83939766980356,
              -32.80981235063039
            ],
            [
              -70.83939841738609,
              -32.80981235063039
            ],
            [
              -70.83939841738609,
              -32.80981010783555
            ],
            [
              -70.83939916496864,
              -32.80981010783555
            ],
            [
              -70.83939916496864,
              -32.809807865040725
            ],
            [
              -70.83939991255119,
              -32.809807865040725
            ],
            [
              -70.83939991255119,
              -32.8098056222459
            ],
            [
              -70.83940066013373,
              -32.8098056222459
            ],
            [
              -70.83940066013373,
              -32.80980412704934
            ],
            [
              -70.83940140771627,
              -32.80980412704934
            ],
            [
              -70.83940140771627,
              -32.80980188425451
            ],
            [
              -70.83940215529881,
              -32.80980188425451
            ],
            [
              -70.83940215529881,
              -32.80979964145968
            ],
            [
              -70.83940290288136,
              -32.80979964145968
            ],
            [
              -70.83940290288136,
              -32.80979739866485
            ],
            [
              -70.8394036504639,
              -32.80979739866485
            ],
            [
              -70.8394036504639,
              -32.80979515587002
            ],
            [
              -70.83940439804644,
              -32.80979515587002
            ],
            [
              -70.83940439804644,
              -32.80979291307519
            ],
            [
              -70.83940514562899,
              -32.80979291307519
            ],
            [
              -70.83940514562899,
              -32.809790670280364
            ],
            [
              -70.83940589321152,
              -32.809790670280364
            ],
            [
              -70.83940589321152,
              -32.80978917508381
            ],
            [
              -70.83940664079407,
              -32.80978917508381
            ],
            [
              -70.83940664079407,
              -32.80978693228898
            ],
            [
              -70.83940738837661,
              -32.80978693228898
            ],
            [
              -70.83940738837661,
              -32.809784689494144
            ],
            [
              -70.83940813595915,
              -32.809784689494144
            ],
            [
              -70.83940813595915,
              -32.809782446699316
            ],
            [
              -70.8394088835417,
              -32.809782446699316
            ],
            [
              -70.8394088835417,
              -32.80978020390449
            ],
            [
              -70.83940963112424,
              -32.80978020390449
            ],
            [
              -70.83940963112424,
              -32.80977796110966
            ],
            [
              -70.83941037870679,
              -32.80977796110966
            ],
            [
              -70.83941037870679,
              -32.809775718314825
            ],
            [
              -70.83941112628932,
              -32.809775718314825
            ],
            [
              -70.83941112628932,
              -32.80977347552
            ],
            [
              -70.83941187387187,
              -32.80977347552
            ],
            [
              -70.83941187387187,
              -32.80977198032344
            ],
            [
              -70.83941262145441,
              -32.80977198032344
            ],
            [
              -70.83941262145441,
              -32.80976973752861
            ],
            [
              -70.83941336903695,
              -32.80976973752861
            ],
            [
              -70.83941336903695,
              -32.809767494733784
            ],
            [
              -70.8394141166195,
              -32.809767494733784
            ],
            [
              -70.8394141166195,
              -32.809765251938956
            ],
            [
              -70.83941486420204,
              -32.809765251938956
            ],
            [
              -70.83941486420204,
              -32.80976300914412
            ],
            [
              -70.83941561178457,
              -32.80976300914412
            ],
            [
              -70.83941561178457,
              -32.80976076634929
            ],
            [
              -70.83941635936712,
              -32.80976076634929
            ],
            [
              -70.83941635936712,
              -32.809758523554464
            ],
            [
              -70.83941710694967,
              -32.809758523554464
            ],
            [
              -70.83941710694967,
              -32.80975702835791
            ],
            [
              -70.8394178545322,
              -32.80975702835791
            ],
            [
              -70.8394178545322,
              -32.80975478556308
            ],
            [
              -70.83941860211475,
              -32.80975478556308
            ],
            [
              -70.83941860211475,
              -32.80975254276825
            ],
            [
              -70.8394193496973,
              -32.80975254276825
            ],
            [
              -70.8394193496973,
              -32.809750299973416
            ],
            [
              -70.83942009727984,
              -32.809750299973416
            ],
            [
              -70.83942009727984,
              -32.80974805717859
            ],
            [
              -70.83942084486237,
              -32.80974805717859
            ],
            [
              -70.83942084486237,
              -32.80974581438376
            ],
            [
              -70.83942159244492,
              -32.80974581438376
            ],
            [
              -70.83942159244492,
              -32.809743571588925
            ],
            [
              -70.83942234002747,
              -32.809743571588925
            ],
            [
              -70.83942234002747,
              -32.8097413287941
            ],
            [
              -70.83942308761,
              -32.8097413287941
            ],
            [
              -70.83942308761,
              -32.80973983359755
            ],
            [
              -70.83942383519255,
              -32.80973983359755
            ],
            [
              -70.83942383519255,
              -32.80973759080271
            ],
            [
              -70.8394245827751,
              -32.80973759080271
            ],
            [
              -70.8394245827751,
              -32.809735348007884
            ],
            [
              -70.83942533035763,
              -32.809735348007884
            ],
            [
              -70.83942533035763,
              -32.809733105213056
            ],
            [
              -70.83942607794017,
              -32.809733105213056
            ],
            [
              -70.83942607794017,
              -32.80973086241822
            ],
            [
              -70.83942682552272,
              -32.80973086241822
            ],
            [
              -70.83942682552272,
              -32.80972861962339
            ],
            [
              -70.83942757310527,
              -32.80972861962339
            ],
            [
              -70.83942757310527,
              -32.809726376828564
            ],
            [
              -70.8394283206878,
              -32.809726376828564
            ],
            [
              -70.8394283206878,
              -32.80972488163201
            ],
            [
              -70.83942906827035,
              -32.80972488163201
            ],
            [
              -70.83942906827035,
              -32.80972263883718
            ],
            [
              -70.8394298158529,
              -32.80972263883718
            ],
            [
              -70.8394298158529,
              -32.80972039604235
            ],
            [
              -70.83943056343543,
              -32.80972039604235
            ],
            [
              -70.83943056343543,
              -32.809718153247516
            ],
            [
              -70.83943131101798,
              -32.809718153247516
            ],
            [
              -70.83943131101798,
              -32.80971591045269
            ],
            [
              -70.83943205860052,
              -32.80971591045269
            ],
            [
              -70.83943205860052,
              -32.80971366765786
            ],
            [
              -70.83943280618305,
              -32.80971366765786
            ],
            [
              -70.83943280618305,
              -32.80971142486303
            ],
            [
              -70.8394335537656,
              -32.80971142486303
            ],
            [
              -70.8394335537656,
              -32.8097091820682
            ],
            [
              -70.83943430134815,
              -32.8097091820682
            ],
            [
              -70.83943430134815,
              -32.80970768687165
            ],
            [
              -70.83943504893068,
              -32.80970768687165
            ],
            [
              -70.83943504893068,
              -32.80970544407681
            ],
            [
              -70.83943579651323,
              -32.80970544407681
            ],
            [
              -70.83943579651323,
              -32.809703201281984
            ],
            [
              -70.83943654409578,
              -32.809703201281984
            ],
            [
              -70.83943654409578,
              -32.809700958487156
            ],
            [
              -70.83943729167832,
              -32.809700958487156
            ],
            [
              -70.83943729167832,
              -32.80969871569233
            ],
            [
              -70.83943803926086,
              -32.80969871569233
            ],
            [
              -70.83943803926086,
              -32.80969647289749
            ],
            [
              -70.8394387868434,
              -32.80969647289749
            ],
            [
              -70.8394387868434,
              -32.809694230102664
            ],
            [
              -70.83943953442595,
              -32.809694230102664
            ],
            [
              -70.83943953442595,
              -32.80969273490611
            ],
            [
              -70.83944028200848,
              -32.80969273490611
            ],
            [
              -70.83944028200848,
              -32.80969049211128
            ],
            [
              -70.83944102959103,
              -32.80969049211128
            ],
            [
              -70.83944102959103,
              -32.80968824931645
            ],
            [
              -70.83944177717358,
              -32.80968824931645
            ],
            [
              -70.83944177717358,
              -32.80968600652162
            ],
            [
              -70.83944252475611,
              -32.80968600652162
            ],
            [
              -70.83944252475611,
              -32.80968376372679
            ],
            [
              -70.83944327233866,
              -32.80968376372679
            ],
            [
              -70.83944327233866,
              -32.80968152093196
            ],
            [
              -70.8394440199212,
              -32.80968152093196
            ],
            [
              -70.8394440199212,
              -32.80967927813713
            ],
            [
              -70.83944476750375,
              -32.80967927813713
            ],
            [
              -70.83944476750375,
              -32.809677782940575
            ],
            [
              -70.83944551508628,
              -32.809677782940575
            ],
            [
              -70.83944551508628,
              -32.80967554014575
            ],
            [
              -70.83944626266883,
              -32.80967554014575
            ],
            [
              -70.83944626266883,
              -32.80967329735092
            ],
            [
              -70.83944701025138,
              -32.80967329735092
            ],
            [
              -70.83944701025138,
              -32.809671054556084
            ],
            [
              -70.83944775783391,
              -32.809671054556084
            ],
            [
              -70.83944775783391,
              -32.809668811761256
            ],
            [
              -70.83944850541646,
              -32.809668811761256
            ],
            [
              -70.83944850541646,
              -32.80966656896643
            ],
            [
              -70.839449252999,
              -32.80966656896643
            ],
            [
              -70.839449252999,
              -32.80966432617159
            ],
            [
              -70.83945000058154,
              -32.80966432617159
            ],
            [
              -70.83945000058154,
              -32.809662083376764
            ],
            [
              -70.83945074816408,
              -32.809662083376764
            ],
            [
              -70.83945074816408,
              -32.809660588180215
            ],
            [
              -70.83945149574663,
              -32.809660588180215
            ],
            [
              -70.83945149574663,
              -32.80965834538538
            ],
            [
              -70.83945224332916,
              -32.80965834538538
            ],
            [
              -70.83945224332916,
              -32.80965610259055
            ],
            [
              -70.83945299091171,
              -32.80965610259055
            ],
            [
              -70.83945299091171,
              -32.80965385979572
            ],
            [
              -70.83945373849426,
              -32.80965385979572
            ],
            [
              -70.83945373849426,
              -32.80965161700089
            ],
            [
              -70.8394544860768,
              -32.80965161700089
            ],
            [
              -70.8394544860768,
              -32.80964937420606
            ],
            [
              -70.83945523365934,
              -32.80964937420606
            ],
            [
              -70.83945523365934,
              -32.80964713141123
            ],
            [
              -70.83945598124188,
              -32.80964713141123
            ],
            [
              -70.83945598124188,
              -32.809645636214675
            ],
            [
              -70.83945672882443,
              -32.809645636214675
            ],
            [
              -70.83945672882443,
              -32.80964339341985
            ],
            [
              -70.83945747640696,
              -32.80964339341985
            ],
            [
              -70.83945747640696,
              -32.80964115062502
            ],
            [
              -70.83945822398951,
              -32.80964115062502
            ],
            [
              -70.83945822398951,
              -32.809638907830184
            ],
            [
              -70.83945897157206,
              -32.809638907830184
            ],
            [
              -70.83945897157206,
              -32.809636665035356
            ],
            [
              -70.83945971915459,
              -32.809636665035356
            ],
            [
              -70.83945971915459,
              -32.80963442224053
            ],
            [
              -70.83946046673714,
              -32.80963442224053
            ],
            [
              -70.83946046673714,
              -32.8096321794457
            ],
            [
              -70.83946121431968,
              -32.8096321794457
            ],
            [
              -70.83946121431968,
              -32.809629936650865
            ],
            [
              -70.83946196190222,
              -32.809629936650865
            ],
            [
              -70.83946196190222,
              -32.809628441454315
            ],
            [
              -70.83946270948476,
              -32.809628441454315
            ],
            [
              -70.83946270948476,
              -32.80962619865948
            ],
            [
              -70.83946345706731,
              -32.80962619865948
            ],
            [
              -70.83946345706731,
              -32.80962395586465
            ],
            [
              -70.83946420464986,
              -32.80962395586465
            ],
            [
              -70.83946420464986,
              -32.809621713069824
            ],
            [
              -70.83946495223239,
              -32.809621713069824
            ],
            [
              -70.83946495223239,
              -32.809619470274995
            ],
            [
              -70.83946569981494,
              -32.809619470274995
            ],
            [
              -70.83946569981494,
              -32.80961722748016
            ],
            [
              -70.83946644739748,
              -32.80961722748016
            ],
            [
              -70.83946644739748,
              -32.80961498468533
            ],
            [
              -70.83946719498002,
              -32.80961498468533
            ],
            [
              -70.83946719498002,
              -32.809613489488775
            ],
            [
              -70.83946794256256,
              -32.809613489488775
            ],
            [
              -70.83946794256256,
              -32.80961124669395
            ],
            [
              -70.83946869014511,
              -32.80961124669395
            ],
            [
              -70.83946869014511,
              -32.80960900389912
            ],
            [
              -70.83946943772764,
              -32.80960900389912
            ],
            [
              -70.83946943772764,
              -32.80960676110429
            ],
            [
              -70.83947018531019,
              -32.80960676110429
            ],
            [
              -70.83947018531019,
              -32.809604518309456
            ],
            [
              -70.83947093289274,
              -32.809604518309456
            ],
            [
              -70.83947093289274,
              -32.80960227551463
            ],
            [
              -70.83947168047528,
              -32.80960227551463
            ],
            [
              -70.83947168047528,
              -32.8096000327198
            ],
            [
              -70.83947242805782,
              -32.8096000327198
            ],
            [
              -70.83947242805782,
              -32.809597789924965
            ],
            [
              -70.83947317564036,
              -32.809597789924965
            ],
            [
              -70.83947317564036,
              -32.809596294728415
            ],
            [
              -70.83947392322291,
              -32.809596294728415
            ],
            [
              -70.83947392322291,
              -32.80959405193359
            ],
            [
              -70.83947467080544,
              -32.80959405193359
            ],
            [
              -70.83947467080544,
              -32.80959180913875
            ],
            [
              -70.83947541838799,
              -32.80959180913875
            ],
            [
              -70.83947541838799,
              -32.809589566343924
            ],
            [
              -70.83947616597054,
              -32.809589566343924
            ],
            [
              -70.83947616597054,
              -32.809587323549096
            ],
            [
              -70.83947691355307,
              -32.809587323549096
            ],
            [
              -70.83947691355307,
              -32.80958508075426
            ],
            [
              -70.83947766113562,
              -32.80958508075426
            ],
            [
              -70.83947766113562,
              -32.80958283795943
            ],
            [
              -70.83947840871816,
              -32.80958283795943
            ],
            [
              -70.83947840871816,
              -32.80958134276288
            ],
            [
              -70.8394791563007,
              -32.80958134276288
            ],
            [
              -70.8394791563007,
              -32.80957909996805
            ],
            [
              -70.83947990388324,
              -32.80957909996805
            ],
            [
              -70.83947990388324,
              -32.80957685717322
            ],
            [
              -70.83948065146579,
              -32.80957685717322
            ],
            [
              -70.83948065146579,
              -32.80957461437839
            ],
            [
              -70.83948139904834,
              -32.80957461437839
            ],
            [
              -70.83948139904834,
              -32.809572371583556
            ],
            [
              -70.83948214663087,
              -32.809572371583556
            ],
            [
              -70.83948214663087,
              -32.80957012878873
            ],
            [
              -70.83948289421342,
              -32.80957012878873
            ],
            [
              -70.83948289421342,
              -32.8095678859939
            ],
            [
              -70.83948364179597,
              -32.8095678859939
            ],
            [
              -70.83948364179597,
              -32.80956564319907
            ],
            [
              -70.8394843893785,
              -32.80956564319907
            ],
            [
              -70.8394843893785,
              -32.809564148002515
            ],
            [
              -70.83948513696104,
              -32.809564148002515
            ],
            [
              -70.83948513696104,
              -32.80956190520769
            ],
            [
              -70.83948588454359,
              -32.80956190520769
            ],
            [
              -70.83948588454359,
              -32.80955966241285
            ],
            [
              -70.83948663212612,
              -32.80955966241285
            ],
            [
              -70.83948663212612,
              -32.809557419618024
            ],
            [
              -70.83948737970867,
              -32.809557419618024
            ],
            [
              -70.83948737970867,
              -32.809555176823196
            ],
            [
              -70.83948812729122,
              -32.809555176823196
            ],
            [
              -70.83948812729122,
              -32.80955293402837
            ],
            [
              -70.83948887487377,
              -32.80955293402837
            ],
            [
              -70.83948887487377,
              -32.80955069123353
            ],
            [
              -70.8394896224563,
              -32.80955069123353
            ],
            [
              -70.8394896224563,
              -32.80954919603698
            ],
            [
              -70.83949037003885,
              -32.80954919603698
            ],
            [
              -70.83949037003885,
              -32.809546953242155
            ],
            [
              -70.83949111762139,
              -32.809546953242155
            ],
            [
              -70.83949111762139,
              -32.80954471044732
            ],
            [
              -70.83949186520393,
              -32.80954471044732
            ],
            [
              -70.83949186520393,
              -32.80954246765249
            ],
            [
              -70.83949261278647,
              -32.80954246765249
            ],
            [
              -70.83949261278647,
              -32.80954022485766
            ],
            [
              -70.83949336036902,
              -32.80954022485766
            ],
            [
              -70.83949336036902,
              -32.80953798206283
            ],
            [
              -70.83949410795155,
              -32.80953798206283
            ],
            [
              -70.83949410795155,
              -32.809535739268
            ],
            [
              -70.8394948555341,
              -32.809535739268
            ],
            [
              -70.8394948555341,
              -32.80953424407145
            ],
            [
              -70.83949560311665,
              -32.80953424407145
            ],
            [
              -70.83949560311665,
              -32.809532001276615
            ],
            [
              -70.83949635069918,
              -32.809532001276615
            ],
            [
              -70.83949635069918,
              -32.80952975848179
            ],
            [
              -70.83949709828173,
              -32.80952975848179
            ],
            [
              -70.83949709828173,
              -32.80952751568696
            ],
            [
              -70.83949784586427,
              -32.80952751568696
            ],
            [
              -70.83949784586427,
              -32.809525272892124
            ],
            [
              -70.83949859344682,
              -32.809525272892124
            ],
            [
              -70.83949859344682,
              -32.809523030097296
            ],
            [
              -70.83949934102935,
              -32.809523030097296
            ],
            [
              -70.83949934102935,
              -32.80952078730247
            ],
            [
              -70.8395000886119,
              -32.80952078730247
            ],
            [
              -70.8395000886119,
              -32.80951854450763
            ],
            [
              -70.83950083619445,
              -32.80951854450763
            ],
            [
              -70.83950083619445,
              -32.80951704931108
            ],
            [
              -70.83950158377698,
              -32.80951704931108
            ],
            [
              -70.83950158377698,
              -32.809514806516255
            ],
            [
              -70.83950233135953,
              -32.809514806516255
            ],
            [
              -70.83950233135953,
              -32.80951256372142
            ],
            [
              -70.83950307894207,
              -32.80951256372142
            ],
            [
              -70.83950307894207,
              -32.80951032092659
            ],
            [
              -70.8395038265246,
              -32.80951032092659
            ],
            [
              -70.8395038265246,
              -32.80950807813176
            ],
            [
              -70.83950457410715,
              -32.80950807813176
            ],
            [
              -70.83950457410715,
              -32.80950583533693
            ],
            [
              -70.8395053216897,
              -32.80950583533693
            ],
            [
              -70.8395053216897,
              -32.8095035925421
            ],
            [
              -70.83950606927223,
              -32.8095035925421
            ],
            [
              -70.83950606927223,
              -32.80950209734555
            ],
            [
              -70.83950681685478,
              -32.80950209734555
            ],
            [
              -70.83950681685478,
              -32.809499854550715
            ],
            [
              -70.83950756443733,
              -32.809499854550715
            ],
            [
              -70.83950756443733,
              -32.80949761175589
            ],
            [
              -70.83950831201987,
              -32.80949761175589
            ],
            [
              -70.83950831201987,
              -32.80949536896106
            ],
            [
              -70.8395090596024,
              -32.80949536896106
            ],
            [
              -70.8395090596024,
              -32.80949312616623
            ],
            [
              -70.83950980718495,
              -32.80949312616623
            ],
            [
              -70.83950980718495,
              -32.809490883371396
            ],
            [
              -70.8395105547675,
              -32.809490883371396
            ],
            [
              -70.8395105547675,
              -32.80948864057657
            ],
            [
              -70.83951130235003,
              -32.80948864057657
            ],
            [
              -70.83951130235003,
              -32.80948639778174
            ],
            [
              -70.83951204993258,
              -32.80948639778174
            ],
            [
              -70.83951204993258,
              -32.80948490258518
            ],
            [
              -70.83951279751513,
              -32.80948490258518
            ],
            [
              -70.83951279751513,
              -32.809482659790355
            ],
            [
              -70.83951354509766,
              -32.809482659790355
            ],
            [
              -70.83951354509766,
              -32.80948041699553
            ],
            [
              -70.8395142926802,
              -32.80948041699553
            ],
            [
              -70.8395142926802,
              -32.80947817420069
            ],
            [
              -70.83951504026275,
              -32.80947817420069
            ],
            [
              -70.83951504026275,
              -32.80947593140586
            ],
            [
              -70.8395157878453,
              -32.80947593140586
            ],
            [
              -70.8395157878453,
              -32.809473688611035
            ],
            [
              -70.83951653542783,
              -32.809473688611035
            ],
            [
              -70.83951653542783,
              -32.8094714458162
            ],
            [
              -70.83951728301038,
              -32.8094714458162
            ],
            [
              -70.83951728301038,
              -32.80946995061965
            ],
            [
              -70.83951803059293,
              -32.80946995061965
            ],
            [
              -70.83951803059293,
              -32.80946770782482
            ],
            [
              -70.83951877817546,
              -32.80946770782482
            ],
            [
              -70.83951877817546,
              -32.80946546502999
            ],
            [
              -70.839519525758,
              -32.80946546502999
            ],
            [
              -70.839519525758,
              -32.80946322223516
            ],
            [
              -70.83952027334055,
              -32.80946322223516
            ],
            [
              -70.83952027334055,
              -32.80946097944033
            ],
            [
              -70.83952102092309,
              -32.80946097944033
            ],
            [
              -70.83952102092309,
              -32.809458736645496
            ],
            [
              -70.83952176850563,
              -32.809458736645496
            ],
            [
              -70.83952176850563,
              -32.80945649385067
            ],
            [
              -70.83952251608818,
              -32.80945649385067
            ],
            [
              -70.83952251608818,
              -32.80945425105584
            ],
            [
              -70.83952326367071,
              -32.80945425105584
            ],
            [
              -70.83952326367071,
              -32.80945275585928
            ],
            [
              -70.83952401125326,
              -32.80945275585928
            ],
            [
              -70.83952401125326,
              -32.809450513064455
            ],
            [
              -70.83952475883581,
              -32.809450513064455
            ],
            [
              -70.83952475883581,
              -32.80944827026963
            ],
            [
              -70.83952550641835,
              -32.80944827026963
            ],
            [
              -70.83952550641835,
              -32.80944602747479
            ],
            [
              -70.83952625400089,
              -32.80944602747479
            ],
            [
              -70.83952625400089,
              -32.809443784679964
            ],
            [
              -70.83952700158343,
              -32.809443784679964
            ],
            [
              -70.83952700158343,
              -32.809441541885136
            ],
            [
              -70.83952774916598,
              -32.809441541885136
            ],
            [
              -70.83952774916598,
              -32.80943929909031
            ],
            [
              -70.83952849674851,
              -32.80943929909031
            ],
            [
              -70.83952849674851,
              -32.80943780389375
            ],
            [
              -70.83952924433106,
              -32.80943780389375
            ],
            [
              -70.83952924433106,
              -32.80943556109892
            ],
            [
              -70.83952999191361,
              -32.80943556109892
            ],
            [
              -70.83952999191361,
              -32.80943331830409
            ],
            [
              -70.83953073949614,
              -32.80943331830409
            ],
            [
              -70.83953073949614,
              -32.80943107550926
            ],
            [
              -70.83953148707869,
              -32.80943107550926
            ],
            [
              -70.83953148707869,
              -32.80942883271443
            ],
            [
              -70.83953223466123,
              -32.80942883271443
            ],
            [
              -70.83953223466123,
              -32.8094265899196
            ],
            [
              -70.83953298224378,
              -32.8094265899196
            ],
            [
              -70.83953298224378,
              -32.80942434712477
            ],
            [
              -70.83953372982631,
              -32.80942434712477
            ],
            [
              -70.83953372982631,
              -32.80942285192822
            ],
            [
              -70.83953447740886,
              -32.80942285192822
            ],
            [
              -70.83953447740886,
              -32.80942060913338
            ],
            [
              -70.83953522499141,
              -32.80942060913338
            ],
            [
              -70.83953522499141,
              -32.809418366338555
            ],
            [
              -70.83953597257394,
              -32.809418366338555
            ],
            [
              -70.83953597257394,
              -32.80941612354373
            ],
            [
              -70.83953672015649,
              -32.80941612354373
            ],
            [
              -70.83953672015649,
              -32.8094138807489
            ],
            [
              -70.83953746773904,
              -32.8094138807489
            ],
            [
              -70.83953746773904,
              -32.809411637954064
            ],
            [
              -70.83953821532157,
              -32.809411637954064
            ],
            [
              -70.83953821532157,
              -32.809409395159236
            ],
            [
              -70.83953896290411,
              -32.809409395159236
            ],
            [
              -70.83953896290411,
              -32.80940715236441
            ],
            [
              -70.83953971048666,
              -32.80940715236441
            ],
            [
              -70.83953971048666,
              -32.80940565716785
            ],
            [
              -70.8395404580692,
              -32.80940565716785
            ],
            [
              -70.8395404580692,
              -32.80940341437302
            ],
            [
              -70.83954120565174,
              -32.80940341437302
            ],
            [
              -70.83954120565174,
              -32.809401171578195
            ],
            [
              -70.83954195323429,
              -32.809401171578195
            ],
            [
              -70.83954195323429,
              -32.80939892878336
            ],
            [
              -70.83954270081684,
              -32.80939892878336
            ],
            [
              -70.83954270081684,
              -32.80939668598853
            ],
            [
              -70.83954344839937,
              -32.80939668598853
            ],
            [
              -70.83954344839937,
              -32.8093944431937
            ],
            [
              -70.83954419598192,
              -32.8093944431937
            ],
            [
              -70.83954419598192,
              -32.80939220039887
            ],
            [
              -70.83954494356446,
              -32.80939220039887
            ],
            [
              -70.83954494356446,
              -32.80939070520232
            ],
            [
              -70.839545691147,
              -32.80939070520232
            ],
            [
              -70.839545691147,
              -32.80938846240749
            ],
            [
              -70.83954643872954,
              -32.80938846240749
            ],
            [
              -70.83954643872954,
              -32.809386219612655
            ],
            [
              -70.83954718631209,
              -32.809386219612655
            ],
            [
              -70.83954718631209,
              -32.80938397681783
            ],
            [
              -70.83954793389462,
              -32.80938397681783
            ],
            [
              -70.83954793389462,
              -32.809381734023
            ],
            [
              -70.83954868147717,
              -32.809381734023
            ],
            [
              -70.83954868147717,
              -32.809379491228164
            ],
            [
              -70.83954942905972,
              -32.809379491228164
            ],
            [
              -70.83954942905972,
              -32.809377248433336
            ],
            [
              -70.83955017664225,
              -32.809377248433336
            ],
            [
              -70.83955017664225,
              -32.80937500563851
            ],
            [
              -70.8395509242248,
              -32.80937500563851
            ],
            [
              -70.8395509242248,
              -32.80937351044195
            ],
            [
              -70.83955167180734,
              -32.80937351044195
            ],
            [
              -70.83955167180734,
              -32.80937126764712
            ],
            [
              -70.83955241938989,
              -32.80937126764712
            ],
            [
              -70.83955241938989,
              -32.809369024852295
            ],
            [
              -70.83955316697242,
              -32.809369024852295
            ],
            [
              -70.83955316697242,
              -32.80936678205746
            ],
            [
              -70.83955391455497,
              -32.80936678205746
            ],
            [
              -70.83955391455497,
              -32.80936453926263
            ],
            [
              -70.83955466213752,
              -32.80936453926263
            ],
            [
              -70.83955466213752,
              -32.8093622964678
            ],
            [
              -70.83955540972005,
              -32.8093622964678
            ],
            [
              -70.83955540972005,
              -32.809360053672975
            ],
            [
              -70.8395561573026,
              -32.809360053672975
            ],
            [
              -70.8395561573026,
              -32.80935855847642
            ],
            [
              -70.83955690488514,
              -32.80935855847642
            ],
            [
              -70.83955690488514,
              -32.80935631568159
            ],
            [
              -70.83955765246768,
              -32.80935631568159
            ],
            [
              -70.83955765246768,
              -32.809354072886755
            ],
            [
              -70.83955840005022,
              -32.809354072886755
            ],
            [
              -70.83955840005022,
              -32.80935183009193
            ],
            [
              -70.83955914763277,
              -32.80935183009193
            ],
            [
              -70.83955914763277,
              -32.8093495872971
            ],
            [
              -70.83955989521532,
              -32.8093495872971
            ],
            [
              -70.83955989521532,
              -32.80934734450227
            ],
            [
              -70.83956064279785,
              -32.80934734450227
            ],
            [
              -70.83956064279785,
              -32.809345101707436
            ],
            [
              -70.8395613903804,
              -32.809345101707436
            ],
            [
              -70.8395613903804,
              -32.80934285891261
            ],
            [
              -70.83956213796294,
              -32.80934285891261
            ],
            [
              -70.83956213796294,
              -32.80934136371605
            ],
            [
              -70.83956288554548,
              -32.80934136371605
            ],
            [
              -70.83956288554548,
              -32.80933912092122
            ],
            [
              -70.83956363312802,
              -32.80933912092122
            ],
            [
              -70.83956363312802,
              -32.809336878126395
            ],
            [
              -70.83956438071057,
              -32.809336878126395
            ],
            [
              -70.83956438071057,
              -32.80933463533157
            ],
            [
              -70.8395651282931,
              -32.80933463533157
            ],
            [
              -70.8395651282931,
              -32.80933239253673
            ],
            [
              -70.83956587587565,
              -32.80933239253673
            ],
            [
              -70.83956587587565,
              -32.8093301497419
            ],
            [
              -70.8395666234582,
              -32.8093301497419
            ],
            [
              -70.8395666234582,
              -32.809327906947075
            ],
            [
              -70.83956737104073,
              -32.809327906947075
            ],
            [
              -70.83956737104073,
              -32.80932641175052
            ],
            [
              -70.83956811862328,
              -32.80932641175052
            ],
            [
              -70.83956811862328,
              -32.80932416895569
            ],
            [
              -70.83956886620582,
              -32.80932416895569
            ],
            [
              -70.83956886620582,
              -32.80932192616086
            ],
            [
              -70.83956961378837,
              -32.80932192616086
            ],
            [
              -70.83956961378837,
              -32.80931968336603
            ],
            [
              -70.8395703613709,
              -32.80931968336603
            ],
            [
              -70.8395703613709,
              -32.8093174405712
            ],
            [
              -70.83957110895345,
              -32.8093174405712
            ],
            [
              -70.83957110895345,
              -32.80931519777637
            ],
            [
              -70.839571856536,
              -32.80931519777637
            ],
            [
              -70.839571856536,
              -32.809312954981536
            ],
            [
              -70.83957260411853,
              -32.809312954981536
            ],
            [
              -70.83957260411853,
              -32.809311459784986
            ],
            [
              -70.83957335170108,
              -32.809311459784986
            ],
            [
              -70.83957335170108,
              -32.80930921699016
            ],
            [
              -70.83957409928362,
              -32.80930921699016
            ],
            [
              -70.83957409928362,
              -32.80930697419532
            ],
            [
              -70.83957484686616,
              -32.80930697419532
            ],
            [
              -70.83957484686616,
              -32.809304731400495
            ],
            [
              -70.8395755944487,
              -32.809304731400495
            ],
            [
              -70.8395755944487,
              -32.80930248860567
            ],
            [
              -70.83957634203125,
              -32.80930248860567
            ],
            [
              -70.83957634203125,
              -32.80930024581083
            ],
            [
              -70.8395770896138,
              -32.80930024581083
            ],
            [
              -70.8395770896138,
              -32.809298003016
            ],
            [
              -70.83957783719633,
              -32.809298003016
            ],
            [
              -70.83957783719633,
              -32.809295760221175
            ],
            [
              -70.83957858477888,
              -32.809295760221175
            ],
            [
              -70.83957858477888,
              -32.80929426502462
            ],
            [
              -70.83957933236142,
              -32.80929426502462
            ],
            [
              -70.83957933236142,
              -32.80929202222979
            ],
            [
              -70.83958007994396,
              -32.80929202222979
            ],
            [
              -70.83958007994396,
              -32.80928977943496
            ],
            [
              -70.8395808275265,
              -32.80928977943496
            ],
            [
              -70.8395808275265,
              -32.80928753664013
            ],
            [
              -70.83958157510905,
              -32.80928753664013
            ],
            [
              -70.83958157510905,
              -32.8092852938453
            ],
            [
              -70.83958232269158,
              -32.8092852938453
            ],
            [
              -70.83958232269158,
              -32.80928305105047
            ],
            [
              -70.83958307027413,
              -32.80928305105047
            ],
            [
              -70.83958307027413,
              -32.80928080825564
            ],
            [
              -70.83958381785668,
              -32.80928080825564
            ],
            [
              -70.83958381785668,
              -32.809279313059086
            ],
            [
              -70.83958456543921,
              -32.809279313059086
            ],
            [
              -70.83958456543921,
              -32.80927707026426
            ],
            [
              -70.83958531302176,
              -32.80927707026426
            ],
            [
              -70.83958531302176,
              -32.80927482746942
            ],
            [
              -70.8395860606043,
              -32.80927482746942
            ],
            [
              -70.8395860606043,
              -32.809272584674595
            ],
            [
              -70.83958680818685,
              -32.809272584674595
            ],
            [
              -70.83958680818685,
              -32.80927034187977
            ],
            [
              -70.83958755576938,
              -32.80927034187977
            ],
            [
              -70.83958755576938,
              -32.80926809908494
            ],
            [
              -70.83958830335193,
              -32.80926809908494
            ],
            [
              -70.83958830335193,
              -32.809265856290104
            ],
            [
              -70.83958905093448,
              -32.809265856290104
            ],
            [
              -70.83958905093448,
              -32.809263613495276
            ],
            [
              -70.83958979851701,
              -32.809263613495276
            ],
            [
              -70.83958979851701,
              -32.80926211829872
            ],
            [
              -70.83959054609956,
              -32.80926211829872
            ],
            [
              -70.83959054609956,
              -32.80925987550389
            ],
            [
              -70.8395912936821,
              -32.80925987550389
            ],
            [
              -70.8395912936821,
              -32.80925763270906
            ],
            [
              -70.83959204126464,
              -32.80925763270906
            ],
            [
              -70.83959204126464,
              -32.809255389914235
            ],
            [
              -70.83959278884718,
              -32.809255389914235
            ],
            [
              -70.83959278884718,
              -32.8092531471194
            ],
            [
              -70.83959353642973,
              -32.8092531471194
            ],
            [
              -70.83959353642973,
              -32.80925090432457
            ],
            [
              -70.83959428401226,
              -32.80925090432457
            ],
            [
              -70.83959428401226,
              -32.80924866152974
            ],
            [
              -70.83959503159481,
              -32.80924866152974
            ],
            [
              -70.83959503159481,
              -32.809247166333186
            ],
            [
              -70.83959577917736,
              -32.809247166333186
            ],
            [
              -70.83959577917736,
              -32.80924492353836
            ],
            [
              -70.8395965267599,
              -32.80924492353836
            ],
            [
              -70.8395965267599,
              -32.80924268074353
            ],
            [
              -70.83959727434244,
              -32.80924268074353
            ],
            [
              -70.83959727434244,
              -32.809240437948695
            ],
            [
              -70.83959802192499,
              -32.809240437948695
            ],
            [
              -70.83959802192499,
              -32.80923819515387
            ],
            [
              -70.83959876950753,
              -32.80923819515387
            ],
            [
              -70.83959876950753,
              -32.80923595235904
            ],
            [
              -70.83959951709006,
              -32.80923595235904
            ],
            [
              -70.83959951709006,
              -32.809233709564204
            ],
            [
              -70.83960026467261,
              -32.809233709564204
            ],
            [
              -70.83960026467261,
              -32.809231466769376
            ],
            [
              -70.83960101225516,
              -32.809231466769376
            ],
            [
              -70.83960101225516,
              -32.809229971572826
            ],
            [
              -70.83960175983769,
              -32.809229971572826
            ],
            [
              -70.83960175983769,
              -32.80922772877799
            ],
            [
              -70.83960250742024,
              -32.80922772877799
            ],
            [
              -70.83960250742024,
              -32.80922548598316
            ],
            [
              -70.83960325500279,
              -32.80922548598316
            ],
            [
              -70.83960325500279,
              -32.809223243188335
            ],
            [
              -70.83960400258533,
              -32.809223243188335
            ],
            [
              -70.83960400258533,
              -32.8092210003935
            ],
            [
              -70.83960475016787,
              -32.8092210003935
            ],
            [
              -70.83960475016787,
              -32.80921875759867
            ],
            [
              -70.83960549775041,
              -32.80921875759867
            ],
            [
              -70.83960549775041,
              -32.80921651480384
            ],
            [
              -70.83960624533296,
              -32.80921651480384
            ],
            [
              -70.83960624533296,
              -32.80921501960729
            ],
            [
              -70.83960699291549,
              -32.80921501960729
            ],
            [
              -70.83960699291549,
              -32.80921277681246
            ],
            [
              -70.83960774049804,
              -32.80921277681246
            ],
            [
              -70.83960774049804,
              -32.80921053401763
            ],
            [
              -70.83960848808059,
              -32.80921053401763
            ],
            [
              -70.83960848808059,
              -32.809208291222795
            ],
            [
              -70.83960923566312,
              -32.809208291222795
            ],
            [
              -70.83960923566312,
              -32.80920604842797
            ],
            [
              -70.83960998324567,
              -32.80920604842797
            ],
            [
              -70.83960998324567,
              -32.80920380563314
            ],
            [
              -70.83961073082821,
              -32.80920380563314
            ],
            [
              -70.83961073082821,
              -32.80920156283831
            ],
            [
              -70.83961147841075,
              -32.80920156283831
            ],
            [
              -70.83961147841075,
              -32.809199320043476
            ],
            [
              -70.83961222599329,
              -32.809199320043476
            ],
            [
              -70.83961222599329,
              -32.809197824846926
            ],
            [
              -70.83961297357584,
              -32.809197824846926
            ],
            [
              -70.83961297357584,
              -32.80919558205209
            ],
            [
              -70.83961372115839,
              -32.80919558205209
            ],
            [
              -70.83961372115839,
              -32.80919333925726
            ],
            [
              -70.83961446874092,
              -32.80919333925726
            ],
            [
              -70.83961446874092,
              -32.809191096462435
            ],
            [
              -70.83961521632347,
              -32.809191096462435
            ],
            [
              -70.83961521632347,
              -32.80918885366761
            ],
            [
              -70.83961596390601,
              -32.80918885366761
            ],
            [
              -70.83961596390601,
              -32.80918661087277
            ],
            [
              -70.83961671148855,
              -32.80918661087277
            ],
            [
              -70.83961671148855,
              -32.80918436807794
            ],
            [
              -70.83961745907109,
              -32.80918436807794
            ],
            [
              -70.83961745907109,
              -32.80918287288139
            ],
            [
              -70.83961820665364,
              -32.80918287288139
            ],
            [
              -70.83961820665364,
              -32.80918063008656
            ],
            [
              -70.83961895423617,
              -32.80918063008656
            ],
            [
              -70.83961895423617,
              -32.80917838729173
            ],
            [
              -70.83961970181872,
              -32.80917838729173
            ],
            [
              -70.83961970181872,
              -32.8091761444969
            ],
            [
              -70.83962044940127,
              -32.8091761444969
            ],
            [
              -70.83962044940127,
              -32.80917390170207
            ],
            [
              -70.8396211969838,
              -32.80917390170207
            ],
            [
              -70.8396211969838,
              -32.80917165890724
            ],
            [
              -70.83962194456635,
              -32.80917165890724
            ],
            [
              -70.83962194456635,
              -32.80916941611241
            ],
            [
              -70.8396226921489,
              -32.80916941611241
            ],
            [
              -70.8396226921489,
              -32.809167920915854
            ],
            [
              -70.83962343973144,
              -32.809167920915854
            ],
            [
              -70.83962343973144,
              -32.809165678121026
            ],
            [
              -70.83962418731397,
              -32.809165678121026
            ],
            [
              -70.83962418731397,
              -32.8091634353262
            ],
            [
              -70.83962493489652,
              -32.8091634353262
            ],
            [
              -70.83962493489652,
              -32.80916119253136
            ],
            [
              -70.83962568247907,
              -32.80916119253136
            ],
            [
              -70.83962568247907,
              -32.809158949736535
            ],
            [
              -70.8396264300616,
              -32.809158949736535
            ],
            [
              -70.8396264300616,
              -32.80915670694171
            ],
            [
              -70.83962717764415,
              -32.80915670694171
            ],
            [
              -70.83962717764415,
              -32.80915446414687
            ],
            [
              -70.8396279252267,
              -32.80915446414687
            ],
            [
              -70.8396279252267,
              -32.80915222135204
            ],
            [
              -70.83962867280923,
              -32.80915222135204
            ],
            [
              -70.83962867280923,
              -32.809150726155494
            ],
            [
              -70.83962942039177,
              -32.809150726155494
            ],
            [
              -70.83962942039177,
              -32.80914848336066
            ],
            [
              -70.83963016797432,
              -32.80914848336066
            ],
            [
              -70.83963016797432,
              -32.80914624056583
            ],
            [
              -70.83963091555687,
              -32.80914624056583
            ],
            [
              -70.83963091555687,
              -32.809143997771
            ],
            [
              -70.8396316631394,
              -32.809143997771
            ],
            [
              -70.8396316631394,
              -32.80914175497617
            ],
            [
              -70.83963241072195,
              -32.80914175497617
            ],
            [
              -70.83963241072195,
              -32.80913951218134
            ],
            [
              -70.8396331583045,
              -32.80913951218134
            ],
            [
              -70.8396331583045,
              -32.80913726938651
            ],
            [
              -70.83963390588703,
              -32.80913726938651
            ],
            [
              -70.83963390588703,
              -32.809135774189954
            ],
            [
              -70.83963465346957,
              -32.809135774189954
            ],
            [
              -70.83963465346957,
              -32.809133531395126
            ],
            [
              -70.83963540105212,
              -32.809133531395126
            ],
            [
              -70.83963540105212,
              -32.8091312886003
            ],
            [
              -70.83963614863465,
              -32.8091312886003
            ],
            [
              -70.83963614863465,
              -32.80912904580546
            ],
            [
              -70.8396368962172,
              -32.80912904580546
            ],
            [
              -70.8396368962172,
              -32.809126803010635
            ],
            [
              -70.83963764379975,
              -32.809126803010635
            ],
            [
              -70.83963764379975,
              -32.80912456021581
            ],
            [
              -70.83963839138228,
              -32.80912456021581
            ],
            [
              -70.83963839138228,
              -32.80912231742098
            ],
            [
              -70.83963913896483,
              -32.80912231742098
            ],
            [
              -70.83963913896483,
              -32.80912007462614
            ],
            [
              -70.83963988654737,
              -32.80912007462614
            ],
            [
              -70.83963988654737,
              -32.809118579429594
            ],
            [
              -70.83964063412992,
              -32.809118579429594
            ],
            [
              -70.83964063412992,
              -32.80911633663476
            ],
            [
              -70.83964138171245,
              -32.80911633663476
            ],
            [
              -70.83964138171245,
              -32.80911409383993
            ],
            [
              -70.839642129295,
              -32.80911409383993
            ],
            [
              -70.839642129295,
              -32.8091118510451
            ],
            [
              -70.83964287687755,
              -32.8091118510451
            ],
            [
              -70.83964287687755,
              -32.809109608250274
            ],
            [
              -70.83964362446008,
              -32.809109608250274
            ],
            [
              -70.83964362446008,
              -32.80910736545544
            ],
            [
              -70.83964437204263,
              -32.80910736545544
            ],
            [
              -70.83964437204263,
              -32.80910512266061
            ],
            [
              -70.83964511962517,
              -32.80910512266061
            ],
            [
              -70.83964511962517,
              -32.80910362746406
            ],
            [
              -70.83964586720771,
              -32.80910362746406
            ],
            [
              -70.83964586720771,
              -32.809101384669226
            ],
            [
              -70.83964661479025,
              -32.809101384669226
            ],
            [
              -70.83964661479025,
              -32.8090991418744
            ],
            [
              -70.8396473623728,
              -32.8090991418744
            ],
            [
              -70.8396473623728,
              -32.80909689907957
            ],
            [
              -70.83964810995535,
              -32.80909689907957
            ],
            [
              -70.83964810995535,
              -32.809094656284735
            ],
            [
              -70.83964885753788,
              -32.809094656284735
            ],
            [
              -70.83964885753788,
              -32.80909241348991
            ],
            [
              -70.83964960512043,
              -32.80909241348991
            ],
            [
              -70.83964960512043,
              -32.80909017069508
            ],
            [
              -70.83965035270298,
              -32.80909017069508
            ],
            [
              -70.83965035270298,
              -32.809087927900244
            ],
            [
              -70.83965110028551,
              -32.809087927900244
            ],
            [
              -70.83965110028551,
              -32.809086432703694
            ],
            [
              -70.83965184786805,
              -32.809086432703694
            ],
            [
              -70.83965184786805,
              -32.809084189908866
            ],
            [
              -70.8396525954506,
              -32.809084189908866
            ],
            [
              -70.8396525954506,
              -32.80908194711403
            ],
            [
              -70.83965334303313,
              -32.80908194711403
            ],
            [
              -70.83965334303313,
              -32.8090797043192
            ],
            [
              -70.83965409061568,
              -32.8090797043192
            ],
            [
              -70.83965409061568,
              -32.809077461524375
            ],
            [
              -70.83965483819823,
              -32.809077461524375
            ],
            [
              -70.83965483819823,
              -32.80907521872954
            ],
            [
              -70.83965558578076,
              -32.80907521872954
            ],
            [
              -70.83965558578076,
              -32.80907297593471
            ],
            [
              -70.83965633336331,
              -32.80907297593471
            ],
            [
              -70.83965633336331,
              -32.80907148073816
            ],
            [
              -70.83965708094586,
              -32.80907148073816
            ],
            [
              -70.83965708094586,
              -32.809069237943326
            ],
            [
              -70.8396578285284,
              -32.809069237943326
            ],
            [
              -70.8396578285284,
              -32.8090669951485
            ],
            [
              -70.83965857611093,
              -32.8090669951485
            ],
            [
              -70.83965857611093,
              -32.80906475235367
            ],
            [
              -70.83965932369348,
              -32.80906475235367
            ],
            [
              -70.83965932369348,
              -32.809062509558835
            ],
            [
              -70.83966007127603,
              -32.809062509558835
            ],
            [
              -70.83966007127603,
              -32.80906026676401
            ],
            [
              -70.83966081885856,
              -32.80906026676401
            ],
            [
              -70.83966081885856,
              -32.80905802396918
            ],
            [
              -70.83966156644111,
              -32.80905802396918
            ],
            [
              -70.83966156644111,
              -32.80905652877262
            ],
            [
              -70.83966231402366,
              -32.80905652877262
            ],
            [
              -70.83966231402366,
              -32.809054285977794
            ],
            [
              -70.83966306160619,
              -32.809054285977794
            ],
            [
              -70.83966306160619,
              -32.809052043182966
            ],
            [
              -70.83966380918874,
              -32.809052043182966
            ],
            [
              -70.83966380918874,
              -32.80904980038814
            ],
            [
              -70.83966455677128,
              -32.80904980038814
            ],
            [
              -70.83966455677128,
              -32.8090475575933
            ],
            [
              -70.83966530435382,
              -32.8090475575933
            ],
            [
              -70.83966530435382,
              -32.809045314798475
            ],
            [
              -70.83966605193636,
              -32.809045314798475
            ],
            [
              -70.83966605193636,
              -32.80904307200365
            ],
            [
              -70.83966679951891,
              -32.80904307200365
            ],
            [
              -70.83966679951891,
              -32.80904082920881
            ],
            [
              -70.83966754710146,
              -32.80904082920881
            ],
            [
              -70.83966754710146,
              -32.80903933401226
            ],
            [
              -70.83966829468399,
              -32.80903933401226
            ],
            [
              -70.83966829468399,
              -32.809037091217434
            ],
            [
              -70.83966904226654,
              -32.809037091217434
            ],
            [
              -70.83966904226654,
              -32.8090348484226
            ],
            [
              -70.83966978984908,
              -32.8090348484226
            ],
            [
              -70.83966978984908,
              -32.80903260562777
            ],
            [
              -70.83967053743162,
              -32.80903260562777
            ],
            [
              -70.83967053743162,
              -32.80903036283294
            ],
            [
              -70.83967128501416,
              -32.80903036283294
            ],
            [
              -70.83967128501416,
              -32.80902812003811
            ],
            [
              -70.83967203259671,
              -32.80902812003811
            ],
            [
              -70.83967203259671,
              -32.80902587724328
            ],
            [
              -70.83967278017924,
              -32.80902587724328
            ],
            [
              -70.83967278017924,
              -32.80902438204673
            ],
            [
              -70.83967352776179,
              -32.80902438204673
            ],
            [
              -70.83967352776179,
              -32.809022139251894
            ],
            [
              -70.83967427534434,
              -32.809022139251894
            ],
            [
              -70.83967427534434,
              -32.809019896457066
            ],
            [
              -70.83967502292688,
              -32.809019896457066
            ],
            [
              -70.83967502292688,
              -32.80901765366224
            ],
            [
              -70.83967577050942,
              -32.80901765366224
            ],
            [
              -70.83967577050942,
              -32.8090154108674
            ],
            [
              -70.83967651809196,
              -32.8090154108674
            ],
            [
              -70.83967651809196,
              -32.809013168072575
            ],
            [
              -70.83967726567451,
              -32.809013168072575
            ],
            [
              -70.83967726567451,
              -32.80901092527775
            ],
            [
              -70.83967801325704,
              -32.80901092527775
            ],
            [
              -70.83967801325704,
              -32.80900868248291
            ],
            [
              -70.83967876083959,
              -32.80900868248291
            ],
            [
              -70.83967876083959,
              -32.80900718728636
            ],
            [
              -70.83967950842214,
              -32.80900718728636
            ],
            [
              -70.83967950842214,
              -32.809004944491534
            ],
            [
              -70.83968025600467,
              -32.809004944491534
            ],
            [
              -70.83968025600467,
              -32.8090027016967
            ],
            [
              -70.83968100358722,
              -32.8090027016967
            ],
            [
              -70.83968100358722,
              -32.80900045890187
            ],
            [
              -70.83968175116976,
              -32.80900045890187
            ],
            [
              -70.83968175116976,
              -32.80899821610704
            ],
            [
              -70.8396824987523,
              -32.80899821610704
            ],
            [
              -70.8396824987523,
              -32.808995973312214
            ],
            [
              -70.83968324633484,
              -32.808995973312214
            ],
            [
              -70.83968324633484,
              -32.80899373051738
            ],
            [
              -70.83968399391739,
              -32.80899373051738
            ],
            [
              -70.83968399391739,
              -32.80899223532083
            ],
            [
              -70.83968474149994,
              -32.80899223532083
            ],
            [
              -70.83968474149994,
              -32.808989992525994
            ],
            [
              -70.83968548908247,
              -32.808989992525994
            ],
            [
              -70.83968548908247,
              -32.808987749731166
            ],
            [
              -70.83968623666502,
              -32.808987749731166
            ],
            [
              -70.83968623666502,
              -32.80898550693634
            ],
            [
              -70.83968698424756,
              -32.80898550693634
            ],
            [
              -70.83968698424756,
              -32.80898326414151
            ],
            [
              -70.8396877318301,
              -32.80898326414151
            ],
            [
              -70.8396877318301,
              -32.808981021346675
            ],
            [
              -70.83968847941264,
              -32.808981021346675
            ],
            [
              -70.83968847941264,
              -32.80897877855185
            ],
            [
              -70.83968922699519,
              -32.80897877855185
            ],
            [
              -70.83968922699519,
              -32.80897653575702
            ],
            [
              -70.83968997457772,
              -32.80897653575702
            ],
            [
              -70.83968997457772,
              -32.80897504056046
            ],
            [
              -70.83969072216027,
              -32.80897504056046
            ],
            [
              -70.83969072216027,
              -32.808972797765634
            ],
            [
              -70.83969146974282,
              -32.808972797765634
            ],
            [
              -70.83969146974282,
              -32.808970554970806
            ],
            [
              -70.83969221732536,
              -32.808970554970806
            ],
            [
              -70.83969221732536,
              -32.80896831217597
            ],
            [
              -70.8396929649079,
              -32.80896831217597
            ],
            [
              -70.8396929649079,
              -32.80896606938114
            ],
            [
              -70.83969371249044,
              -32.80896606938114
            ],
            [
              -70.83969371249044,
              -32.808963826586314
            ],
            [
              -70.83969446007299,
              -32.808963826586314
            ],
            [
              -70.83969446007299,
              -32.80896158379148
            ],
            [
              -70.83969520765552,
              -32.80896158379148
            ],
            [
              -70.83969520765552,
              -32.80896008859493
            ],
            [
              -70.83969595523807,
              -32.80896008859493
            ],
            [
              -70.83969595523807,
              -32.8089578458001
            ],
            [
              -70.83969670282062,
              -32.8089578458001
            ],
            [
              -70.83969670282062,
              -32.808955603005266
            ],
            [
              -70.83969745040315,
              -32.808955603005266
            ],
            [
              -70.83969745040315,
              -32.80895336021044
            ],
            [
              -70.8396981979857,
              -32.80895336021044
            ],
            [
              -70.8396981979857,
              -32.80895111741561
            ],
            [
              -70.83969894556824,
              -32.80895111741561
            ],
            [
              -70.83969894556824,
              -32.808948874620775
            ],
            [
              -70.83969969315078,
              -32.808948874620775
            ],
            [
              -70.83969969315078,
              -32.80894663182595
            ],
            [
              -70.83970044073332,
              -32.80894663182595
            ],
            [
              -70.83970044073332,
              -32.80894438903112
            ],
            [
              -70.83970118831587,
              -32.80894438903112
            ],
            [
              -70.83970118831587,
              -32.80894289383456
            ],
            [
              -70.83970193589842,
              -32.80894289383456
            ],
            [
              -70.83970193589842,
              -32.808933175056964
            ],
            [
              -70.83970268348095,
              -32.808933175056964
            ],
            [
              -70.83970268348095,
              -32.80891971828799
            ],
            [
              -70.8397034310635,
              -32.80891971828799
            ],
            [
              -70.8397034310635,
              -32.808907009117284
            ],
            [
              -70.83970417864604,
              -32.808907009117284
            ],
            [
              -70.83970417864604,
              -32.808859910425845
            ],
            [
              -70.8397034310635,
              -32.808859910425845
            ],
            [
              -70.8397034310635,
              -32.80881580212752
            ],
            [
              -70.83970268348095,
              -32.80881580212752
            ],
            [
              -70.83970268348095,
              -32.80877244142747
            ],
            [
              -70.83970193589842,
              -32.80877244142747
            ],
            [
              -70.83970193589842,
              -32.808728333129146
            ],
            [
              -70.83970118831587,
              -32.808728333129146
            ],
            [
              -70.83970118831587,
              -32.80868422483082
            ],
            [
              -70.83970044073332,
              -32.80868422483082
            ],
            [
              -70.83970044073332,
              -32.80864086413077
            ],
            [
              -70.83969969315078,
              -32.80864086413077
            ],
            [
              -70.83969969315078,
              -32.80859675583245
            ],
            [
              -70.83969894556824,
              -32.80859675583245
            ],
            [
              -70.83969894556824,
              -32.80855339513239
            ],
            [
              -70.8396981979857,
              -32.80855339513239
            ],
            [
              -70.8396981979857,
              -32.80850928683407
            ],
            [
              -70.83969745040315,
              -32.80850928683407
            ],
            [
              -70.83969745040315,
              -32.80846517853574
            ],
            [
              -70.83969670282062,
              -32.80846517853574
            ],
            [
              -70.83969670282062,
              -32.80842181783569
            ],
            [
              -70.83969595523807,
              -32.80842181783569
            ],
            [
              -70.83969595523807,
              -32.80837770953737
            ],
            [
              -70.83969520765552,
              -32.80837770953737
            ],
            [
              -70.83969520765552,
              -32.80833434883731
            ],
            [
              -70.83969446007299,
              -32.80833434883731
            ],
            [
              -70.83969446007299,
              -32.80829024053899
            ],
            [
              -70.83969371249044,
              -32.80829024053899
            ],
            [
              -70.83969371249044,
              -32.80824613224066
            ],
            [
              -70.8396929649079,
              -32.80824613224066
            ],
            [
              -70.8396929649079,
              -32.808202771540614
            ],
            [
              -70.83969221732536,
              -32.808202771540614
            ],
            [
              -70.83969221732536,
              -32.80815866324229
            ],
            [
              -70.83969146974282,
              -32.80815866324229
            ],
            [
              -70.83969146974282,
              -32.80811455494396
            ],
            [
              -70.83969072216027,
              -32.80811455494396
            ],
            [
              -70.83969072216027,
              -32.808071194243915
            ],
            [
              -70.83968997457772,
              -32.808071194243915
            ],
            [
              -70.83968997457772,
              -32.80802708594558
            ],
            [
              -70.83968922699519,
              -32.80802708594558
            ],
            [
              -70.83968922699519,
              -32.807983725245535
            ],
            [
              -70.83968847941264,
              -32.807983725245535
            ],
            [
              -70.83968847941264,
              -32.80793961694721
            ],
            [
              -70.8396877318301,
              -32.80793961694721
            ],
            [
              -70.8396877318301,
              -32.80789550864888
            ],
            [
              -70.83968698424756,
              -32.80789550864888
            ],
            [
              -70.83968698424756,
              -32.807852147948836
            ],
            [
              -70.83968623666502,
              -32.807852147948836
            ],
            [
              -70.83968623666502,
              -32.80780803965051
            ],
            [
              -70.83968548908247,
              -32.80780803965051
            ],
            [
              -70.83968548908247,
              -32.807764678950456
            ],
            [
              -70.83968474149994,
              -32.807764678950456
            ],
            [
              -70.83968474149994,
              -32.80772057065213
            ],
            [
              -70.83968399391739,
              -32.80772057065213
            ],
            [
              -70.83968399391739,
              -32.807676462353804
            ],
            [
              -70.83968324633484,
              -32.807676462353804
            ],
            [
              -70.83968324633484,
              -32.80763310165376
            ],
            [
              -70.8396824987523,
              -32.80763310165376
            ],
            [
              -70.8396824987523,
              -32.80758899335543
            ],
            [
              -70.83968175116976,
              -32.80758899335543
            ],
            [
              -70.83968175116976,
              -32.807544885057105
            ],
            [
              -70.83968100358722,
              -32.807544885057105
            ],
            [
              -70.83968100358722,
              -32.80750152435705
            ],
            [
              -70.83968025600467,
              -32.80750152435705
            ],
            [
              -70.83968025600467,
              -32.807457416058725
            ],
            [
              -70.83967950842214,
              -32.807457416058725
            ],
            [
              -70.83967950842214,
              -32.80741405535868
            ],
            [
              -70.83967876083959,
              -32.80741405535868
            ],
            [
              -70.83967876083959,
              -32.80736994706035
            ],
            [
              -70.83967801325704,
              -32.80736994706035
            ],
            [
              -70.83967801325704,
              -32.80735723788965
            ],
            [
              -70.83968025600467,
              -32.80735723788965
            ]
          ]
        ]
      }
    }
  ]
}
