{
  "type": "FeatureCollection",
  "name": "drone_outlines_v_siebenthal3_20260618_ndvi",
  "features": [
    {
      "type": "Feature",
      "properties": {
        "id_cuartel": "c00025",
        "nom_cuartel": "3",
        "cultivo": "Uva de mesa",
        "nom_predio": "Von Siebenthal",
        "propietario": "Vina Von Siebenthal",
        "superficie": "5.6554",
        "predio_id": "v_siebenthal3",
        "raster_key": "v_siebenthal3_20260618_ndvi",
        "fuente": "drone_webp_alpha"
      },
      "geometry": {
        "type": "Polygon",
        "coordinates": [
          [
            [
              -70.83960892541702,
              -32.807260931652124
            ],
            [
              -70.83960892541702,
              -32.80726173738266
            ],
            [
              -70.83961376370993,
              -32.80726173738266
            ],
            [
              -70.83961376370993,
              -32.807262543113204
            ],
            [
              -70.83961763434426,
              -32.807262543113204
            ],
            [
              -70.83961763434426,
              -32.80726334884374
            ],
            [
              -70.83962247263717,
              -32.80726334884374
            ],
            [
              -70.83962247263717,
              -32.80726415457428
            ],
            [
              -70.8396263432715,
              -32.80726415457428
            ],
            [
              -70.8396263432715,
              -32.80726496030482
            ],
            [
              -70.83963021390583,
              -32.80726496030482
            ],
            [
              -70.83963021390583,
              -32.80726576603536
            ],
            [
              -70.83963505219874,
              -32.80726576603536
            ],
            [
              -70.83963505219874,
              -32.807266571765894
            ],
            [
              -70.83963892283307,
              -32.807266571765894
            ],
            [
              -70.83963892283307,
              -32.80726737749644
            ],
            [
              -70.8396427934674,
              -32.80726737749644
            ],
            [
              -70.8396427934674,
              -32.807268183226974
            ],
            [
              -70.83964763176031,
              -32.807268183226974
            ],
            [
              -70.83964763176031,
              -32.80726898895751
            ],
            [
              -70.83965150239464,
              -32.80726898895751
            ],
            [
              -70.83965150239464,
              -32.807269794688054
            ],
            [
              -70.83965634068755,
              -32.807269794688054
            ],
            [
              -70.83965634068755,
              -32.80727060041859
            ],
            [
              -70.83966021132188,
              -32.80727060041859
            ],
            [
              -70.83966021132188,
              -32.80727140614913
            ],
            [
              -70.83966408195622,
              -32.80727140614913
            ],
            [
              -70.83966408195622,
              -32.80727221187967
            ],
            [
              -70.83966892024912,
              -32.80727221187967
            ],
            [
              -70.83966892024912,
              -32.80727301761021
            ],
            [
              -70.83967279088345,
              -32.80727301761021
            ],
            [
              -70.83967279088345,
              -32.80727382334074
            ],
            [
              -70.83967666151779,
              -32.80727382334074
            ],
            [
              -70.83967666151779,
              -32.80727462907129
            ],
            [
              -70.8396814998107,
              -32.80727462907129
            ],
            [
              -70.8396814998107,
              -32.807275434801824
            ],
            [
              -70.83968537044503,
              -32.807275434801824
            ],
            [
              -70.83968537044503,
              -32.80727624053236
            ],
            [
              -70.83969020873793,
              -32.80727624053236
            ],
            [
              -70.83969020873793,
              -32.807277046262904
            ],
            [
              -70.83969407937226,
              -32.807277046262904
            ],
            [
              -70.83969407937226,
              -32.80727785199344
            ],
            [
              -70.8396979500066,
              -32.80727785199344
            ],
            [
              -70.8396979500066,
              -32.80727865772398
            ],
            [
              -70.83970278829952,
              -32.80727865772398
            ],
            [
              -70.83970278829952,
              -32.80727946345452
            ],
            [
              -70.83970665893385,
              -32.80727946345452
            ],
            [
              -70.83970665893385,
              -32.80728026918506
            ],
            [
              -70.83971052956817,
              -32.80728026918506
            ],
            [
              -70.83971052956817,
              -32.80728107491559
            ],
            [
              -70.83971536786109,
              -32.80728107491559
            ],
            [
              -70.83971536786109,
              -32.80728188064614
            ],
            [
              -70.83971923849542,
              -32.80728188064614
            ],
            [
              -70.83971923849542,
              -32.807282686376674
            ],
            [
              -70.83972407678833,
              -32.807282686376674
            ],
            [
              -70.83972407678833,
              -32.80728349210721
            ],
            [
              -70.83972794742266,
              -32.80728349210721
            ],
            [
              -70.83972794742266,
              -32.80728429783775
            ],
            [
              -70.83973181805699,
              -32.80728429783775
            ],
            [
              -70.83973181805699,
              -32.80728510356829
            ],
            [
              -70.8397366563499,
              -32.80728510356829
            ],
            [
              -70.8397366563499,
              -32.80728590929883
            ],
            [
              -70.83974052698423,
              -32.80728590929883
            ],
            [
              -70.83974052698423,
              -32.80728671502936
            ],
            [
              -70.83974439761856,
              -32.80728671502936
            ],
            [
              -70.83974439761856,
              -32.80728752075991
            ],
            [
              -70.83974923591147,
              -32.80728752075991
            ],
            [
              -70.83974923591147,
              -32.80728832649044
            ],
            [
              -70.8397531065458,
              -32.80728832649044
            ],
            [
              -70.8397531065458,
              -32.80728913222098
            ],
            [
              -70.83975794483871,
              -32.80728913222098
            ],
            [
              -70.83975794483871,
              -32.80728993795152
            ],
            [
              -70.83976181547304,
              -32.80728993795152
            ],
            [
              -70.83976181547304,
              -32.80729074368206
            ],
            [
              -70.83976568610737,
              -32.80729074368206
            ],
            [
              -70.83976568610737,
              -32.8072915494126
            ],
            [
              -70.83977052440028,
              -32.8072915494126
            ],
            [
              -70.83977052440028,
              -32.80729235514314
            ],
            [
              -70.83977439503461,
              -32.80729235514314
            ],
            [
              -70.83977439503461,
              -32.80729316087368
            ],
            [
              -70.83977826566894,
              -32.80729316087368
            ],
            [
              -70.83977826566894,
              -32.80729396660421
            ],
            [
              -70.83978310396185,
              -32.80729396660421
            ],
            [
              -70.83978310396185,
              -32.80729477233476
            ],
            [
              -70.83978697459618,
              -32.80729477233476
            ],
            [
              -70.83978697459618,
              -32.80729557806529
            ],
            [
              -70.83979181288909,
              -32.80729557806529
            ],
            [
              -70.83979181288909,
              -32.80729638379583
            ],
            [
              -70.83979568352342,
              -32.80729638379583
            ],
            [
              -70.83979568352342,
              -32.80729718952637
            ],
            [
              -70.83979955415775,
              -32.80729718952637
            ],
            [
              -70.83979955415775,
              -32.80729799525691
            ],
            [
              -70.83980439245067,
              -32.80729799525691
            ],
            [
              -70.83980439245067,
              -32.807298800987446
            ],
            [
              -70.83980826308499,
              -32.807298800987446
            ],
            [
              -70.83980826308499,
              -32.80729960671799
            ],
            [
              -70.83981213371932,
              -32.80729960671799
            ],
            [
              -70.83981213371932,
              -32.80730041244853
            ],
            [
              -70.83981697201224,
              -32.80730041244853
            ],
            [
              -70.83981697201224,
              -32.80730121817906
            ],
            [
              -70.83982084264657,
              -32.80730121817906
            ],
            [
              -70.83982084264657,
              -32.80730202390961
            ],
            [
              -70.83982568093948,
              -32.80730202390961
            ],
            [
              -70.83982568093948,
              -32.80730282964014
            ],
            [
              -70.83982955157381,
              -32.80730282964014
            ],
            [
              -70.83982955157381,
              -32.80730363537068
            ],
            [
              -70.83983342220814,
              -32.80730363537068
            ],
            [
              -70.83983342220814,
              -32.807304441101216
            ],
            [
              -70.83983826050105,
              -32.807304441101216
            ],
            [
              -70.83983826050105,
              -32.80730524683176
            ],
            [
              -70.83984213113538,
              -32.80730524683176
            ],
            [
              -70.83984213113538,
              -32.807306052562296
            ],
            [
              -70.83984600176971,
              -32.807306052562296
            ],
            [
              -70.83984600176971,
              -32.80730685829283
            ],
            [
              -70.83985084006262,
              -32.80730685829283
            ],
            [
              -70.83985084006262,
              -32.80730766402338
            ],
            [
              -70.83985471069695,
              -32.80730766402338
            ],
            [
              -70.83985471069695,
              -32.80730846975391
            ],
            [
              -70.83985954898986,
              -32.80730846975391
            ],
            [
              -70.83985954898986,
              -32.80730927548445
            ],
            [
              -70.8398634196242,
              -32.80730927548445
            ],
            [
              -70.8398634196242,
              -32.80731008121499
            ],
            [
              -70.83986729025852,
              -32.80731008121499
            ],
            [
              -70.83986729025852,
              -32.80731088694553
            ],
            [
              -70.83987212855143,
              -32.80731088694553
            ],
            [
              -70.83987212855143,
              -32.807311692676066
            ],
            [
              -70.83987599918576,
              -32.807311692676066
            ],
            [
              -70.83987599918576,
              -32.80731249840661
            ],
            [
              -70.83988083747867,
              -32.80731249840661
            ],
            [
              -70.83988083747867,
              -32.807313304137146
            ],
            [
              -70.839884708113,
              -32.807313304137146
            ],
            [
              -70.839884708113,
              -32.80731410986768
            ],
            [
              -70.83988857874733,
              -32.80731410986768
            ],
            [
              -70.83988857874733,
              -32.807314915598226
            ],
            [
              -70.83989341704024,
              -32.807314915598226
            ],
            [
              -70.83989341704024,
              -32.80731572132876
            ],
            [
              -70.83989728767457,
              -32.80731572132876
            ],
            [
              -70.83989728767457,
              -32.8073165270593
            ],
            [
              -70.8399011583089,
              -32.8073165270593
            ],
            [
              -70.8399011583089,
              -32.80731733278984
            ],
            [
              -70.83990599660181,
              -32.80731733278984
            ],
            [
              -70.83990599660181,
              -32.80731813852038
            ],
            [
              -70.83990986723614,
              -32.80731813852038
            ],
            [
              -70.83990986723614,
              -32.807318944250916
            ],
            [
              -70.83991470552907,
              -32.807318944250916
            ],
            [
              -70.83991470552907,
              -32.80731974998146
            ],
            [
              -70.8399185761634,
              -32.80731974998146
            ],
            [
              -70.8399185761634,
              -32.807320555711996
            ],
            [
              -70.83992244679771,
              -32.807320555711996
            ],
            [
              -70.83992244679771,
              -32.80732136144253
            ],
            [
              -70.83992728509064,
              -32.80732136144253
            ],
            [
              -70.83992728509064,
              -32.807322167173076
            ],
            [
              -70.83993115572497,
              -32.807322167173076
            ],
            [
              -70.83993115572497,
              -32.80732297290361
            ],
            [
              -70.8399350263593,
              -32.80732297290361
            ],
            [
              -70.8399350263593,
              -32.80732377863415
            ],
            [
              -70.83993986465221,
              -32.80732377863415
            ],
            [
              -70.83993986465221,
              -32.80732458436469
            ],
            [
              -70.83994373528654,
              -32.80732458436469
            ],
            [
              -70.83994373528654,
              -32.80732539009523
            ],
            [
              -70.83994857357945,
              -32.80732539009523
            ],
            [
              -70.83994857357945,
              -32.807326195825766
            ],
            [
              -70.83995244421378,
              -32.807326195825766
            ],
            [
              -70.83995244421378,
              -32.8073270015563
            ],
            [
              -70.83995631484811,
              -32.8073270015563
            ],
            [
              -70.83995631484811,
              -32.807327807286846
            ],
            [
              -70.83996115314102,
              -32.807327807286846
            ],
            [
              -70.83996115314102,
              -32.80732861301738
            ],
            [
              -70.83996502377535,
              -32.80732861301738
            ],
            [
              -70.83996502377535,
              -32.80732941874792
            ],
            [
              -70.83996889440968,
              -32.80732941874792
            ],
            [
              -70.83996889440968,
              -32.80733022447846
            ],
            [
              -70.83997373270259,
              -32.80733022447846
            ],
            [
              -70.83997373270259,
              -32.807331030209
            ],
            [
              -70.83997760333692,
              -32.807331030209
            ],
            [
              -70.83997760333692,
              -32.807331835939536
            ],
            [
              -70.83998244162983,
              -32.807331835939536
            ],
            [
              -70.83998244162983,
              -32.80733264167008
            ],
            [
              -70.83998631226416,
              -32.80733264167008
            ],
            [
              -70.83998631226416,
              -32.807333447400616
            ],
            [
              -70.83999018289849,
              -32.807333447400616
            ],
            [
              -70.83999018289849,
              -32.80733425313115
            ],
            [
              -70.8399950211914,
              -32.80733425313115
            ],
            [
              -70.8399950211914,
              -32.807335058861696
            ],
            [
              -70.83999889182573,
              -32.807335058861696
            ],
            [
              -70.83999889182573,
              -32.80733586459223
            ],
            [
              -70.84000276246006,
              -32.80733586459223
            ],
            [
              -70.84000276246006,
              -32.80733667032277
            ],
            [
              -70.84000760075297,
              -32.80733667032277
            ],
            [
              -70.84000760075297,
              -32.80733747605331
            ],
            [
              -70.8400114713873,
              -32.80733747605331
            ],
            [
              -70.8400114713873,
              -32.80733828178385
            ],
            [
              -70.84001630968022,
              -32.80733828178385
            ],
            [
              -70.84001630968022,
              -32.807339087514386
            ],
            [
              -70.84002018031454,
              -32.807339087514386
            ],
            [
              -70.84002018031454,
              -32.80733989324493
            ],
            [
              -70.84002405094887,
              -32.80733989324493
            ],
            [
              -70.84002405094887,
              -32.807340698975466
            ],
            [
              -70.8400288892418,
              -32.807340698975466
            ],
            [
              -70.8400288892418,
              -32.807341504706
            ],
            [
              -70.84003275987612,
              -32.807341504706
            ],
            [
              -70.84003275987612,
              -32.807342310436546
            ],
            [
              -70.84003663051045,
              -32.807342310436546
            ],
            [
              -70.84003663051045,
              -32.80734311616708
            ],
            [
              -70.84004146880336,
              -32.80734311616708
            ],
            [
              -70.84004146880336,
              -32.80734392189762
            ],
            [
              -70.8400453394377,
              -32.80734392189762
            ],
            [
              -70.8400453394377,
              -32.80734472762816
            ],
            [
              -70.8400501777306,
              -32.80734472762816
            ],
            [
              -70.8400501777306,
              -32.8073455333587
            ],
            [
              -70.84005404836493,
              -32.8073455333587
            ],
            [
              -70.84005404836493,
              -32.807346339089236
            ],
            [
              -70.84005791899926,
              -32.807346339089236
            ],
            [
              -70.84005791899926,
              -32.80734714481978
            ],
            [
              -70.84006275729217,
              -32.80734714481978
            ],
            [
              -70.84006275729217,
              -32.807347950550316
            ],
            [
              -70.8400666279265,
              -32.807347950550316
            ],
            [
              -70.8400666279265,
              -32.80734875628085
            ],
            [
              -70.84007049856083,
              -32.80734875628085
            ],
            [
              -70.84007049856083,
              -32.80734956201139
            ],
            [
              -70.84007533685374,
              -32.80734956201139
            ],
            [
              -70.84007533685374,
              -32.80735036774193
            ],
            [
              -70.84007920748807,
              -32.80735036774193
            ],
            [
              -70.84007920748807,
              -32.80735117347247
            ],
            [
              -70.84008404578098,
              -32.80735117347247
            ],
            [
              -70.84008404578098,
              -32.807351979203005
            ],
            [
              -70.84008791641531,
              -32.807351979203005
            ],
            [
              -70.84008791641531,
              -32.80735278493355
            ],
            [
              -70.84009178704964,
              -32.80735278493355
            ],
            [
              -70.84009178704964,
              -32.807353590664086
            ],
            [
              -70.84009662534255,
              -32.807353590664086
            ],
            [
              -70.84009662534255,
              -32.80735439639462
            ],
            [
              -70.84010049597688,
              -32.80735439639462
            ],
            [
              -70.84010049597688,
              -32.807355202125166
            ],
            [
              -70.84010436661121,
              -32.807355202125166
            ],
            [
              -70.84010436661121,
              -32.8073560078557
            ],
            [
              -70.84010920490412,
              -32.8073560078557
            ],
            [
              -70.84010920490412,
              -32.80735681358624
            ],
            [
              -70.84011307553845,
              -32.80735681358624
            ],
            [
              -70.84011307553845,
              -32.80735761931678
            ],
            [
              -70.84011791383136,
              -32.80735761931678
            ],
            [
              -70.84011791383136,
              -32.80735842504732
            ],
            [
              -70.8401217844657,
              -32.80735842504732
            ],
            [
              -70.8401217844657,
              -32.807359230777855
            ],
            [
              -70.84012565510002,
              -32.807359230777855
            ],
            [
              -70.84012565510002,
              -32.8073600365084
            ],
            [
              -70.84013049339295,
              -32.8073600365084
            ],
            [
              -70.84013049339295,
              -32.807360842238936
            ],
            [
              -70.84013436402728,
              -32.807360842238936
            ],
            [
              -70.84013436402728,
              -32.80736164796947
            ],
            [
              -70.8401382346616,
              -32.80736164796947
            ],
            [
              -70.8401382346616,
              -32.807362453700016
            ],
            [
              -70.84014307295452,
              -32.807362453700016
            ],
            [
              -70.84014307295452,
              -32.80736325943055
            ],
            [
              -70.84014694358885,
              -32.80736325943055
            ],
            [
              -70.84014694358885,
              -32.80736406516109
            ],
            [
              -70.84015178188176,
              -32.80736406516109
            ],
            [
              -70.84015178188176,
              -32.80736487089163
            ],
            [
              -70.84015565251609,
              -32.80736487089163
            ],
            [
              -70.84015565251609,
              -32.80736567662217
            ],
            [
              -70.84015952315042,
              -32.80736567662217
            ],
            [
              -70.84015952315042,
              -32.807366482352705
            ],
            [
              -70.84016436144333,
              -32.807366482352705
            ],
            [
              -70.84016436144333,
              -32.80736728808325
            ],
            [
              -70.84016823207766,
              -32.80736728808325
            ],
            [
              -70.84016823207766,
              -32.807368093813785
            ],
            [
              -70.84017210271199,
              -32.807368093813785
            ],
            [
              -70.84017210271199,
              -32.80736889954432
            ],
            [
              -70.8401769410049,
              -32.80736889954432
            ],
            [
              -70.8401769410049,
              -32.807369705274866
            ],
            [
              -70.84018081163923,
              -32.807369705274866
            ],
            [
              -70.84018081163923,
              -32.8073705110054
            ],
            [
              -70.84018564993214,
              -32.8073705110054
            ],
            [
              -70.84018564993214,
              -32.80737131673594
            ],
            [
              -70.84018952056647,
              -32.80737131673594
            ],
            [
              -70.84018952056647,
              -32.807372122466475
            ],
            [
              -70.8401933912008,
              -32.807372122466475
            ],
            [
              -70.8401933912008,
              -32.80737292819702
            ],
            [
              -70.84019822949371,
              -32.80737292819702
            ],
            [
              -70.84019822949371,
              -32.807373733927555
            ],
            [
              -70.84020210012804,
              -32.807373733927555
            ],
            [
              -70.84020210012804,
              -32.80737453965809
            ],
            [
              -70.84020693842095,
              -32.80737453965809
            ],
            [
              -70.84020693842095,
              -32.807375345388635
            ],
            [
              -70.84021080905528,
              -32.807375345388635
            ],
            [
              -70.84021080905528,
              -32.80737615111917
            ],
            [
              -70.84021467968961,
              -32.80737615111917
            ],
            [
              -70.84021467968961,
              -32.80737695684971
            ],
            [
              -70.84021951798252,
              -32.80737695684971
            ],
            [
              -70.84021951798252,
              -32.80737776258025
            ],
            [
              -70.84022338861685,
              -32.80737776258025
            ],
            [
              -70.84022338861685,
              -32.80737856831079
            ],
            [
              -70.84022725925118,
              -32.80737856831079
            ],
            [
              -70.84022725925118,
              -32.807379374041325
            ],
            [
              -70.84023209754409,
              -32.807379374041325
            ],
            [
              -70.84023209754409,
              -32.80738017977187
            ],
            [
              -70.84023596817842,
              -32.80738017977187
            ],
            [
              -70.84023596817842,
              -32.807380985502405
            ],
            [
              -70.84024080647134,
              -32.807380985502405
            ],
            [
              -70.84024080647134,
              -32.80738179123294
            ],
            [
              -70.84024467710567,
              -32.80738179123294
            ],
            [
              -70.84024467710567,
              -32.807382596963485
            ],
            [
              -70.84024854774,
              -32.807382596963485
            ],
            [
              -70.84024854774,
              -32.80738340269402
            ],
            [
              -70.84025338603291,
              -32.80738340269402
            ],
            [
              -70.84025338603291,
              -32.80738420842456
            ],
            [
              -70.84025725666724,
              -32.80738420842456
            ],
            [
              -70.84025725666724,
              -32.8073850141551
            ],
            [
              -70.84026112730157,
              -32.8073850141551
            ],
            [
              -70.84026112730157,
              -32.80738581988564
            ],
            [
              -70.84026596559448,
              -32.80738581988564
            ],
            [
              -70.84026596559448,
              -32.807386625616175
            ],
            [
              -70.84026983622881,
              -32.807386625616175
            ],
            [
              -70.84026983622881,
              -32.80738743134672
            ],
            [
              -70.84027467452172,
              -32.80738743134672
            ],
            [
              -70.84027467452172,
              -32.807388237077255
            ],
            [
              -70.84027854515605,
              -32.807388237077255
            ],
            [
              -70.84027854515605,
              -32.80738904280779
            ],
            [
              -70.84028241579038,
              -32.80738904280779
            ],
            [
              -70.84028241579038,
              -32.807389848538335
            ],
            [
              -70.8402872540833,
              -32.807389848538335
            ],
            [
              -70.8402872540833,
              -32.80739065426887
            ],
            [
              -70.84029112471762,
              -32.80739065426887
            ],
            [
              -70.84029112471762,
              -32.80739145999941
            ],
            [
              -70.84029499535195,
              -32.80739145999941
            ],
            [
              -70.84029499535195,
              -32.807392265729945
            ],
            [
              -70.84029983364486,
              -32.807392265729945
            ],
            [
              -70.84029983364486,
              -32.80739307146049
            ],
            [
              -70.8403037042792,
              -32.80739307146049
            ],
            [
              -70.8403037042792,
              -32.807393877191025
            ],
            [
              -70.8403085425721,
              -32.807393877191025
            ],
            [
              -70.8403085425721,
              -32.80739468292156
            ],
            [
              -70.84031241320643,
              -32.80739468292156
            ],
            [
              -70.84031241320643,
              -32.807395488652105
            ],
            [
              -70.84031628384076,
              -32.807395488652105
            ],
            [
              -70.84031628384076,
              -32.80739629438264
            ],
            [
              -70.84032112213367,
              -32.80739629438264
            ],
            [
              -70.84032112213367,
              -32.80739710011318
            ],
            [
              -70.840324992768,
              -32.80739710011318
            ],
            [
              -70.840324992768,
              -32.80739790584372
            ],
            [
              -70.84032886340233,
              -32.80739790584372
            ],
            [
              -70.84032886340233,
              -32.80739871157426
            ],
            [
              -70.84033370169524,
              -32.80739871157426
            ],
            [
              -70.84033370169524,
              -32.807399517304795
            ],
            [
              -70.84033757232957,
              -32.807399517304795
            ],
            [
              -70.84033757232957,
              -32.80740032303534
            ],
            [
              -70.8403424106225,
              -32.80740032303534
            ],
            [
              -70.8403424106225,
              -32.807401128765875
            ],
            [
              -70.84034628125683,
              -32.807401128765875
            ],
            [
              -70.84034628125683,
              -32.80740193449641
            ],
            [
              -70.84035015189114,
              -32.80740193449641
            ],
            [
              -70.84035015189114,
              -32.807402740226955
            ],
            [
              -70.84035499018407,
              -32.807402740226955
            ],
            [
              -70.84035499018407,
              -32.80740354595749
            ],
            [
              -70.8403588608184,
              -32.80740354595749
            ],
            [
              -70.8403588608184,
              -32.80740435168803
            ],
            [
              -70.84036273145273,
              -32.80740435168803
            ],
            [
              -70.84036273145273,
              -32.80740515741857
            ],
            [
              -70.84036756974564,
              -32.80740515741857
            ],
            [
              -70.84036756974564,
              -32.80740596314911
            ],
            [
              -70.84037144037997,
              -32.80740596314911
            ],
            [
              -70.84037144037997,
              -32.807406768879645
            ],
            [
              -70.84037627867288,
              -32.807406768879645
            ],
            [
              -70.84037627867288,
              -32.80740757461019
            ],
            [
              -70.84038014930721,
              -32.80740757461019
            ],
            [
              -70.84038014930721,
              -32.807408380340725
            ],
            [
              -70.84038401994154,
              -32.807408380340725
            ],
            [
              -70.84038401994154,
              -32.80740918607126
            ],
            [
              -70.84038885823445,
              -32.80740918607126
            ],
            [
              -70.84038885823445,
              -32.807409991801805
            ],
            [
              -70.84039272886878,
              -32.807409991801805
            ],
            [
              -70.84039272886878,
              -32.80741079753234
            ],
            [
              -70.84039659950311,
              -32.80741079753234
            ],
            [
              -70.84039659950311,
              -32.80741160326288
            ],
            [
              -70.84040143779602,
              -32.80741160326288
            ],
            [
              -70.84040143779602,
              -32.80741240899342
            ],
            [
              -70.84040530843035,
              -32.80741240899342
            ],
            [
              -70.84040530843035,
              -32.80741321472396
            ],
            [
              -70.84041014672326,
              -32.80741321472396
            ],
            [
              -70.84041014672326,
              -32.807414020454495
            ],
            [
              -70.84041401735759,
              -32.807414020454495
            ],
            [
              -70.84041401735759,
              -32.80741482618503
            ],
            [
              -70.84041788799192,
              -32.80741482618503
            ],
            [
              -70.84041788799192,
              -32.807415631915575
            ],
            [
              -70.84042272628483,
              -32.807415631915575
            ],
            [
              -70.84042272628483,
              -32.80741643764611
            ],
            [
              -70.84042659691916,
              -32.80741643764611
            ],
            [
              -70.84042659691916,
              -32.80741724337665
            ],
            [
              -70.84043046755349,
              -32.80741724337665
            ],
            [
              -70.84043046755349,
              -32.80741804910719
            ],
            [
              -70.8404353058464,
              -32.80741804910719
            ],
            [
              -70.8404353058464,
              -32.80741885483773
            ],
            [
              -70.84043917648073,
              -32.80741885483773
            ],
            [
              -70.84043917648073,
              -32.807419660568264
            ],
            [
              -70.84044401477365,
              -32.807419660568264
            ],
            [
              -70.84044401477365,
              -32.80742046629881
            ],
            [
              -70.84044788540797,
              -32.80742046629881
            ],
            [
              -70.84044788540797,
              -32.807421272029345
            ],
            [
              -70.8404517560423,
              -32.807421272029345
            ],
            [
              -70.8404517560423,
              -32.80742207775988
            ],
            [
              -70.84045659433522,
              -32.80742207775988
            ],
            [
              -70.84045659433522,
              -32.807422883490425
            ],
            [
              -70.84046046496955,
              -32.807422883490425
            ],
            [
              -70.84046046496955,
              -32.80742368922096
            ],
            [
              -70.84046433560388,
              -32.80742368922096
            ],
            [
              -70.84046433560388,
              -32.8074244949515
            ],
            [
              -70.84046917389679,
              -32.8074244949515
            ],
            [
              -70.84046917389679,
              -32.80742530068204
            ],
            [
              -70.84047304453112,
              -32.80742530068204
            ],
            [
              -70.84047304453112,
              -32.80742610641258
            ],
            [
              -70.84047788282403,
              -32.80742610641258
            ],
            [
              -70.84047788282403,
              -32.807426912143114
            ],
            [
              -70.84048175345836,
              -32.807426912143114
            ],
            [
              -70.84048175345836,
              -32.80742771787366
            ],
            [
              -70.8404856240927,
              -32.80742771787366
            ],
            [
              -70.8404856240927,
              -32.807428523604194
            ],
            [
              -70.8404904623856,
              -32.807428523604194
            ],
            [
              -70.8404904623856,
              -32.80742932933473
            ],
            [
              -70.84049433301993,
              -32.80742932933473
            ],
            [
              -70.84049433301993,
              -32.807430135065275
            ],
            [
              -70.84049820365426,
              -32.807430135065275
            ],
            [
              -70.84049820365426,
              -32.80743094079581
            ],
            [
              -70.84050304194717,
              -32.80743094079581
            ],
            [
              -70.84050304194717,
              -32.80743174652635
            ],
            [
              -70.8405069125815,
              -32.80743174652635
            ],
            [
              -70.8405069125815,
              -32.80743255225689
            ],
            [
              -70.84051175087441,
              -32.80743255225689
            ],
            [
              -70.84051175087441,
              -32.80743335798743
            ],
            [
              -70.84051562150874,
              -32.80743335798743
            ],
            [
              -70.84051562150874,
              -32.807434163717964
            ],
            [
              -70.84051949214307,
              -32.807434163717964
            ],
            [
              -70.84051949214307,
              -32.80743496944851
            ],
            [
              -70.84052433043598,
              -32.80743496944851
            ],
            [
              -70.84052433043598,
              -32.807435775179044
            ],
            [
              -70.84052820107031,
              -32.807435775179044
            ],
            [
              -70.84052820107031,
              -32.80743658090958
            ],
            [
              -70.84053303936322,
              -32.80743658090958
            ],
            [
              -70.84053303936322,
              -32.80743738664012
            ],
            [
              -70.84053690999755,
              -32.80743738664012
            ],
            [
              -70.84053690999755,
              -32.80743819237066
            ],
            [
              -70.84054078063188,
              -32.80743819237066
            ],
            [
              -70.84054078063188,
              -32.8074389981012
            ],
            [
              -70.84054561892479,
              -32.8074389981012
            ],
            [
              -70.84054561892479,
              -32.807439803831734
            ],
            [
              -70.84054948955912,
              -32.807439803831734
            ],
            [
              -70.84054948955912,
              -32.80744060956228
            ],
            [
              -70.84055336019345,
              -32.80744060956228
            ],
            [
              -70.84055336019345,
              -32.807441415292814
            ],
            [
              -70.84055819848638,
              -32.807441415292814
            ],
            [
              -70.84055819848638,
              -32.80744222102335
            ],
            [
              -70.8405620691207,
              -32.80744222102335
            ],
            [
              -70.8405620691207,
              -32.807443026753894
            ],
            [
              -70.84056690741362,
              -32.807443026753894
            ],
            [
              -70.84056690741362,
              -32.80744383248443
            ],
            [
              -70.84057077804795,
              -32.80744383248443
            ],
            [
              -70.84057077804795,
              -32.80744463821497
            ],
            [
              -70.84057464868228,
              -32.80744463821497
            ],
            [
              -70.84057464868228,
              -32.80744544394551
            ],
            [
              -70.84057948697519,
              -32.80744544394551
            ],
            [
              -70.84057948697519,
              -32.80744624967605
            ],
            [
              -70.84058335760952,
              -32.80744624967605
            ],
            [
              -70.84058335760952,
              -32.807447055406584
            ],
            [
              -70.84058722824385,
              -32.807447055406584
            ],
            [
              -70.84058722824385,
              -32.80744786113713
            ],
            [
              -70.84059206653676,
              -32.80744786113713
            ],
            [
              -70.84059206653676,
              -32.807448666867664
            ],
            [
              -70.84059593717109,
              -32.807448666867664
            ],
            [
              -70.84059593717109,
              -32.8074494725982
            ],
            [
              -70.840600775464,
              -32.8074494725982
            ],
            [
              -70.840600775464,
              -32.807450278328744
            ],
            [
              -70.84060464609833,
              -32.807450278328744
            ],
            [
              -70.84060464609833,
              -32.80745108405928
            ],
            [
              -70.84060851673266,
              -32.80745108405928
            ],
            [
              -70.84060851673266,
              -32.80745188978982
            ],
            [
              -70.84061335502557,
              -32.80745188978982
            ],
            [
              -70.84061335502557,
              -32.80745269552036
            ],
            [
              -70.8406172256599,
              -32.80745269552036
            ],
            [
              -70.8406172256599,
              -32.8074535012509
            ],
            [
              -70.84062109629423,
              -32.8074535012509
            ],
            [
              -70.84062109629423,
              -32.807454306981434
            ],
            [
              -70.84062593458714,
              -32.807454306981434
            ],
            [
              -70.84062593458714,
              -32.80745511271198
            ],
            [
              -70.84062980522147,
              -32.80745511271198
            ],
            [
              -70.84062980522147,
              -32.807455918442514
            ],
            [
              -70.84063464351438,
              -32.807455918442514
            ],
            [
              -70.84063464351438,
              -32.80745672417305
            ],
            [
              -70.84063851414871,
              -32.80745672417305
            ],
            [
              -70.84063851414871,
              -32.80745752990359
            ],
            [
              -70.84064238478304,
              -32.80745752990359
            ],
            [
              -70.84064238478304,
              -32.80745833563413
            ],
            [
              -70.84064722307595,
              -32.80745833563413
            ],
            [
              -70.84064722307595,
              -32.80745914136467
            ],
            [
              -70.84065109371028,
              -32.80745914136467
            ],
            [
              -70.84065109371028,
              -32.807459947095204
            ],
            [
              -70.84065496434461,
              -32.807459947095204
            ],
            [
              -70.84065496434461,
              -32.80746075282575
            ],
            [
              -70.84065980263752,
              -32.80746075282575
            ],
            [
              -70.84065980263752,
              -32.807461558556284
            ],
            [
              -70.84066367327185,
              -32.807461558556284
            ],
            [
              -70.84066367327185,
              -32.80746236428682
            ],
            [
              -70.84066851156477,
              -32.80746236428682
            ],
            [
              -70.84066851156477,
              -32.807463170017364
            ],
            [
              -70.8406723821991,
              -32.807463170017364
            ],
            [
              -70.8406723821991,
              -32.8074639757479
            ],
            [
              -70.84067625283343,
              -32.8074639757479
            ],
            [
              -70.84067625283343,
              -32.80746478147844
            ],
            [
              -70.84068109112634,
              -32.80746478147844
            ],
            [
              -70.84068109112634,
              -32.80746558720898
            ],
            [
              -70.84068496176067,
              -32.80746558720898
            ],
            [
              -70.84068496176067,
              -32.80746639293952
            ],
            [
              -70.840688832395,
              -32.80746639293952
            ],
            [
              -70.840688832395,
              -32.807467198670054
            ],
            [
              -70.84069367068791,
              -32.807467198670054
            ],
            [
              -70.84069367068791,
              -32.8074680044006
            ],
            [
              -70.84069754132224,
              -32.8074680044006
            ],
            [
              -70.84069754132224,
              -32.807468810131134
            ],
            [
              -70.84070237961515,
              -32.807468810131134
            ],
            [
              -70.84070237961515,
              -32.80746961586167
            ],
            [
              -70.84070625024948,
              -32.80746961586167
            ],
            [
              -70.84070625024948,
              -32.807470421592214
            ],
            [
              -70.84071012088381,
              -32.807470421592214
            ],
            [
              -70.84071012088381,
              -32.80747122732275
            ],
            [
              -70.84071495917672,
              -32.80747122732275
            ],
            [
              -70.84071495917672,
              -32.80747203305329
            ],
            [
              -70.84071882981105,
              -32.80747203305329
            ],
            [
              -70.84071882981105,
              -32.80747283878383
            ],
            [
              -70.84072270044538,
              -32.80747283878383
            ],
            [
              -70.84072270044538,
              -32.80747364451437
            ],
            [
              -70.84072753873829,
              -32.80747364451437
            ],
            [
              -70.84072753873829,
              -32.807474450244904
            ],
            [
              -70.84073140937262,
              -32.807474450244904
            ],
            [
              -70.84073140937262,
              -32.80747525597545
            ],
            [
              -70.84073624766553,
              -32.80747525597545
            ],
            [
              -70.84073624766553,
              -32.807476061705984
            ],
            [
              -70.84074011829986,
              -32.807476061705984
            ],
            [
              -70.84074011829986,
              -32.80747686743652
            ],
            [
              -70.8407439889342,
              -32.80747686743652
            ],
            [
              -70.8407439889342,
              -32.807477673167064
            ],
            [
              -70.8407488272271,
              -32.807477673167064
            ],
            [
              -70.8407488272271,
              -32.8074784788976
            ],
            [
              -70.84075269786143,
              -32.8074784788976
            ],
            [
              -70.84075269786143,
              -32.80747928462814
            ],
            [
              -70.84075656849576,
              -32.80747928462814
            ],
            [
              -70.84075656849576,
              -32.80748009035867
            ],
            [
              -70.84076140678867,
              -32.80748009035867
            ],
            [
              -70.84076140678867,
              -32.80748089608922
            ],
            [
              -70.840765277423,
              -32.80748089608922
            ],
            [
              -70.840765277423,
              -32.80748170181975
            ],
            [
              -70.84077011571593,
              -32.80748170181975
            ],
            [
              -70.84077011571593,
              -32.80748250755029
            ],
            [
              -70.84077398635026,
              -32.80748250755029
            ],
            [
              -70.84077398635026,
              -32.807483313280834
            ],
            [
              -70.84077785698457,
              -32.807483313280834
            ],
            [
              -70.84077785698457,
              -32.80748411901137
            ],
            [
              -70.8407826952775,
              -32.80748411901137
            ],
            [
              -70.8407826952775,
              -32.80748492474191
            ],
            [
              -70.84078656591183,
              -32.80748492474191
            ],
            [
              -70.84078656591183,
              -32.80748573047245
            ],
            [
              -70.84079043654616,
              -32.80748573047245
            ],
            [
              -70.84079043654616,
              -32.80748653620299
            ],
            [
              -70.84079527483907,
              -32.80748653620299
            ],
            [
              -70.84079527483907,
              -32.80748734193352
            ],
            [
              -70.8407991454734,
              -32.80748734193352
            ],
            [
              -70.8407991454734,
              -32.80748814766407
            ],
            [
              -70.8408039837663,
              -32.80748814766407
            ],
            [
              -70.8408039837663,
              -32.8074889533946
            ],
            [
              -70.84080785440064,
              -32.8074889533946
            ],
            [
              -70.84080785440064,
              -32.80748975912514
            ],
            [
              -70.84081172503497,
              -32.80748975912514
            ],
            [
              -70.84081172503497,
              -32.807490564855684
            ],
            [
              -70.84081656332788,
              -32.807490564855684
            ],
            [
              -70.84081656332788,
              -32.80749137058622
            ],
            [
              -70.84082043396221,
              -32.80749137058622
            ],
            [
              -70.84082043396221,
              -32.80749217631676
            ],
            [
              -70.84082430459654,
              -32.80749217631676
            ],
            [
              -70.84082430459654,
              -32.8074929820473
            ],
            [
              -70.84082914288945,
              -32.8074929820473
            ],
            [
              -70.84082914288945,
              -32.80749378777784
            ],
            [
              -70.84083301352378,
              -32.80749378777784
            ],
            [
              -70.84083301352378,
              -32.80749459350837
            ],
            [
              -70.84083785181669,
              -32.80749459350837
            ],
            [
              -70.84083785181669,
              -32.80749539923892
            ],
            [
              -70.84084172245102,
              -32.80749539923892
            ],
            [
              -70.84084172245102,
              -32.80749620496945
            ],
            [
              -70.84084559308535,
              -32.80749620496945
            ],
            [
              -70.84084559308535,
              -32.80749701069999
            ],
            [
              -70.84085043137826,
              -32.80749701069999
            ],
            [
              -70.84085043137826,
              -32.80749781643053
            ],
            [
              -70.84085430201259,
              -32.80749781643053
            ],
            [
              -70.84085430201259,
              -32.80749862216107
            ],
            [
              -70.84085817264692,
              -32.80749862216107
            ],
            [
              -70.84085817264692,
              -32.80749942789161
            ],
            [
              -70.84086301093983,
              -32.80749942789161
            ],
            [
              -70.84086301093983,
              -32.80750023362215
            ],
            [
              -70.84086688157416,
              -32.80750023362215
            ],
            [
              -70.84086688157416,
              -32.80750103935269
            ],
            [
              -70.84087171986708,
              -32.80750103935269
            ],
            [
              -70.84087171986708,
              -32.80750184508322
            ],
            [
              -70.8408755905014,
              -32.80750184508322
            ],
            [
              -70.8408755905014,
              -32.80750265081376
            ],
            [
              -70.84087946113573,
              -32.80750265081376
            ],
            [
              -70.84087946113573,
              -32.8075034565443
            ],
            [
              -70.84088429942865,
              -32.8075034565443
            ],
            [
              -70.84088429942865,
              -32.80750426227484
            ],
            [
              -70.84088817006298,
              -32.80750426227484
            ],
            [
              -70.84088817006298,
              -32.807505068005376
            ],
            [
              -70.84089300835589,
              -32.807505068005376
            ],
            [
              -70.84089300835589,
              -32.80750587373592
            ],
            [
              -70.84089687899022,
              -32.80750587373592
            ],
            [
              -70.84089687899022,
              -32.80750667946646
            ],
            [
              -70.84090074962455,
              -32.80750667946646
            ],
            [
              -70.84090074962455,
              -32.80750748519699
            ],
            [
              -70.84090558791746,
              -32.80750748519699
            ],
            [
              -70.84090558791746,
              -32.80750829092754
            ],
            [
              -70.84090945855179,
              -32.80750829092754
            ],
            [
              -70.84090945855179,
              -32.80750909665807
            ],
            [
              -70.84091332918612,
              -32.80750909665807
            ],
            [
              -70.84091332918612,
              -32.80750990238861
            ],
            [
              -70.84091816747903,
              -32.80750990238861
            ],
            [
              -70.84091816747903,
              -32.80751070811915
            ],
            [
              -70.84092203811336,
              -32.80751070811915
            ],
            [
              -70.84092203811336,
              -32.80751151384969
            ],
            [
              -70.84092687640627,
              -32.80751151384969
            ],
            [
              -70.84092687640627,
              -32.807512319580226
            ],
            [
              -70.8409307470406,
              -32.807512319580226
            ],
            [
              -70.8409307470406,
              -32.80751312531077
            ],
            [
              -70.84093461767493,
              -32.80751312531077
            ],
            [
              -70.84093461767493,
              -32.807513931041306
            ],
            [
              -70.84093945596784,
              -32.807513931041306
            ],
            [
              -70.84093945596784,
              -32.80751473677184
            ],
            [
              -70.84094332660217,
              -32.80751473677184
            ],
            [
              -70.84094332660217,
              -32.80751554250239
            ],
            [
              -70.8409471972365,
              -32.80751554250239
            ],
            [
              -70.8409471972365,
              -32.80751634823292
            ],
            [
              -70.84095203552941,
              -32.80751634823292
            ],
            [
              -70.84095203552941,
              -32.80751715396346
            ],
            [
              -70.84095590616374,
              -32.80751715396346
            ],
            [
              -70.84095590616374,
              -32.807517959694
            ],
            [
              -70.84096074445665,
              -32.807517959694
            ],
            [
              -70.84096074445665,
              -32.80751876542454
            ],
            [
              -70.84096461509098,
              -32.80751876542454
            ],
            [
              -70.84096461509098,
              -32.807519571155076
            ],
            [
              -70.84096848572531,
              -32.807519571155076
            ],
            [
              -70.84096848572531,
              -32.80752037688562
            ],
            [
              -70.84097332401822,
              -32.80752037688562
            ],
            [
              -70.84097332401822,
              -32.807521182616156
            ],
            [
              -70.84097719465255,
              -32.807521182616156
            ],
            [
              -70.84097719465255,
              -32.80752198834669
            ],
            [
              -70.84098106528688,
              -32.80752198834669
            ],
            [
              -70.84098106528688,
              -32.80752279407724
            ],
            [
              -70.8409859035798,
              -32.80752279407724
            ],
            [
              -70.8409859035798,
              -32.80752359980777
            ],
            [
              -70.84098977421412,
              -32.80752359980777
            ],
            [
              -70.84098977421412,
              -32.80752440553831
            ],
            [
              -70.84099461250705,
              -32.80752440553831
            ],
            [
              -70.84099461250705,
              -32.807525211268846
            ],
            [
              -70.84099848314138,
              -32.807525211268846
            ],
            [
              -70.84099848314138,
              -32.80752601699939
            ],
            [
              -70.8410023537757,
              -32.80752601699939
            ],
            [
              -70.8410023537757,
              -32.807526822729926
            ],
            [
              -70.84100719206862,
              -32.807526822729926
            ],
            [
              -70.84100719206862,
              -32.80752762846046
            ],
            [
              -70.84101106270295,
              -32.80752762846046
            ],
            [
              -70.84101106270295,
              -32.807528434191006
            ],
            [
              -70.84101493333728,
              -32.807528434191006
            ],
            [
              -70.84101493333728,
              -32.80752923992154
            ],
            [
              -70.84101977163019,
              -32.80752923992154
            ],
            [
              -70.84101977163019,
              -32.80753004565208
            ],
            [
              -70.84102364226452,
              -32.80753004565208
            ],
            [
              -70.84102364226452,
              -32.80753085138262
            ],
            [
              -70.84102848055743,
              -32.80753085138262
            ],
            [
              -70.84102848055743,
              -32.80753165711316
            ],
            [
              -70.84103235119176,
              -32.80753165711316
            ],
            [
              -70.84103235119176,
              -32.807532462843696
            ],
            [
              -70.84103622182609,
              -32.807532462843696
            ],
            [
              -70.84103622182609,
              -32.80753326857424
            ],
            [
              -70.841041060119,
              -32.80753326857424
            ],
            [
              -70.841041060119,
              -32.807534074304776
            ],
            [
              -70.84104493075333,
              -32.807534074304776
            ],
            [
              -70.84104493075333,
              -32.80753488003531
            ],
            [
              -70.84104880138766,
              -32.80753488003531
            ],
            [
              -70.84104880138766,
              -32.807535685765856
            ],
            [
              -70.84105363968057,
              -32.807535685765856
            ],
            [
              -70.84105363968057,
              -32.80753649149639
            ],
            [
              -70.8410575103149,
              -32.80753649149639
            ],
            [
              -70.8410575103149,
              -32.80753729722693
            ],
            [
              -70.8410623486078,
              -32.80753729722693
            ],
            [
              -70.8410623486078,
              -32.80753810295747
            ],
            [
              -70.84106621924214,
              -32.80753810295747
            ],
            [
              -70.84106621924214,
              -32.80753890868801
            ],
            [
              -70.84107008987647,
              -32.80753890868801
            ],
            [
              -70.84107008987647,
              -32.807539714418546
            ],
            [
              -70.84107492816938,
              -32.807539714418546
            ],
            [
              -70.84107492816938,
              -32.80754052014909
            ],
            [
              -70.84107879880371,
              -32.80754052014909
            ],
            [
              -70.84107879880371,
              -32.807541325879626
            ],
            [
              -70.84108266943804,
              -32.807541325879626
            ],
            [
              -70.84108266943804,
              -32.80754213161016
            ],
            [
              -70.84108750773095,
              -32.80754213161016
            ],
            [
              -70.84108750773095,
              -32.807542937340706
            ],
            [
              -70.84109137836528,
              -32.807542937340706
            ],
            [
              -70.84109137836528,
              -32.80754374307124
            ],
            [
              -70.8410962166582,
              -32.80754374307124
            ],
            [
              -70.8410962166582,
              -32.80754454880178
            ],
            [
              -70.84110008729253,
              -32.80754454880178
            ],
            [
              -70.84110008729253,
              -32.807545354532316
            ],
            [
              -70.84110395792686,
              -32.807545354532316
            ],
            [
              -70.84110395792686,
              -32.80754616026286
            ],
            [
              -70.84110879621977,
              -32.80754616026286
            ],
            [
              -70.84110879621977,
              -32.807546965993396
            ],
            [
              -70.8411126668541,
              -32.807546965993396
            ],
            [
              -70.8411126668541,
              -32.80754777172393
            ],
            [
              -70.84111653748843,
              -32.80754777172393
            ],
            [
              -70.84111653748843,
              -32.807548577454476
            ],
            [
              -70.84112137578134,
              -32.807548577454476
            ],
            [
              -70.84112137578134,
              -32.80754938318501
            ],
            [
              -70.84112524641567,
              -32.80754938318501
            ],
            [
              -70.84112524641567,
              -32.80755018891555
            ],
            [
              -70.84113008470858,
              -32.80755018891555
            ],
            [
              -70.84113008470858,
              -32.80755099464609
            ],
            [
              -70.84113395534291,
              -32.80755099464609
            ],
            [
              -70.84113395534291,
              -32.80755180037663
            ],
            [
              -70.84113782597724,
              -32.80755180037663
            ],
            [
              -70.84113782597724,
              -32.807552606107166
            ],
            [
              -70.84114266427015,
              -32.807552606107166
            ],
            [
              -70.84114266427015,
              -32.80755341183771
            ],
            [
              -70.84114653490448,
              -32.80755341183771
            ],
            [
              -70.84114653490448,
              -32.807554217568246
            ],
            [
              -70.84115040553881,
              -32.807554217568246
            ],
            [
              -70.84115040553881,
              -32.80755502329878
            ],
            [
              -70.84115524383172,
              -32.80755502329878
            ],
            [
              -70.84115524383172,
              -32.807555829029326
            ],
            [
              -70.84115911446605,
              -32.807555829029326
            ],
            [
              -70.84115911446605,
              -32.80755663475986
            ],
            [
              -70.84116395275896,
              -32.80755663475986
            ],
            [
              -70.84116395275896,
              -32.8075574404904
            ],
            [
              -70.84116782339329,
              -32.8075574404904
            ],
            [
              -70.84116782339329,
              -32.80755824622094
            ],
            [
              -70.84117169402762,
              -32.80755824622094
            ],
            [
              -70.84117169402762,
              -32.80755905195148
            ],
            [
              -70.84117653232053,
              -32.80755905195148
            ],
            [
              -70.84117653232053,
              -32.807559857682016
            ],
            [
              -70.84118040295486,
              -32.807559857682016
            ],
            [
              -70.84118040295486,
              -32.80756066341256
            ],
            [
              -70.84118427358919,
              -32.80756066341256
            ],
            [
              -70.84118427358919,
              -32.807561469143096
            ],
            [
              -70.8411891118821,
              -32.807561469143096
            ],
            [
              -70.8411891118821,
              -32.80756227487363
            ],
            [
              -70.84119298251643,
              -32.80756227487363
            ],
            [
              -70.84119298251643,
              -32.807563080604176
            ],
            [
              -70.84119782080936,
              -32.807563080604176
            ],
            [
              -70.84119782080936,
              -32.80756388633471
            ],
            [
              -70.84120169144369,
              -32.80756388633471
            ],
            [
              -70.84120169144369,
              -32.80756469206525
            ],
            [
              -70.841205562078,
              -32.80756469206525
            ],
            [
              -70.841205562078,
              -32.80756549779579
            ],
            [
              -70.84121040037093,
              -32.80756549779579
            ],
            [
              -70.84121040037093,
              -32.80756630352633
            ],
            [
              -70.84121427100526,
              -32.80756630352633
            ],
            [
              -70.84121427100526,
              -32.807567109256865
            ],
            [
              -70.84121910929817,
              -32.807567109256865
            ],
            [
              -70.84121910929817,
              -32.8075679149874
            ],
            [
              -70.8412229799325,
              -32.8075679149874
            ],
            [
              -70.8412229799325,
              -32.807568720717946
            ],
            [
              -70.84122685056683,
              -32.807568720717946
            ],
            [
              -70.84122685056683,
              -32.80756952644848
            ],
            [
              -70.84123168885974,
              -32.80756952644848
            ],
            [
              -70.84123168885974,
              -32.80757033217902
            ],
            [
              -70.84123555949407,
              -32.80757033217902
            ],
            [
              -70.84123555949407,
              -32.80757113790956
            ],
            [
              -70.8412394301284,
              -32.80757113790956
            ],
            [
              -70.8412394301284,
              -32.8075719436401
            ],
            [
              -70.8412442684213,
              -32.8075719436401
            ],
            [
              -70.8412442684213,
              -32.807572749370635
            ],
            [
              -70.84124813905564,
              -32.807572749370635
            ],
            [
              -70.84124813905564,
              -32.80757355510118
            ],
            [
              -70.84125297734855,
              -32.80757355510118
            ],
            [
              -70.84125297734855,
              -32.807574360831715
            ],
            [
              -70.84125684798288,
              -32.807574360831715
            ],
            [
              -70.84125684798288,
              -32.80757516656225
            ],
            [
              -70.8412607186172,
              -32.80757516656225
            ],
            [
              -70.8412607186172,
              -32.807575972292796
            ],
            [
              -70.84126555691012,
              -32.807575972292796
            ],
            [
              -70.84126555691012,
              -32.80757677802333
            ],
            [
              -70.84126942754445,
              -32.80757677802333
            ],
            [
              -70.84126942754445,
              -32.80757758375387
            ],
            [
              -70.84127329817878,
              -32.80757758375387
            ],
            [
              -70.84127329817878,
              -32.80757838948441
            ],
            [
              -70.84127813647169,
              -32.80757838948441
            ],
            [
              -70.84127813647169,
              -32.80757919521495
            ],
            [
              -70.84128200710602,
              -32.80757919521495
            ],
            [
              -70.84128200710602,
              -32.807580000945485
            ],
            [
              -70.84128684539893,
              -32.807580000945485
            ],
            [
              -70.84128684539893,
              -32.80758080667603
            ],
            [
              -70.84129071603326,
              -32.80758080667603
            ],
            [
              -70.84129071603326,
              -32.807581612406565
            ],
            [
              -70.84129458666759,
              -32.807581612406565
            ],
            [
              -70.84129458666759,
              -32.8075824181371
            ],
            [
              -70.84129942496051,
              -32.8075824181371
            ],
            [
              -70.84129942496051,
              -32.807583223867645
            ],
            [
              -70.84130329559483,
              -32.807583223867645
            ],
            [
              -70.84130329559483,
              -32.80758402959818
            ],
            [
              -70.84130716622916,
              -32.80758402959818
            ],
            [
              -70.84130716622916,
              -32.80758483532872
            ],
            [
              -70.84131200452208,
              -32.80758483532872
            ],
            [
              -70.84131200452208,
              -32.80758564105926
            ],
            [
              -70.84131587515641,
              -32.80758564105926
            ],
            [
              -70.84131587515641,
              -32.8075864467898
            ],
            [
              -70.84132071344932,
              -32.8075864467898
            ],
            [
              -70.84132071344932,
              -32.807587252520335
            ],
            [
              -70.84132458408365,
              -32.807587252520335
            ],
            [
              -70.84132458408365,
              -32.80758805825088
            ],
            [
              -70.84132845471798,
              -32.80758805825088
            ],
            [
              -70.84132845471798,
              -32.807588863981415
            ],
            [
              -70.84133329301089,
              -32.807588863981415
            ],
            [
              -70.84133329301089,
              -32.80758966971195
            ],
            [
              -70.84133716364522,
              -32.80758966971195
            ],
            [
              -70.84133716364522,
              -32.80759047544249
            ],
            [
              -70.84134103427955,
              -32.80759047544249
            ],
            [
              -70.84134103427955,
              -32.80759128117303
            ],
            [
              -70.84134587257246,
              -32.80759128117303
            ],
            [
              -70.84134587257246,
              -32.80759208690357
            ],
            [
              -70.84134974320679,
              -32.80759208690357
            ],
            [
              -70.84134974320679,
              -32.807592892634105
            ],
            [
              -70.8413545814997,
              -32.807592892634105
            ],
            [
              -70.8413545814997,
              -32.80759369836465
            ],
            [
              -70.84135845213403,
              -32.80759369836465
            ],
            [
              -70.84135845213403,
              -32.807594504095185
            ],
            [
              -70.84136232276836,
              -32.807594504095185
            ],
            [
              -70.84136232276836,
              -32.80759530982572
            ],
            [
              -70.84136716106127,
              -32.80759530982572
            ],
            [
              -70.84136716106127,
              -32.807596115556265
            ],
            [
              -70.8413710316956,
              -32.807596115556265
            ],
            [
              -70.8413710316956,
              -32.8075969212868
            ],
            [
              -70.84137490232993,
              -32.8075969212868
            ],
            [
              -70.84137490232993,
              -32.80759772701734
            ],
            [
              -70.84137974062284,
              -32.80759772701734
            ],
            [
              -70.84137974062284,
              -32.80759853274788
            ],
            [
              -70.84138361125717,
              -32.80759853274788
            ],
            [
              -70.84138361125717,
              -32.80759933847842
            ],
            [
              -70.84138844955008,
              -32.80759933847842
            ],
            [
              -70.84138844955008,
              -32.807600144208955
            ],
            [
              -70.84139232018441,
              -32.807600144208955
            ],
            [
              -70.84139232018441,
              -32.8076009499395
            ],
            [
              -70.84139619081874,
              -32.8076009499395
            ],
            [
              -70.84139619081874,
              -32.807601755670035
            ],
            [
              -70.84140102911165,
              -32.807601755670035
            ],
            [
              -70.84140102911165,
              -32.80760256140057
            ],
            [
              -70.84140489974598,
              -32.80760256140057
            ],
            [
              -70.84140489974598,
              -32.807603367131115
            ],
            [
              -70.84140877038031,
              -32.807603367131115
            ],
            [
              -70.84140877038031,
              -32.80760417286165
            ],
            [
              -70.84141360867324,
              -32.80760417286165
            ],
            [
              -70.84141360867324,
              -32.80760497859219
            ],
            [
              -70.84141747930755,
              -32.80760497859219
            ],
            [
              -70.84141747930755,
              -32.80760578432273
            ],
            [
              -70.84142231760048,
              -32.80760578432273
            ],
            [
              -70.84142231760048,
              -32.80760659005327
            ],
            [
              -70.8414261882348,
              -32.80760659005327
            ],
            [
              -70.8414261882348,
              -32.807607395783805
            ],
            [
              -70.84143005886914,
              -32.807607395783805
            ],
            [
              -70.84143005886914,
              -32.80760820151435
            ],
            [
              -70.84143489716205,
              -32.80760820151435
            ],
            [
              -70.84143489716205,
              -32.807609007244885
            ],
            [
              -70.84143876779638,
              -32.807609007244885
            ],
            [
              -70.84143876779638,
              -32.80760981297542
            ],
            [
              -70.8414426384307,
              -32.80760981297542
            ],
            [
              -70.8414426384307,
              -32.80761061870596
            ],
            [
              -70.84144747672362,
              -32.80761061870596
            ],
            [
              -70.84144747672362,
              -32.8076114244365
            ],
            [
              -70.84145134735795,
              -32.8076114244365
            ],
            [
              -70.84145134735795,
              -32.80761223016704
            ],
            [
              -70.84145618565086,
              -32.80761223016704
            ],
            [
              -70.84145618565086,
              -32.807613035897575
            ],
            [
              -70.84146005628519,
              -32.807613035897575
            ],
            [
              -70.84146005628519,
              -32.80761384162812
            ],
            [
              -70.84146392691952,
              -32.80761384162812
            ],
            [
              -70.84146392691952,
              -32.807614647358655
            ],
            [
              -70.84146876521243,
              -32.807614647358655
            ],
            [
              -70.84146876521243,
              -32.80761545308919
            ],
            [
              -70.84147263584676,
              -32.80761545308919
            ],
            [
              -70.84147263584676,
              -32.807616258819735
            ],
            [
              -70.84147650648109,
              -32.807616258819735
            ],
            [
              -70.84147650648109,
              -32.80761706455027
            ],
            [
              -70.841481344774,
              -32.80761706455027
            ],
            [
              -70.841481344774,
              -32.80761787028081
            ],
            [
              -70.84148521540833,
              -32.80761787028081
            ],
            [
              -70.84148521540833,
              -32.80761867601135
            ],
            [
              -70.84149005370124,
              -32.80761867601135
            ],
            [
              -70.84149005370124,
              -32.80761948174189
            ],
            [
              -70.84149392433557,
              -32.80761948174189
            ],
            [
              -70.84149392433557,
              -32.807620287472425
            ],
            [
              -70.8414977949699,
              -32.807620287472425
            ],
            [
              -70.8414977949699,
              -32.80762109320297
            ],
            [
              -70.8415026332628,
              -32.80762109320297
            ],
            [
              -70.8415026332628,
              -32.807621898933505
            ],
            [
              -70.84150650389714,
              -32.807621898933505
            ],
            [
              -70.84150650389714,
              -32.80762270466404
            ],
            [
              -70.84151037453147,
              -32.80762270466404
            ],
            [
              -70.84151037453147,
              -32.807623510394585
            ],
            [
              -70.84151521282438,
              -32.807623510394585
            ],
            [
              -70.84151521282438,
              -32.80762431612512
            ],
            [
              -70.8415190834587,
              -32.80762431612512
            ],
            [
              -70.8415190834587,
              -32.80762512185566
            ],
            [
              -70.84152392175163,
              -32.80762512185566
            ],
            [
              -70.84152392175163,
              -32.8076259275862
            ],
            [
              -70.84152779238596,
              -32.8076259275862
            ],
            [
              -70.84152779238596,
              -32.80762673331674
            ],
            [
              -70.84153166302029,
              -32.80762673331674
            ],
            [
              -70.84153166302029,
              -32.807627539047274
            ],
            [
              -70.8415365013132,
              -32.807627539047274
            ],
            [
              -70.8415365013132,
              -32.80762834477782
            ],
            [
              -70.84154037194753,
              -32.80762834477782
            ],
            [
              -70.84154037194753,
              -32.807629150508355
            ],
            [
              -70.84154521024044,
              -32.807629150508355
            ],
            [
              -70.84154521024044,
              -32.80762995623889
            ],
            [
              -70.84154908087477,
              -32.80762995623889
            ],
            [
              -70.84154908087477,
              -32.807630761969435
            ],
            [
              -70.8415529515091,
              -32.807630761969435
            ],
            [
              -70.8415529515091,
              -32.80763156769997
            ],
            [
              -70.84155778980201,
              -32.80763156769997
            ],
            [
              -70.84155778980201,
              -32.80763237343051
            ],
            [
              -70.84156166043634,
              -32.80763237343051
            ],
            [
              -70.84156166043634,
              -32.807633179161044
            ],
            [
              -70.84156553107067,
              -32.807633179161044
            ],
            [
              -70.84156553107067,
              -32.80763398489159
            ],
            [
              -70.84157036936358,
              -32.80763398489159
            ],
            [
              -70.84157036936358,
              -32.807634790622124
            ],
            [
              -70.84157423999791,
              -32.807634790622124
            ],
            [
              -70.84157423999791,
              -32.80763559635266
            ],
            [
              -70.84157907829082,
              -32.80763559635266
            ],
            [
              -70.84157907829082,
              -32.807636402083205
            ],
            [
              -70.84158294892515,
              -32.807636402083205
            ],
            [
              -70.84158294892515,
              -32.80763720781374
            ],
            [
              -70.84158681955948,
              -32.80763720781374
            ],
            [
              -70.84158681955948,
              -32.80763801354428
            ],
            [
              -70.84159165785239,
              -32.80763801354428
            ],
            [
              -70.84159165785239,
              -32.80763881927482
            ],
            [
              -70.84159552848672,
              -32.80763881927482
            ],
            [
              -70.84159552848672,
              -32.80763962500536
            ],
            [
              -70.84159939912105,
              -32.80763962500536
            ],
            [
              -70.84159939912105,
              -32.807640430735894
            ],
            [
              -70.84160423741396,
              -32.807640430735894
            ],
            [
              -70.84160423741396,
              -32.80764123646644
            ],
            [
              -70.84160810804829,
              -32.80764123646644
            ],
            [
              -70.84160810804829,
              -32.807642042196974
            ],
            [
              -70.8416129463412,
              -32.807642042196974
            ],
            [
              -70.8416129463412,
              -32.80764284792751
            ],
            [
              -70.84161681697553,
              -32.80764284792751
            ],
            [
              -70.84161681697553,
              -32.807643653658054
            ],
            [
              -70.84162068760986,
              -32.807643653658054
            ],
            [
              -70.84162068760986,
              -32.80764445938859
            ],
            [
              -70.84162552590278,
              -32.80764445938859
            ],
            [
              -70.84162552590278,
              -32.80764526511913
            ],
            [
              -70.84162939653712,
              -32.80764526511913
            ],
            [
              -70.84162939653712,
              -32.80764607084967
            ],
            [
              -70.84163326717143,
              -32.80764607084967
            ],
            [
              -70.84163326717143,
              -32.80764687658021
            ],
            [
              -70.84163810546436,
              -32.80764687658021
            ],
            [
              -70.84163810546436,
              -32.807647682310744
            ],
            [
              -70.84164197609869,
              -32.807647682310744
            ],
            [
              -70.84164197609869,
              -32.80764848804129
            ],
            [
              -70.8416468143916,
              -32.80764848804129
            ],
            [
              -70.8416468143916,
              -32.807649293771824
            ],
            [
              -70.84165068502593,
              -32.807649293771824
            ],
            [
              -70.84165068502593,
              -32.80765009950236
            ],
            [
              -70.84165455566026,
              -32.80765009950236
            ],
            [
              -70.84165455566026,
              -32.807650905232904
            ],
            [
              -70.84165939395317,
              -32.807650905232904
            ],
            [
              -70.84165939395317,
              -32.80765171096344
            ],
            [
              -70.8416632645875,
              -32.80765171096344
            ],
            [
              -70.8416632645875,
              -32.80765251669398
            ],
            [
              -70.84166713522183,
              -32.80765251669398
            ],
            [
              -70.84166713522183,
              -32.80765332242452
            ],
            [
              -70.84167197351474,
              -32.80765332242452
            ],
            [
              -70.84167197351474,
              -32.80765412815506
            ],
            [
              -70.84167584414907,
              -32.80765412815506
            ],
            [
              -70.84167584414907,
              -32.807654933885594
            ],
            [
              -70.84168068244198,
              -32.807654933885594
            ],
            [
              -70.84168068244198,
              -32.80765573961613
            ],
            [
              -70.8416845530763,
              -32.80765573961613
            ],
            [
              -70.8416845530763,
              -32.807656545346674
            ],
            [
              -70.84168842371064,
              -32.807656545346674
            ],
            [
              -70.84168842371064,
              -32.80765735107721
            ],
            [
              -70.84169326200355,
              -32.80765735107721
            ],
            [
              -70.84169326200355,
              -32.80765815680775
            ],
            [
              -70.84169713263788,
              -32.80765815680775
            ],
            [
              -70.84169713263788,
              -32.80765896253829
            ],
            [
              -70.8417010032722,
              -32.80765896253829
            ],
            [
              -70.8417010032722,
              -32.80765976826883
            ],
            [
              -70.84170584156512,
              -32.80765976826883
            ],
            [
              -70.84170584156512,
              -32.807660573999364
            ],
            [
              -70.84170680922371,
              -32.807660573999364
            ],
            [
              -70.84170680922371,
              -32.807663796921524
            ],
            [
              -70.84170584156512,
              -32.807663796921524
            ],
            [
              -70.84170584156512,
              -32.80766701984368
            ],
            [
              -70.84170487390654,
              -32.80766701984368
            ],
            [
              -70.84170487390654,
              -32.80767024276583
            ],
            [
              -70.84170390624796,
              -32.80767024276583
            ],
            [
              -70.84170390624796,
              -32.80767427141853
            ],
            [
              -70.84170293858938,
              -32.80767427141853
            ],
            [
              -70.84170293858938,
              -32.80767749434068
            ],
            [
              -70.84170197093079,
              -32.80767749434068
            ],
            [
              -70.84170197093079,
              -32.80768071726283
            ],
            [
              -70.8417010032722,
              -32.80768071726283
            ],
            [
              -70.8417010032722,
              -32.807683940184994
            ],
            [
              -70.84170003561363,
              -32.807683940184994
            ],
            [
              -70.84170003561363,
              -32.80768796883768
            ],
            [
              -70.84169906795505,
              -32.80768796883768
            ],
            [
              -70.84169906795505,
              -32.807691191759844
            ],
            [
              -70.84169810029645,
              -32.807691191759844
            ],
            [
              -70.84169810029645,
              -32.807694414682
            ],
            [
              -70.84169713263788,
              -32.807694414682
            ],
            [
              -70.84169713263788,
              -32.80769763760415
            ],
            [
              -70.8416961649793,
              -32.80769763760415
            ],
            [
              -70.8416961649793,
              -32.80770166625685
            ],
            [
              -70.84169519732072,
              -32.80770166625685
            ],
            [
              -70.84169519732072,
              -32.807704889179
            ],
            [
              -70.84169422966212,
              -32.807704889179
            ],
            [
              -70.84169422966212,
              -32.80770811210115
            ],
            [
              -70.84169326200355,
              -32.80770811210115
            ],
            [
              -70.84169326200355,
              -32.80771133502331
            ],
            [
              -70.84169229434497,
              -32.80771133502331
            ],
            [
              -70.84169229434497,
              -32.807715363676
            ],
            [
              -70.84169132668639,
              -32.807715363676
            ],
            [
              -70.84169132668639,
              -32.80771858659816
            ],
            [
              -70.8416903590278,
              -32.80771858659816
            ],
            [
              -70.8416903590278,
              -32.80772180952032
            ],
            [
              -70.84168939136921,
              -32.80772180952032
            ],
            [
              -70.84168939136921,
              -32.80772503244247
            ],
            [
              -70.84168842371064,
              -32.80772503244247
            ],
            [
              -70.84168842371064,
              -32.807729061095166
            ],
            [
              -70.84168745605206,
              -32.807729061095166
            ],
            [
              -70.84168745605206,
              -32.80773228401732
            ],
            [
              -70.84168648839348,
              -32.80773228401732
            ],
            [
              -70.84168648839348,
              -32.80773550693947
            ],
            [
              -70.84168552073488,
              -32.80773550693947
            ],
            [
              -70.84168552073488,
              -32.80773872986163
            ],
            [
              -70.8416845530763,
              -32.80773872986163
            ],
            [
              -70.8416845530763,
              -32.80774275851432
            ],
            [
              -70.84168358541773,
              -32.80774275851432
            ],
            [
              -70.84168358541773,
              -32.807745981436476
            ],
            [
              -70.84168261775915,
              -32.807745981436476
            ],
            [
              -70.84168261775915,
              -32.807749204358636
            ],
            [
              -70.84168165010055,
              -32.807749204358636
            ],
            [
              -70.84168165010055,
              -32.80775242728079
            ],
            [
              -70.84168068244198,
              -32.80775242728079
            ],
            [
              -70.84168068244198,
              -32.807756455933486
            ],
            [
              -70.8416797147834,
              -32.807756455933486
            ],
            [
              -70.8416797147834,
              -32.80775967885564
            ],
            [
              -70.84167874712482,
              -32.80775967885564
            ],
            [
              -70.84167874712482,
              -32.80776290177779
            ],
            [
              -70.84167777946622,
              -32.80776290177779
            ],
            [
              -70.84167777946622,
              -32.807766124699945
            ],
            [
              -70.84167681180764,
              -32.807766124699945
            ],
            [
              -70.84167681180764,
              -32.80777015335264
            ],
            [
              -70.84167584414907,
              -32.80777015335264
            ],
            [
              -70.84167584414907,
              -32.807773376274795
            ],
            [
              -70.84167487649049,
              -32.807773376274795
            ],
            [
              -70.84167487649049,
              -32.807776599196956
            ],
            [
              -70.8416739088319,
              -32.807776599196956
            ],
            [
              -70.8416739088319,
              -32.80777982211911
            ],
            [
              -70.84167294117331,
              -32.80777982211911
            ],
            [
              -70.84167294117331,
              -32.80778304504126
            ],
            [
              -70.84167197351474,
              -32.80778304504126
            ],
            [
              -70.84167197351474,
              -32.80778707369396
            ],
            [
              -70.84167100585616,
              -32.80778707369396
            ],
            [
              -70.84167100585616,
              -32.80779029661611
            ],
            [
              -70.84167003819756,
              -32.80779029661611
            ],
            [
              -70.84167003819756,
              -32.807793519538265
            ],
            [
              -70.84166907053898,
              -32.807793519538265
            ],
            [
              -70.84166907053898,
              -32.807796742460425
            ],
            [
              -70.8416681028804,
              -32.807796742460425
            ],
            [
              -70.8416681028804,
              -32.807800771113115
            ],
            [
              -70.84166713522183,
              -32.807800771113115
            ],
            [
              -70.84166713522183,
              -32.807803994035275
            ],
            [
              -70.84166616756325,
              -32.807803994035275
            ],
            [
              -70.84166616756325,
              -32.80780721695743
            ],
            [
              -70.84166519990465,
              -32.80780721695743
            ],
            [
              -70.84166519990465,
              -32.80781043987958
            ],
            [
              -70.84166423224607,
              -32.80781043987958
            ],
            [
              -70.84166423224607,
              -32.80781446853228
            ],
            [
              -70.8416632645875,
              -32.80781446853228
            ],
            [
              -70.8416632645875,
              -32.80781769145443
            ],
            [
              -70.84166229692892,
              -32.80781769145443
            ],
            [
              -70.84166229692892,
              -32.807820914376585
            ],
            [
              -70.84166132927032,
              -32.807820914376585
            ],
            [
              -70.84166132927032,
              -32.807824137298745
            ],
            [
              -70.84166036161174,
              -32.807824137298745
            ],
            [
              -70.84166036161174,
              -32.807828165951435
            ],
            [
              -70.84165939395317,
              -32.807828165951435
            ],
            [
              -70.84165939395317,
              -32.80783138887359
            ],
            [
              -70.84165842629459,
              -32.80783138887359
            ],
            [
              -70.84165842629459,
              -32.80783461179575
            ],
            [
              -70.84165745863599,
              -32.80783461179575
            ],
            [
              -70.84165745863599,
              -32.8078378347179
            ],
            [
              -70.84165649097741,
              -32.8078378347179
            ],
            [
              -70.84165649097741,
              -32.8078418633706
            ],
            [
              -70.84165552331883,
              -32.8078418633706
            ],
            [
              -70.84165552331883,
              -32.80784508629275
            ],
            [
              -70.84165455566026,
              -32.80784508629275
            ],
            [
              -70.84165455566026,
              -32.807848309214904
            ],
            [
              -70.84165358800166,
              -32.807848309214904
            ],
            [
              -70.84165358800166,
              -32.80785153213706
            ],
            [
              -70.84165262034308,
              -32.80785153213706
            ],
            [
              -70.84165262034308,
              -32.807855560789754
            ],
            [
              -70.8416516526845,
              -32.807855560789754
            ],
            [
              -70.8416516526845,
              -32.80785878371191
            ],
            [
              -70.84165068502593,
              -32.80785878371191
            ],
            [
              -70.84165068502593,
              -32.80786200663407
            ],
            [
              -70.84164971736733,
              -32.80786200663407
            ],
            [
              -70.84164971736733,
              -32.80786522955622
            ],
            [
              -70.84164874970875,
              -32.80786522955622
            ],
            [
              -70.84164874970875,
              -32.80786925820892
            ],
            [
              -70.84164778205017,
              -32.80786925820892
            ],
            [
              -70.84164778205017,
              -32.80787248113107
            ],
            [
              -70.8416468143916,
              -32.80787248113107
            ],
            [
              -70.8416468143916,
              -32.807875704053224
            ],
            [
              -70.84164584673302,
              -32.807875704053224
            ],
            [
              -70.84164584673302,
              -32.80787892697538
            ],
            [
              -70.84164487907442,
              -32.80787892697538
            ],
            [
              -70.84164487907442,
              -32.807882955628074
            ],
            [
              -70.84164391141584,
              -32.807882955628074
            ],
            [
              -70.84164391141584,
              -32.80788617855023
            ],
            [
              -70.84164294375726,
              -32.80788617855023
            ],
            [
              -70.84164294375726,
              -32.80788940147239
            ],
            [
              -70.84164197609869,
              -32.80788940147239
            ],
            [
              -70.84164197609869,
              -32.80789262439454
            ],
            [
              -70.84164100844009,
              -32.80789262439454
            ],
            [
              -70.84164100844009,
              -32.80789665304723
            ],
            [
              -70.84164004078151,
              -32.80789665304723
            ],
            [
              -70.84164004078151,
              -32.80789987596939
            ],
            [
              -70.84163907312293,
              -32.80789987596939
            ],
            [
              -70.84163907312293,
              -32.80790309889154
            ],
            [
              -70.84163810546436,
              -32.80790309889154
            ],
            [
              -70.84163810546436,
              -32.8079063218137
            ],
            [
              -70.84163713780576,
              -32.8079063218137
            ],
            [
              -70.84163713780576,
              -32.80791035046639
            ],
            [
              -70.84163617014718,
              -32.80791035046639
            ],
            [
              -70.84163617014718,
              -32.80791357338855
            ],
            [
              -70.8416352024886,
              -32.80791357338855
            ],
            [
              -70.8416352024886,
              -32.8079167963107
            ],
            [
              -70.84163423483002,
              -32.8079167963107
            ],
            [
              -70.84163423483002,
              -32.80792001923286
            ],
            [
              -70.84163326717143,
              -32.80792001923286
            ],
            [
              -70.84163326717143,
              -32.80792404788555
            ],
            [
              -70.84163229951285,
              -32.80792404788555
            ],
            [
              -70.84163229951285,
              -32.80792727080771
            ],
            [
              -70.84163133185427,
              -32.80792727080771
            ],
            [
              -70.84163133185427,
              -32.80793049372986
            ],
            [
              -70.8416303641957,
              -32.80793049372986
            ],
            [
              -70.8416303641957,
              -32.807933716652016
            ],
            [
              -70.84162939653712,
              -32.807933716652016
            ],
            [
              -70.84162939653712,
              -32.80793774530471
            ],
            [
              -70.84162842887852,
              -32.80793774530471
            ],
            [
              -70.84162842887852,
              -32.807940968226866
            ],
            [
              -70.84162746121994,
              -32.807940968226866
            ],
            [
              -70.84162746121994,
              -32.80794419114902
            ],
            [
              -70.84162649356136,
              -32.80794419114902
            ],
            [
              -70.84162649356136,
              -32.80794741407118
            ],
            [
              -70.84162552590278,
              -32.80794741407118
            ],
            [
              -70.84162552590278,
              -32.80795144272387
            ],
            [
              -70.84162455824419,
              -32.80795144272387
            ],
            [
              -70.84162455824419,
              -32.80795466564603
            ],
            [
              -70.84162359058561,
              -32.80795466564603
            ],
            [
              -70.84162359058561,
              -32.80795788856818
            ],
            [
              -70.84162262292703,
              -32.80795788856818
            ],
            [
              -70.84162262292703,
              -32.807961111490336
            ],
            [
              -70.84162165526845,
              -32.807961111490336
            ],
            [
              -70.84162165526845,
              -32.80796514014303
            ],
            [
              -70.84162068760986,
              -32.80796514014303
            ],
            [
              -70.84162068760986,
              -32.807968363065186
            ],
            [
              -70.84161971995128,
              -32.807968363065186
            ],
            [
              -70.84161971995128,
              -32.80797158598734
            ],
            [
              -70.8416187522927,
              -32.80797158598734
            ],
            [
              -70.8416187522927,
              -32.8079748089095
            ],
            [
              -70.84161778463412,
              -32.8079748089095
            ],
            [
              -70.84161778463412,
              -32.80797883756219
            ],
            [
              -70.84161681697553,
              -32.80797883756219
            ],
            [
              -70.84161681697553,
              -32.80798206048434
            ],
            [
              -70.84161584931695,
              -32.80798206048434
            ],
            [
              -70.84161584931695,
              -32.8079852834065
            ],
            [
              -70.84161488165837,
              -32.8079852834065
            ],
            [
              -70.84161488165837,
              -32.807988506328655
            ],
            [
              -70.8416139139998,
              -32.807988506328655
            ],
            [
              -70.8416139139998,
              -32.80799253498135
            ],
            [
              -70.8416129463412,
              -32.80799253498135
            ],
            [
              -70.8416129463412,
              -32.807995757903505
            ],
            [
              -70.84161197868262,
              -32.807995757903505
            ],
            [
              -70.84161197868262,
              -32.80799898082566
            ],
            [
              -70.84161101102404,
              -32.80799898082566
            ],
            [
              -70.84161101102404,
              -32.80800220374782
            ],
            [
              -70.84161004336546,
              -32.80800220374782
            ],
            [
              -70.84161004336546,
              -32.80800623240051
            ],
            [
              -70.84160907570688,
              -32.80800623240051
            ],
            [
              -70.84160907570688,
              -32.80800945532266
            ],
            [
              -70.84160810804829,
              -32.80800945532266
            ],
            [
              -70.84160810804829,
              -32.80801267824482
            ],
            [
              -70.84160714038971,
              -32.80801267824482
            ],
            [
              -70.84160714038971,
              -32.808015901166975
            ],
            [
              -70.84160617273113,
              -32.808015901166975
            ],
            [
              -70.84160617273113,
              -32.80801992981967
            ],
            [
              -70.84160520507255,
              -32.80801992981967
            ],
            [
              -70.84160520507255,
              -32.808023152741825
            ],
            [
              -70.84160423741396,
              -32.808023152741825
            ],
            [
              -70.84160423741396,
              -32.80802637566398
            ],
            [
              -70.84160326975538,
              -32.80802637566398
            ],
            [
              -70.84160326975538,
              -32.80802959858613
            ],
            [
              -70.8416023020968,
              -32.80802959858613
            ],
            [
              -70.8416023020968,
              -32.80803362723883
            ],
            [
              -70.84160133443822,
              -32.80803362723883
            ],
            [
              -70.84160133443822,
              -32.80803685016098
            ],
            [
              -70.84160036677963,
              -32.80803685016098
            ],
            [
              -70.84160036677963,
              -32.80804007308314
            ],
            [
              -70.84159939912105,
              -32.80804007308314
            ],
            [
              -70.84159939912105,
              -32.808043296005295
            ],
            [
              -70.84159843146247,
              -32.808043296005295
            ],
            [
              -70.84159843146247,
              -32.80804732465799
            ],
            [
              -70.8415974638039,
              -32.80804732465799
            ],
            [
              -70.8415974638039,
              -32.808050547580144
            ],
            [
              -70.8415964961453,
              -32.808050547580144
            ],
            [
              -70.8415964961453,
              -32.8080537705023
            ],
            [
              -70.84159552848672,
              -32.8080537705023
            ],
            [
              -70.84159552848672,
              -32.80805699342445
            ],
            [
              -70.84159456082814,
              -32.80805699342445
            ],
            [
              -70.84159456082814,
              -32.80806102207715
            ],
            [
              -70.84159359316956,
              -32.80806102207715
            ],
            [
              -70.84159359316956,
              -32.8080642449993
            ],
            [
              -70.84159262551097,
              -32.8080642449993
            ],
            [
              -70.84159262551097,
              -32.80806746792146
            ],
            [
              -70.84159165785239,
              -32.80806746792146
            ],
            [
              -70.84159165785239,
              -32.808070690843614
            ],
            [
              -70.84159069019381,
              -32.808070690843614
            ],
            [
              -70.84159069019381,
              -32.80807391376577
            ],
            [
              -70.84158972253523,
              -32.80807391376577
            ],
            [
              -70.84158972253523,
              -32.808077942418464
            ],
            [
              -70.84158875487665,
              -32.808077942418464
            ],
            [
              -70.84158875487665,
              -32.80808116534062
            ],
            [
              -70.84158778721806,
              -32.80808116534062
            ],
            [
              -70.84158778721806,
              -32.80808438826277
            ],
            [
              -70.84158681955948,
              -32.80808438826277
            ],
            [
              -70.84158681955948,
              -32.80808761118493
            ],
            [
              -70.8415858519009,
              -32.80808761118493
            ],
            [
              -70.8415858519009,
              -32.80809163983762
            ],
            [
              -70.84158488424232,
              -32.80809163983762
            ],
            [
              -70.84158488424232,
              -32.80809486275977
            ],
            [
              -70.84158391658373,
              -32.80809486275977
            ],
            [
              -70.84158391658373,
              -32.808098085681934
            ],
            [
              -70.84158294892515,
              -32.808098085681934
            ],
            [
              -70.84158294892515,
              -32.80810130860409
            ],
            [
              -70.84158198126657,
              -32.80810130860409
            ],
            [
              -70.84158198126657,
              -32.808105337256784
            ],
            [
              -70.84158101360799,
              -32.808105337256784
            ],
            [
              -70.84158101360799,
              -32.80810856017894
            ],
            [
              -70.8415800459494,
              -32.80810856017894
            ],
            [
              -70.8415800459494,
              -32.80811178310109
            ],
            [
              -70.84157907829082,
              -32.80811178310109
            ],
            [
              -70.84157907829082,
              -32.80811500602324
            ],
            [
              -70.84157811063224,
              -32.80811500602324
            ],
            [
              -70.84157811063224,
              -32.80811903467594
            ],
            [
              -70.84157714297366,
              -32.80811903467594
            ],
            [
              -70.84157714297366,
              -32.80812225759809
            ],
            [
              -70.84157617531507,
              -32.80812225759809
            ],
            [
              -70.84157617531507,
              -32.80812548052025
            ],
            [
              -70.84157520765649,
              -32.80812548052025
            ],
            [
              -70.84157520765649,
              -32.80812870344241
            ],
            [
              -70.84157423999791,
              -32.80812870344241
            ],
            [
              -70.84157423999791,
              -32.8081327320951
            ],
            [
              -70.84157327233933,
              -32.8081327320951
            ],
            [
              -70.84157327233933,
              -32.808135955017256
            ],
            [
              -70.84157230468074,
              -32.808135955017256
            ],
            [
              -70.84157230468074,
              -32.80813917793941
            ],
            [
              -70.84157133702216,
              -32.80813917793941
            ],
            [
              -70.84157133702216,
              -32.80814240086156
            ],
            [
              -70.84157036936358,
              -32.80814240086156
            ],
            [
              -70.84157036936358,
              -32.80814642951426
            ],
            [
              -70.841569401705,
              -32.80814642951426
            ],
            [
              -70.841569401705,
              -32.80814965243641
            ],
            [
              -70.84156843404642,
              -32.80814965243641
            ],
            [
              -70.84156843404642,
              -32.80815287535857
            ],
            [
              -70.84156746638783,
              -32.80815287535857
            ],
            [
              -70.84156746638783,
              -32.808156098280726
            ],
            [
              -70.84156649872925,
              -32.808156098280726
            ],
            [
              -70.84156649872925,
              -32.808160126933416
            ],
            [
              -70.84156553107067,
              -32.808160126933416
            ],
            [
              -70.84156553107067,
              -32.808163349855576
            ],
            [
              -70.84156456341209,
              -32.808163349855576
            ],
            [
              -70.84156456341209,
              -32.80816657277773
            ],
            [
              -70.8415635957535,
              -32.80816657277773
            ],
            [
              -70.8415635957535,
              -32.80816979569988
            ],
            [
              -70.84156262809492,
              -32.80816979569988
            ],
            [
              -70.84156262809492,
              -32.80817382435258
            ],
            [
              -70.84156166043634,
              -32.80817382435258
            ],
            [
              -70.84156166043634,
              -32.80817704727473
            ],
            [
              -70.84156069277776,
              -32.80817704727473
            ],
            [
              -70.84156069277776,
              -32.808180270196885
            ],
            [
              -70.84155972511917,
              -32.808180270196885
            ],
            [
              -70.84155972511917,
              -32.808183493119046
            ],
            [
              -70.84155875746059,
              -32.808183493119046
            ],
            [
              -70.84155875746059,
              -32.808187521771735
            ],
            [
              -70.84155778980201,
              -32.808187521771735
            ],
            [
              -70.84155778980201,
              -32.808190744693896
            ],
            [
              -70.84155682214343,
              -32.808190744693896
            ],
            [
              -70.84155682214343,
              -32.80819396761605
            ],
            [
              -70.84155585448484,
              -32.80819396761605
            ],
            [
              -70.84155585448484,
              -32.8081971905382
            ],
            [
              -70.84155488682626,
              -32.8081971905382
            ],
            [
              -70.84155488682626,
              -32.8082012191909
            ],
            [
              -70.84155391916768,
              -32.8082012191909
            ],
            [
              -70.84155391916768,
              -32.80820444211305
            ],
            [
              -70.8415529515091,
              -32.80820444211305
            ],
            [
              -70.8415529515091,
              -32.808207665035205
            ],
            [
              -70.84155198385052,
              -32.808207665035205
            ],
            [
              -70.84155198385052,
              -32.808210887957365
            ],
            [
              -70.84155101619193,
              -32.808210887957365
            ],
            [
              -70.84155101619193,
              -32.808214916610055
            ],
            [
              -70.84155004853335,
              -32.808214916610055
            ],
            [
              -70.84155004853335,
              -32.808218139532215
            ],
            [
              -70.84154908087477,
              -32.808218139532215
            ],
            [
              -70.84154908087477,
              -32.80822136245437
            ],
            [
              -70.84154811321619,
              -32.80822136245437
            ],
            [
              -70.84154811321619,
              -32.80822458537652
            ],
            [
              -70.8415471455576,
              -32.80822458537652
            ],
            [
              -70.8415471455576,
              -32.80822861402922
            ],
            [
              -70.84154617789902,
              -32.80822861402922
            ],
            [
              -70.84154617789902,
              -32.80823183695137
            ],
            [
              -70.84154521024044,
              -32.80823183695137
            ],
            [
              -70.84154521024044,
              -32.808235059873525
            ],
            [
              -70.84154424258186,
              -32.808235059873525
            ],
            [
              -70.84154424258186,
              -32.808238282795685
            ],
            [
              -70.84154327492327,
              -32.808238282795685
            ],
            [
              -70.84154327492327,
              -32.808242311448375
            ],
            [
              -70.84154230726469,
              -32.808242311448375
            ],
            [
              -70.84154230726469,
              -32.80824553437053
            ],
            [
              -70.84154133960611,
              -32.80824553437053
            ],
            [
              -70.84154133960611,
              -32.80824875729269
            ],
            [
              -70.84154037194753,
              -32.80824875729269
            ],
            [
              -70.84154037194753,
              -32.80825198021484
            ],
            [
              -70.84153940428894,
              -32.80825198021484
            ],
            [
              -70.84153940428894,
              -32.80825600886754
            ],
            [
              -70.84153843663036,
              -32.80825600886754
            ],
            [
              -70.84153843663036,
              -32.80825923178969
            ],
            [
              -70.84153746897178,
              -32.80825923178969
            ],
            [
              -70.84153746897178,
              -32.808262454711844
            ],
            [
              -70.8415365013132,
              -32.808262454711844
            ],
            [
              -70.8415365013132,
              -32.808265677634004
            ],
            [
              -70.8415355336546,
              -32.808265677634004
            ],
            [
              -70.8415355336546,
              -32.808269706286694
            ],
            [
              -70.84153456599603,
              -32.808269706286694
            ],
            [
              -70.84153456599603,
              -32.80827292920885
            ],
            [
              -70.84153359833745,
              -32.80827292920885
            ],
            [
              -70.84153359833745,
              -32.80827615213101
            ],
            [
              -70.84153263067887,
              -32.80827615213101
            ],
            [
              -70.84153263067887,
              -32.80827937505316
            ],
            [
              -70.84153166302029,
              -32.80827937505316
            ],
            [
              -70.84153166302029,
              -32.80828340370586
            ],
            [
              -70.8415306953617,
              -32.80828340370586
            ],
            [
              -70.8415306953617,
              -32.80828662662801
            ],
            [
              -70.84152972770312,
              -32.80828662662801
            ],
            [
              -70.84152972770312,
              -32.808289849550164
            ],
            [
              -70.84152876004454,
              -32.808289849550164
            ],
            [
              -70.84152876004454,
              -32.80829307247232
            ],
            [
              -70.84152779238596,
              -32.80829307247232
            ],
            [
              -70.84152779238596,
              -32.808297101125014
            ],
            [
              -70.84152682472737,
              -32.808297101125014
            ],
            [
              -70.84152682472737,
              -32.80830032404717
            ],
            [
              -70.84152585706879,
              -32.80830032404717
            ],
            [
              -70.84152585706879,
              -32.80830354696933
            ],
            [
              -70.84152488941021,
              -32.80830354696933
            ],
            [
              -70.84152488941021,
              -32.80830676989148
            ],
            [
              -70.84152392175163,
              -32.80830676989148
            ],
            [
              -70.84152392175163,
              -32.80831079854417
            ],
            [
              -70.84152295409304,
              -32.80831079854417
            ],
            [
              -70.84152295409304,
              -32.80831402146633
            ],
            [
              -70.84152198643446,
              -32.80831402146633
            ],
            [
              -70.84152198643446,
              -32.80831724438848
            ],
            [
              -70.84152101877588,
              -32.80831724438848
            ],
            [
              -70.84152101877588,
              -32.80832046731064
            ],
            [
              -70.8415200511173,
              -32.80832046731064
            ],
            [
              -70.8415200511173,
              -32.80832449596333
            ],
            [
              -70.8415190834587,
              -32.80832449596333
            ],
            [
              -70.8415190834587,
              -32.80832771888549
            ],
            [
              -70.84151811580013,
              -32.80832771888549
            ],
            [
              -70.84151811580013,
              -32.80833094180765
            ],
            [
              -70.84151714814155,
              -32.80833094180765
            ],
            [
              -70.84151714814155,
              -32.8083341647298
            ],
            [
              -70.84151618048297,
              -32.8083341647298
            ],
            [
              -70.84151618048297,
              -32.80833819338249
            ],
            [
              -70.84151521282438,
              -32.80833819338249
            ],
            [
              -70.84151521282438,
              -32.80834141630465
            ],
            [
              -70.8415142451658,
              -32.80834141630465
            ],
            [
              -70.8415142451658,
              -32.8083446392268
            ],
            [
              -70.84151327750722,
              -32.8083446392268
            ],
            [
              -70.84151327750722,
              -32.808347862148956
            ],
            [
              -70.84151230984864,
              -32.808347862148956
            ],
            [
              -70.84151230984864,
              -32.80835189080165
            ],
            [
              -70.84151134219006,
              -32.80835189080165
            ],
            [
              -70.84151134219006,
              -32.808355113723806
            ],
            [
              -70.84151037453147,
              -32.808355113723806
            ],
            [
              -70.84151037453147,
              -32.80835833664596
            ],
            [
              -70.84150940687289,
              -32.80835833664596
            ],
            [
              -70.84150940687289,
              -32.80836155956812
            ],
            [
              -70.84150843921431,
              -32.80836155956812
            ],
            [
              -70.84150843921431,
              -32.80836478249027
            ],
            [
              -70.84150747155573,
              -32.80836478249027
            ],
            [
              -70.84150747155573,
              -32.80836881114297
            ],
            [
              -70.84150650389714,
              -32.80836881114297
            ],
            [
              -70.84150650389714,
              -32.80837203406512
            ],
            [
              -70.84150553623856,
              -32.80837203406512
            ],
            [
              -70.84150553623856,
              -32.808375256987276
            ],
            [
              -70.84150456857998,
              -32.808375256987276
            ],
            [
              -70.84150456857998,
              -32.80837847990943
            ],
            [
              -70.8415036009214,
              -32.80837847990943
            ],
            [
              -70.8415036009214,
              -32.808382508562126
            ],
            [
              -70.8415026332628,
              -32.808382508562126
            ],
            [
              -70.8415026332628,
              -32.80838573148428
            ],
            [
              -70.84150166560423,
              -32.80838573148428
            ],
            [
              -70.84150166560423,
              -32.80838895440644
            ],
            [
              -70.84150069794565,
              -32.80838895440644
            ],
            [
              -70.84150069794565,
              -32.80839217732859
            ],
            [
              -70.84149973028707,
              -32.80839217732859
            ],
            [
              -70.84149973028707,
              -32.80839620598129
            ],
            [
              -70.84149876262848,
              -32.80839620598129
            ],
            [
              -70.84149876262848,
              -32.80839942890344
            ],
            [
              -70.8414977949699,
              -32.80839942890344
            ],
            [
              -70.8414977949699,
              -32.808402651825595
            ],
            [
              -70.84149682731132,
              -32.808402651825595
            ],
            [
              -70.84149682731132,
              -32.80840587474775
            ],
            [
              -70.84149585965274,
              -32.80840587474775
            ],
            [
              -70.84149585965274,
              -32.808409903400445
            ],
            [
              -70.84149489199415,
              -32.808409903400445
            ],
            [
              -70.84149489199415,
              -32.8084131263226
            ],
            [
              -70.84149392433557,
              -32.8084131263226
            ],
            [
              -70.84149392433557,
              -32.80841634924476
            ],
            [
              -70.84149295667699,
              -32.80841634924476
            ],
            [
              -70.84149295667699,
              -32.80841957216691
            ],
            [
              -70.84149198901841,
              -32.80841957216691
            ],
            [
              -70.84149198901841,
              -32.8084236008196
            ],
            [
              -70.84149102135983,
              -32.8084236008196
            ],
            [
              -70.84149102135983,
              -32.80842682374176
            ],
            [
              -70.84149005370124,
              -32.80842682374176
            ],
            [
              -70.84149005370124,
              -32.808430046663915
            ],
            [
              -70.84148908604266,
              -32.808430046663915
            ],
            [
              -70.84148908604266,
              -32.80843326958607
            ],
            [
              -70.84148811838408,
              -32.80843326958607
            ],
            [
              -70.84148811838408,
              -32.808437298238765
            ],
            [
              -70.8414871507255,
              -32.808437298238765
            ],
            [
              -70.8414871507255,
              -32.80844052116092
            ],
            [
              -70.8414861830669,
              -32.80844052116092
            ],
            [
              -70.8414861830669,
              -32.80844374408307
            ],
            [
              -70.84148521540833,
              -32.80844374408307
            ],
            [
              -70.84148521540833,
              -32.80844696700523
            ],
            [
              -70.84148424774975,
              -32.80844696700523
            ],
            [
              -70.84148424774975,
              -32.80845099565792
            ],
            [
              -70.84148328009117,
              -32.80845099565792
            ],
            [
              -70.84148328009117,
              -32.80845421858008
            ],
            [
              -70.84148231243257,
              -32.80845421858008
            ],
            [
              -70.84148231243257,
              -32.808457441502235
            ],
            [
              -70.841481344774,
              -32.808457441502235
            ],
            [
              -70.841481344774,
              -32.80846066442439
            ],
            [
              -70.84148037711542,
              -32.80846066442439
            ],
            [
              -70.84148037711542,
              -32.808464693077084
            ],
            [
              -70.84147940945684,
              -32.808464693077084
            ],
            [
              -70.84147940945684,
              -32.80846791599924
            ],
            [
              -70.84147844179824,
              -32.80846791599924
            ],
            [
              -70.84147844179824,
              -32.80847113892139
            ],
            [
              -70.84147747413967,
              -32.80847113892139
            ],
            [
              -70.84147747413967,
              -32.80847436184355
            ],
            [
              -70.84147650648109,
              -32.80847436184355
            ],
            [
              -70.84147650648109,
              -32.80847839049624
            ],
            [
              -70.84147553882251,
              -32.80847839049624
            ],
            [
              -70.84147553882251,
              -32.8084816134184
            ],
            [
              -70.84147457116393,
              -32.8084816134184
            ],
            [
              -70.84147457116393,
              -32.808484836340554
            ],
            [
              -70.84147360350534,
              -32.808484836340554
            ],
            [
              -70.84147360350534,
              -32.80848805926271
            ],
            [
              -70.84147263584676,
              -32.80848805926271
            ],
            [
              -70.84147263584676,
              -32.808492087915404
            ],
            [
              -70.84147166818818,
              -32.808492087915404
            ],
            [
              -70.84147166818818,
              -32.80849531083756
            ],
            [
              -70.8414707005296,
              -32.80849531083756
            ],
            [
              -70.8414707005296,
              -32.80849853375971
            ],
            [
              -70.841469732871,
              -32.80849853375971
            ],
            [
              -70.841469732871,
              -32.80850175668187
            ],
            [
              -70.84146876521243,
              -32.80850175668187
            ],
            [
              -70.84146876521243,
              -32.80850578533456
            ],
            [
              -70.84146779755385,
              -32.80850578533456
            ],
            [
              -70.84146779755385,
              -32.80850900825671
            ],
            [
              -70.84146682989527,
              -32.80850900825671
            ],
            [
              -70.84146682989527,
              -32.808512231178874
            ],
            [
              -70.84146586223667,
              -32.808512231178874
            ],
            [
              -70.84146586223667,
              -32.80851545410103
            ],
            [
              -70.8414648945781,
              -32.80851545410103
            ],
            [
              -70.8414648945781,
              -32.808519482753724
            ],
            [
              -70.84146392691952,
              -32.808519482753724
            ],
            [
              -70.84146392691952,
              -32.80852270567588
            ],
            [
              -70.84146295926094,
              -32.80852270567588
            ],
            [
              -70.84146295926094,
              -32.80852592859803
            ],
            [
              -70.84146199160234,
              -32.80852592859803
            ],
            [
              -70.84146199160234,
              -32.80852915152018
            ],
            [
              -70.84146102394376,
              -32.80852915152018
            ],
            [
              -70.84146102394376,
              -32.80853318017288
            ],
            [
              -70.84146005628519,
              -32.80853318017288
            ],
            [
              -70.84146005628519,
              -32.80853640309503
            ],
            [
              -70.8414590886266,
              -32.80853640309503
            ],
            [
              -70.8414590886266,
              -32.80853962601719
            ],
            [
              -70.84145812096801,
              -32.80853962601719
            ],
            [
              -70.84145812096801,
              -32.80854284893935
            ],
            [
              -70.84145715330943,
              -32.80854284893935
            ],
            [
              -70.84145715330943,
              -32.80854687759204
            ],
            [
              -70.84145618565086,
              -32.80854687759204
            ],
            [
              -70.84145618565086,
              -32.808550100514196
            ],
            [
              -70.84145521799228,
              -32.808550100514196
            ],
            [
              -70.84145521799228,
              -32.80855332343635
            ],
            [
              -70.8414542503337,
              -32.80855332343635
            ],
            [
              -70.8414542503337,
              -32.8085565463585
            ],
            [
              -70.8414532826751,
              -32.8085565463585
            ],
            [
              -70.8414532826751,
              -32.8085605750112
            ],
            [
              -70.84145231501653,
              -32.8085605750112
            ],
            [
              -70.84145231501653,
              -32.80856379793335
            ],
            [
              -70.84145134735795,
              -32.80856379793335
            ],
            [
              -70.84145134735795,
              -32.80856702085551
            ],
            [
              -70.84145037969937,
              -32.80856702085551
            ],
            [
              -70.84145037969937,
              -32.808570243777666
            ],
            [
              -70.84144941204077,
              -32.808570243777666
            ],
            [
              -70.84144941204077,
              -32.808574272430356
            ],
            [
              -70.8414484443822,
              -32.808574272430356
            ],
            [
              -70.8414484443822,
              -32.808577495352516
            ],
            [
              -70.84144747672362,
              -32.808577495352516
            ],
            [
              -70.84144747672362,
              -32.80858071827467
            ],
            [
              -70.84144650906504,
              -32.80858071827467
            ],
            [
              -70.84144650906504,
              -32.80858394119682
            ],
            [
              -70.84144554140644,
              -32.80858394119682
            ],
            [
              -70.84144554140644,
              -32.80858796984952
            ],
            [
              -70.84144457374786,
              -32.80858796984952
            ],
            [
              -70.84144457374786,
              -32.80859119277167
            ],
            [
              -70.84144360608929,
              -32.80859119277167
            ],
            [
              -70.84144360608929,
              -32.808594415693825
            ],
            [
              -70.8414426384307,
              -32.808594415693825
            ],
            [
              -70.8414426384307,
              -32.808597638615986
            ],
            [
              -70.84144167077211,
              -32.808597638615986
            ],
            [
              -70.84144167077211,
              -32.808601667268675
            ],
            [
              -70.84144070311353,
              -32.808601667268675
            ],
            [
              -70.84144070311353,
              -32.808604890190836
            ],
            [
              -70.84143973545495,
              -32.808604890190836
            ],
            [
              -70.84143973545495,
              -32.80860811311299
            ],
            [
              -70.84143876779638,
              -32.80860811311299
            ],
            [
              -70.84143876779638,
              -32.80861133603514
            ],
            [
              -70.84143780013778,
              -32.80861133603514
            ],
            [
              -70.84143780013778,
              -32.80861536468784
            ],
            [
              -70.8414368324792,
              -32.80861536468784
            ],
            [
              -70.8414368324792,
              -32.80861858760999
            ],
            [
              -70.84143586482062,
              -32.80861858760999
            ],
            [
              -70.84143586482062,
              -32.808621810532145
            ],
            [
              -70.84143489716205,
              -32.808621810532145
            ],
            [
              -70.84143489716205,
              -32.808625033454305
            ],
            [
              -70.84143392950347,
              -32.808625033454305
            ],
            [
              -70.84143392950347,
              -32.808629062106995
            ],
            [
              -70.84143296184487,
              -32.808629062106995
            ],
            [
              -70.84143296184487,
              -32.808632285029155
            ],
            [
              -70.8414319941863,
              -32.808632285029155
            ],
            [
              -70.8414319941863,
              -32.80863550795131
            ],
            [
              -70.84143102652772,
              -32.80863550795131
            ],
            [
              -70.84143102652772,
              -32.80863873087346
            ],
            [
              -70.84143005886914,
              -32.80863873087346
            ],
            [
              -70.84143005886914,
              -32.80864275952616
            ],
            [
              -70.84142909121054,
              -32.80864275952616
            ],
            [
              -70.84142909121054,
              -32.80864598244831
            ],
            [
              -70.84142812355196,
              -32.80864598244831
            ],
            [
              -70.84142812355196,
              -32.808649205370465
            ],
            [
              -70.84142715589338,
              -32.808649205370465
            ],
            [
              -70.84142715589338,
              -32.808652428292625
            ],
            [
              -70.8414261882348,
              -32.808652428292625
            ],
            [
              -70.8414261882348,
              -32.80865565121478
            ],
            [
              -70.84142522057621,
              -32.80865565121478
            ],
            [
              -70.84142522057621,
              -32.80865967986747
            ],
            [
              -70.84142425291763,
              -32.80865967986747
            ],
            [
              -70.84142425291763,
              -32.80866290278963
            ],
            [
              -70.84142328525905,
              -32.80866290278963
            ],
            [
              -70.84142328525905,
              -32.80866612571178
            ],
            [
              -70.84142231760048,
              -32.80866612571178
            ],
            [
              -70.84142231760048,
              -32.808669348633934
            ],
            [
              -70.84142134994188,
              -32.808669348633934
            ],
            [
              -70.84142134994188,
              -32.80867337728663
            ],
            [
              -70.8414203822833,
              -32.80867337728663
            ],
            [
              -70.8414203822833,
              -32.808676600208784
            ],
            [
              -70.84141941462472,
              -32.808676600208784
            ],
            [
              -70.84141941462472,
              -32.808679823130944
            ],
            [
              -70.84141844696614,
              -32.808679823130944
            ],
            [
              -70.84141844696614,
              -32.8086830460531
            ],
            [
              -70.84141747930755,
              -32.8086830460531
            ],
            [
              -70.84141747930755,
              -32.80868707470579
            ],
            [
              -70.84141651164897,
              -32.80868707470579
            ],
            [
              -70.84141651164897,
              -32.80869029762795
            ],
            [
              -70.8414155439904,
              -32.80869029762795
            ],
            [
              -70.8414155439904,
              -32.8086935205501
            ],
            [
              -70.84141457633181,
              -32.8086935205501
            ],
            [
              -70.84141457633181,
              -32.808696743472254
            ],
            [
              -70.84141360867324,
              -32.808696743472254
            ],
            [
              -70.84141360867324,
              -32.80870077212495
            ],
            [
              -70.84141264101464,
              -32.80870077212495
            ],
            [
              -70.84141264101464,
              -32.808703995047104
            ],
            [
              -70.84141167335606,
              -32.808703995047104
            ],
            [
              -70.84141167335606,
              -32.80870721796926
            ],
            [
              -70.84141070569748,
              -32.80870721796926
            ],
            [
              -70.84141070569748,
              -32.80871044089142
            ],
            [
              -70.8414097380389,
              -32.80871044089142
            ],
            [
              -70.8414097380389,
              -32.80871446954411
            ],
            [
              -70.84140877038031,
              -32.80871446954411
            ],
            [
              -70.84140877038031,
              -32.80871769246627
            ],
            [
              -70.84140780272173,
              -32.80871769246627
            ],
            [
              -70.84140780272173,
              -32.80872091538842
            ],
            [
              -70.84140683506315,
              -32.80872091538842
            ],
            [
              -70.84140683506315,
              -32.80872413831057
            ],
            [
              -70.84140586740457,
              -32.80872413831057
            ],
            [
              -70.84140586740457,
              -32.80872816696327
            ],
            [
              -70.84140489974598,
              -32.80872816696327
            ],
            [
              -70.84140489974598,
              -32.80873138988542
            ],
            [
              -70.8414039320874,
              -32.80873138988542
            ],
            [
              -70.8414039320874,
              -32.80873461280758
            ],
            [
              -70.84140296442882,
              -32.80873461280758
            ],
            [
              -70.84140296442882,
              -32.80873783572974
            ],
            [
              -70.84140199677024,
              -32.80873783572974
            ],
            [
              -70.84140199677024,
              -32.80874186438243
            ],
            [
              -70.84140102911165,
              -32.80874186438243
            ],
            [
              -70.84140102911165,
              -32.80874508730459
            ],
            [
              -70.84140006145307,
              -32.80874508730459
            ],
            [
              -70.84140006145307,
              -32.80874831022674
            ],
            [
              -70.8413990937945,
              -32.80874831022674
            ],
            [
              -70.8413990937945,
              -32.80875153314889
            ],
            [
              -70.84139812613591,
              -32.80875153314889
            ],
            [
              -70.84139812613591,
              -32.80875556180159
            ],
            [
              -70.84139715847732,
              -32.80875556180159
            ],
            [
              -70.84139715847732,
              -32.80875878472374
            ],
            [
              -70.84139619081874,
              -32.80875878472374
            ],
            [
              -70.84139619081874,
              -32.808762007645896
            ],
            [
              -70.84139522316016,
              -32.808762007645896
            ],
            [
              -70.84139522316016,
              -32.808765230568056
            ],
            [
              -70.84139425550158,
              -32.808765230568056
            ],
            [
              -70.84139425550158,
              -32.808769259220746
            ],
            [
              -70.841393287843,
              -32.808769259220746
            ],
            [
              -70.841393287843,
              -32.8087724821429
            ],
            [
              -70.84139232018441,
              -32.8087724821429
            ],
            [
              -70.84139232018441,
              -32.80877570506506
            ],
            [
              -70.84139135252583,
              -32.80877570506506
            ],
            [
              -70.84139135252583,
              -32.80877892798721
            ],
            [
              -70.84139038486725,
              -32.80877892798721
            ],
            [
              -70.84139038486725,
              -32.80878295663991
            ],
            [
              -70.84138941720867,
              -32.80878295663991
            ],
            [
              -70.84138941720867,
              -32.80878617956206
            ],
            [
              -70.84138844955008,
              -32.80878617956206
            ],
            [
              -70.84138844955008,
              -32.808789402484216
            ],
            [
              -70.8413874818915,
              -32.808789402484216
            ],
            [
              -70.8413874818915,
              -32.80879262540637
            ],
            [
              -70.84138651423292,
              -32.80879262540637
            ],
            [
              -70.84138651423292,
              -32.808796654059066
            ],
            [
              -70.84138554657434,
              -32.808796654059066
            ],
            [
              -70.84138554657434,
              -32.80879987698122
            ],
            [
              -70.84138457891575,
              -32.80879987698122
            ],
            [
              -70.84138457891575,
              -32.80880309990338
            ],
            [
              -70.84138361125717,
              -32.80880309990338
            ],
            [
              -70.84138361125717,
              -32.80880632282553
            ],
            [
              -70.84138264359859,
              -32.80880632282553
            ],
            [
              -70.84138264359859,
              -32.80881035147823
            ],
            [
              -70.84138167594001,
              -32.80881035147823
            ],
            [
              -70.84138167594001,
              -32.80881357440038
            ],
            [
              -70.84138070828142,
              -32.80881357440038
            ],
            [
              -70.84138070828142,
              -32.808816797322535
            ],
            [
              -70.84137974062284,
              -32.808816797322535
            ],
            [
              -70.84137974062284,
              -32.80882002024469
            ],
            [
              -70.84137877296426,
              -32.80882002024469
            ],
            [
              -70.84137877296426,
              -32.808824048897385
            ],
            [
              -70.84137780530568,
              -32.808824048897385
            ],
            [
              -70.84137780530568,
              -32.80882727181954
            ],
            [
              -70.8413768376471,
              -32.80882727181954
            ],
            [
              -70.8413768376471,
              -32.8088304947417
            ],
            [
              -70.84137586998851,
              -32.8088304947417
            ],
            [
              -70.84137586998851,
              -32.80883371766385
            ],
            [
              -70.84137490232993,
              -32.80883371766385
            ],
            [
              -70.84137490232993,
              -32.80883774631654
            ],
            [
              -70.84137393467135,
              -32.80883774631654
            ],
            [
              -70.84137393467135,
              -32.8088409692387
            ],
            [
              -70.84137296701277,
              -32.8088409692387
            ],
            [
              -70.84137296701277,
              -32.808844192160855
            ],
            [
              -70.84137199935418,
              -32.808844192160855
            ],
            [
              -70.84137199935418,
              -32.80884741508301
            ],
            [
              -70.8413710316956,
              -32.80884741508301
            ],
            [
              -70.8413710316956,
              -32.808851443735705
            ],
            [
              -70.84137006403702,
              -32.808851443735705
            ],
            [
              -70.84137006403702,
              -32.80885466665786
            ],
            [
              -70.84136909637844,
              -32.80885466665786
            ],
            [
              -70.84136909637844,
              -32.80885788958001
            ],
            [
              -70.84136812871985,
              -32.80885788958001
            ],
            [
              -70.84136812871985,
              -32.80886111250217
            ],
            [
              -70.84136716106127,
              -32.80886111250217
            ],
            [
              -70.84136716106127,
              -32.80886514115486
            ],
            [
              -70.84136619340269,
              -32.80886514115486
            ],
            [
              -70.84136619340269,
              -32.80886836407702
            ],
            [
              -70.84136522574411,
              -32.80886836407702
            ],
            [
              -70.84136522574411,
              -32.808871586999174
            ],
            [
              -70.84136425808552,
              -32.808871586999174
            ],
            [
              -70.84136425808552,
              -32.80887480992133
            ],
            [
              -70.84136329042694,
              -32.80887480992133
            ],
            [
              -70.84136329042694,
              -32.808878838574024
            ],
            [
              -70.84136232276836,
              -32.808878838574024
            ],
            [
              -70.84136232276836,
              -32.80888206149618
            ],
            [
              -70.84136135510978,
              -32.80888206149618
            ],
            [
              -70.84136135510978,
              -32.80888528441833
            ],
            [
              -70.84136038745119,
              -32.80888528441833
            ],
            [
              -70.84136038745119,
              -32.80888850734049
            ],
            [
              -70.84135941979261,
              -32.80888850734049
            ],
            [
              -70.84135941979261,
              -32.80889253599318
            ],
            [
              -70.84135845213403,
              -32.80889253599318
            ],
            [
              -70.84135845213403,
              -32.80889575891534
            ],
            [
              -70.84135748447545,
              -32.80889575891534
            ],
            [
              -70.84135748447545,
              -32.808898981837494
            ],
            [
              -70.84135651681687,
              -32.808898981837494
            ],
            [
              -70.84135651681687,
              -32.80890220475965
            ],
            [
              -70.84135554915828,
              -32.80890220475965
            ],
            [
              -70.84135554915828,
              -32.808906233412344
            ],
            [
              -70.8413545814997,
              -32.808906233412344
            ],
            [
              -70.8413545814997,
              -32.8089094563345
            ],
            [
              -70.84135361384112,
              -32.8089094563345
            ],
            [
              -70.84135361384112,
              -32.80891267925665
            ],
            [
              -70.84135264618254,
              -32.80891267925665
            ],
            [
              -70.84135264618254,
              -32.80891590217881
            ],
            [
              -70.84135167852395,
              -32.80891590217881
            ],
            [
              -70.84135167852395,
              -32.8089199308315
            ],
            [
              -70.84135071086537,
              -32.8089199308315
            ],
            [
              -70.84135071086537,
              -32.80892315375365
            ],
            [
              -70.84134974320679,
              -32.80892315375365
            ],
            [
              -70.84134974320679,
              -32.808926376675814
            ],
            [
              -70.84134877554821,
              -32.808926376675814
            ],
            [
              -70.84134877554821,
              -32.80892959959797
            ],
            [
              -70.84134780788962,
              -32.80892959959797
            ],
            [
              -70.84134780788962,
              -32.808933628250664
            ],
            [
              -70.84134684023104,
              -32.808933628250664
            ],
            [
              -70.84134684023104,
              -32.80893685117282
            ],
            [
              -70.84134587257246,
              -32.80893685117282
            ],
            [
              -70.84134587257246,
              -32.80894007409497
            ],
            [
              -70.84134490491388,
              -32.80894007409497
            ],
            [
              -70.84134490491388,
              -32.80894329701713
            ],
            [
              -70.84134393725529,
              -32.80894329701713
            ],
            [
              -70.84134393725529,
              -32.80894651993928
            ],
            [
              -70.84134296959671,
              -32.80894651993928
            ],
            [
              -70.84134296959671,
              -32.80895054859197
            ],
            [
              -70.84134200193813,
              -32.80895054859197
            ],
            [
              -70.84134200193813,
              -32.80895377151413
            ],
            [
              -70.84134103427955,
              -32.80895377151413
            ],
            [
              -70.84134103427955,
              -32.808956994436286
            ],
            [
              -70.84134006662096,
              -32.808956994436286
            ],
            [
              -70.84134006662096,
              -32.80896021735844
            ],
            [
              -70.84133909896238,
              -32.80896021735844
            ],
            [
              -70.84133909896238,
              -32.808964246011136
            ],
            [
              -70.8413381313038,
              -32.808964246011136
            ],
            [
              -70.8413381313038,
              -32.80896746893329
            ],
            [
              -70.84133716364522,
              -32.80896746893329
            ],
            [
              -70.84133716364522,
              -32.80897069185544
            ],
            [
              -70.84133619598664,
              -32.80897069185544
            ],
            [
              -70.84133619598664,
              -32.8089739147776
            ],
            [
              -70.84133522832805,
              -32.8089739147776
            ],
            [
              -70.84133522832805,
              -32.80897794343029
            ],
            [
              -70.84133426066947,
              -32.80897794343029
            ],
            [
              -70.84133426066947,
              -32.80898116635245
            ],
            [
              -70.84133329301089,
              -32.80898116635245
            ],
            [
              -70.84133329301089,
              -32.808984389274606
            ],
            [
              -70.84133232535231,
              -32.808984389274606
            ],
            [
              -70.84133232535231,
              -32.80898761219676
            ],
            [
              -70.84133135769372,
              -32.80898761219676
            ],
            [
              -70.84133135769372,
              -32.808991640849456
            ],
            [
              -70.84133039003514,
              -32.808991640849456
            ],
            [
              -70.84133039003514,
              -32.80899486377161
            ],
            [
              -70.84132942237656,
              -32.80899486377161
            ],
            [
              -70.84132942237656,
              -32.80899808669376
            ],
            [
              -70.84132845471798,
              -32.80899808669376
            ],
            [
              -70.84132845471798,
              -32.80900130961592
            ],
            [
              -70.84132748705939,
              -32.80900130961592
            ],
            [
              -70.84132748705939,
              -32.80900533826861
            ],
            [
              -70.84132651940081,
              -32.80900533826861
            ],
            [
              -70.84132651940081,
              -32.80900856119077
            ],
            [
              -70.84132555174223,
              -32.80900856119077
            ],
            [
              -70.84132555174223,
              -32.809011784112926
            ],
            [
              -70.84132458408365,
              -32.809011784112926
            ],
            [
              -70.84132458408365,
              -32.80901500703508
            ],
            [
              -70.84132361642506,
              -32.80901500703508
            ],
            [
              -70.84132361642506,
              -32.809019035687776
            ],
            [
              -70.84132264876648,
              -32.809019035687776
            ],
            [
              -70.84132264876648,
              -32.80902225860993
            ],
            [
              -70.8413216811079,
              -32.80902225860993
            ],
            [
              -70.8413216811079,
              -32.80902548153208
            ],
            [
              -70.84132071344932,
              -32.80902548153208
            ],
            [
              -70.84132071344932,
              -32.80902870445424
            ],
            [
              -70.84131974579073,
              -32.80902870445424
            ],
            [
              -70.84131974579073,
              -32.80903273310693
            ],
            [
              -70.84131877813215,
              -32.80903273310693
            ],
            [
              -70.84131877813215,
              -32.809035956029085
            ],
            [
              -70.84131781047357,
              -32.809035956029085
            ],
            [
              -70.84131781047357,
              -32.809039178951245
            ],
            [
              -70.84131684281499,
              -32.809039178951245
            ],
            [
              -70.84131684281499,
              -32.8090424018734
            ],
            [
              -70.84131587515641,
              -32.8090424018734
            ],
            [
              -70.84131587515641,
              -32.809046430526095
            ],
            [
              -70.84131490749782,
              -32.809046430526095
            ],
            [
              -70.84131490749782,
              -32.80904965344825
            ],
            [
              -70.84131393983924,
              -32.80904965344825
            ],
            [
              -70.84131393983924,
              -32.8090528763704
            ],
            [
              -70.84131297218066,
              -32.8090528763704
            ],
            [
              -70.84131297218066,
              -32.809056099292555
            ],
            [
              -70.84131200452208,
              -32.809056099292555
            ],
            [
              -70.84131200452208,
              -32.80906012794525
            ],
            [
              -70.84131103686349,
              -32.80906012794525
            ],
            [
              -70.84131103686349,
              -32.809063350867405
            ],
            [
              -70.84131006920491,
              -32.809063350867405
            ],
            [
              -70.84131006920491,
              -32.809066573789565
            ],
            [
              -70.84130910154633,
              -32.809066573789565
            ],
            [
              -70.84130910154633,
              -32.80906979671172
            ],
            [
              -70.84130813388775,
              -32.80906979671172
            ],
            [
              -70.84130813388775,
              -32.809073825364415
            ],
            [
              -70.84130716622916,
              -32.809073825364415
            ],
            [
              -70.84130716622916,
              -32.80907704828657
            ],
            [
              -70.84130619857058,
              -32.80907704828657
            ],
            [
              -70.84130619857058,
              -32.80908027120872
            ],
            [
              -70.841305230912,
              -32.80908027120872
            ],
            [
              -70.841305230912,
              -32.809083494130874
            ],
            [
              -70.84130426325342,
              -32.809083494130874
            ],
            [
              -70.84130426325342,
              -32.80908752278357
            ],
            [
              -70.84130329559483,
              -32.80908752278357
            ],
            [
              -70.84130329559483,
              -32.809090745705724
            ],
            [
              -70.84130232793625,
              -32.809090745705724
            ],
            [
              -70.84130232793625,
              -32.809093968627884
            ],
            [
              -70.84130136027767,
              -32.809093968627884
            ],
            [
              -70.84130136027767,
              -32.80909719155004
            ],
            [
              -70.84130039261909,
              -32.80909719155004
            ],
            [
              -70.84130039261909,
              -32.80910122020273
            ],
            [
              -70.84129942496051,
              -32.80910122020273
            ],
            [
              -70.84129942496051,
              -32.80910444312489
            ],
            [
              -70.84129845730192,
              -32.80910444312489
            ],
            [
              -70.84129845730192,
              -32.80910766604704
            ],
            [
              -70.84129748964334,
              -32.80910766604704
            ],
            [
              -70.84129748964334,
              -32.809110888969194
            ],
            [
              -70.84129652198476,
              -32.809110888969194
            ],
            [
              -70.84129652198476,
              -32.80911491762189
            ],
            [
              -70.84129555432618,
              -32.80911491762189
            ],
            [
              -70.84129555432618,
              -32.809118140544044
            ],
            [
              -70.84129458666759,
              -32.809118140544044
            ],
            [
              -70.84129458666759,
              -32.8091213634662
            ],
            [
              -70.84129361900901,
              -32.8091213634662
            ],
            [
              -70.84129361900901,
              -32.80912458638836
            ],
            [
              -70.84129265135043,
              -32.80912458638836
            ],
            [
              -70.84129265135043,
              -32.80912861504105
            ],
            [
              -70.84129168369185,
              -32.80912861504105
            ],
            [
              -70.84129168369185,
              -32.80913183796321
            ],
            [
              -70.84129071603326,
              -32.80913183796321
            ],
            [
              -70.84129071603326,
              -32.80913506088536
            ],
            [
              -70.84128974837468,
              -32.80913506088536
            ],
            [
              -70.84128974837468,
              -32.80913828380751
            ],
            [
              -70.8412887807161,
              -32.80913828380751
            ],
            [
              -70.8412887807161,
              -32.80914231246021
            ],
            [
              -70.84128781305752,
              -32.80914231246021
            ],
            [
              -70.84128781305752,
              -32.80914553538236
            ],
            [
              -70.84128684539893,
              -32.80914553538236
            ],
            [
              -70.84128684539893,
              -32.80914875830452
            ],
            [
              -70.84128587774035,
              -32.80914875830452
            ],
            [
              -70.84128587774035,
              -32.80915198122668
            ],
            [
              -70.84128491008177,
              -32.80915198122668
            ],
            [
              -70.84128491008177,
              -32.809156009879366
            ],
            [
              -70.84128394242319,
              -32.809156009879366
            ],
            [
              -70.84128394242319,
              -32.80915923280153
            ],
            [
              -70.8412829747646,
              -32.80915923280153
            ],
            [
              -70.8412829747646,
              -32.80916245572368
            ],
            [
              -70.84128200710602,
              -32.80916245572368
            ],
            [
              -70.84128200710602,
              -32.80916567864583
            ],
            [
              -70.84128103944744,
              -32.80916567864583
            ],
            [
              -70.84128103944744,
              -32.80916970729853
            ],
            [
              -70.84128007178886,
              -32.80916970729853
            ],
            [
              -70.84128007178886,
              -32.80917293022068
            ],
            [
              -70.84127910413028,
              -32.80917293022068
            ],
            [
              -70.84127910413028,
              -32.809176153142836
            ],
            [
              -70.84127813647169,
              -32.809176153142836
            ],
            [
              -70.84127813647169,
              -32.809179376064996
            ],
            [
              -70.84127716881311,
              -32.809179376064996
            ],
            [
              -70.84127716881311,
              -32.809183404717686
            ],
            [
              -70.84127620115453,
              -32.809183404717686
            ],
            [
              -70.84127620115453,
              -32.80918662763984
            ],
            [
              -70.84127523349595,
              -32.80918662763984
            ],
            [
              -70.84127523349595,
              -32.809189850562
            ],
            [
              -70.84127426583736,
              -32.809189850562
            ],
            [
              -70.84127426583736,
              -32.80919307348415
            ],
            [
              -70.84127329817878,
              -32.80919307348415
            ],
            [
              -70.84127329817878,
              -32.80919710213685
            ],
            [
              -70.8412723305202,
              -32.80919710213685
            ],
            [
              -70.8412723305202,
              -32.809200325059
            ],
            [
              -70.84127136286162,
              -32.809200325059
            ],
            [
              -70.84127136286162,
              -32.809203547981156
            ],
            [
              -70.84127039520303,
              -32.809203547981156
            ],
            [
              -70.84127039520303,
              -32.80920677090331
            ],
            [
              -70.84126942754445,
              -32.80920677090331
            ],
            [
              -70.84126942754445,
              -32.809210799556006
            ],
            [
              -70.84126845988587,
              -32.809210799556006
            ],
            [
              -70.84126845988587,
              -32.80921402247816
            ],
            [
              -70.84126749222729,
              -32.80921402247816
            ],
            [
              -70.84126749222729,
              -32.80921724540032
            ],
            [
              -70.8412665245687,
              -32.80921724540032
            ],
            [
              -70.8412665245687,
              -32.80922046832247
            ],
            [
              -70.84126555691012,
              -32.80922046832247
            ],
            [
              -70.84126555691012,
              -32.80922449697517
            ],
            [
              -70.84126458925154,
              -32.80922449697517
            ],
            [
              -70.84126458925154,
              -32.80922771989732
            ],
            [
              -70.84126362159296,
              -32.80922771989732
            ],
            [
              -70.84126362159296,
              -32.809230942819475
            ],
            [
              -70.84126265393436,
              -32.809230942819475
            ],
            [
              -70.84126265393436,
              -32.80923416574163
            ],
            [
              -70.84126168627579,
              -32.80923416574163
            ],
            [
              -70.84126168627579,
              -32.80923738866379
            ],
            [
              -70.8412607186172,
              -32.80923738866379
            ],
            [
              -70.8412607186172,
              -32.80924141731648
            ],
            [
              -70.84125975095863,
              -32.80924141731648
            ],
            [
              -70.84125975095863,
              -32.80924464023864
            ],
            [
              -70.84125878330005,
              -32.80924464023864
            ],
            [
              -70.84125878330005,
              -32.80924786316079
            ],
            [
              -70.84125781564146,
              -32.80924786316079
            ],
            [
              -70.84125781564146,
              -32.809251086082945
            ],
            [
              -70.84125684798288,
              -32.809251086082945
            ],
            [
              -70.84125684798288,
              -32.80925511473564
            ],
            [
              -70.8412558803243,
              -32.80925511473564
            ],
            [
              -70.8412558803243,
              -32.809258337657795
            ],
            [
              -70.84125491266572,
              -32.809258337657795
            ],
            [
              -70.84125491266572,
              -32.80926156057995
            ],
            [
              -70.84125394500713,
              -32.80926156057995
            ],
            [
              -70.84125394500713,
              -32.80926478350211
            ],
            [
              -70.84125297734855,
              -32.80926478350211
            ],
            [
              -70.84125297734855,
              -32.8092688121548
            ],
            [
              -70.84125200968997,
              -32.8092688121548
            ],
            [
              -70.84125200968997,
              -32.80927203507695
            ],
            [
              -70.84125104203139,
              -32.80927203507695
            ],
            [
              -70.84125104203139,
              -32.80927525799911
            ],
            [
              -70.8412500743728,
              -32.80927525799911
            ],
            [
              -70.8412500743728,
              -32.809278480921265
            ],
            [
              -70.84124910671422,
              -32.809278480921265
            ],
            [
              -70.84124910671422,
              -32.80928250957396
            ],
            [
              -70.84124813905564,
              -32.80928250957396
            ],
            [
              -70.84124813905564,
              -32.809285732496114
            ],
            [
              -70.84124717139706,
              -32.809285732496114
            ],
            [
              -70.84124717139706,
              -32.80928895541827
            ],
            [
              -70.84124620373846,
              -32.80928895541827
            ],
            [
              -70.84124620373846,
              -32.80929217834043
            ],
            [
              -70.84124523607989,
              -32.80929217834043
            ],
            [
              -70.84124523607989,
              -32.80929620699312
            ],
            [
              -70.8412442684213,
              -32.80929620699312
            ],
            [
              -70.8412442684213,
              -32.80929942991527
            ],
            [
              -70.84124330076273,
              -32.80929942991527
            ],
            [
              -70.84124330076273,
              -32.80930265283743
            ],
            [
              -70.84124233310413,
              -32.80930265283743
            ],
            [
              -70.84124233310413,
              -32.809305875759584
            ],
            [
              -70.84124136544555,
              -32.809305875759584
            ],
            [
              -70.84124136544555,
              -32.80930990441228
            ],
            [
              -70.84124039778698,
              -32.80930990441228
            ],
            [
              -70.84124039778698,
              -32.809313127334434
            ],
            [
              -70.8412394301284,
              -32.809313127334434
            ],
            [
              -70.8412394301284,
              -32.80931635025659
            ],
            [
              -70.84123846246982,
              -32.80931635025659
            ],
            [
              -70.84123846246982,
              -32.80931957317874
            ],
            [
              -70.84123749481122,
              -32.80931957317874
            ],
            [
              -70.84123749481122,
              -32.80932360183144
            ],
            [
              -70.84123652715265,
              -32.80932360183144
            ],
            [
              -70.84123652715265,
              -32.80932682475359
            ],
            [
              -70.84123555949407,
              -32.80932682475359
            ],
            [
              -70.84123555949407,
              -32.80933004767575
            ],
            [
              -70.84123459183549,
              -32.80933004767575
            ],
            [
              -70.84123459183549,
              -32.809333270597904
            ],
            [
              -70.8412336241769,
              -32.809333270597904
            ],
            [
              -70.8412336241769,
              -32.80933729925059
            ],
            [
              -70.84123265651832,
              -32.80933729925059
            ],
            [
              -70.84123265651832,
              -32.809340522172754
            ],
            [
              -70.84123168885974,
              -32.809340522172754
            ],
            [
              -70.84123168885974,
              -32.80934374509491
            ],
            [
              -70.84123072120116,
              -32.80934374509491
            ],
            [
              -70.84123072120116,
              -32.80934696801706
            ],
            [
              -70.84122975354256,
              -32.80934696801706
            ],
            [
              -70.84122975354256,
              -32.80935099666976
            ],
            [
              -70.84122878588398,
              -32.80935099666976
            ],
            [
              -70.84122878588398,
              -32.80935421959191
            ],
            [
              -70.8412278182254,
              -32.80935421959191
            ],
            [
              -70.8412278182254,
              -32.80935744251407
            ],
            [
              -70.84122685056683,
              -32.80935744251407
            ],
            [
              -70.84122685056683,
              -32.80936066543622
            ],
            [
              -70.84122588290823,
              -32.80936066543622
            ],
            [
              -70.84122588290823,
              -32.80936469408891
            ],
            [
              -70.84122491524965,
              -32.80936469408891
            ],
            [
              -70.84122491524965,
              -32.80936791701107
            ],
            [
              -70.84122394759108,
              -32.80936791701107
            ],
            [
              -70.84122394759108,
              -32.809371139933226
            ],
            [
              -70.8412229799325,
              -32.809371139933226
            ],
            [
              -70.8412229799325,
              -32.80937436285538
            ],
            [
              -70.84122201227392,
              -32.80937436285538
            ],
            [
              -70.84122201227392,
              -32.809378391508076
            ],
            [
              -70.84122104461532,
              -32.809378391508076
            ],
            [
              -70.84122104461532,
              -32.80938161443023
            ],
            [
              -70.84122007695674,
              -32.80938161443023
            ],
            [
              -70.84122007695674,
              -32.80938483735238
            ],
            [
              -70.84121910929817,
              -32.80938483735238
            ],
            [
              -70.84121910929817,
              -32.80938806027454
            ],
            [
              -70.84121814163959,
              -32.80938806027454
            ],
            [
              -70.84121814163959,
              -32.80939208892723
            ],
            [
              -70.841217173981,
              -32.80939208892723
            ],
            [
              -70.841217173981,
              -32.80939531184939
            ],
            [
              -70.84121620632241,
              -32.80939531184939
            ],
            [
              -70.84121620632241,
              -32.809398534771546
            ],
            [
              -70.84121523866384,
              -32.809398534771546
            ],
            [
              -70.84121523866384,
              -32.8094017576937
            ],
            [
              -70.84121427100526,
              -32.8094017576937
            ],
            [
              -70.84121427100526,
              -32.809405786346396
            ],
            [
              -70.84121330334666,
              -32.809405786346396
            ],
            [
              -70.84121330334666,
              -32.80940900926855
            ],
            [
              -70.84121233568808,
              -32.80940900926855
            ],
            [
              -70.84121233568808,
              -32.8094122321907
            ],
            [
              -70.8412113680295,
              -32.8094122321907
            ],
            [
              -70.8412113680295,
              -32.80941545511286
            ],
            [
              -70.84121040037093,
              -32.80941545511286
            ],
            [
              -70.84121040037093,
              -32.80941948376555
            ],
            [
              -70.84120943271233,
              -32.80941948376555
            ],
            [
              -70.84120943271233,
              -32.80942270668771
            ],
            [
              -70.84120846505375,
              -32.80942270668771
            ],
            [
              -70.84120846505375,
              -32.809425929609866
            ],
            [
              -70.84120749739517,
              -32.809425929609866
            ],
            [
              -70.84120749739517,
              -32.80942915253202
            ],
            [
              -70.8412065297366,
              -32.80942915253202
            ],
            [
              -70.8412065297366,
              -32.809433181184716
            ],
            [
              -70.841205562078,
              -32.809433181184716
            ],
            [
              -70.841205562078,
              -32.80943640410687
            ],
            [
              -70.84120459441942,
              -32.80943640410687
            ],
            [
              -70.84120459441942,
              -32.80943962702902
            ],
            [
              -70.84120362676084,
              -32.80943962702902
            ],
            [
              -70.84120362676084,
              -32.80944284995118
            ],
            [
              -70.84120265910227,
              -32.80944284995118
            ],
            [
              -70.84120265910227,
              -32.80944687860387
            ],
            [
              -70.84120169144369,
              -32.80944687860387
            ],
            [
              -70.84120169144369,
              -32.809450101526025
            ],
            [
              -70.8412007237851,
              -32.809450101526025
            ],
            [
              -70.8412007237851,
              -32.809453324448185
            ],
            [
              -70.84119975612651,
              -32.809453324448185
            ],
            [
              -70.84119975612651,
              -32.80945654737034
            ],
            [
              -70.84119878846793,
              -32.80945654737034
            ],
            [
              -70.84119878846793,
              -32.809460576023035
            ],
            [
              -70.84119782080936,
              -32.809460576023035
            ],
            [
              -70.84119782080936,
              -32.80946379894519
            ],
            [
              -70.84119685315076,
              -32.80946379894519
            ],
            [
              -70.84119685315076,
              -32.80946702186734
            ],
            [
              -70.84119588549218,
              -32.80946702186734
            ],
            [
              -70.84119588549218,
              -32.809470244789495
            ],
            [
              -70.8411949178336,
              -32.809470244789495
            ],
            [
              -70.8411949178336,
              -32.80947427344219
            ],
            [
              -70.84119395017503,
              -32.80947427344219
            ],
            [
              -70.84119395017503,
              -32.809477496364345
            ],
            [
              -70.84119298251643,
              -32.809477496364345
            ],
            [
              -70.84119298251643,
              -32.809480719286505
            ],
            [
              -70.84119201485785,
              -32.809480719286505
            ],
            [
              -70.84119201485785,
              -32.80948394220866
            ],
            [
              -70.84119104719927,
              -32.80948394220866
            ],
            [
              -70.84119104719927,
              -32.809487970861355
            ],
            [
              -70.8411900795407,
              -32.809487970861355
            ],
            [
              -70.8411900795407,
              -32.80949119378351
            ],
            [
              -70.8411891118821,
              -32.80949119378351
            ],
            [
              -70.8411891118821,
              -32.80949441670566
            ],
            [
              -70.84118814422352,
              -32.80949441670566
            ],
            [
              -70.84118814422352,
              -32.809497639627814
            ],
            [
              -70.84118717656494,
              -32.809497639627814
            ],
            [
              -70.84118717656494,
              -32.80950166828051
            ],
            [
              -70.84118620890636,
              -32.80950166828051
            ],
            [
              -70.84118620890636,
              -32.809504891202664
            ],
            [
              -70.84118524124777,
              -32.809504891202664
            ],
            [
              -70.84118524124777,
              -32.809508114124824
            ],
            [
              -70.84118427358919,
              -32.809508114124824
            ],
            [
              -70.84118427358919,
              -32.80951133704698
            ],
            [
              -70.84118330593061,
              -32.80951133704698
            ],
            [
              -70.84118330593061,
              -32.80951455996913
            ],
            [
              -70.84118233827203,
              -32.80951455996913
            ],
            [
              -70.84118233827203,
              -32.80951858862183
            ],
            [
              -70.84118137061346,
              -32.80951858862183
            ],
            [
              -70.84118137061346,
              -32.80952181154398
            ],
            [
              -70.84118040295486,
              -32.80952181154398
            ],
            [
              -70.84118040295486,
              -32.809525034466134
            ],
            [
              -70.84117943529628,
              -32.809525034466134
            ],
            [
              -70.84117943529628,
              -32.809528257388294
            ],
            [
              -70.8411784676377,
              -32.809528257388294
            ],
            [
              -70.8411784676377,
              -32.809532286040984
            ],
            [
              -70.84117749997912,
              -32.809532286040984
            ],
            [
              -70.84117749997912,
              -32.80953550896314
            ],
            [
              -70.84117653232053,
              -32.80953550896314
            ],
            [
              -70.84117653232053,
              -32.8095387318853
            ],
            [
              -70.84117556466195,
              -32.8095387318853
            ],
            [
              -70.84117556466195,
              -32.80954195480745
            ],
            [
              -70.84117459700337,
              -32.80954195480745
            ],
            [
              -70.84117459700337,
              -32.80954598346015
            ],
            [
              -70.8411736293448,
              -32.80954598346015
            ],
            [
              -70.8411736293448,
              -32.8095492063823
            ],
            [
              -70.8411726616862,
              -32.8095492063823
            ],
            [
              -70.8411726616862,
              -32.80955242930445
            ],
            [
              -70.84117169402762,
              -32.80955242930445
            ],
            [
              -70.84117169402762,
              -32.80955565222661
            ],
            [
              -70.84117072636904,
              -32.80955565222661
            ],
            [
              -70.84117072636904,
              -32.8095596808793
            ],
            [
              -70.84116975871046,
              -32.8095596808793
            ],
            [
              -70.84116975871046,
              -32.80956290380146
            ],
            [
              -70.84116879105187,
              -32.80956290380146
            ],
            [
              -70.84116879105187,
              -32.80956612672362
            ],
            [
              -70.84116782339329,
              -32.80956612672362
            ],
            [
              -70.84116782339329,
              -32.80956934964577
            ],
            [
              -70.84116685573471,
              -32.80956934964577
            ],
            [
              -70.84116685573471,
              -32.80957337829847
            ],
            [
              -70.84116588807613,
              -32.80957337829847
            ],
            [
              -70.84116588807613,
              -32.80957660122062
            ],
            [
              -70.84116492041754,
              -32.80957660122062
            ],
            [
              -70.84116492041754,
              -32.80957982414277
            ],
            [
              -70.84116395275896,
              -32.80957982414277
            ],
            [
              -70.84116395275896,
              -32.809583047064926
            ],
            [
              -70.84116298510038,
              -32.809583047064926
            ],
            [
              -70.84116298510038,
              -32.80958707571762
            ],
            [
              -70.8411620174418,
              -32.80958707571762
            ],
            [
              -70.8411620174418,
              -32.809590298639776
            ],
            [
              -70.84116104978322,
              -32.809590298639776
            ],
            [
              -70.84116104978322,
              -32.809593521561936
            ],
            [
              -70.84116008212463,
              -32.809593521561936
            ],
            [
              -70.84116008212463,
              -32.80959674448409
            ],
            [
              -70.84115911446605,
              -32.80959674448409
            ],
            [
              -70.84115911446605,
              -32.80960077313678
            ],
            [
              -70.84115814680747,
              -32.80960077313678
            ],
            [
              -70.84115814680747,
              -32.80960399605894
            ],
            [
              -70.8411571791489,
              -32.80960399605894
            ],
            [
              -70.8411571791489,
              -32.80960721898109
            ],
            [
              -70.8411562114903,
              -32.80960721898109
            ],
            [
              -70.8411562114903,
              -32.809610441903246
            ],
            [
              -70.84115524383172,
              -32.809610441903246
            ],
            [
              -70.84115524383172,
              -32.80961447055594
            ],
            [
              -70.84115427617314,
              -32.80961447055594
            ],
            [
              -70.84115427617314,
              -32.809617693478096
            ],
            [
              -70.84115330851456,
              -32.809617693478096
            ],
            [
              -70.84115330851456,
              -32.809620916400256
            ],
            [
              -70.84115234085597,
              -32.809620916400256
            ],
            [
              -70.84115234085597,
              -32.80962413932241
            ],
            [
              -70.84115137319739,
              -32.80962413932241
            ],
            [
              -70.84115137319739,
              -32.8096281679751
            ],
            [
              -70.84115040553881,
              -32.8096281679751
            ],
            [
              -70.84115040553881,
              -32.80963139089726
            ],
            [
              -70.84114943788023,
              -32.80963139089726
            ],
            [
              -70.84114943788023,
              -32.80963461381941
            ],
            [
              -70.84114847022164,
              -32.80963461381941
            ],
            [
              -70.84114847022164,
              -32.809637836741565
            ],
            [
              -70.84114750256306,
              -32.809637836741565
            ],
            [
              -70.84114750256306,
              -32.80964186539426
            ],
            [
              -70.84114653490448,
              -32.80964186539426
            ],
            [
              -70.84114653490448,
              -32.809645088316415
            ],
            [
              -70.8411455672459,
              -32.809645088316415
            ],
            [
              -70.8411455672459,
              -32.80964831123857
            ],
            [
              -70.84114459958731,
              -32.80964831123857
            ],
            [
              -70.84114459958731,
              -32.80965153416073
            ],
            [
              -70.84114363192873,
              -32.80965153416073
            ],
            [
              -70.84114363192873,
              -32.80965556281342
            ],
            [
              -70.84114266427015,
              -32.80965556281342
            ],
            [
              -70.84114266427015,
              -32.80965878573558
            ],
            [
              -70.84114169661157,
              -32.80965878573558
            ],
            [
              -70.84114169661157,
              -32.80966200865773
            ],
            [
              -70.841140728953,
              -32.80966200865773
            ],
            [
              -70.841140728953,
              -32.809665231579885
            ],
            [
              -70.8411397612944,
              -32.809665231579885
            ],
            [
              -70.8411397612944,
              -32.80966926023258
            ],
            [
              -70.84113879363582,
              -32.80966926023258
            ],
            [
              -70.84113879363582,
              -32.809672483154735
            ],
            [
              -70.84113782597724,
              -32.809672483154735
            ],
            [
              -70.84113782597724,
              -32.80967570607689
            ],
            [
              -70.84113685831866,
              -32.80967570607689
            ],
            [
              -70.84113685831866,
              -32.80967892899905
            ],
            [
              -70.84113589066007,
              -32.80967892899905
            ],
            [
              -70.84113589066007,
              -32.80968295765174
            ],
            [
              -70.84113492300149,
              -32.80968295765174
            ],
            [
              -70.84113492300149,
              -32.8096861805739
            ],
            [
              -70.84113395534291,
              -32.8096861805739
            ],
            [
              -70.84113395534291,
              -32.80968940349605
            ],
            [
              -70.84113298768433,
              -32.80968940349605
            ],
            [
              -70.84113298768433,
              -32.809692626418204
            ],
            [
              -70.84113202002574,
              -32.809692626418204
            ],
            [
              -70.84113202002574,
              -32.8096966550709
            ],
            [
              -70.84113105236716,
              -32.8096966550709
            ],
            [
              -70.84113105236716,
              -32.809699877993054
            ],
            [
              -70.84113008470858,
              -32.809699877993054
            ],
            [
              -70.84113008470858,
              -32.80970310091521
            ],
            [
              -70.84112911705,
              -32.80970310091521
            ],
            [
              -70.84112911705,
              -32.80970632383737
            ],
            [
              -70.84112814939141,
              -32.80970632383737
            ],
            [
              -70.84112814939141,
              -32.80971035249006
            ],
            [
              -70.84112718173283,
              -32.80971035249006
            ],
            [
              -70.84112718173283,
              -32.80971357541221
            ],
            [
              -70.84112621407425,
              -32.80971357541221
            ],
            [
              -70.84112621407425,
              -32.80971679833437
            ],
            [
              -70.84112524641567,
              -32.80971679833437
            ],
            [
              -70.84112524641567,
              -32.809720021256524
            ],
            [
              -70.84112427875709,
              -32.809720021256524
            ],
            [
              -70.84112427875709,
              -32.80972404990922
            ],
            [
              -70.8411233110985,
              -32.80972404990922
            ],
            [
              -70.8411233110985,
              -32.809727272831374
            ],
            [
              -70.84112234343992,
              -32.809727272831374
            ],
            [
              -70.84112234343992,
              -32.80973049575353
            ],
            [
              -70.84112137578134,
              -32.80973049575353
            ],
            [
              -70.84112137578134,
              -32.80973371867568
            ],
            [
              -70.84112040812276,
              -32.80973371867568
            ],
            [
              -70.84112040812276,
              -32.80973774732838
            ],
            [
              -70.84111944046417,
              -32.80973774732838
            ],
            [
              -70.84111944046417,
              -32.80974097025053
            ],
            [
              -70.84111847280559,
              -32.80974097025053
            ],
            [
              -70.84111847280559,
              -32.80974419317269
            ],
            [
              -70.84111750514701,
              -32.80974419317269
            ],
            [
              -70.84111750514701,
              -32.809747416094844
            ],
            [
              -70.84111653748843,
              -32.809747416094844
            ],
            [
              -70.84111653748843,
              -32.80975144474754
            ],
            [
              -70.84111556982984,
              -32.80975144474754
            ],
            [
              -70.84111556982984,
              -32.809754667669694
            ],
            [
              -70.84111460217126,
              -32.809754667669694
            ],
            [
              -70.84111460217126,
              -32.80975789059185
            ],
            [
              -70.84111363451268,
              -32.80975789059185
            ],
            [
              -70.84111363451268,
              -32.809761113514
            ],
            [
              -70.8411126668541,
              -32.809761113514
            ],
            [
              -70.8411126668541,
              -32.8097651421667
            ],
            [
              -70.84111169919551,
              -32.8097651421667
            ],
            [
              -70.84111169919551,
              -32.80976836508885
            ],
            [
              -70.84111073153693,
              -32.80976836508885
            ],
            [
              -70.84111073153693,
              -32.80977158801101
            ],
            [
              -70.84110976387835,
              -32.80977158801101
            ],
            [
              -70.84110976387835,
              -32.80977481093316
            ],
            [
              -70.84110879621977,
              -32.80977481093316
            ],
            [
              -70.84110879621977,
              -32.80977883958585
            ],
            [
              -70.84110782856118,
              -32.80977883958585
            ],
            [
              -70.84110782856118,
              -32.80978206250801
            ],
            [
              -70.8411068609026,
              -32.80978206250801
            ],
            [
              -70.8411068609026,
              -32.809785285430166
            ],
            [
              -70.84110589324402,
              -32.809785285430166
            ],
            [
              -70.84110589324402,
              -32.80978850835232
            ],
            [
              -70.84110492558544,
              -32.80978850835232
            ],
            [
              -70.84110492558544,
              -32.809792537005016
            ],
            [
              -70.84110395792686,
              -32.809792537005016
            ],
            [
              -70.84110395792686,
              -32.80979575992717
            ],
            [
              -70.84110299026827,
              -32.80979575992717
            ],
            [
              -70.84110299026827,
              -32.80979898284932
            ],
            [
              -70.84110202260969,
              -32.80979898284932
            ],
            [
              -70.84110202260969,
              -32.80980220577148
            ],
            [
              -70.84110105495111,
              -32.80980220577148
            ],
            [
              -70.84110105495111,
              -32.809805428693636
            ],
            [
              -70.84110008729253,
              -32.809805428693636
            ],
            [
              -70.84110008729253,
              -32.80980945734633
            ],
            [
              -70.84109911963394,
              -32.80980945734633
            ],
            [
              -70.84109911963394,
              -32.809812680268486
            ],
            [
              -70.84109815197536,
              -32.809812680268486
            ],
            [
              -70.84109815197536,
              -32.80981590319064
            ],
            [
              -70.84109718431678,
              -32.80981590319064
            ],
            [
              -70.84109718431678,
              -32.80981912611279
            ],
            [
              -70.8410962166582,
              -32.80981912611279
            ],
            [
              -70.8410962166582,
              -32.80982315476549
            ],
            [
              -70.84109524899961,
              -32.80982315476549
            ],
            [
              -70.84109524899961,
              -32.80982637768764
            ],
            [
              -70.84109428134103,
              -32.80982637768764
            ],
            [
              -70.84109428134103,
              -32.8098296006098
            ],
            [
              -70.84109331368245,
              -32.8098296006098
            ],
            [
              -70.84109331368245,
              -32.809832823531956
            ],
            [
              -70.84109234602387,
              -32.809832823531956
            ],
            [
              -70.84109234602387,
              -32.80983685218465
            ],
            [
              -70.84109137836528,
              -32.80983685218465
            ],
            [
              -70.84109137836528,
              -32.809840075106806
            ],
            [
              -70.8410904107067,
              -32.809840075106806
            ],
            [
              -70.8410904107067,
              -32.80984329802896
            ],
            [
              -70.84108944304812,
              -32.80984329802896
            ],
            [
              -70.84108944304812,
              -32.80984652095111
            ],
            [
              -70.84108847538954,
              -32.80984652095111
            ],
            [
              -70.84108847538954,
              -32.80985054960381
            ],
            [
              -70.84108750773095,
              -32.80985054960381
            ],
            [
              -70.84108750773095,
              -32.80985377252596
            ],
            [
              -70.84108654007237,
              -32.80985377252596
            ],
            [
              -70.84108654007237,
              -32.80985699544812
            ],
            [
              -70.84108557241379,
              -32.80985699544812
            ],
            [
              -70.84108557241379,
              -32.809860218370275
            ],
            [
              -70.84108460475521,
              -32.809860218370275
            ],
            [
              -70.84108460475521,
              -32.809864247022965
            ],
            [
              -70.84108363709663,
              -32.809864247022965
            ],
            [
              -70.84108363709663,
              -32.809867469945125
            ],
            [
              -70.84108266943804,
              -32.809867469945125
            ],
            [
              -70.84108266943804,
              -32.80987069286728
            ],
            [
              -70.84108170177946,
              -32.80987069286728
            ],
            [
              -70.84108170177946,
              -32.80987391578943
            ],
            [
              -70.84108073412088,
              -32.80987391578943
            ],
            [
              -70.84108073412088,
              -32.80987794444213
            ],
            [
              -70.8410797664623,
              -32.80987794444213
            ],
            [
              -70.8410797664623,
              -32.80988116736428
            ],
            [
              -70.84107879880371,
              -32.80988116736428
            ],
            [
              -70.84107879880371,
              -32.809884390286435
            ],
            [
              -70.84107783114513,
              -32.809884390286435
            ],
            [
              -70.84107783114513,
              -32.809887613208595
            ],
            [
              -70.84107686348655,
              -32.809887613208595
            ],
            [
              -70.84107686348655,
              -32.809891641861284
            ],
            [
              -70.84107589582797,
              -32.809891641861284
            ],
            [
              -70.84107589582797,
              -32.809894864783445
            ],
            [
              -70.84107492816938,
              -32.809894864783445
            ],
            [
              -70.84107492816938,
              -32.8098980877056
            ],
            [
              -70.8410739605108,
              -32.8098980877056
            ],
            [
              -70.8410739605108,
              -32.80990131062775
            ],
            [
              -70.84107299285222,
              -32.80990131062775
            ],
            [
              -70.84107299285222,
              -32.80990533928045
            ],
            [
              -70.84107202519364,
              -32.80990533928045
            ],
            [
              -70.84107202519364,
              -32.8099085622026
            ],
            [
              -70.84107105753505,
              -32.8099085622026
            ],
            [
              -70.84107105753505,
              -32.809911785124754
            ],
            [
              -70.84107008987647,
              -32.809911785124754
            ],
            [
              -70.84107008987647,
              -32.809915008046914
            ],
            [
              -70.84106912221789,
              -32.809915008046914
            ],
            [
              -70.84106912221789,
              -32.809919036699604
            ],
            [
              -70.84106815455931,
              -32.809919036699604
            ],
            [
              -70.84106815455931,
              -32.809922259621764
            ],
            [
              -70.84106718690072,
              -32.809922259621764
            ],
            [
              -70.84106718690072,
              -32.80992548254392
            ],
            [
              -70.84106621924214,
              -32.80992548254392
            ],
            [
              -70.84106621924214,
              -32.80992870546607
            ],
            [
              -70.84106525158356,
              -32.80992870546607
            ],
            [
              -70.84106525158356,
              -32.80993273411877
            ],
            [
              -70.84106428392498,
              -32.80993273411877
            ],
            [
              -70.84106428392498,
              -32.80993595704092
            ],
            [
              -70.8410633162664,
              -32.80993595704092
            ],
            [
              -70.8410633162664,
              -32.809939179963074
            ],
            [
              -70.8410623486078,
              -32.809939179963074
            ],
            [
              -70.8410623486078,
              -32.809942402885234
            ],
            [
              -70.84106138094923,
              -32.809942402885234
            ],
            [
              -70.84106138094923,
              -32.809946431537924
            ],
            [
              -70.84106041329065,
              -32.809946431537924
            ],
            [
              -70.84106041329065,
              -32.80994965446008
            ],
            [
              -70.84105944563207,
              -32.80994965446008
            ],
            [
              -70.84105944563207,
              -32.80995287738224
            ],
            [
              -70.84105847797348,
              -32.80995287738224
            ],
            [
              -70.84105847797348,
              -32.80995610030439
            ],
            [
              -70.8410575103149,
              -32.80995610030439
            ],
            [
              -70.8410575103149,
              -32.80995932322654
            ],
            [
              -70.84105654265632,
              -32.80995932322654
            ],
            [
              -70.84105654265632,
              -32.80996174041816
            ],
            [
              -70.84105557499774,
              -32.80996174041816
            ],
            [
              -70.84105557499774,
              -32.80996496334032
            ],
            [
              -70.84105460733915,
              -32.80996496334032
            ],
            [
              -70.84105460733915,
              -32.80996818626247
            ],
            [
              -70.84105363968057,
              -32.80996818626247
            ],
            [
              -70.84105363968057,
              -32.80997140918463
            ],
            [
              -70.84105267202199,
              -32.80997140918463
            ],
            [
              -70.84105267202199,
              -32.80997463210678
            ],
            [
              -70.84105170436341,
              -32.80997463210678
            ],
            [
              -70.84105170436341,
              -32.80997785502894
            ],
            [
              -70.84105073670482,
              -32.80997785502894
            ],
            [
              -70.84105073670482,
              -32.80998107795109
            ],
            [
              -70.84104976904624,
              -32.80998107795109
            ],
            [
              -70.84104976904624,
              -32.809984300873246
            ],
            [
              -70.84104880138766,
              -32.809984300873246
            ],
            [
              -70.84104880138766,
              -32.80998671806486
            ],
            [
              -70.84104783372908,
              -32.80998671806486
            ],
            [
              -70.84104783372908,
              -32.80998994098702
            ],
            [
              -70.8410468660705,
              -32.80998994098702
            ],
            [
              -70.8410468660705,
              -32.809993163909176
            ],
            [
              -70.8410458984119,
              -32.809993163909176
            ],
            [
              -70.8410458984119,
              -32.80999638683133
            ],
            [
              -70.84104493075333,
              -32.80999638683133
            ],
            [
              -70.84104493075333,
              -32.80999960975348
            ],
            [
              -70.84104396309475,
              -32.80999960975348
            ],
            [
              -70.84104396309475,
              -32.81000283267564
            ],
            [
              -70.84104299543617,
              -32.81000283267564
            ],
            [
              -70.84104299543617,
              -32.810006055597796
            ],
            [
              -70.84104202777758,
              -32.810006055597796
            ],
            [
              -70.84104202777758,
              -32.81000927851995
            ],
            [
              -70.841041060119,
              -32.81000927851995
            ],
            [
              -70.841041060119,
              -32.81001250144211
            ],
            [
              -70.84104009246042,
              -32.81001250144211
            ],
            [
              -70.84104009246042,
              -32.81001491863372
            ],
            [
              -70.84103912480184,
              -32.81001491863372
            ],
            [
              -70.84103912480184,
              -32.81001814155588
            ],
            [
              -70.84103815714325,
              -32.81001814155588
            ],
            [
              -70.84103815714325,
              -32.81002136447803
            ],
            [
              -70.84103718948467,
              -32.81002136447803
            ],
            [
              -70.84103718948467,
              -32.810024587400186
            ],
            [
              -70.84103622182609,
              -32.810024587400186
            ],
            [
              -70.84103622182609,
              -32.810027810322346
            ],
            [
              -70.84103525416751,
              -32.810027810322346
            ],
            [
              -70.84103525416751,
              -32.8100310332445
            ],
            [
              -70.84103428650891,
              -32.8100310332445
            ],
            [
              -70.84103428650891,
              -32.81003425616665
            ],
            [
              -70.84103331885034,
              -32.81003425616665
            ],
            [
              -70.84103331885034,
              -32.810037479088805
            ],
            [
              -70.84103235119176,
              -32.810037479088805
            ],
            [
              -70.84103235119176,
              -32.810040702010966
            ],
            [
              -70.84103138353318,
              -32.810040702010966
            ],
            [
              -70.84103138353318,
              -32.81004311920258
            ],
            [
              -70.84103041587458,
              -32.81004311920258
            ],
            [
              -70.84103041587458,
              -32.810046342124735
            ],
            [
              -70.841029448216,
              -32.810046342124735
            ],
            [
              -70.841029448216,
              -32.81004956504689
            ],
            [
              -70.84102848055743,
              -32.81004956504689
            ],
            [
              -70.84102848055743,
              -32.81005278796905
            ],
            [
              -70.84102751289885,
              -32.81005278796905
            ],
            [
              -70.84102751289885,
              -32.8100560108912
            ],
            [
              -70.84102654524027,
              -32.8100560108912
            ],
            [
              -70.84102654524027,
              -32.810059233813355
            ],
            [
              -70.84102557758168,
              -32.810059233813355
            ],
            [
              -70.84102557758168,
              -32.81006245673551
            ],
            [
              -70.8410246099231,
              -32.81006245673551
            ],
            [
              -70.8410246099231,
              -32.81006567965767
            ],
            [
              -70.84102364226452,
              -32.81006567965767
            ],
            [
              -70.84102364226452,
              -32.81006890257982
            ],
            [
              -70.84102267460594,
              -32.81006890257982
            ],
            [
              -70.84102267460594,
              -32.81007131977144
            ],
            [
              -70.84102170694734,
              -32.81007131977144
            ],
            [
              -70.84102170694734,
              -32.81007454269359
            ],
            [
              -70.84102073928877,
              -32.81007454269359
            ],
            [
              -70.84102073928877,
              -32.81007776561575
            ],
            [
              -70.84101977163019,
              -32.81007776561575
            ],
            [
              -70.84101977163019,
              -32.810080988537905
            ],
            [
              -70.84101880397161,
              -32.810080988537905
            ],
            [
              -70.84101880397161,
              -32.81008421146006
            ],
            [
              -70.84101783631301,
              -32.81008421146006
            ],
            [
              -70.84101783631301,
              -32.81008743438221
            ],
            [
              -70.84101686865444,
              -32.81008743438221
            ],
            [
              -70.84101686865444,
              -32.81009065730437
            ],
            [
              -70.84101590099586,
              -32.81009065730437
            ],
            [
              -70.84101590099586,
              -32.810093880226525
            ],
            [
              -70.84101493333728,
              -32.810093880226525
            ],
            [
              -70.84101493333728,
              -32.81009710314868
            ],
            [
              -70.84101396567868,
              -32.81009710314868
            ],
            [
              -70.84101396567868,
              -32.810099520340295
            ],
            [
              -70.8410129980201,
              -32.810099520340295
            ],
            [
              -70.8410129980201,
              -32.81010274326245
            ],
            [
              -70.84101203036153,
              -32.81010274326245
            ],
            [
              -70.84101203036153,
              -32.81010596618461
            ],
            [
              -70.84101106270295,
              -32.81010596618461
            ],
            [
              -70.84101106270295,
              -32.81010918910676
            ],
            [
              -70.84101009504435,
              -32.81010918910676
            ],
            [
              -70.84101009504435,
              -32.810112412028914
            ],
            [
              -70.84100912738577,
              -32.810112412028914
            ],
            [
              -70.84100912738577,
              -32.810115634951075
            ],
            [
              -70.8410081597272,
              -32.810115634951075
            ],
            [
              -70.8410081597272,
              -32.81011885787323
            ],
            [
              -70.84100719206862,
              -32.81011885787323
            ],
            [
              -70.84100719206862,
              -32.81012208079538
            ],
            [
              -70.84100622441004,
              -32.81012208079538
            ],
            [
              -70.84100622441004,
              -32.810125303717534
            ],
            [
              -70.84100525675144,
              -32.810125303717534
            ],
            [
              -70.84100525675144,
              -32.81012772090915
            ],
            [
              -70.84100428909287,
              -32.81012772090915
            ],
            [
              -70.84100428909287,
              -32.81013094383131
            ],
            [
              -70.84100332143429,
              -32.81013094383131
            ],
            [
              -70.84100332143429,
              -32.810134166753464
            ],
            [
              -70.8410023537757,
              -32.810134166753464
            ],
            [
              -70.8410023537757,
              -32.81013738967562
            ],
            [
              -70.84100138611711,
              -32.81013738967562
            ],
            [
              -70.84100138611711,
              -32.81014061259778
            ],
            [
              -70.84100041845853,
              -32.81014061259778
            ],
            [
              -70.84100041845853,
              -32.81014383551993
            ],
            [
              -70.84099945079996,
              -32.81014383551993
            ],
            [
              -70.84099945079996,
              -32.810147058442084
            ],
            [
              -70.84099848314138,
              -32.810147058442084
            ],
            [
              -70.84099848314138,
              -32.81015028136424
            ],
            [
              -70.84099751548278,
              -32.81015028136424
            ],
            [
              -70.84099751548278,
              -32.8101535042864
            ],
            [
              -70.8409965478242,
              -32.8101535042864
            ],
            [
              -70.8409965478242,
              -32.810155921478014
            ],
            [
              -70.84099558016563,
              -32.810155921478014
            ],
            [
              -70.84099558016563,
              -32.81015914440017
            ],
            [
              -70.84099461250705,
              -32.81015914440017
            ],
            [
              -70.84099461250705,
              -32.81016236732232
            ],
            [
              -70.84099364484845,
              -32.81016236732232
            ],
            [
              -70.84099364484845,
              -32.81016559024448
            ],
            [
              -70.84099267718987,
              -32.81016559024448
            ],
            [
              -70.84099267718987,
              -32.810168813166634
            ],
            [
              -70.8409917095313,
              -32.810168813166634
            ],
            [
              -70.8409917095313,
              -32.81017203608879
            ],
            [
              -70.84099074187272,
              -32.81017203608879
            ],
            [
              -70.84099074187272,
              -32.81017525901094
            ],
            [
              -70.84098977421412,
              -32.81017525901094
            ],
            [
              -70.84098977421412,
              -32.8101784819331
            ],
            [
              -70.84098880655554,
              -32.8101784819331
            ],
            [
              -70.84098880655554,
              -32.81018089912472
            ],
            [
              -70.84098783889696,
              -32.81018089912472
            ],
            [
              -70.84098783889696,
              -32.81018412204687
            ],
            [
              -70.84098687123839,
              -32.81018412204687
            ],
            [
              -70.84098687123839,
              -32.81018734496902
            ],
            [
              -70.8409859035798,
              -32.81018734496902
            ],
            [
              -70.8409859035798,
              -32.810190567891176
            ],
            [
              -70.84098493592121,
              -32.810190567891176
            ],
            [
              -70.84098493592121,
              -32.81019379081334
            ],
            [
              -70.84098396826263,
              -32.81019379081334
            ],
            [
              -70.84098396826263,
              -32.81019701373549
            ],
            [
              -70.84098300060406,
              -32.81019701373549
            ],
            [
              -70.84098300060406,
              -32.81020023665764
            ],
            [
              -70.84098203294548,
              -32.81020023665764
            ],
            [
              -70.84098203294548,
              -32.8102034595798
            ],
            [
              -70.84098106528688,
              -32.8102034595798
            ],
            [
              -70.84098106528688,
              -32.810206682501956
            ],
            [
              -70.8409800976283,
              -32.810206682501956
            ],
            [
              -70.8409800976283,
              -32.81020909969357
            ],
            [
              -70.84097912996972,
              -32.81020909969357
            ],
            [
              -70.84097912996972,
              -32.810212322615726
            ],
            [
              -70.84097816231115,
              -32.810212322615726
            ],
            [
              -70.84097816231115,
              -32.81021554553788
            ],
            [
              -70.84097719465255,
              -32.81021554553788
            ],
            [
              -70.84097719465255,
              -32.81021876846004
            ],
            [
              -70.84097622699397,
              -32.81021876846004
            ],
            [
              -70.84097622699397,
              -32.81022199138219
            ],
            [
              -70.8409752593354,
              -32.81022199138219
            ],
            [
              -70.8409752593354,
              -32.810225214304346
            ],
            [
              -70.84097429167682,
              -32.810225214304346
            ],
            [
              -70.84097429167682,
              -32.810228437226506
            ],
            [
              -70.84097332401822,
              -32.810228437226506
            ],
            [
              -70.84097332401822,
              -32.81023166014866
            ],
            [
              -70.84097235635964,
              -32.81023166014866
            ],
            [
              -70.84097235635964,
              -32.81023488307081
            ],
            [
              -70.84097138870106,
              -32.81023488307081
            ],
            [
              -70.84097138870106,
              -32.81023730026243
            ],
            [
              -70.84097042104248,
              -32.81023730026243
            ],
            [
              -70.84097042104248,
              -32.81024052318458
            ],
            [
              -70.8409694533839,
              -32.81024052318458
            ],
            [
              -70.8409694533839,
              -32.81024374610674
            ],
            [
              -70.84096848572531,
              -32.81024374610674
            ],
            [
              -70.84096848572531,
              -32.810246969028896
            ],
            [
              -70.84096751806673,
              -32.810246969028896
            ],
            [
              -70.84096751806673,
              -32.81025019195105
            ],
            [
              -70.84096655040815,
              -32.81025019195105
            ],
            [
              -70.84096655040815,
              -32.81025341487321
            ],
            [
              -70.84096558274958,
              -32.81025341487321
            ],
            [
              -70.84096558274958,
              -32.81025663779536
            ],
            [
              -70.84096461509098,
              -32.81025663779536
            ],
            [
              -70.84096461509098,
              -32.810259860717515
            ],
            [
              -70.8409636474324,
              -32.810259860717515
            ],
            [
              -70.8409636474324,
              -32.81026308363967
            ],
            [
              -70.84096267977382,
              -32.81026308363967
            ],
            [
              -70.84096267977382,
              -32.810265500831285
            ],
            [
              -70.84096171211525,
              -32.810265500831285
            ],
            [
              -70.84096171211525,
              -32.810268723753445
            ],
            [
              -70.84096074445665,
              -32.810268723753445
            ],
            [
              -70.84096074445665,
              -32.8102719466756
            ],
            [
              -70.84095977679807,
              -32.8102719466756
            ],
            [
              -70.84095977679807,
              -32.81027516959775
            ],
            [
              -70.8409588091395,
              -32.81027516959775
            ],
            [
              -70.8409588091395,
              -32.810278392519905
            ],
            [
              -70.84095784148091,
              -32.810278392519905
            ],
            [
              -70.84095784148091,
              -32.810281615442065
            ],
            [
              -70.84095687382232,
              -32.810281615442065
            ],
            [
              -70.84095687382232,
              -32.81028483836422
            ],
            [
              -70.84095590616374,
              -32.81028483836422
            ],
            [
              -70.84095590616374,
              -32.81028806128637
            ],
            [
              -70.84095493850516,
              -32.81028806128637
            ],
            [
              -70.84095493850516,
              -32.81029128420853
            ],
            [
              -70.84095397084658,
              -32.81029128420853
            ],
            [
              -70.84095397084658,
              -32.81029370140015
            ],
            [
              -70.84095300318799,
              -32.81029370140015
            ],
            [
              -70.84095300318799,
              -32.8102969243223
            ],
            [
              -70.84095203552941,
              -32.8102969243223
            ],
            [
              -70.84095203552941,
              -32.810300147244455
            ],
            [
              -70.84095106787083,
              -32.810300147244455
            ],
            [
              -70.84095106787083,
              -32.81030337016661
            ],
            [
              -70.84095010021225,
              -32.81030337016661
            ],
            [
              -70.84095010021225,
              -32.81030659308877
            ],
            [
              -70.84094913255367,
              -32.81030659308877
            ],
            [
              -70.84094913255367,
              -32.81030981601092
            ],
            [
              -70.84094816489508,
              -32.81030981601092
            ],
            [
              -70.84094816489508,
              -32.810313038933074
            ],
            [
              -70.8409471972365,
              -32.810313038933074
            ],
            [
              -70.8409471972365,
              -32.810316261855235
            ],
            [
              -70.84094622957792,
              -32.810316261855235
            ],
            [
              -70.84094622957792,
              -32.81031948477739
            ],
            [
              -70.84094526191934,
              -32.81031948477739
            ],
            [
              -70.84094526191934,
              -32.810321901969004
            ],
            [
              -70.84094429426075,
              -32.810321901969004
            ],
            [
              -70.84094429426075,
              -32.81032512489116
            ],
            [
              -70.84094332660217,
              -32.81032512489116
            ],
            [
              -70.84094332660217,
              -32.81032834781331
            ],
            [
              -70.8409423589436,
              -32.81032834781331
            ],
            [
              -70.8409423589436,
              -32.81033157073547
            ],
            [
              -70.84094139128501,
              -32.81033157073547
            ],
            [
              -70.84094139128501,
              -32.810334793657624
            ],
            [
              -70.84094042362642,
              -32.810334793657624
            ],
            [
              -70.84094042362642,
              -32.81033801657978
            ],
            [
              -70.84093945596784,
              -32.81033801657978
            ],
            [
              -70.84093945596784,
              -32.81034123950194
            ],
            [
              -70.84093848830926,
              -32.81034123950194
            ],
            [
              -70.84093848830926,
              -32.81034446242409
            ],
            [
              -70.84093752065068,
              -32.81034446242409
            ],
            [
              -70.84093752065068,
              -32.810347685346244
            ],
            [
              -70.84093655299209,
              -32.810347685346244
            ],
            [
              -70.84093655299209,
              -32.81035010253786
            ],
            [
              -70.84093558533351,
              -32.81035010253786
            ],
            [
              -70.84093558533351,
              -32.810353325460014
            ],
            [
              -70.84093461767493,
              -32.810353325460014
            ],
            [
              -70.84093461767493,
              -32.810356548382174
            ],
            [
              -70.84093365001635,
              -32.810356548382174
            ],
            [
              -70.84093365001635,
              -32.81035977130433
            ],
            [
              -70.84093268235776,
              -32.81035977130433
            ],
            [
              -70.84093268235776,
              -32.81036299422648
            ],
            [
              -70.84093171469918,
              -32.81036299422648
            ],
            [
              -70.84093171469918,
              -32.81036621714863
            ],
            [
              -70.8409307470406,
              -32.81036621714863
            ],
            [
              -70.8409307470406,
              -32.810369440070794
            ],
            [
              -70.84092977938202,
              -32.810369440070794
            ],
            [
              -70.84092977938202,
              -32.81037266299295
            ],
            [
              -70.84092881172344,
              -32.81037266299295
            ],
            [
              -70.84092881172344,
              -32.81037508018456
            ],
            [
              -70.84092784406485,
              -32.81037508018456
            ],
            [
              -70.84092784406485,
              -32.81037830310672
            ],
            [
              -70.84092687640627,
              -32.81037830310672
            ],
            [
              -70.84092687640627,
              -32.81038152602888
            ],
            [
              -70.84092590874769,
              -32.81038152602888
            ],
            [
              -70.84092590874769,
              -32.81038474895103
            ],
            [
              -70.84092494108911,
              -32.81038474895103
            ],
            [
              -70.84092494108911,
              -32.81038797187318
            ],
            [
              -70.84092397343052,
              -32.81038797187318
            ],
            [
              -70.84092397343052,
              -32.810391194795336
            ],
            [
              -70.84092300577194,
              -32.810391194795336
            ],
            [
              -70.84092300577194,
              -32.8103944177175
            ],
            [
              -70.84092203811336,
              -32.8103944177175
            ],
            [
              -70.84092203811336,
              -32.81039764063965
            ],
            [
              -70.84092107045478,
              -32.81039764063965
            ],
            [
              -70.84092107045478,
              -32.8104008635618
            ],
            [
              -70.84092010279619,
              -32.8104008635618
            ],
            [
              -70.84092010279619,
              -32.81040328075342
            ],
            [
              -70.84091913513761,
              -32.81040328075342
            ],
            [
              -70.84091913513761,
              -32.81040650367558
            ],
            [
              -70.84091816747903,
              -32.81040650367558
            ],
            [
              -70.84091816747903,
              -32.81040972659773
            ],
            [
              -70.84091719982045,
              -32.81040972659773
            ],
            [
              -70.84091719982045,
              -32.810412949519886
            ],
            [
              -70.84091623216186,
              -32.810412949519886
            ],
            [
              -70.84091623216186,
              -32.81041617244204
            ],
            [
              -70.84091526450328,
              -32.81041617244204
            ],
            [
              -70.84091526450328,
              -32.8104193953642
            ],
            [
              -70.8409142968447,
              -32.8104193953642
            ],
            [
              -70.8409142968447,
              -32.81042261828635
            ],
            [
              -70.84091332918612,
              -32.81042261828635
            ],
            [
              -70.84091332918612,
              -32.810425841208506
            ],
            [
              -70.84091236152753,
              -32.810425841208506
            ],
            [
              -70.84091236152753,
              -32.810429064130666
            ],
            [
              -70.84091139386895,
              -32.810429064130666
            ],
            [
              -70.84091139386895,
              -32.810431481322276
            ],
            [
              -70.84091042621037,
              -32.810431481322276
            ],
            [
              -70.84091042621037,
              -32.810434704244436
            ],
            [
              -70.84090945855179,
              -32.810434704244436
            ],
            [
              -70.84090945855179,
              -32.81043792716659
            ],
            [
              -70.84090849089321,
              -32.81043792716659
            ],
            [
              -70.84090849089321,
              -32.81044115008874
            ],
            [
              -70.84090752323462,
              -32.81044115008874
            ],
            [
              -70.84090752323462,
              -32.8104443730109
            ],
            [
              -70.84090655557604,
              -32.8104443730109
            ],
            [
              -70.84090655557604,
              -32.810447595933056
            ],
            [
              -70.84090558791746,
              -32.810447595933056
            ],
            [
              -70.84090558791746,
              -32.81045081885521
            ],
            [
              -70.84090462025888,
              -32.81045081885521
            ],
            [
              -70.84090462025888,
              -32.81045404177736
            ],
            [
              -70.84090365260029,
              -32.81045404177736
            ],
            [
              -70.84090365260029,
              -32.81045726469952
            ],
            [
              -70.84090268494171,
              -32.81045726469952
            ],
            [
              -70.84090268494171,
              -32.81045968189114
            ],
            [
              -70.84090171728313,
              -32.81045968189114
            ],
            [
              -70.84090171728313,
              -32.81046290481329
            ],
            [
              -70.84090074962455,
              -32.81046290481329
            ],
            [
              -70.84090074962455,
              -32.810466127735445
            ],
            [
              -70.84089978196596,
              -32.810466127735445
            ],
            [
              -70.84089978196596,
              -32.810469350657606
            ],
            [
              -70.84089881430738,
              -32.810469350657606
            ],
            [
              -70.84089881430738,
              -32.81047257357976
            ],
            [
              -70.8408978466488,
              -32.81047257357976
            ],
            [
              -70.8408978466488,
              -32.81047579650191
            ],
            [
              -70.84089687899022,
              -32.81047579650191
            ],
            [
              -70.84089687899022,
              -32.810479019424065
            ],
            [
              -70.84089591133163,
              -32.810479019424065
            ],
            [
              -70.84089591133163,
              -32.810482242346225
            ],
            [
              -70.84089494367305,
              -32.810482242346225
            ],
            [
              -70.84089494367305,
              -32.81048546526838
            ],
            [
              -70.84089397601447,
              -32.81048546526838
            ],
            [
              -70.84089397601447,
              -32.810487882459995
            ],
            [
              -70.84089300835589,
              -32.810487882459995
            ],
            [
              -70.84089300835589,
              -32.81049110538215
            ],
            [
              -70.84089204069731,
              -32.81049110538215
            ],
            [
              -70.84089204069731,
              -32.81049432830431
            ],
            [
              -70.84089107303872,
              -32.81049432830431
            ],
            [
              -70.84089107303872,
              -32.81049755122646
            ],
            [
              -70.84089010538014,
              -32.81049755122646
            ],
            [
              -70.84089010538014,
              -32.810499162687535
            ],
            [
              -70.84088623474581,
              -32.810499162687535
            ],
            [
              -70.84088623474581,
              -32.810498356957
            ],
            [
              -70.84088236411148,
              -32.810498356957
            ],
            [
              -70.84088236411148,
              -32.81049755122646
            ],
            [
              -70.84087946113573,
              -32.81049755122646
            ],
            [
              -70.84087946113573,
              -32.81049674549592
            ],
            [
              -70.8408755905014,
              -32.81049674549592
            ],
            [
              -70.8408755905014,
              -32.81049593976538
            ],
            [
              -70.84087171986708,
              -32.81049593976538
            ],
            [
              -70.84087171986708,
              -32.810495134034845
            ],
            [
              -70.84086881689133,
              -32.810495134034845
            ],
            [
              -70.84086881689133,
              -32.81049432830431
            ],
            [
              -70.840864946257,
              -32.81049432830431
            ],
            [
              -70.840864946257,
              -32.810493522573765
            ],
            [
              -70.84086107562267,
              -32.810493522573765
            ],
            [
              -70.84086107562267,
              -32.81049271684323
            ],
            [
              -70.84085817264692,
              -32.81049271684323
            ],
            [
              -70.84085817264692,
              -32.81049191111269
            ],
            [
              -70.84085430201259,
              -32.81049191111269
            ],
            [
              -70.84085430201259,
              -32.81049110538215
            ],
            [
              -70.84085043137826,
              -32.81049110538215
            ],
            [
              -70.84085043137826,
              -32.81049029965161
            ],
            [
              -70.84084752840252,
              -32.81049029965161
            ],
            [
              -70.84084752840252,
              -32.810489493921075
            ],
            [
              -70.84084365776819,
              -32.810489493921075
            ],
            [
              -70.84084365776819,
              -32.81048868819053
            ],
            [
              -70.84083978713386,
              -32.81048868819053
            ],
            [
              -70.84083978713386,
              -32.810487882459995
            ],
            [
              -70.84083591649953,
              -32.810487882459995
            ],
            [
              -70.84083591649953,
              -32.81048707672946
            ],
            [
              -70.84083301352378,
              -32.81048707672946
            ],
            [
              -70.84083301352378,
              -32.810486270998915
            ],
            [
              -70.84082914288945,
              -32.810486270998915
            ],
            [
              -70.84082914288945,
              -32.81048546526838
            ],
            [
              -70.84082527225512,
              -32.81048546526838
            ],
            [
              -70.84082527225512,
              -32.81048465953784
            ],
            [
              -70.84082236927937,
              -32.81048465953784
            ],
            [
              -70.84082236927937,
              -32.8104838538073
            ],
            [
              -70.84081849864504,
              -32.8104838538073
            ],
            [
              -70.84081849864504,
              -32.81048304807676
            ],
            [
              -70.8408146280107,
              -32.81048304807676
            ],
            [
              -70.8408146280107,
              -32.810482242346225
            ],
            [
              -70.84081172503497,
              -32.810482242346225
            ],
            [
              -70.84081172503497,
              -32.81048143661568
            ],
            [
              -70.84080785440064,
              -32.81048143661568
            ],
            [
              -70.84080785440064,
              -32.810480630885145
            ],
            [
              -70.8408039837663,
              -32.810480630885145
            ],
            [
              -70.8408039837663,
              -32.81047982515461
            ],
            [
              -70.84080108079056,
              -32.81047982515461
            ],
            [
              -70.84080108079056,
              -32.810479019424065
            ],
            [
              -70.84079721015623,
              -32.810479019424065
            ],
            [
              -70.84079721015623,
              -32.81047821369353
            ],
            [
              -70.8407933395219,
              -32.81047821369353
            ],
            [
              -70.8407933395219,
              -32.81047740796299
            ],
            [
              -70.84079043654616,
              -32.81047740796299
            ],
            [
              -70.84079043654616,
              -32.81047660223245
            ],
            [
              -70.84078656591183,
              -32.81047660223245
            ],
            [
              -70.84078656591183,
              -32.81047579650191
            ],
            [
              -70.8407826952775,
              -32.81047579650191
            ],
            [
              -70.8407826952775,
              -32.810474990771375
            ],
            [
              -70.84077979230175,
              -32.810474990771375
            ],
            [
              -70.84077979230175,
              -32.81047418504083
            ],
            [
              -70.84077592166742,
              -32.81047418504083
            ],
            [
              -70.84077592166742,
              -32.810473379310295
            ],
            [
              -70.84077205103308,
              -32.810473379310295
            ],
            [
              -70.84077205103308,
              -32.81047257357976
            ],
            [
              -70.84076818039875,
              -32.81047257357976
            ],
            [
              -70.84076818039875,
              -32.81047176784922
            ],
            [
              -70.840765277423,
              -32.81047176784922
            ],
            [
              -70.840765277423,
              -32.81047096211868
            ],
            [
              -70.84076140678867,
              -32.81047096211868
            ],
            [
              -70.84076140678867,
              -32.81047015638814
            ],
            [
              -70.84075753615434,
              -32.81047015638814
            ],
            [
              -70.84075753615434,
              -32.810469350657606
            ],
            [
              -70.8407546331786,
              -32.810469350657606
            ],
            [
              -70.8407546331786,
              -32.81046854492706
            ],
            [
              -70.84075076254427,
              -32.81046854492706
            ],
            [
              -70.84075076254427,
              -32.810467739196525
            ],
            [
              -70.84074689190994,
              -32.810467739196525
            ],
            [
              -70.84074689190994,
              -32.81046693346599
            ],
            [
              -70.8407439889342,
              -32.81046693346599
            ],
            [
              -70.8407439889342,
              -32.810466127735445
            ],
            [
              -70.84074011829986,
              -32.810466127735445
            ],
            [
              -70.84074011829986,
              -32.81046532200491
            ],
            [
              -70.84073624766553,
              -32.81046532200491
            ],
            [
              -70.84073624766553,
              -32.81046451627437
            ],
            [
              -70.8407333446898,
              -32.81046451627437
            ],
            [
              -70.8407333446898,
              -32.81046371054383
            ],
            [
              -70.84072947405546,
              -32.81046371054383
            ],
            [
              -70.84072947405546,
              -32.81046290481329
            ],
            [
              -70.84072560342113,
              -32.81046290481329
            ],
            [
              -70.84072560342113,
              -32.810462099082756
            ],
            [
              -70.84072270044538,
              -32.810462099082756
            ],
            [
              -70.84072270044538,
              -32.81046129335221
            ],
            [
              -70.84071882981105,
              -32.81046129335221
            ],
            [
              -70.84071882981105,
              -32.810460487621675
            ],
            [
              -70.84071495917672,
              -32.810460487621675
            ],
            [
              -70.84071495917672,
              -32.81045968189114
            ],
            [
              -70.84071205620097,
              -32.81045968189114
            ],
            [
              -70.84071205620097,
              -32.810458876160595
            ],
            [
              -70.84070818556664,
              -32.810458876160595
            ],
            [
              -70.84070818556664,
              -32.81045807043006
            ],
            [
              -70.84070431493231,
              -32.81045807043006
            ],
            [
              -70.84070431493231,
              -32.81045726469952
            ],
            [
              -70.84070044429798,
              -32.81045726469952
            ],
            [
              -70.84070044429798,
              -32.81045645896898
            ],
            [
              -70.84069754132224,
              -32.81045645896898
            ],
            [
              -70.84069754132224,
              -32.81045565323844
            ],
            [
              -70.84069367068791,
              -32.81045565323844
            ],
            [
              -70.84069367068791,
              -32.810454847507906
            ],
            [
              -70.84068980005358,
              -32.810454847507906
            ],
            [
              -70.84068980005358,
              -32.81045404177736
            ],
            [
              -70.84068689707783,
              -32.81045404177736
            ],
            [
              -70.84068689707783,
              -32.810453236046826
            ],
            [
              -70.8406830264435,
              -32.810453236046826
            ],
            [
              -70.8406830264435,
              -32.81045243031629
            ],
            [
              -70.84067915580917,
              -32.81045243031629
            ],
            [
              -70.84067915580917,
              -32.81045162458575
            ],
            [
              -70.84067625283343,
              -32.81045162458575
            ],
            [
              -70.84067625283343,
              -32.81045081885521
            ],
            [
              -70.8406723821991,
              -32.81045081885521
            ],
            [
              -70.8406723821991,
              -32.81045001312467
            ],
            [
              -70.84066851156477,
              -32.81045001312467
            ],
            [
              -70.84066851156477,
              -32.810449207394136
            ],
            [
              -70.84066560858902,
              -32.810449207394136
            ],
            [
              -70.84066560858902,
              -32.81044840166359
            ],
            [
              -70.84066173795469,
              -32.81044840166359
            ],
            [
              -70.84066173795469,
              -32.810447595933056
            ],
            [
              -70.84065786732036,
              -32.810447595933056
            ],
            [
              -70.84065786732036,
              -32.81044679020252
            ],
            [
              -70.84065496434461,
              -32.81044679020252
            ],
            [
              -70.84065496434461,
              -32.810445984471976
            ],
            [
              -70.84065109371028,
              -32.810445984471976
            ],
            [
              -70.84065109371028,
              -32.81044517874144
            ],
            [
              -70.84064722307595,
              -32.81044517874144
            ],
            [
              -70.84064722307595,
              -32.8104443730109
            ],
            [
              -70.84064432010021,
              -32.8104443730109
            ],
            [
              -70.84064432010021,
              -32.81044356728036
            ],
            [
              -70.84064044946588,
              -32.81044356728036
            ],
            [
              -70.84064044946588,
              -32.81044276154982
            ],
            [
              -70.84063657883155,
              -32.81044276154982
            ],
            [
              -70.84063657883155,
              -32.810441955819286
            ],
            [
              -70.84063270819722,
              -32.810441955819286
            ],
            [
              -70.84063270819722,
              -32.81044115008874
            ],
            [
              -70.84062980522147,
              -32.81044115008874
            ],
            [
              -70.84062980522147,
              -32.810440344358206
            ],
            [
              -70.84062593458714,
              -32.810440344358206
            ],
            [
              -70.84062593458714,
              -32.81043953862767
            ],
            [
              -70.84062206395281,
              -32.81043953862767
            ],
            [
              -70.84062206395281,
              -32.810438732897126
            ],
            [
              -70.84061916097707,
              -32.810438732897126
            ],
            [
              -70.84061916097707,
              -32.81043792716659
            ],
            [
              -70.84061529034274,
              -32.81043792716659
            ],
            [
              -70.84061529034274,
              -32.81043712143605
            ],
            [
              -70.84061141970841,
              -32.81043712143605
            ],
            [
              -70.84061141970841,
              -32.81043631570551
            ],
            [
              -70.84060851673266,
              -32.81043631570551
            ],
            [
              -70.84060851673266,
              -32.81043550997497
            ],
            [
              -70.84060464609833,
              -32.81043550997497
            ],
            [
              -70.84060464609833,
              -32.810434704244436
            ],
            [
              -70.840600775464,
              -32.810434704244436
            ],
            [
              -70.840600775464,
              -32.81043389851389
            ],
            [
              -70.84059787248825,
              -32.81043389851389
            ],
            [
              -70.84059787248825,
              -32.810433092783356
            ],
            [
              -70.84059400185392,
              -32.810433092783356
            ],
            [
              -70.84059400185392,
              -32.81043228705282
            ],
            [
              -70.84059013121959,
              -32.81043228705282
            ],
            [
              -70.84059013121959,
              -32.810431481322276
            ],
            [
              -70.84058722824385,
              -32.810431481322276
            ],
            [
              -70.84058722824385,
              -32.81043067559174
            ],
            [
              -70.84058335760952,
              -32.81043067559174
            ],
            [
              -70.84058335760952,
              -32.8104298698612
            ],
            [
              -70.84057948697519,
              -32.8104298698612
            ],
            [
              -70.84057948697519,
              -32.810429064130666
            ],
            [
              -70.84057658399944,
              -32.810429064130666
            ],
            [
              -70.84057658399944,
              -32.81042825840012
            ],
            [
              -70.8405727133651,
              -32.81042825840012
            ],
            [
              -70.8405727133651,
              -32.810427452669586
            ],
            [
              -70.84056884273078,
              -32.810427452669586
            ],
            [
              -70.84056884273078,
              -32.81042664693905
            ],
            [
              -70.84056497209644,
              -32.81042664693905
            ],
            [
              -70.84056497209644,
              -32.810425841208506
            ],
            [
              -70.8405620691207,
              -32.810425841208506
            ],
            [
              -70.8405620691207,
              -32.81042503547797
            ],
            [
              -70.84055819848638,
              -32.81042503547797
            ],
            [
              -70.84055819848638,
              -32.81042422974743
            ],
            [
              -70.84055432785205,
              -32.81042422974743
            ],
            [
              -70.84055432785205,
              -32.81042342401689
            ],
            [
              -70.8405514248763,
              -32.81042342401689
            ],
            [
              -70.8405514248763,
              -32.81042261828635
            ],
            [
              -70.84054755424197,
              -32.81042261828635
            ],
            [
              -70.84054755424197,
              -32.810421812555816
            ],
            [
              -70.84054368360763,
              -32.810421812555816
            ],
            [
              -70.84054368360763,
              -32.81042100682527
            ],
            [
              -70.84054078063188,
              -32.81042100682527
            ],
            [
              -70.84054078063188,
              -32.810420201094736
            ],
            [
              -70.84053690999755,
              -32.810420201094736
            ],
            [
              -70.84053690999755,
              -32.8104193953642
            ],
            [
              -70.84053303936322,
              -32.8104193953642
            ],
            [
              -70.84053303936322,
              -32.810418589633656
            ],
            [
              -70.84053013638749,
              -32.810418589633656
            ],
            [
              -70.84053013638749,
              -32.81041778390312
            ],
            [
              -70.84052626575316,
              -32.81041778390312
            ],
            [
              -70.84052626575316,
              -32.81041697817258
            ],
            [
              -70.84052239511882,
              -32.81041697817258
            ],
            [
              -70.84052239511882,
              -32.81041617244204
            ],
            [
              -70.84051949214307,
              -32.81041617244204
            ],
            [
              -70.84051949214307,
              -32.8104153667115
            ],
            [
              -70.84051562150874,
              -32.8104153667115
            ],
            [
              -70.84051562150874,
              -32.810414560980966
            ],
            [
              -70.84051175087441,
              -32.810414560980966
            ],
            [
              -70.84051175087441,
              -32.81041375525042
            ],
            [
              -70.84050884789866,
              -32.81041375525042
            ],
            [
              -70.84050884789866,
              -32.810412949519886
            ],
            [
              -70.84050497726433,
              -32.810412949519886
            ],
            [
              -70.84050497726433,
              -32.81041214378935
            ],
            [
              -70.84050110663001,
              -32.81041214378935
            ],
            [
              -70.84050110663001,
              -32.810411338058806
            ],
            [
              -70.84049723599568,
              -32.810411338058806
            ],
            [
              -70.84049723599568,
              -32.81041053232827
            ],
            [
              -70.84049433301993,
              -32.81041053232827
            ],
            [
              -70.84049433301993,
              -32.81040972659773
            ],
            [
              -70.8404904623856,
              -32.81040972659773
            ],
            [
              -70.8404904623856,
              -32.81040892086719
            ],
            [
              -70.84048659175127,
              -32.81040892086719
            ],
            [
              -70.84048659175127,
              -32.81040811513665
            ],
            [
              -70.84048368877552,
              -32.81040811513665
            ],
            [
              -70.84048368877552,
              -32.810407309406116
            ],
            [
              -70.84047981814119,
              -32.810407309406116
            ],
            [
              -70.84047981814119,
              -32.81040650367558
            ],
            [
              -70.84047594750686,
              -32.81040650367558
            ],
            [
              -70.84047594750686,
              -32.810405697945036
            ],
            [
              -70.84047304453112,
              -32.810405697945036
            ],
            [
              -70.84047304453112,
              -32.8104048922145
            ],
            [
              -70.84046917389679,
              -32.8104048922145
            ],
            [
              -70.84046917389679,
              -32.81040408648396
            ],
            [
              -70.84046530326246,
              -32.81040408648396
            ],
            [
              -70.84046530326246,
              -32.81040328075342
            ],
            [
              -70.84046240028671,
              -32.81040328075342
            ],
            [
              -70.84046240028671,
              -32.81040247502288
            ],
            [
              -70.84045852965238,
              -32.81040247502288
            ],
            [
              -70.84045852965238,
              -32.81040166929235
            ],
            [
              -70.84045465901805,
              -32.81040166929235
            ],
            [
              -70.84045465901805,
              -32.8104008635618
            ],
            [
              -70.8404517560423,
              -32.8104008635618
            ],
            [
              -70.8404517560423,
              -32.81040005783127
            ],
            [
              -70.84044788540797,
              -32.81040005783127
            ],
            [
              -70.84044788540797,
              -32.81039925210073
            ],
            [
              -70.84044401477365,
              -32.81039925210073
            ],
            [
              -70.84044401477365,
              -32.810398446370186
            ],
            [
              -70.8404411117979,
              -32.810398446370186
            ],
            [
              -70.8404411117979,
              -32.81039764063965
            ],
            [
              -70.84043724116357,
              -32.81039764063965
            ],
            [
              -70.84043724116357,
              -32.81039683490911
            ],
            [
              -70.84043337052924,
              -32.81039683490911
            ],
            [
              -70.84043337052924,
              -32.81039602917857
            ],
            [
              -70.84042949989491,
              -32.81039602917857
            ],
            [
              -70.84042949989491,
              -32.81039522344803
            ],
            [
              -70.84042659691916,
              -32.81039522344803
            ],
            [
              -70.84042659691916,
              -32.8103944177175
            ],
            [
              -70.84042272628483,
              -32.8103944177175
            ],
            [
              -70.84042272628483,
              -32.81039361198695
            ],
            [
              -70.8404188556505,
              -32.81039361198695
            ],
            [
              -70.8404188556505,
              -32.81039280625642
            ],
            [
              -70.84041595267476,
              -32.81039280625642
            ],
            [
              -70.84041595267476,
              -32.81039200052588
            ],
            [
              -70.84041208204043,
              -32.81039200052588
            ],
            [
              -70.84041208204043,
              -32.810391194795336
            ],
            [
              -70.8404082114061,
              -32.810391194795336
            ],
            [
              -70.8404082114061,
              -32.8103903890648
            ],
            [
              -70.84040530843035,
              -32.8103903890648
            ],
            [
              -70.84040530843035,
              -32.81038958333426
            ],
            [
              -70.84040143779602,
              -32.81038958333426
            ],
            [
              -70.84040143779602,
              -32.81038877760372
            ],
            [
              -70.84039756716169,
              -32.81038877760372
            ],
            [
              -70.84039756716169,
              -32.81038797187318
            ],
            [
              -70.84039466418594,
              -32.81038797187318
            ],
            [
              -70.84039466418594,
              -32.81038716614265
            ],
            [
              -70.8403907935516,
              -32.81038716614265
            ],
            [
              -70.8403907935516,
              -32.8103863604121
            ],
            [
              -70.84038692291729,
              -32.8103863604121
            ],
            [
              -70.84038692291729,
              -32.81038555468157
            ],
            [
              -70.84038401994154,
              -32.81038555468157
            ],
            [
              -70.84038401994154,
              -32.81038474895103
            ],
            [
              -70.84038014930721,
              -32.81038474895103
            ],
            [
              -70.84038014930721,
              -32.810383943220494
            ],
            [
              -70.84037627867288,
              -32.810383943220494
            ],
            [
              -70.84037627867288,
              -32.81038313748995
            ],
            [
              -70.84037337569713,
              -32.81038313748995
            ],
            [
              -70.84037337569713,
              -32.81038233175941
            ],
            [
              -70.8403695050628,
              -32.81038233175941
            ],
            [
              -70.8403695050628,
              -32.81038152602888
            ],
            [
              -70.84036563442847,
              -32.81038152602888
            ],
            [
              -70.84036563442847,
              -32.81038072029833
            ],
            [
              -70.84036273145273,
              -32.81038072029833
            ],
            [
              -70.84036273145273,
              -32.8103799145678
            ],
            [
              -70.8403588608184,
              -32.8103799145678
            ],
            [
              -70.8403588608184,
              -32.81037910883726
            ],
            [
              -70.84035499018407,
              -32.81037910883726
            ],
            [
              -70.84035499018407,
              -32.81037830310672
            ],
            [
              -70.84035111954974,
              -32.81037830310672
            ],
            [
              -70.84035111954974,
              -32.81037749737618
            ],
            [
              -70.84034821657399,
              -32.81037749737618
            ],
            [
              -70.84034821657399,
              -32.810376691645644
            ],
            [
              -70.84034434593966,
              -32.810376691645644
            ],
            [
              -70.84034434593966,
              -32.8103758859151
            ],
            [
              -70.84034047530533,
              -32.8103758859151
            ],
            [
              -70.84034047530533,
              -32.81037508018456
            ],
            [
              -70.84033757232957,
              -32.81037508018456
            ],
            [
              -70.84033757232957,
              -32.81037427445403
            ],
            [
              -70.84033370169524,
              -32.81037427445403
            ],
            [
              -70.84033370169524,
              -32.81037346872348
            ],
            [
              -70.84032983106091,
              -32.81037346872348
            ],
            [
              -70.84032983106091,
              -32.81037266299295
            ],
            [
              -70.84032692808518,
              -32.81037266299295
            ],
            [
              -70.84032692808518,
              -32.81037185726241
            ],
            [
              -70.84032305745085,
              -32.81037185726241
            ],
            [
              -70.84032305745085,
              -32.81037105153187
            ],
            [
              -70.84031918681652,
              -32.81037105153187
            ],
            [
              -70.84031918681652,
              -32.81037024580133
            ],
            [
              -70.84031628384076,
              -32.81037024580133
            ],
            [
              -70.84031628384076,
              -32.810369440070794
            ],
            [
              -70.84031241320643,
              -32.810369440070794
            ],
            [
              -70.84031241320643,
              -32.81036863434025
            ],
            [
              -70.8403085425721,
              -32.81036863434025
            ],
            [
              -70.8403085425721,
              -32.810367828609714
            ],
            [
              -70.84030563959637,
              -32.810367828609714
            ],
            [
              -70.84030563959637,
              -32.81036702287918
            ],
            [
              -70.84030176896204,
              -32.81036702287918
            ],
            [
              -70.84030176896204,
              -32.81036621714863
            ],
            [
              -70.8402978983277,
              -32.81036621714863
            ],
            [
              -70.8402978983277,
              -32.8103654114181
            ],
            [
              -70.84029499535195,
              -32.8103654114181
            ],
            [
              -70.84029499535195,
              -32.81036460568756
            ],
            [
              -70.84029112471762,
              -32.81036460568756
            ],
            [
              -70.84029112471762,
              -32.810363799957024
            ],
            [
              -70.8402872540833,
              -32.810363799957024
            ],
            [
              -70.8402872540833,
              -32.81036299422648
            ],
            [
              -70.84028338344896,
              -32.81036299422648
            ],
            [
              -70.84028338344896,
              -32.810362188495944
            ],
            [
              -70.84028048047321,
              -32.810362188495944
            ],
            [
              -70.84028048047321,
              -32.81036138276541
            ],
            [
              -70.84027660983888,
              -32.81036138276541
            ],
            [
              -70.84027660983888,
              -32.810360577034864
            ],
            [
              -70.84027273920455,
              -32.810360577034864
            ],
            [
              -70.84027273920455,
              -32.81035977130433
            ],
            [
              -70.84026983622881,
              -32.81035977130433
            ],
            [
              -70.84026983622881,
              -32.81035896557379
            ],
            [
              -70.84026596559448,
              -32.81035896557379
            ],
            [
              -70.84026596559448,
              -32.81035815984325
            ],
            [
              -70.84026209496015,
              -32.81035815984325
            ],
            [
              -70.84026209496015,
              -32.81035735411271
            ],
            [
              -70.8402591919844,
              -32.81035735411271
            ],
            [
              -70.8402591919844,
              -32.810356548382174
            ],
            [
              -70.84025532135007,
              -32.810356548382174
            ],
            [
              -70.84025532135007,
              -32.81035574265163
            ],
            [
              -70.84025145071574,
              -32.81035574265163
            ],
            [
              -70.84025145071574,
              -32.810354936921094
            ],
            [
              -70.84024854774,
              -32.810354936921094
            ],
            [
              -70.84024854774,
              -32.81035413119056
            ],
            [
              -70.84024467710567,
              -32.81035413119056
            ],
            [
              -70.84024467710567,
              -32.810353325460014
            ],
            [
              -70.84024080647134,
              -32.810353325460014
            ],
            [
              -70.84024080647134,
              -32.81035251972948
            ],
            [
              -70.84023790349559,
              -32.81035251972948
            ],
            [
              -70.84023790349559,
              -32.81035171399894
            ],
            [
              -70.84023403286126,
              -32.81035171399894
            ],
            [
              -70.84023403286126,
              -32.8103509082684
            ],
            [
              -70.84023016222693,
              -32.8103509082684
            ],
            [
              -70.84023016222693,
              -32.81035010253786
            ],
            [
              -70.84022725925118,
              -32.81035010253786
            ],
            [
              -70.84022725925118,
              -32.810349296807324
            ],
            [
              -70.84022338861685,
              -32.810349296807324
            ],
            [
              -70.84022338861685,
              -32.81034849107678
            ],
            [
              -70.84021951798252,
              -32.81034849107678
            ],
            [
              -70.84021951798252,
              -32.810347685346244
            ],
            [
              -70.84021564734819,
              -32.810347685346244
            ],
            [
              -70.84021564734819,
              -32.81034687961571
            ],
            [
              -70.84021274437245,
              -32.81034687961571
            ],
            [
              -70.84021274437245,
              -32.810346073885164
            ],
            [
              -70.84020887373812,
              -32.810346073885164
            ],
            [
              -70.84020887373812,
              -32.81034526815463
            ],
            [
              -70.84020500310379,
              -32.81034526815463
            ],
            [
              -70.84020500310379,
              -32.81034446242409
            ],
            [
              -70.84020210012804,
              -32.81034446242409
            ],
            [
              -70.84020210012804,
              -32.81034365669355
            ],
            [
              -70.84019822949371,
              -32.81034365669355
            ],
            [
              -70.84019822949371,
              -32.81034285096301
            ],
            [
              -70.84019435885938,
              -32.81034285096301
            ],
            [
              -70.84019435885938,
              -32.810342045232474
            ],
            [
              -70.84019145588364,
              -32.810342045232474
            ],
            [
              -70.84019145588364,
              -32.81034123950194
            ],
            [
              -70.84018758524931,
              -32.81034123950194
            ],
            [
              -70.84018758524931,
              -32.810340433771394
            ],
            [
              -70.84018371461498,
              -32.810340433771394
            ],
            [
              -70.84018371461498,
              -32.81033962804086
            ],
            [
              -70.84018081163923,
              -32.81033962804086
            ],
            [
              -70.84018081163923,
              -32.81033882231032
            ],
            [
              -70.8401769410049,
              -32.81033882231032
            ],
            [
              -70.8401769410049,
              -32.81033801657978
            ],
            [
              -70.84017307037057,
              -32.81033801657978
            ],
            [
              -70.84017307037057,
              -32.81033721084924
            ],
            [
              -70.84017016739482,
              -32.81033721084924
            ],
            [
              -70.84017016739482,
              -32.810336405118704
            ],
            [
              -70.84016629676049,
              -32.810336405118704
            ],
            [
              -70.84016629676049,
              -32.81033559938816
            ],
            [
              -70.84016242612616,
              -32.81033559938816
            ],
            [
              -70.84016242612616,
              -32.810334793657624
            ],
            [
              -70.84015952315042,
              -32.810334793657624
            ],
            [
              -70.84015952315042,
              -32.81033398792709
            ],
            [
              -70.84015565251609,
              -32.81033398792709
            ],
            [
              -70.84015565251609,
              -32.810333182196544
            ],
            [
              -70.84015178188176,
              -32.810333182196544
            ],
            [
              -70.84015178188176,
              -32.81033237646601
            ],
            [
              -70.84014791124743,
              -32.81033237646601
            ],
            [
              -70.84014791124743,
              -32.81033157073547
            ],
            [
              -70.84014500827168,
              -32.81033157073547
            ],
            [
              -70.84014500827168,
              -32.81033076500493
            ],
            [
              -70.84014113763735,
              -32.81033076500493
            ],
            [
              -70.84014113763735,
              -32.81032995927439
            ],
            [
              -70.84013726700302,
              -32.81032995927439
            ],
            [
              -70.84013726700302,
              -32.810329153543854
            ],
            [
              -70.84013436402728,
              -32.810329153543854
            ],
            [
              -70.84013436402728,
              -32.81032834781331
            ],
            [
              -70.84013049339295,
              -32.81032834781331
            ],
            [
              -70.84013049339295,
              -32.810327542082774
            ],
            [
              -70.84012662275862,
              -32.810327542082774
            ],
            [
              -70.84012662275862,
              -32.81032673635224
            ],
            [
              -70.84012371978287,
              -32.81032673635224
            ],
            [
              -70.84012371978287,
              -32.810325930621694
            ],
            [
              -70.84011984914854,
              -32.810325930621694
            ],
            [
              -70.84011984914854,
              -32.81032512489116
            ],
            [
              -70.8401159785142,
              -32.81032512489116
            ],
            [
              -70.8401159785142,
              -32.81032431916062
            ],
            [
              -70.84011307553845,
              -32.81032431916062
            ],
            [
              -70.84011307553845,
              -32.81032351343008
            ],
            [
              -70.84010920490412,
              -32.81032351343008
            ],
            [
              -70.84010920490412,
              -32.81032270769954
            ],
            [
              -70.8401053342698,
              -32.81032270769954
            ],
            [
              -70.8401053342698,
              -32.810321901969004
            ],
            [
              -70.84010243129406,
              -32.810321901969004
            ],
            [
              -70.84010243129406,
              -32.81032109623846
            ],
            [
              -70.84009856065973,
              -32.81032109623846
            ],
            [
              -70.84009856065973,
              -32.810320290507924
            ],
            [
              -70.8400946900254,
              -32.810320290507924
            ],
            [
              -70.8400946900254,
              -32.81031948477739
            ],
            [
              -70.84009178704964,
              -32.81031948477739
            ],
            [
              -70.84009178704964,
              -32.81031867904685
            ],
            [
              -70.84008791641531,
              -32.81031867904685
            ],
            [
              -70.84008791641531,
              -32.81031787331631
            ],
            [
              -70.84008404578098,
              -32.81031787331631
            ],
            [
              -70.84008404578098,
              -32.81031706758577
            ],
            [
              -70.84008017514665,
              -32.81031706758577
            ],
            [
              -70.84008017514665,
              -32.810316261855235
            ],
            [
              -70.8400772721709,
              -32.810316261855235
            ],
            [
              -70.8400772721709,
              -32.81031545612469
            ],
            [
              -70.84007340153659,
              -32.81031545612469
            ],
            [
              -70.84007340153659,
              -32.810314650394155
            ],
            [
              -70.84006953090226,
              -32.810314650394155
            ],
            [
              -70.84006953090226,
              -32.81031384466362
            ],
            [
              -70.8400666279265,
              -32.81031384466362
            ],
            [
              -70.8400666279265,
              -32.810313038933074
            ],
            [
              -70.84006275729217,
              -32.810313038933074
            ],
            [
              -70.84006275729217,
              -32.81031223320254
            ],
            [
              -70.84005888665784,
              -32.81031223320254
            ],
            [
              -70.84005888665784,
              -32.810311427472
            ],
            [
              -70.84005598368209,
              -32.810311427472
            ],
            [
              -70.84005598368209,
              -32.81031062174146
            ],
            [
              -70.84005211304776,
              -32.81031062174146
            ],
            [
              -70.84005211304776,
              -32.81030981601092
            ],
            [
              -70.84004824241343,
              -32.81030981601092
            ],
            [
              -70.84004824241343,
              -32.810309010280385
            ],
            [
              -70.8400453394377,
              -32.810309010280385
            ],
            [
              -70.8400453394377,
              -32.81030820454984
            ],
            [
              -70.84004146880336,
              -32.81030820454984
            ],
            [
              -70.84004146880336,
              -32.810307398819305
            ],
            [
              -70.84003759816903,
              -32.810307398819305
            ],
            [
              -70.84003759816903,
              -32.81030659308877
            ],
            [
              -70.84003469519328,
              -32.81030659308877
            ],
            [
              -70.84003469519328,
              -32.810305787358224
            ],
            [
              -70.84003082455895,
              -32.810305787358224
            ],
            [
              -70.84003082455895,
              -32.81030498162769
            ],
            [
              -70.84002695392462,
              -32.81030498162769
            ],
            [
              -70.84002695392462,
              -32.81030417589715
            ],
            [
              -70.84002405094887,
              -32.81030417589715
            ],
            [
              -70.84002405094887,
              -32.81030337016661
            ],
            [
              -70.84002018031454,
              -32.81030337016661
            ],
            [
              -70.84002018031454,
              -32.81030256443607
            ],
            [
              -70.84001630968022,
              -32.81030256443607
            ],
            [
              -70.84001630968022,
              -32.810301758705535
            ],
            [
              -70.84001243904589,
              -32.810301758705535
            ],
            [
              -70.84001243904589,
              -32.81030095297499
            ],
            [
              -70.84000953607014,
              -32.81030095297499
            ],
            [
              -70.84000953607014,
              -32.810300147244455
            ],
            [
              -70.84000566543581,
              -32.810300147244455
            ],
            [
              -70.84000566543581,
              -32.81029934151392
            ],
            [
              -70.84000179480148,
              -32.81029934151392
            ],
            [
              -70.84000179480148,
              -32.81029853578338
            ],
            [
              -70.83999889182573,
              -32.81029853578338
            ],
            [
              -70.83999889182573,
              -32.81029773005284
            ],
            [
              -70.8399950211914,
              -32.81029773005284
            ],
            [
              -70.8399950211914,
              -32.8102969243223
            ],
            [
              -70.83999115055707,
              -32.8102969243223
            ],
            [
              -70.83999115055707,
              -32.810296118591765
            ],
            [
              -70.83998824758133,
              -32.810296118591765
            ],
            [
              -70.83998824758133,
              -32.81029531286122
            ],
            [
              -70.839984376947,
              -32.81029531286122
            ],
            [
              -70.839984376947,
              -32.810294507130685
            ],
            [
              -70.83998050631267,
              -32.810294507130685
            ],
            [
              -70.83998050631267,
              -32.81029370140015
            ],
            [
              -70.83997760333692,
              -32.81029370140015
            ],
            [
              -70.83997760333692,
              -32.810292895669605
            ],
            [
              -70.83997373270259,
              -32.810292895669605
            ],
            [
              -70.83997373270259,
              -32.81029208993907
            ],
            [
              -70.83996986206826,
              -32.81029208993907
            ],
            [
              -70.83996986206826,
              -32.81029128420853
            ],
            [
              -70.83996695909251,
              -32.81029128420853
            ],
            [
              -70.83996695909251,
              -32.81029047847799
            ],
            [
              -70.83996308845818,
              -32.81029047847799
            ],
            [
              -70.83996308845818,
              -32.81028967274745
            ],
            [
              -70.83995921782386,
              -32.81028967274745
            ],
            [
              -70.83995921782386,
              -32.810288867016915
            ],
            [
              -70.83995631484811,
              -32.810288867016915
            ],
            [
              -70.83995631484811,
              -32.81028806128637
            ],
            [
              -70.83995244421378,
              -32.81028806128637
            ],
            [
              -70.83995244421378,
              -32.810287255555835
            ],
            [
              -70.83994857357945,
              -32.810287255555835
            ],
            [
              -70.83994857357945,
              -32.8102864498253
            ],
            [
              -70.83994470294512,
              -32.8102864498253
            ],
            [
              -70.83994470294512,
              -32.810285644094755
            ],
            [
              -70.83994179996937,
              -32.810285644094755
            ],
            [
              -70.83994179996937,
              -32.81028483836422
            ],
            [
              -70.83993792933504,
              -32.81028483836422
            ],
            [
              -70.83993792933504,
              -32.81028403263368
            ],
            [
              -70.8399340587007,
              -32.81028403263368
            ],
            [
              -70.8399340587007,
              -32.81028322690314
            ],
            [
              -70.83993115572497,
              -32.81028322690314
            ],
            [
              -70.83993115572497,
              -32.8102824211726
            ],
            [
              -70.83992728509064,
              -32.8102824211726
            ],
            [
              -70.83992728509064,
              -32.810281615442065
            ],
            [
              -70.83992341445631,
              -32.810281615442065
            ],
            [
              -70.83992341445631,
              -32.81028080971152
            ],
            [
              -70.83992051148056,
              -32.81028080971152
            ],
            [
              -70.83992051148056,
              -32.810280003980985
            ],
            [
              -70.83991664084623,
              -32.810280003980985
            ],
            [
              -70.83991664084623,
              -32.81027919825045
            ],
            [
              -70.8399127702119,
              -32.81027919825045
            ],
            [
              -70.8399127702119,
              -32.810278392519905
            ],
            [
              -70.83990986723614,
              -32.810278392519905
            ],
            [
              -70.83990986723614,
              -32.81027758678937
            ],
            [
              -70.83990599660181,
              -32.81027758678937
            ],
            [
              -70.83990599660181,
              -32.81027678105883
            ],
            [
              -70.83990212596748,
              -32.81027678105883
            ],
            [
              -70.83990212596748,
              -32.810275975328295
            ],
            [
              -70.83989922299175,
              -32.810275975328295
            ],
            [
              -70.83989922299175,
              -32.81027516959775
            ],
            [
              -70.83989535235742,
              -32.81027516959775
            ],
            [
              -70.83989535235742,
              -32.810274363867215
            ],
            [
              -70.83989148172309,
              -32.810274363867215
            ],
            [
              -70.83989148172309,
              -32.81027355813668
            ],
            [
              -70.83988857874733,
              -32.81027355813668
            ],
            [
              -70.83988857874733,
              -32.810272752406135
            ],
            [
              -70.839884708113,
              -32.810272752406135
            ],
            [
              -70.839884708113,
              -32.8102719466756
            ],
            [
              -70.83988083747867,
              -32.8102719466756
            ],
            [
              -70.83988083747867,
              -32.81027114094506
            ],
            [
              -70.83987696684434,
              -32.81027114094506
            ],
            [
              -70.83987696684434,
              -32.81027033521452
            ],
            [
              -70.8398740638686,
              -32.81027033521452
            ],
            [
              -70.8398740638686,
              -32.81026952948398
            ],
            [
              -70.83987019323428,
              -32.81026952948398
            ],
            [
              -70.83987019323428,
              -32.810268723753445
            ],
            [
              -70.83986632259995,
              -32.810268723753445
            ],
            [
              -70.83986632259995,
              -32.8102679180229
            ],
            [
              -70.8398634196242,
              -32.8102679180229
            ],
            [
              -70.8398634196242,
              -32.810267112292365
            ],
            [
              -70.83985954898986,
              -32.810267112292365
            ],
            [
              -70.83985954898986,
              -32.81026630656183
            ],
            [
              -70.83985567835553,
              -32.81026630656183
            ],
            [
              -70.83985567835553,
              -32.810265500831285
            ],
            [
              -70.83985277537978,
              -32.810265500831285
            ],
            [
              -70.83985277537978,
              -32.81026469510075
            ],
            [
              -70.83984890474545,
              -32.81026469510075
            ],
            [
              -70.83984890474545,
              -32.81026388937021
            ],
            [
              -70.83984503411112,
              -32.81026388937021
            ],
            [
              -70.83984503411112,
              -32.81026308363967
            ],
            [
              -70.83984213113538,
              -32.81026308363967
            ],
            [
              -70.83984213113538,
              -32.81026227790913
            ],
            [
              -70.83983826050105,
              -32.81026227790913
            ],
            [
              -70.83983826050105,
              -32.810261472178595
            ],
            [
              -70.83983438986672,
              -32.810261472178595
            ],
            [
              -70.83983438986672,
              -32.81026066644805
            ],
            [
              -70.83983148689097,
              -32.81026066644805
            ],
            [
              -70.83983148689097,
              -32.810259860717515
            ],
            [
              -70.83982761625664,
              -32.810259860717515
            ],
            [
              -70.83982761625664,
              -32.81025905498698
            ],
            [
              -70.83982374562231,
              -32.81025905498698
            ],
            [
              -70.83982374562231,
              -32.810258249256435
            ],
            [
              -70.83982084264657,
              -32.810258249256435
            ],
            [
              -70.83982084264657,
              -32.8102574435259
            ],
            [
              -70.83981697201224,
              -32.8102574435259
            ],
            [
              -70.83981697201224,
              -32.81025663779536
            ],
            [
              -70.83981310137791,
              -32.81025663779536
            ],
            [
              -70.83981310137791,
              -32.81025583206482
            ],
            [
              -70.83980923074358,
              -32.81025583206482
            ],
            [
              -70.83980923074358,
              -32.81025502633428
            ],
            [
              -70.83980632776783,
              -32.81025502633428
            ],
            [
              -70.83980632776783,
              -32.810254220603746
            ],
            [
              -70.8398024571335,
              -32.810254220603746
            ],
            [
              -70.8398024571335,
              -32.81025341487321
            ],
            [
              -70.83979858649917,
              -32.81025341487321
            ],
            [
              -70.83979858649917,
              -32.810252609142665
            ],
            [
              -70.83979568352342,
              -32.810252609142665
            ],
            [
              -70.83979568352342,
              -32.81025180341213
            ],
            [
              -70.83979181288909,
              -32.81025180341213
            ],
            [
              -70.83979181288909,
              -32.81025099768159
            ],
            [
              -70.83978794225476,
              -32.81025099768159
            ],
            [
              -70.83978794225476,
              -32.81025019195105
            ],
            [
              -70.83978503927902,
              -32.81025019195105
            ],
            [
              -70.83978503927902,
              -32.81024938622051
            ],
            [
              -70.83978116864469,
              -32.81024938622051
            ],
            [
              -70.83978116864469,
              -32.810248580489976
            ],
            [
              -70.83977729801036,
              -32.810248580489976
            ],
            [
              -70.83977729801036,
              -32.81024777475943
            ],
            [
              -70.83977439503461,
              -32.81024777475943
            ],
            [
              -70.83977439503461,
              -32.810246969028896
            ],
            [
              -70.83977052440028,
              -32.810246969028896
            ],
            [
              -70.83977052440028,
              -32.81024616329836
            ],
            [
              -70.83976665376595,
              -32.81024616329836
            ],
            [
              -70.83976665376595,
              -32.810245357567815
            ],
            [
              -70.83976375079021,
              -32.810245357567815
            ],
            [
              -70.83976375079021,
              -32.81024455183728
            ],
            [
              -70.83975988015588,
              -32.81024455183728
            ],
            [
              -70.83975988015588,
              -32.81024374610674
            ],
            [
              -70.83975600952155,
              -32.81024374610674
            ],
            [
              -70.83975600952155,
              -32.8102429403762
            ],
            [
              -70.8397531065458,
              -32.8102429403762
            ],
            [
              -70.8397531065458,
              -32.81024213464566
            ],
            [
              -70.83974923591147,
              -32.81024213464566
            ],
            [
              -70.83974923591147,
              -32.810241328915126
            ],
            [
              -70.83974536527714,
              -32.810241328915126
            ],
            [
              -70.83974536527714,
              -32.81024052318458
            ],
            [
              -70.83974149464281,
              -32.81024052318458
            ],
            [
              -70.83974149464281,
              -32.810239717454046
            ],
            [
              -70.83973859166706,
              -32.810239717454046
            ],
            [
              -70.83973859166706,
              -32.81023891172351
            ],
            [
              -70.83973472103273,
              -32.81023891172351
            ],
            [
              -70.83973472103273,
              -32.810238105992966
            ],
            [
              -70.8397308503984,
              -32.810238105992966
            ],
            [
              -70.8397308503984,
              -32.81023730026243
            ],
            [
              -70.83972794742266,
              -32.81023730026243
            ],
            [
              -70.83972794742266,
              -32.81023649453189
            ],
            [
              -70.83972407678833,
              -32.81023649453189
            ],
            [
              -70.83972407678833,
              -32.81023568880135
            ],
            [
              -70.839720206154,
              -32.81023568880135
            ],
            [
              -70.839720206154,
              -32.81023488307081
            ],
            [
              -70.83971730317825,
              -32.81023488307081
            ],
            [
              -70.83971730317825,
              -32.810234077340276
            ],
            [
              -70.83971343254392,
              -32.810234077340276
            ],
            [
              -70.83971343254392,
              -32.81023327160973
            ],
            [
              -70.83970956190959,
              -32.81023327160973
            ],
            [
              -70.83970956190959,
              -32.810232465879196
            ],
            [
              -70.83970665893385,
              -32.810232465879196
            ],
            [
              -70.83970665893385,
              -32.81023166014866
            ],
            [
              -70.83970278829952,
              -32.81023166014866
            ],
            [
              -70.83970278829952,
              -32.81023085441812
            ],
            [
              -70.83969891766519,
              -32.81023085441812
            ],
            [
              -70.83969891766519,
              -32.81023004868758
            ],
            [
              -70.83969601468944,
              -32.81023004868758
            ],
            [
              -70.83969601468944,
              -32.81022924295704
            ],
            [
              -70.8396921440551,
              -32.81022924295704
            ],
            [
              -70.8396921440551,
              -32.810228437226506
            ],
            [
              -70.83968827342078,
              -32.810228437226506
            ],
            [
              -70.83968827342078,
              -32.81022763149596
            ],
            [
              -70.83968537044503,
              -32.81022763149596
            ],
            [
              -70.83968537044503,
              -32.810226825765426
            ],
            [
              -70.8396814998107,
              -32.810226825765426
            ],
            [
              -70.8396814998107,
              -32.81022602003489
            ],
            [
              -70.83967762917636,
              -32.81022602003489
            ],
            [
              -70.83967762917636,
              -32.810225214304346
            ],
            [
              -70.83967375854203,
              -32.810225214304346
            ],
            [
              -70.83967375854203,
              -32.81022440857381
            ],
            [
              -70.8396708555663,
              -32.81022440857381
            ],
            [
              -70.8396708555663,
              -32.81022360284327
            ],
            [
              -70.83966698493197,
              -32.81022360284327
            ],
            [
              -70.83966698493197,
              -32.81022279711273
            ],
            [
              -70.83966311429764,
              -32.81022279711273
            ],
            [
              -70.83966311429764,
              -32.81022199138219
            ],
            [
              -70.83966021132188,
              -32.81022199138219
            ],
            [
              -70.83966021132188,
              -32.810221185651656
            ],
            [
              -70.83965634068755,
              -32.810221185651656
            ],
            [
              -70.83965634068755,
              -32.81022037992111
            ],
            [
              -70.83965247005322,
              -32.81022037992111
            ],
            [
              -70.83965247005322,
              -32.810219574190576
            ],
            [
              -70.83964956707747,
              -32.810219574190576
            ],
            [
              -70.83964956707747,
              -32.81021876846004
            ],
            [
              -70.83964569644316,
              -32.81021876846004
            ],
            [
              -70.83964569644316,
              -32.810217962729496
            ],
            [
              -70.83964182580883,
              -32.810217962729496
            ],
            [
              -70.83964182580883,
              -32.81021715699896
            ],
            [
              -70.83963892283307,
              -32.81021715699896
            ],
            [
              -70.83963892283307,
              -32.81021635126842
            ],
            [
              -70.83963505219874,
              -32.81021635126842
            ],
            [
              -70.83963505219874,
              -32.81021554553788
            ],
            [
              -70.83963118156441,
              -32.81021554553788
            ],
            [
              -70.83963118156441,
              -32.81021473980734
            ],
            [
              -70.83962827858866,
              -32.81021473980734
            ],
            [
              -70.83962827858866,
              -32.810213934076806
            ],
            [
              -70.83962440795433,
              -32.810213934076806
            ],
            [
              -70.83962440795433,
              -32.81021312834626
            ],
            [
              -70.83962053732,
              -32.81021312834626
            ],
            [
              -70.83962053732,
              -32.810212322615726
            ],
            [
              -70.83961763434426,
              -32.810212322615726
            ],
            [
              -70.83961763434426,
              -32.81021151688519
            ],
            [
              -70.83961376370993,
              -32.81021151688519
            ],
            [
              -70.83961376370993,
              -32.81021071115465
            ],
            [
              -70.8396098930756,
              -32.81021071115465
            ],
            [
              -70.8396098930756,
              -32.81020990542411
            ],
            [
              -70.83960699009985,
              -32.81020990542411
            ],
            [
              -70.83960699009985,
              -32.81020909969357
            ],
            [
              -70.83960311946552,
              -32.81020909969357
            ],
            [
              -70.83960311946552,
              -32.810208293963036
            ],
            [
              -70.83959924883119,
              -32.810208293963036
            ],
            [
              -70.83959924883119,
              -32.81020748823249
            ],
            [
              -70.83959537819686,
              -32.81020748823249
            ],
            [
              -70.83959537819686,
              -32.810206682501956
            ],
            [
              -70.83959247522111,
              -32.810206682501956
            ],
            [
              -70.83959247522111,
              -32.81020587677142
            ],
            [
              -70.8395886045868,
              -32.81020587677142
            ],
            [
              -70.8395886045868,
              -32.810205071040876
            ],
            [
              -70.83958473395246,
              -32.810205071040876
            ],
            [
              -70.83958473395246,
              -32.81020426531034
            ],
            [
              -70.83958183097671,
              -32.81020426531034
            ],
            [
              -70.83958183097671,
              -32.8102034595798
            ],
            [
              -70.83957796034238,
              -32.8102034595798
            ],
            [
              -70.83957796034238,
              -32.81020265384926
            ],
            [
              -70.83957408970805,
              -32.81020265384926
            ],
            [
              -70.83957408970805,
              -32.81020184811872
            ],
            [
              -70.8395711867323,
              -32.81020184811872
            ],
            [
              -70.8395711867323,
              -32.81020104238819
            ],
            [
              -70.83956731609797,
              -32.81020104238819
            ],
            [
              -70.83956731609797,
              -32.81020023665764
            ],
            [
              -70.83956344546364,
              -32.81020023665764
            ],
            [
              -70.83956344546364,
              -32.810199430927106
            ],
            [
              -70.8395605424879,
              -32.810199430927106
            ],
            [
              -70.8395605424879,
              -32.81019862519657
            ],
            [
              -70.83955667185357,
              -32.81019862519657
            ],
            [
              -70.83955667185357,
              -32.810197819466026
            ],
            [
              -70.83955280121924,
              -32.810197819466026
            ],
            [
              -70.83955280121924,
              -32.81019701373549
            ],
            [
              -70.83954989824349,
              -32.81019701373549
            ],
            [
              -70.83954989824349,
              -32.81019620800495
            ],
            [
              -70.83954602760916,
              -32.81019620800495
            ],
            [
              -70.83954602760916,
              -32.81019540227441
            ],
            [
              -70.83954215697483,
              -32.81019540227441
            ],
            [
              -70.83954215697483,
              -32.81019459654387
            ],
            [
              -70.83953925399908,
              -32.81019459654387
            ],
            [
              -70.83953925399908,
              -32.81019379081334
            ],
            [
              -70.83953538336475,
              -32.81019379081334
            ],
            [
              -70.83953538336475,
              -32.81019298508279
            ],
            [
              -70.83953151273043,
              -32.81019298508279
            ],
            [
              -70.83953151273043,
              -32.810192179352256
            ],
            [
              -70.8395276420961,
              -32.810192179352256
            ],
            [
              -70.8395276420961,
              -32.81019137362172
            ],
            [
              -70.83952473912035,
              -32.81019137362172
            ],
            [
              -70.83952473912035,
              -32.810190567891176
            ],
            [
              -70.83952086848602,
              -32.810190567891176
            ],
            [
              -70.83952086848602,
              -32.81018976216064
            ],
            [
              -70.83951699785169,
              -32.81018976216064
            ],
            [
              -70.83951699785169,
              -32.8101889564301
            ],
            [
              -70.83951409487594,
              -32.8101889564301
            ],
            [
              -70.83951409487594,
              -32.81018815069957
            ],
            [
              -70.83951022424161,
              -32.81018815069957
            ],
            [
              -70.83951022424161,
              -32.81018734496902
            ],
            [
              -70.83950635360728,
              -32.81018734496902
            ],
            [
              -70.83950635360728,
              -32.81018653923849
            ],
            [
              -70.83950345063154,
              -32.81018653923849
            ],
            [
              -70.83950345063154,
              -32.81018573350795
            ],
            [
              -70.83949957999721,
              -32.81018573350795
            ],
            [
              -70.83949957999721,
              -32.81018492777741
            ],
            [
              -70.83949570936288,
              -32.81018492777741
            ],
            [
              -70.83949570936288,
              -32.81018412204687
            ],
            [
              -70.83949280638713,
              -32.81018412204687
            ],
            [
              -70.83949280638713,
              -32.81018331631633
            ],
            [
              -70.8394889357528,
              -32.81018331631633
            ],
            [
              -70.8394889357528,
              -32.81018251058579
            ],
            [
              -70.83948506511847,
              -32.81018251058579
            ],
            [
              -70.83948506511847,
              -32.81018170485525
            ],
            [
              -70.83948216214272,
              -32.81018170485525
            ],
            [
              -70.83948216214272,
              -32.81018089912472
            ],
            [
              -70.83947829150839,
              -32.81018089912472
            ],
            [
              -70.83947829150839,
              -32.81018009339417
            ],
            [
              -70.83947442087407,
              -32.81018009339417
            ],
            [
              -70.83947442087407,
              -32.81017928766364
            ],
            [
              -70.83947151789832,
              -32.81017928766364
            ],
            [
              -70.83947151789832,
              -32.8101784819331
            ],
            [
              -70.83946764726399,
              -32.8101784819331
            ],
            [
              -70.83946764726399,
              -32.81017767620256
            ],
            [
              -70.83946377662966,
              -32.81017767620256
            ],
            [
              -70.83946377662966,
              -32.81017687047202
            ],
            [
              -70.83945990599533,
              -32.81017687047202
            ],
            [
              -70.83945990599533,
              -32.81017606474148
            ],
            [
              -70.83945700301958,
              -32.81017606474148
            ],
            [
              -70.83945700301958,
              -32.81017525901094
            ],
            [
              -70.83945313238524,
              -32.81017525901094
            ],
            [
              -70.83945313238524,
              -32.8101744532804
            ],
            [
              -70.83944926175091,
              -32.8101744532804
            ],
            [
              -70.83944926175091,
              -32.81017364754987
            ],
            [
              -70.83944635877518,
              -32.81017364754987
            ],
            [
              -70.83944635877518,
              -32.81017284181932
            ],
            [
              -70.83944248814085,
              -32.81017284181932
            ],
            [
              -70.83944248814085,
              -32.81017203608879
            ],
            [
              -70.83943861750652,
              -32.81017203608879
            ],
            [
              -70.83943861750652,
              -32.81017123035825
            ],
            [
              -70.83943571453077,
              -32.81017123035825
            ],
            [
              -70.83943571453077,
              -32.81017042462771
            ],
            [
              -70.83943184389643,
              -32.81017042462771
            ],
            [
              -70.83943184389643,
              -32.81016961889717
            ],
            [
              -70.8394279732621,
              -32.81016961889717
            ],
            [
              -70.8394279732621,
              -32.810168813166634
            ],
            [
              -70.83942507028635,
              -32.810168813166634
            ],
            [
              -70.83942507028635,
              -32.81016800743609
            ],
            [
              -70.83942119965202,
              -32.81016800743609
            ],
            [
              -70.83942119965202,
              -32.81016720170555
            ],
            [
              -70.83941732901769,
              -32.81016720170555
            ],
            [
              -70.83941732901769,
              -32.81016639597502
            ],
            [
              -70.83941442604196,
              -32.81016639597502
            ],
            [
              -70.83941442604196,
              -32.81016559024448
            ],
            [
              -70.83941055540762,
              -32.81016559024448
            ],
            [
              -70.83941055540762,
              -32.81016478451394
            ],
            [
              -70.8394066847733,
              -32.81016478451394
            ],
            [
              -70.8394066847733,
              -32.8101639787834
            ],
            [
              -70.83940378179754,
              -32.8101639787834
            ],
            [
              -70.83940378179754,
              -32.810163173052864
            ],
            [
              -70.83939991116321,
              -32.810163173052864
            ],
            [
              -70.83939991116321,
              -32.81016236732232
            ],
            [
              -70.83939604052888,
              -32.81016236732232
            ],
            [
              -70.83939604052888,
              -32.810161561591784
            ],
            [
              -70.83939216989455,
              -32.810161561591784
            ],
            [
              -70.83939216989455,
              -32.81016075586125
            ],
            [
              -70.83938926691881,
              -32.81016075586125
            ],
            [
              -70.83938926691881,
              -32.8101599501307
            ],
            [
              -70.83938539628448,
              -32.8101599501307
            ],
            [
              -70.83938539628448,
              -32.81015914440017
            ],
            [
              -70.83938152565015,
              -32.81015914440017
            ],
            [
              -70.83938152565015,
              -32.81015833866963
            ],
            [
              -70.8393786226744,
              -32.81015833866963
            ],
            [
              -70.8393786226744,
              -32.81015753293909
            ],
            [
              -70.83937475204007,
              -32.81015753293909
            ],
            [
              -70.83937475204007,
              -32.81015672720855
            ],
            [
              -70.83937088140574,
              -32.81015672720855
            ],
            [
              -70.83937088140574,
              -32.810155921478014
            ],
            [
              -70.83936797842999,
              -32.810155921478014
            ],
            [
              -70.83936797842999,
              -32.81015511574747
            ],
            [
              -70.83936410779566,
              -32.81015511574747
            ],
            [
              -70.83936410779566,
              -32.810154310016934
            ],
            [
              -70.83936023716133,
              -32.810154310016934
            ],
            [
              -70.83936023716133,
              -32.8101535042864
            ],
            [
              -70.83935733418559,
              -32.8101535042864
            ],
            [
              -70.83935733418559,
              -32.810152698555854
            ],
            [
              -70.83935346355126,
              -32.810152698555854
            ],
            [
              -70.83935346355126,
              -32.81015189282532
            ],
            [
              -70.83934959291693,
              -32.81015189282532
            ],
            [
              -70.83934959291693,
              -32.81015108709478
            ],
            [
              -70.83934668994118,
              -32.81015108709478
            ],
            [
              -70.83934668994118,
              -32.81015028136424
            ],
            [
              -70.83934281930685,
              -32.81015028136424
            ],
            [
              -70.83934281930685,
              -32.8101494756337
            ],
            [
              -70.83933894867252,
              -32.8101494756337
            ],
            [
              -70.83933894867252,
              -32.810148669903164
            ],
            [
              -70.83933604569678,
              -32.810148669903164
            ],
            [
              -70.83933604569678,
              -32.81014786417262
            ],
            [
              -70.83933217506245,
              -32.81014786417262
            ],
            [
              -70.83933217506245,
              -32.810147058442084
            ],
            [
              -70.83932830442812,
              -32.810147058442084
            ],
            [
              -70.83932830442812,
              -32.81014625271155
            ],
            [
              -70.83932443379379,
              -32.81014625271155
            ],
            [
              -70.83932443379379,
              -32.81014544698101
            ],
            [
              -70.83932153081804,
              -32.81014544698101
            ],
            [
              -70.83932153081804,
              -32.81014464125047
            ],
            [
              -70.83931766018371,
              -32.81014464125047
            ],
            [
              -70.83931766018371,
              -32.81014383551993
            ],
            [
              -70.83931378954938,
              -32.81014383551993
            ],
            [
              -70.83931378954938,
              -32.810143029789394
            ],
            [
              -70.83931088657363,
              -32.810143029789394
            ],
            [
              -70.83931088657363,
              -32.81014222405885
            ],
            [
              -70.8393070159393,
              -32.81014222405885
            ],
            [
              -70.8393070159393,
              -32.810141418328314
            ],
            [
              -70.83930314530497,
              -32.810141418328314
            ],
            [
              -70.83930314530497,
              -32.81014061259778
            ],
            [
              -70.83930024232923,
              -32.81014061259778
            ],
            [
              -70.83930024232923,
              -32.810139806867234
            ],
            [
              -70.8392963716949,
              -32.810139806867234
            ],
            [
              -70.8392963716949,
              -32.8101390011367
            ],
            [
              -70.83929250106057,
              -32.8101390011367
            ],
            [
              -70.83929250106057,
              -32.81013819540616
            ],
            [
              -70.83928959808482,
              -32.81013819540616
            ],
            [
              -70.83928959808482,
              -32.81013738967562
            ],
            [
              -70.83928572745049,
              -32.81013738967562
            ],
            [
              -70.83928572745049,
              -32.81013658394508
            ],
            [
              -70.83928185681616,
              -32.81013658394508
            ],
            [
              -70.83928185681616,
              -32.810135778214544
            ],
            [
              -70.83927895384042,
              -32.810135778214544
            ],
            [
              -70.83927895384042,
              -32.810134972484
            ],
            [
              -70.83927508320609,
              -32.810134972484
            ],
            [
              -70.83927508320609,
              -32.810134166753464
            ],
            [
              -70.83927121257176,
              -32.810134166753464
            ],
            [
              -70.83927121257176,
              -32.81013336102293
            ],
            [
              -70.83926830959601,
              -32.81013336102293
            ],
            [
              -70.83926830959601,
              -32.810132555292384
            ],
            [
              -70.83926443896168,
              -32.810132555292384
            ],
            [
              -70.83926443896168,
              -32.81013174956185
            ],
            [
              -70.83926056832735,
              -32.81013174956185
            ],
            [
              -70.83926056832735,
              -32.81013094383131
            ],
            [
              -70.83925669769302,
              -32.81013094383131
            ],
            [
              -70.83925669769302,
              -32.81013013810077
            ],
            [
              -70.83925379471727,
              -32.81013013810077
            ],
            [
              -70.83925379471727,
              -32.81012933237023
            ],
            [
              -70.83924992408294,
              -32.81012933237023
            ],
            [
              -70.83924992408294,
              -32.810128526639694
            ],
            [
              -70.8392460534486,
              -32.810128526639694
            ],
            [
              -70.8392460534486,
              -32.81012772090915
            ],
            [
              -70.83924315047287,
              -32.81012772090915
            ],
            [
              -70.83924315047287,
              -32.810126915178614
            ],
            [
              -70.83923927983854,
              -32.810126915178614
            ],
            [
              -70.83923927983854,
              -32.81012610944808
            ],
            [
              -70.8392354092042,
              -32.81012610944808
            ],
            [
              -70.8392354092042,
              -32.810125303717534
            ],
            [
              -70.83923250622846,
              -32.810125303717534
            ],
            [
              -70.83923250622846,
              -32.810124497987
            ],
            [
              -70.83922863559413,
              -32.810124497987
            ],
            [
              -70.83922863559413,
              -32.81012369225646
            ],
            [
              -70.8392247649598,
              -32.81012369225646
            ],
            [
              -70.8392247649598,
              -32.810122886525924
            ],
            [
              -70.83922186198406,
              -32.810122886525924
            ],
            [
              -70.83922186198406,
              -32.81012208079538
            ],
            [
              -70.83921799134973,
              -32.81012208079538
            ],
            [
              -70.83921799134973,
              -32.810121275064844
            ],
            [
              -70.8392141207154,
              -32.810121275064844
            ],
            [
              -70.8392141207154,
              -32.81012046933431
            ],
            [
              -70.83921121773965,
              -32.81012046933431
            ],
            [
              -70.83921121773965,
              -32.810119663603764
            ],
            [
              -70.83920734710532,
              -32.810119663603764
            ],
            [
              -70.83920734710532,
              -32.81011885787323
            ],
            [
              -70.83920347647098,
              -32.81011885787323
            ],
            [
              -70.83920347647098,
              -32.81011805214269
            ],
            [
              -70.83920057349523,
              -32.81011805214269
            ],
            [
              -70.83920057349523,
              -32.81011724641215
            ],
            [
              -70.8391967028609,
              -32.81011724641215
            ],
            [
              -70.8391967028609,
              -32.81011644068161
            ],
            [
              -70.83919283222657,
              -32.81011644068161
            ],
            [
              -70.83919283222657,
              -32.810115634951075
            ],
            [
              -70.83918896159224,
              -32.810115634951075
            ],
            [
              -70.83918896159224,
              -32.81011482922053
            ],
            [
              -70.8391860586165,
              -32.81011482922053
            ],
            [
              -70.8391860586165,
              -32.810114023489994
            ],
            [
              -70.83918218798217,
              -32.810114023489994
            ],
            [
              -70.83918218798217,
              -32.81011321775946
            ],
            [
              -70.83917831734784,
              -32.81011321775946
            ],
            [
              -70.83917831734784,
              -32.810112412028914
            ],
            [
              -70.8391754143721,
              -32.810112412028914
            ],
            [
              -70.8391754143721,
              -32.81011160629838
            ],
            [
              -70.83917154373776,
              -32.81011160629838
            ],
            [
              -70.83917154373776,
              -32.81011080056784
            ],
            [
              -70.83916767310343,
              -32.81011080056784
            ],
            [
              -70.83916767310343,
              -32.8101099948373
            ],
            [
              -70.83916477012768,
              -32.8101099948373
            ],
            [
              -70.83916477012768,
              -32.810106771915144
            ],
            [
              -70.83916573778627,
              -32.810106771915144
            ],
            [
              -70.83916573778627,
              -32.81010354899299
            ],
            [
              -70.83916670544485,
              -32.81010354899299
            ],
            [
              -70.83916670544485,
              -32.81010032607084
            ],
            [
              -70.83916767310343,
              -32.81010032607084
            ],
            [
              -70.83916767310343,
              -32.81009710314868
            ],
            [
              -70.83916864076201,
              -32.81009710314868
            ],
            [
              -70.83916864076201,
              -32.810093880226525
            ],
            [
              -70.8391696084206,
              -32.810093880226525
            ],
            [
              -70.8391696084206,
              -32.81009065730437
            ],
            [
              -70.83917057607918,
              -32.81009065730437
            ],
            [
              -70.83917057607918,
              -32.81008743438221
            ],
            [
              -70.83917154373776,
              -32.81008743438221
            ],
            [
              -70.83917154373776,
              -32.81008421146006
            ],
            [
              -70.83917251139634,
              -32.81008421146006
            ],
            [
              -70.83917251139634,
              -32.81008018280736
            ],
            [
              -70.83917347905494,
              -32.81008018280736
            ],
            [
              -70.83917347905494,
              -32.81007695988521
            ],
            [
              -70.83917444671351,
              -32.81007695988521
            ],
            [
              -70.83917444671351,
              -32.810073736963055
            ],
            [
              -70.8391754143721,
              -32.810073736963055
            ],
            [
              -70.8391754143721,
              -32.8100705140409
            ],
            [
              -70.83917638203067,
              -32.8100705140409
            ],
            [
              -70.83917638203067,
              -32.81006729111874
            ],
            [
              -70.83917734968927,
              -32.81006729111874
            ],
            [
              -70.83917734968927,
              -32.81006406819659
            ],
            [
              -70.83917831734784,
              -32.81006406819659
            ],
            [
              -70.83917831734784,
              -32.810060845274435
            ],
            [
              -70.83917928500642,
              -32.810060845274435
            ],
            [
              -70.83917928500642,
              -32.81005762235228
            ],
            [
              -70.839180252665,
              -32.81005762235228
            ],
            [
              -70.839180252665,
              -32.81005439943012
            ],
            [
              -70.8391812203236,
              -32.81005439943012
            ],
            [
              -70.8391812203236,
              -32.81005117650797
            ],
            [
              -70.83918218798217,
              -32.81005117650797
            ],
            [
              -70.83918218798217,
              -32.810047953585816
            ],
            [
              -70.83918315564075,
              -32.810047953585816
            ],
            [
              -70.83918315564075,
              -32.81004392493312
            ],
            [
              -70.83918412329933,
              -32.81004392493312
            ],
            [
              -70.83918412329933,
              -32.810040702010966
            ],
            [
              -70.83918509095791,
              -32.810040702010966
            ],
            [
              -70.83918509095791,
              -32.810037479088805
            ],
            [
              -70.8391860586165,
              -32.810037479088805
            ],
            [
              -70.8391860586165,
              -32.81003425616665
            ],
            [
              -70.83918702627508,
              -32.81003425616665
            ],
            [
              -70.83918702627508,
              -32.8100310332445
            ],
            [
              -70.83918799393366,
              -32.8100310332445
            ],
            [
              -70.83918799393366,
              -32.810027810322346
            ],
            [
              -70.83918896159224,
              -32.810027810322346
            ],
            [
              -70.83918896159224,
              -32.810024587400186
            ],
            [
              -70.83918992925084,
              -32.810024587400186
            ],
            [
              -70.83918992925084,
              -32.81002136447803
            ],
            [
              -70.83919089690941,
              -32.81002136447803
            ],
            [
              -70.83919089690941,
              -32.81001814155588
            ],
            [
              -70.839191864568,
              -32.81001814155588
            ],
            [
              -70.839191864568,
              -32.81001491863372
            ],
            [
              -70.83919283222657,
              -32.81001491863372
            ],
            [
              -70.83919283222657,
              -32.810011695711566
            ],
            [
              -70.83919379988517,
              -32.810011695711566
            ],
            [
              -70.83919379988517,
              -32.810007667058876
            ],
            [
              -70.83919476754375,
              -32.810007667058876
            ],
            [
              -70.83919476754375,
              -32.810004444136716
            ],
            [
              -70.83919573520232,
              -32.810004444136716
            ],
            [
              -70.83919573520232,
              -32.81000122121456
            ],
            [
              -70.8391967028609,
              -32.81000122121456
            ],
            [
              -70.8391967028609,
              -32.80999799829241
            ],
            [
              -70.8391976705195,
              -32.80999799829241
            ],
            [
              -70.8391976705195,
              -32.80999477537025
            ],
            [
              -70.83919863817808,
              -32.80999477537025
            ],
            [
              -70.83919863817808,
              -32.809991552448096
            ],
            [
              -70.83919960583665,
              -32.809991552448096
            ],
            [
              -70.83919960583665,
              -32.80998832952594
            ],
            [
              -70.83920057349523,
              -32.80998832952594
            ],
            [
              -70.83920057349523,
              -32.80998510660379
            ],
            [
              -70.83920154115383,
              -32.80998510660379
            ],
            [
              -70.83920154115383,
              -32.80998188368163
            ],
            [
              -70.8392025088124,
              -32.80998188368163
            ],
            [
              -70.8392025088124,
              -32.80997866075948
            ],
            [
              -70.83920347647098,
              -32.80997866075948
            ],
            [
              -70.83920347647098,
              -32.80997543783732
            ],
            [
              -70.83920444412956,
              -32.80997543783732
            ],
            [
              -70.83920444412956,
              -32.80997140918463
            ],
            [
              -70.83920541178814,
              -32.80997140918463
            ],
            [
              -70.83920541178814,
              -32.80996818626247
            ],
            [
              -70.83920637944674,
              -32.80996818626247
            ],
            [
              -70.83920637944674,
              -32.80996496334032
            ],
            [
              -70.83920734710532,
              -32.80996496334032
            ],
            [
              -70.83920734710532,
              -32.80996174041816
            ],
            [
              -70.8392083147639,
              -32.80996174041816
            ],
            [
              -70.8392083147639,
              -32.80995851749601
            ],
            [
              -70.83920928242247,
              -32.80995851749601
            ],
            [
              -70.83920928242247,
              -32.809955294573854
            ],
            [
              -70.83921025008107,
              -32.809955294573854
            ],
            [
              -70.83921025008107,
              -32.80995207165169
            ],
            [
              -70.83921121773965,
              -32.80995207165169
            ],
            [
              -70.83921121773965,
              -32.80994884872954
            ],
            [
              -70.83921218539822,
              -32.80994884872954
            ],
            [
              -70.83921218539822,
              -32.80994562580739
            ],
            [
              -70.8392131530568,
              -32.80994562580739
            ],
            [
              -70.8392131530568,
              -32.809942402885234
            ],
            [
              -70.8392141207154,
              -32.809942402885234
            ],
            [
              -70.8392141207154,
              -32.809939179963074
            ],
            [
              -70.83921508837398,
              -32.809939179963074
            ],
            [
              -70.83921508837398,
              -32.809935151310384
            ],
            [
              -70.83921605603256,
              -32.809935151310384
            ],
            [
              -70.83921605603256,
              -32.809931928388224
            ],
            [
              -70.83921702369113,
              -32.809931928388224
            ],
            [
              -70.83921702369113,
              -32.80992870546607
            ],
            [
              -70.83921799134973,
              -32.80992870546607
            ],
            [
              -70.83921799134973,
              -32.80992548254392
            ],
            [
              -70.8392189590083,
              -32.80992548254392
            ],
            [
              -70.8392189590083,
              -32.809922259621764
            ],
            [
              -70.83921992666689,
              -32.809922259621764
            ],
            [
              -70.83921992666689,
              -32.809919036699604
            ],
            [
              -70.83922089432546,
              -32.809919036699604
            ],
            [
              -70.83922089432546,
              -32.80991581377745
            ],
            [
              -70.83922186198406,
              -32.80991581377745
            ],
            [
              -70.83922186198406,
              -32.8099125908553
            ],
            [
              -70.83922282964264,
              -32.8099125908553
            ],
            [
              -70.83922282964264,
              -32.80990936793314
            ],
            [
              -70.83922379730122,
              -32.80990936793314
            ],
            [
              -70.83922379730122,
              -32.809906145010984
            ],
            [
              -70.8392247649598,
              -32.809906145010984
            ],
            [
              -70.8392247649598,
              -32.80990292208883
            ],
            [
              -70.83922573261837,
              -32.80990292208883
            ],
            [
              -70.83922573261837,
              -32.809898893436134
            ],
            [
              -70.83922670027697,
              -32.809898893436134
            ],
            [
              -70.83922670027697,
              -32.80989567051398
            ],
            [
              -70.83922766793555,
              -32.80989567051398
            ],
            [
              -70.83922766793555,
              -32.80989244759183
            ],
            [
              -70.83922863559413,
              -32.80989244759183
            ],
            [
              -70.83922863559413,
              -32.80988922466967
            ],
            [
              -70.8392296032527,
              -32.80988922466967
            ],
            [
              -70.8392296032527,
              -32.809886001747515
            ],
            [
              -70.8392305709113,
              -32.809886001747515
            ],
            [
              -70.8392305709113,
              -32.80988277882536
            ],
            [
              -70.83923153856988,
              -32.80988277882536
            ],
            [
              -70.83923153856988,
              -32.80987955590321
            ],
            [
              -70.83923250622846,
              -32.80987955590321
            ],
            [
              -70.83923250622846,
              -32.80987633298105
            ],
            [
              -70.83923347388703,
              -32.80987633298105
            ],
            [
              -70.83923347388703,
              -32.809873110058895
            ],
            [
              -70.83923444154563,
              -32.809873110058895
            ],
            [
              -70.83923444154563,
              -32.80986988713674
            ],
            [
              -70.8392354092042,
              -32.80986988713674
            ],
            [
              -70.8392354092042,
              -32.80986666421458
            ],
            [
              -70.83923637686279,
              -32.80986666421458
            ],
            [
              -70.83923637686279,
              -32.80986263556189
            ],
            [
              -70.83923734452137,
              -32.80986263556189
            ],
            [
              -70.83923734452137,
              -32.80985941263974
            ],
            [
              -70.83923831217996,
              -32.80985941263974
            ],
            [
              -70.83923831217996,
              -32.80985618971758
            ],
            [
              -70.83923927983854,
              -32.80985618971758
            ],
            [
              -70.83923927983854,
              -32.809852966795425
            ],
            [
              -70.83924024749712,
              -32.809852966795425
            ],
            [
              -70.83924024749712,
              -32.80984974387327
            ],
            [
              -70.8392412151557,
              -32.80984974387327
            ],
            [
              -70.8392412151557,
              -32.80984652095111
            ],
            [
              -70.83924218281427,
              -32.80984652095111
            ],
            [
              -70.83924218281427,
              -32.80984329802896
            ],
            [
              -70.83924315047287,
              -32.80984329802896
            ],
            [
              -70.83924315047287,
              -32.809840075106806
            ],
            [
              -70.83924411813145,
              -32.809840075106806
            ],
            [
              -70.83924411813145,
              -32.80983685218465
            ],
            [
              -70.83924508579003,
              -32.80983685218465
            ],
            [
              -70.83924508579003,
              -32.80983362926249
            ],
            [
              -70.8392460534486,
              -32.80983362926249
            ],
            [
              -70.8392460534486,
              -32.80983040634034
            ],
            [
              -70.8392470211072,
              -32.80983040634034
            ],
            [
              -70.8392470211072,
              -32.80982637768764
            ],
            [
              -70.83924798876578,
              -32.80982637768764
            ],
            [
              -70.83924798876578,
              -32.80982315476549
            ],
            [
              -70.83924895642436,
              -32.80982315476549
            ],
            [
              -70.83924895642436,
              -32.809819931843336
            ],
            [
              -70.83924992408294,
              -32.809819931843336
            ],
            [
              -70.83924992408294,
              -32.80981670892118
            ],
            [
              -70.83925089174153,
              -32.80981670892118
            ],
            [
              -70.83925089174153,
              -32.80981348599902
            ],
            [
              -70.83925185940011,
              -32.80981348599902
            ],
            [
              -70.83925185940011,
              -32.80981026307687
            ],
            [
              -70.83925282705869,
              -32.80981026307687
            ],
            [
              -70.83925282705869,
              -32.809807040154716
            ],
            [
              -70.83925379471727,
              -32.809807040154716
            ],
            [
              -70.83925379471727,
              -32.809803817232556
            ],
            [
              -70.83925476237586,
              -32.809803817232556
            ],
            [
              -70.83925476237586,
              -32.8098005943104
            ],
            [
              -70.83925573003444,
              -32.8098005943104
            ],
            [
              -70.83925573003444,
              -32.80979737138825
            ],
            [
              -70.83925669769302,
              -32.80979737138825
            ],
            [
              -70.83925669769302,
              -32.809794148466096
            ],
            [
              -70.8392576653516,
              -32.809794148466096
            ],
            [
              -70.8392576653516,
              -32.8097901198134
            ],
            [
              -70.83925863301019,
              -32.8097901198134
            ],
            [
              -70.83925863301019,
              -32.80978689689125
            ],
            [
              -70.83925960066877,
              -32.80978689689125
            ],
            [
              -70.83925960066877,
              -32.809783673969086
            ],
            [
              -70.83926056832735,
              -32.809783673969086
            ],
            [
              -70.83926056832735,
              -32.80978045104693
            ],
            [
              -70.83926153598593,
              -32.80978045104693
            ],
            [
              -70.83926153598593,
              -32.80977722812478
            ],
            [
              -70.8392625036445,
              -32.80977722812478
            ],
            [
              -70.8392625036445,
              -32.80977400520263
            ],
            [
              -70.8392634713031,
              -32.80977400520263
            ],
            [
              -70.8392634713031,
              -32.80977078228047
            ],
            [
              -70.83926443896168,
              -32.80977078228047
            ],
            [
              -70.83926443896168,
              -32.80976755935831
            ],
            [
              -70.83926540662026,
              -32.80976755935831
            ],
            [
              -70.83926540662026,
              -32.80976433643616
            ],
            [
              -70.83926637427884,
              -32.80976433643616
            ],
            [
              -70.83926637427884,
              -32.809761113514
            ],
            [
              -70.83926734193743,
              -32.809761113514
            ],
            [
              -70.83926734193743,
              -32.80975789059185
            ],
            [
              -70.83926830959601,
              -32.80975789059185
            ],
            [
              -70.83926830959601,
              -32.80975386193915
            ],
            [
              -70.83926927725459,
              -32.80975386193915
            ],
            [
              -70.83926927725459,
              -32.809750639017
            ],
            [
              -70.83927024491317,
              -32.809750639017
            ],
            [
              -70.83927024491317,
              -32.809747416094844
            ],
            [
              -70.83927121257176,
              -32.809747416094844
            ],
            [
              -70.83927121257176,
              -32.80974419317269
            ],
            [
              -70.83927218023034,
              -32.80974419317269
            ],
            [
              -70.83927218023034,
              -32.80974097025053
            ],
            [
              -70.83927314788892,
              -32.80974097025053
            ],
            [
              -70.83927314788892,
              -32.80973774732838
            ],
            [
              -70.8392741155475,
              -32.80973774732838
            ],
            [
              -70.8392741155475,
              -32.809734524406224
            ],
            [
              -70.83927508320609,
              -32.809734524406224
            ],
            [
              -70.83927508320609,
              -32.809731301484064
            ],
            [
              -70.83927605086467,
              -32.809731301484064
            ],
            [
              -70.83927605086467,
              -32.80972807856191
            ],
            [
              -70.83927701852325,
              -32.80972807856191
            ],
            [
              -70.83927701852325,
              -32.80972485563976
            ],
            [
              -70.83927798618183,
              -32.80972485563976
            ],
            [
              -70.83927798618183,
              -32.809721632717604
            ],
            [
              -70.83927895384042,
              -32.809721632717604
            ],
            [
              -70.83927895384042,
              -32.80971760406491
            ],
            [
              -70.839279921499,
              -32.80971760406491
            ],
            [
              -70.839279921499,
              -32.809714381142754
            ],
            [
              -70.83928088915758,
              -32.809714381142754
            ],
            [
              -70.83928088915758,
              -32.809711158220594
            ],
            [
              -70.83928185681616,
              -32.809711158220594
            ],
            [
              -70.83928185681616,
              -32.80970793529844
            ],
            [
              -70.83928282447474,
              -32.80970793529844
            ],
            [
              -70.83928282447474,
              -32.80970471237629
            ],
            [
              -70.83928379213333,
              -32.80970471237629
            ],
            [
              -70.83928379213333,
              -32.809701489454135
            ],
            [
              -70.83928475979191,
              -32.809701489454135
            ],
            [
              -70.83928475979191,
              -32.809698266531974
            ],
            [
              -70.83928572745049,
              -32.809698266531974
            ],
            [
              -70.83928572745049,
              -32.80969504360982
            ],
            [
              -70.83928669510907,
              -32.80969504360982
            ],
            [
              -70.83928669510907,
              -32.80969182068767
            ],
            [
              -70.83928766276766,
              -32.80969182068767
            ],
            [
              -70.83928766276766,
              -32.80968859776551
            ],
            [
              -70.83928863042624,
              -32.80968859776551
            ],
            [
              -70.83928863042624,
              -32.809685374843355
            ],
            [
              -70.83928959808482,
              -32.809685374843355
            ],
            [
              -70.83928959808482,
              -32.809681346190665
            ],
            [
              -70.8392905657434,
              -32.809681346190665
            ],
            [
              -70.8392905657434,
              -32.809678123268505
            ],
            [
              -70.83929153340199,
              -32.809678123268505
            ],
            [
              -70.83929153340199,
              -32.80967490034635
            ],
            [
              -70.83929250106057,
              -32.80967490034635
            ],
            [
              -70.83929250106057,
              -32.8096716774242
            ],
            [
              -70.83929346871915,
              -32.8096716774242
            ],
            [
              -70.83929346871915,
              -32.80966845450204
            ],
            [
              -70.83929443637773,
              -32.80966845450204
            ],
            [
              -70.83929443637773,
              -32.809665231579885
            ],
            [
              -70.83929540403632,
              -32.809665231579885
            ],
            [
              -70.83929540403632,
              -32.80966200865773
            ],
            [
              -70.8392963716949,
              -32.80966200865773
            ],
            [
              -70.8392963716949,
              -32.80965878573558
            ],
            [
              -70.83929733935348,
              -32.80965878573558
            ],
            [
              -70.83929733935348,
              -32.80965556281342
            ],
            [
              -70.83929830701206,
              -32.80965556281342
            ],
            [
              -70.83929830701206,
              -32.809652339891265
            ],
            [
              -70.83929927467065,
              -32.809652339891265
            ],
            [
              -70.83929927467065,
              -32.80964911696911
            ],
            [
              -70.83930024232923,
              -32.80964911696911
            ],
            [
              -70.83930024232923,
              -32.809645088316415
            ],
            [
              -70.83930120998781,
              -32.809645088316415
            ],
            [
              -70.83930120998781,
              -32.80964186539426
            ],
            [
              -70.83930217764639,
              -32.80964186539426
            ],
            [
              -70.83930217764639,
              -32.80963864247211
            ],
            [
              -70.83930314530497,
              -32.80963864247211
            ],
            [
              -70.83930314530497,
              -32.80963541954995
            ],
            [
              -70.83930411296356,
              -32.80963541954995
            ],
            [
              -70.83930411296356,
              -32.809632196627796
            ],
            [
              -70.83930508062214,
              -32.809632196627796
            ],
            [
              -70.83930508062214,
              -32.80962897370564
            ],
            [
              -70.83930604828072,
              -32.80962897370564
            ],
            [
              -70.83930604828072,
              -32.80962575078348
            ],
            [
              -70.8393070159393,
              -32.80962575078348
            ],
            [
              -70.8393070159393,
              -32.80962252786133
            ],
            [
              -70.83930798359789,
              -32.80962252786133
            ],
            [
              -70.83930798359789,
              -32.809619304939176
            ],
            [
              -70.83930895125647,
              -32.809619304939176
            ],
            [
              -70.83930895125647,
              -32.80961608201702
            ],
            [
              -70.83930991891505,
              -32.80961608201702
            ],
            [
              -70.83930991891505,
              -32.80961285909486
            ],
            [
              -70.83931088657363,
              -32.80961285909486
            ],
            [
              -70.83931088657363,
              -32.80960883044217
            ],
            [
              -70.83931185423222,
              -32.80960883044217
            ],
            [
              -70.83931185423222,
              -32.80960560752001
            ],
            [
              -70.8393128218908,
              -32.80960560752001
            ],
            [
              -70.8393128218908,
              -32.80960238459786
            ],
            [
              -70.83931378954938,
              -32.80960238459786
            ],
            [
              -70.83931378954938,
              -32.809599161675706
            ],
            [
              -70.83931475720796,
              -32.809599161675706
            ],
            [
              -70.83931475720796,
              -32.80959593875355
            ],
            [
              -70.83931572486655,
              -32.80959593875355
            ],
            [
              -70.83931572486655,
              -32.80959271583139
            ],
            [
              -70.83931669252513,
              -32.80959271583139
            ],
            [
              -70.83931669252513,
              -32.80958949290924
            ],
            [
              -70.83931766018371,
              -32.80958949290924
            ],
            [
              -70.83931766018371,
              -32.809586269987086
            ],
            [
              -70.83931862784229,
              -32.809586269987086
            ],
            [
              -70.83931862784229,
              -32.809583047064926
            ],
            [
              -70.83931959550087,
              -32.809583047064926
            ],
            [
              -70.83931959550087,
              -32.80957982414277
            ],
            [
              -70.83932056315946,
              -32.80957982414277
            ],
            [
              -70.83932056315946,
              -32.80957660122062
            ],
            [
              -70.83932153081804,
              -32.80957660122062
            ],
            [
              -70.83932153081804,
              -32.80957257256792
            ],
            [
              -70.83932249847662,
              -32.80957257256792
            ],
            [
              -70.83932249847662,
              -32.80956934964577
            ],
            [
              -70.8393234661352,
              -32.80956934964577
            ],
            [
              -70.8393234661352,
              -32.80956612672362
            ],
            [
              -70.83932443379379,
              -32.80956612672362
            ],
            [
              -70.83932443379379,
              -32.80956290380146
            ],
            [
              -70.83932540145237,
              -32.80956290380146
            ],
            [
              -70.83932540145237,
              -32.8095596808793
            ],
            [
              -70.83932636911095,
              -32.8095596808793
            ],
            [
              -70.83932636911095,
              -32.80955645795715
            ],
            [
              -70.83932733676953,
              -32.80955645795715
            ],
            [
              -70.83932733676953,
              -32.809553235035
            ],
            [
              -70.83932830442812,
              -32.809553235035
            ],
            [
              -70.83932830442812,
              -32.80955001211284
            ],
            [
              -70.8393292720867,
              -32.80955001211284
            ],
            [
              -70.8393292720867,
              -32.809546789190684
            ],
            [
              -70.83933023974528,
              -32.809546789190684
            ],
            [
              -70.83933023974528,
              -32.80954356626853
            ],
            [
              -70.83933120740386,
              -32.80954356626853
            ],
            [
              -70.83933120740386,
              -32.80954034334637
            ],
            [
              -70.83933217506245,
              -32.80954034334637
            ],
            [
              -70.83933217506245,
              -32.80953631469368
            ],
            [
              -70.83933314272103,
              -32.80953631469368
            ],
            [
              -70.83933314272103,
              -32.80953309177153
            ],
            [
              -70.83933411037961,
              -32.80953309177153
            ],
            [
              -70.83933411037961,
              -32.80952986884937
            ],
            [
              -70.83933507803819,
              -32.80952986884937
            ],
            [
              -70.83933507803819,
              -32.809526645927214
            ],
            [
              -70.83933604569678,
              -32.809526645927214
            ],
            [
              -70.83933604569678,
              -32.80952342300506
            ],
            [
              -70.83933701335536,
              -32.80952342300506
            ],
            [
              -70.83933701335536,
              -32.8095202000829
            ],
            [
              -70.83933798101394,
              -32.8095202000829
            ],
            [
              -70.83933798101394,
              -32.80951697716075
            ],
            [
              -70.83933894867252,
              -32.80951697716075
            ],
            [
              -70.83933894867252,
              -32.809513754238594
            ],
            [
              -70.8393399163311,
              -32.809513754238594
            ],
            [
              -70.8393399163311,
              -32.80951053131644
            ],
            [
              -70.83934088398969,
              -32.80951053131644
            ],
            [
              -70.83934088398969,
              -32.80950730839428
            ],
            [
              -70.83934185164827,
              -32.80950730839428
            ],
            [
              -70.83934185164827,
              -32.80950408547213
            ],
            [
              -70.83934281930685,
              -32.80950408547213
            ],
            [
              -70.83934281930685,
              -32.80950005681943
            ],
            [
              -70.83934378696543,
              -32.80950005681943
            ],
            [
              -70.83934378696543,
              -32.80949683389728
            ],
            [
              -70.83934475462402,
              -32.80949683389728
            ],
            [
              -70.83934475462402,
              -32.809493610975125
            ],
            [
              -70.8393457222826,
              -32.809493610975125
            ],
            [
              -70.8393457222826,
              -32.809490388052964
            ],
            [
              -70.83934668994118,
              -32.809490388052964
            ],
            [
              -70.83934668994118,
              -32.80948716513081
            ],
            [
              -70.83934765759976,
              -32.80948716513081
            ],
            [
              -70.83934765759976,
              -32.80948394220866
            ],
            [
              -70.83934862525835,
              -32.80948394220866
            ],
            [
              -70.83934862525835,
              -32.809480719286505
            ],
            [
              -70.83934959291693,
              -32.809480719286505
            ],
            [
              -70.83934959291693,
              -32.809477496364345
            ],
            [
              -70.83935056057551,
              -32.809477496364345
            ],
            [
              -70.83935056057551,
              -32.80947427344219
            ],
            [
              -70.83935152823409,
              -32.80947427344219
            ],
            [
              -70.83935152823409,
              -32.80947105052004
            ],
            [
              -70.83935249589268,
              -32.80947105052004
            ],
            [
              -70.83935249589268,
              -32.809467827597885
            ],
            [
              -70.83935346355126,
              -32.809467827597885
            ],
            [
              -70.83935346355126,
              -32.80946379894519
            ],
            [
              -70.83935443120984,
              -32.80946379894519
            ],
            [
              -70.83935443120984,
              -32.809460576023035
            ],
            [
              -70.83935539886842,
              -32.809460576023035
            ],
            [
              -70.83935539886842,
              -32.809457353100875
            ],
            [
              -70.83935636652701,
              -32.809457353100875
            ],
            [
              -70.83935636652701,
              -32.80945413017872
            ],
            [
              -70.83935733418559,
              -32.80945413017872
            ],
            [
              -70.83935733418559,
              -32.80945090725657
            ],
            [
              -70.83935830184417,
              -32.80945090725657
            ],
            [
              -70.83935830184417,
              -32.80944768433441
            ],
            [
              -70.83935926950275,
              -32.80944768433441
            ],
            [
              -70.83935926950275,
              -32.809444461412255
            ],
            [
              -70.83936023716133,
              -32.809444461412255
            ],
            [
              -70.83936023716133,
              -32.8094412384901
            ],
            [
              -70.83936120481992,
              -32.8094412384901
            ],
            [
              -70.83936120481992,
              -32.80943801556795
            ],
            [
              -70.8393621724785,
              -32.80943801556795
            ],
            [
              -70.8393621724785,
              -32.80943479264579
            ],
            [
              -70.83936314013708,
              -32.80943479264579
            ],
            [
              -70.83936314013708,
              -32.809431569723635
            ],
            [
              -70.83936410779566,
              -32.809431569723635
            ],
            [
              -70.83936410779566,
              -32.80942754107094
            ],
            [
              -70.83936507545425,
              -32.80942754107094
            ],
            [
              -70.83936507545425,
              -32.809424318148785
            ],
            [
              -70.83936604311283,
              -32.809424318148785
            ],
            [
              -70.83936604311283,
              -32.80942109522663
            ],
            [
              -70.83936701077141,
              -32.80942109522663
            ],
            [
              -70.83936701077141,
              -32.80941787230448
            ],
            [
              -70.83936797842999,
              -32.80941787230448
            ],
            [
              -70.83936797842999,
              -32.80941464938232
            ],
            [
              -70.83936894608858,
              -32.80941464938232
            ],
            [
              -70.83936894608858,
              -32.809411426460166
            ],
            [
              -70.83936991374716,
              -32.809411426460166
            ],
            [
              -70.83936991374716,
              -32.80940820353801
            ],
            [
              -70.83937088140574,
              -32.80940820353801
            ],
            [
              -70.83937088140574,
              -32.80940498061585
            ],
            [
              -70.83937184906432,
              -32.80940498061585
            ],
            [
              -70.83937184906432,
              -32.8094017576937
            ],
            [
              -70.83937281672291,
              -32.8094017576937
            ],
            [
              -70.83937281672291,
              -32.809398534771546
            ],
            [
              -70.8393737843815,
              -32.809398534771546
            ],
            [
              -70.8393737843815,
              -32.80939531184939
            ],
            [
              -70.83937475204007,
              -32.80939531184939
            ],
            [
              -70.83937475204007,
              -32.809391283196696
            ],
            [
              -70.83937571969865,
              -32.809391283196696
            ],
            [
              -70.83937571969865,
              -32.80938806027454
            ],
            [
              -70.83937668735724,
              -32.80938806027454
            ],
            [
              -70.83937668735724,
              -32.80938483735238
            ],
            [
              -70.83937765501582,
              -32.80938483735238
            ],
            [
              -70.83937765501582,
              -32.80938161443023
            ],
            [
              -70.8393786226744,
              -32.80938161443023
            ],
            [
              -70.8393786226744,
              -32.809378391508076
            ],
            [
              -70.83937959033298,
              -32.809378391508076
            ],
            [
              -70.83937959033298,
              -32.80937516858592
            ],
            [
              -70.83938055799156,
              -32.80937516858592
            ],
            [
              -70.83938055799156,
              -32.80937194566376
            ],
            [
              -70.83938152565015,
              -32.80937194566376
            ],
            [
              -70.83938152565015,
              -32.80936872274161
            ],
            [
              -70.83938249330873,
              -32.80936872274161
            ],
            [
              -70.83938249330873,
              -32.80936549981946
            ],
            [
              -70.83938346096731,
              -32.80936549981946
            ],
            [
              -70.83938346096731,
              -32.809362276897296
            ],
            [
              -70.83938442862589,
              -32.809362276897296
            ],
            [
              -70.83938442862589,
              -32.80935905397514
            ],
            [
              -70.83938539628448,
              -32.80935905397514
            ],
            [
              -70.83938539628448,
              -32.80935583105299
            ],
            [
              -70.83938636394306,
              -32.80935583105299
            ],
            [
              -70.83938636394306,
              -32.80935180240029
            ],
            [
              -70.83938733160164,
              -32.80935180240029
            ],
            [
              -70.83938733160164,
              -32.80934857947814
            ],
            [
              -70.83938829926022,
              -32.80934857947814
            ],
            [
              -70.83938829926022,
              -32.80934535655599
            ],
            [
              -70.83938926691881,
              -32.80934535655599
            ],
            [
              -70.83938926691881,
              -32.80934213363383
            ],
            [
              -70.8393902345774,
              -32.80934213363383
            ],
            [
              -70.8393902345774,
              -32.80933891071167
            ],
            [
              -70.83939120223597,
              -32.80933891071167
            ],
            [
              -70.83939120223597,
              -32.80933568778952
            ],
            [
              -70.83939216989455,
              -32.80933568778952
            ],
            [
              -70.83939216989455,
              -32.80933246486737
            ],
            [
              -70.83939313755315,
              -32.80933246486737
            ],
            [
              -70.83939313755315,
              -32.80932924194521
            ],
            [
              -70.83939410521172,
              -32.80932924194521
            ],
            [
              -70.83939410521172,
              -32.809326019023054
            ],
            [
              -70.8393950728703,
              -32.809326019023054
            ],
            [
              -70.8393950728703,
              -32.8093227961009
            ],
            [
              -70.83939604052888,
              -32.8093227961009
            ],
            [
              -70.83939604052888,
              -32.80931957317874
            ],
            [
              -70.83939700818746,
              -32.80931957317874
            ],
            [
              -70.83939700818746,
              -32.80931554452605
            ],
            [
              -70.83939797584605,
              -32.80931554452605
            ],
            [
              -70.83939797584605,
              -32.8093123216039
            ],
            [
              -70.83939894350463,
              -32.8093123216039
            ],
            [
              -70.83939894350463,
              -32.80930909868174
            ],
            [
              -70.83939991116321,
              -32.80930909868174
            ],
            [
              -70.83939991116321,
              -32.809305875759584
            ],
            [
              -70.83940087882179,
              -32.809305875759584
            ],
            [
              -70.83940087882179,
              -32.80930265283743
            ],
            [
              -70.83940184648038,
              -32.80930265283743
            ],
            [
              -70.83940184648038,
              -32.80929942991527
            ],
            [
              -70.83940281413896,
              -32.80929942991527
            ],
            [
              -70.83940281413896,
              -32.80929620699312
            ],
            [
              -70.83940378179754,
              -32.80929620699312
            ],
            [
              -70.83940378179754,
              -32.809292984070964
            ],
            [
              -70.83940474945612,
              -32.809292984070964
            ],
            [
              -70.83940474945612,
              -32.80928976114881
            ],
            [
              -70.83940571711472,
              -32.80928976114881
            ],
            [
              -70.83940571711472,
              -32.80928653822665
            ],
            [
              -70.8394066847733,
              -32.80928653822665
            ],
            [
              -70.8394066847733,
              -32.8092833153045
            ],
            [
              -70.83940765243187,
              -32.8092833153045
            ],
            [
              -70.83940765243187,
              -32.8092792866518
            ],
            [
              -70.83940862009045,
              -32.8092792866518
            ],
            [
              -70.83940862009045,
              -32.80927606372965
            ],
            [
              -70.83940958774905,
              -32.80927606372965
            ],
            [
              -70.83940958774905,
              -32.809272840807495
            ],
            [
              -70.83941055540762,
              -32.809272840807495
            ],
            [
              -70.83941055540762,
              -32.80926961788534
            ],
            [
              -70.8394115230662,
              -32.80926961788534
            ],
            [
              -70.8394115230662,
              -32.80926639496318
            ],
            [
              -70.83941249072478,
              -32.80926639496318
            ],
            [
              -70.83941249072478,
              -32.80926317204103
            ],
            [
              -70.83941345838338,
              -32.80926317204103
            ],
            [
              -70.83941345838338,
              -32.809259949118875
            ],
            [
              -70.83941442604196,
              -32.809259949118875
            ],
            [
              -70.83941442604196,
              -32.809256726196715
            ],
            [
              -70.83941539370053,
              -32.809256726196715
            ],
            [
              -70.83941539370053,
              -32.80925350327456
            ],
            [
              -70.83941636135911,
              -32.80925350327456
            ],
            [
              -70.83941636135911,
              -32.80925028035241
            ],
            [
              -70.83941732901769,
              -32.80925028035241
            ],
            [
              -70.83941732901769,
              -32.809247057430255
            ],
            [
              -70.83941829667629,
              -32.809247057430255
            ],
            [
              -70.83941829667629,
              -32.80924302877756
            ],
            [
              -70.83941926433486,
              -32.80924302877756
            ],
            [
              -70.83941926433486,
              -32.809239805855405
            ],
            [
              -70.83942023199344,
              -32.809239805855405
            ],
            [
              -70.83942023199344,
              -32.809236582933245
            ],
            [
              -70.83942119965202,
              -32.809236582933245
            ],
            [
              -70.83942119965202,
              -32.80923336001109
            ],
            [
              -70.83942216731062,
              -32.80923336001109
            ],
            [
              -70.83942216731062,
              -32.80923013708894
            ],
            [
              -70.8394231349692,
              -32.80923013708894
            ],
            [
              -70.8394231349692,
              -32.809226914166786
            ],
            [
              -70.83942410262777,
              -32.809226914166786
            ],
            [
              -70.83942410262777,
              -32.809223691244625
            ],
            [
              -70.83942507028635,
              -32.809223691244625
            ],
            [
              -70.83942507028635,
              -32.80922046832247
            ],
            [
              -70.83942603794495,
              -32.80922046832247
            ],
            [
              -70.83942603794495,
              -32.80921724540032
            ],
            [
              -70.83942700560353,
              -32.80921724540032
            ],
            [
              -70.83942700560353,
              -32.80921402247816
            ],
            [
              -70.8394279732621,
              -32.80921402247816
            ],
            [
              -70.8394279732621,
              -32.809210799556006
            ],
            [
              -70.83942894092068,
              -32.809210799556006
            ],
            [
              -70.83942894092068,
              -32.80920677090331
            ],
            [
              -70.83942990857928,
              -32.80920677090331
            ],
            [
              -70.83942990857928,
              -32.809203547981156
            ],
            [
              -70.83943087623786,
              -32.809203547981156
            ],
            [
              -70.83943087623786,
              -32.809200325059
            ],
            [
              -70.83943184389643,
              -32.809200325059
            ],
            [
              -70.83943184389643,
              -32.80919710213685
            ],
            [
              -70.83943281155501,
              -32.80919710213685
            ],
            [
              -70.83943281155501,
              -32.80919387921469
            ],
            [
              -70.8394337792136,
              -32.80919387921469
            ],
            [
              -70.8394337792136,
              -32.809190656292536
            ],
            [
              -70.83943474687219,
              -32.809190656292536
            ],
            [
              -70.83943474687219,
              -32.80918743337038
            ],
            [
              -70.83943571453077,
              -32.80918743337038
            ],
            [
              -70.83943571453077,
              -32.80918421044822
            ],
            [
              -70.83943668218934,
              -32.80918421044822
            ],
            [
              -70.83943668218934,
              -32.80918098752607
            ],
            [
              -70.83943764984792,
              -32.80918098752607
            ],
            [
              -70.83943764984792,
              -32.809177764603916
            ],
            [
              -70.83943861750652,
              -32.809177764603916
            ],
            [
              -70.83943861750652,
              -32.80917454168176
            ],
            [
              -70.8394395851651,
              -32.80917454168176
            ],
            [
              -70.8394395851651,
              -32.809170513029066
            ],
            [
              -70.83944055282367,
              -32.809170513029066
            ],
            [
              -70.83944055282367,
              -32.80916729010691
            ],
            [
              -70.83944152048225,
              -32.80916729010691
            ],
            [
              -70.83944152048225,
              -32.80916406718475
            ],
            [
              -70.83944248814085,
              -32.80916406718475
            ],
            [
              -70.83944248814085,
              -32.8091608442626
            ],
            [
              -70.83944345579943,
              -32.8091608442626
            ],
            [
              -70.83944345579943,
              -32.80915762134045
            ],
            [
              -70.839444423458,
              -32.80915762134045
            ],
            [
              -70.839444423458,
              -32.80915439841829
            ],
            [
              -70.83944539111658,
              -32.80915439841829
            ],
            [
              -70.83944539111658,
              -32.80915117549613
            ],
            [
              -70.83944635877518,
              -32.80915117549613
            ],
            [
              -70.83944635877518,
              -32.80914795257398
            ],
            [
              -70.83944732643376,
              -32.80914795257398
            ],
            [
              -70.83944732643376,
              -32.80914472965183
            ],
            [
              -70.83944829409234,
              -32.80914472965183
            ],
            [
              -70.83944829409234,
              -32.80914150672967
            ],
            [
              -70.83944926175091,
              -32.80914150672967
            ],
            [
              -70.83944926175091,
              -32.80913828380751
            ],
            [
              -70.83945022940951,
              -32.80913828380751
            ],
            [
              -70.83945022940951,
              -32.809134255154824
            ],
            [
              -70.83945119706809,
              -32.809134255154824
            ],
            [
              -70.83945119706809,
              -32.80913103223266
            ],
            [
              -70.83945216472667,
              -32.80913103223266
            ],
            [
              -70.83945216472667,
              -32.80912780931051
            ],
            [
              -70.83945313238524,
              -32.80912780931051
            ],
            [
              -70.83945313238524,
              -32.80912458638836
            ],
            [
              -70.83945410004384,
              -32.80912458638836
            ],
            [
              -70.83945410004384,
              -32.8091213634662
            ],
            [
              -70.83945506770242,
              -32.8091213634662
            ],
            [
              -70.83945506770242,
              -32.809118140544044
            ],
            [
              -70.839456035361,
              -32.809118140544044
            ],
            [
              -70.839456035361,
              -32.80911491762189
            ],
            [
              -70.83945700301958,
              -32.80911491762189
            ],
            [
              -70.83945700301958,
              -32.80911169469974
            ],
            [
              -70.83945797067815,
              -32.80911169469974
            ],
            [
              -70.83945797067815,
              -32.80910847177758
            ],
            [
              -70.83945893833675,
              -32.80910847177758
            ],
            [
              -70.83945893833675,
              -32.809105248855424
            ],
            [
              -70.83945990599533,
              -32.809105248855424
            ],
            [
              -70.83945990599533,
              -32.80910202593327
            ],
            [
              -70.8394608736539,
              -32.80910202593327
            ],
            [
              -70.8394608736539,
              -32.809097997280574
            ],
            [
              -70.83946184131248,
              -32.809097997280574
            ],
            [
              -70.83946184131248,
              -32.80909477435842
            ],
            [
              -70.83946280897108,
              -32.80909477435842
            ],
            [
              -70.83946280897108,
              -32.80909155143627
            ],
            [
              -70.83946377662966,
              -32.80909155143627
            ],
            [
              -70.83946377662966,
              -32.80908832851411
            ],
            [
              -70.83946474428824,
              -32.80908832851411
            ],
            [
              -70.83946474428824,
              -32.809085105591954
            ],
            [
              -70.83946571194681,
              -32.809085105591954
            ],
            [
              -70.83946571194681,
              -32.8090818826698
            ],
            [
              -70.83946667960541,
              -32.8090818826698
            ],
            [
              -70.83946667960541,
              -32.80907865974764
            ],
            [
              -70.83946764726399,
              -32.80907865974764
            ],
            [
              -70.83946764726399,
              -32.80907543682549
            ],
            [
              -70.83946861492257,
              -32.80907543682549
            ],
            [
              -70.83946861492257,
              -32.809072213903335
            ],
            [
              -70.83946958258115,
              -32.809072213903335
            ],
            [
              -70.83946958258115,
              -32.80906899098118
            ],
            [
              -70.83947055023974,
              -32.80906899098118
            ],
            [
              -70.83947055023974,
              -32.80906576805902
            ],
            [
              -70.83947151789832,
              -32.80906576805902
            ],
            [
              -70.83947151789832,
              -32.80906173940633
            ],
            [
              -70.8394724855569,
              -32.80906173940633
            ],
            [
              -70.8394724855569,
              -32.80905851648417
            ],
            [
              -70.83947345321548,
              -32.80905851648417
            ],
            [
              -70.83947345321548,
              -32.80905529356202
            ],
            [
              -70.83947442087407,
              -32.80905529356202
            ],
            [
              -70.83947442087407,
              -32.809052070639865
            ],
            [
              -70.83947538853265,
              -32.809052070639865
            ],
            [
              -70.83947538853265,
              -32.80904884771771
            ],
            [
              -70.83947635619123,
              -32.80904884771771
            ],
            [
              -70.83947635619123,
              -32.80904562479555
            ],
            [
              -70.8394773238498,
              -32.80904562479555
            ],
            [
              -70.8394773238498,
              -32.8090424018734
            ],
            [
              -70.83947829150839,
              -32.8090424018734
            ],
            [
              -70.83947829150839,
              -32.809039178951245
            ],
            [
              -70.83947925916698,
              -32.809039178951245
            ],
            [
              -70.83947925916698,
              -32.809035956029085
            ],
            [
              -70.83948022682556,
              -32.809035956029085
            ],
            [
              -70.83948022682556,
              -32.80903273310693
            ],
            [
              -70.83948119448414,
              -32.80903273310693
            ],
            [
              -70.83948119448414,
              -32.80902951018478
            ],
            [
              -70.83948216214272,
              -32.80902951018478
            ],
            [
              -70.83948216214272,
              -32.80902548153208
            ],
            [
              -70.83948312980131,
              -32.80902548153208
            ],
            [
              -70.83948312980131,
              -32.80902225860993
            ],
            [
              -70.83948409745989,
              -32.80902225860993
            ],
            [
              -70.83948409745989,
              -32.809019035687776
            ],
            [
              -70.83948506511847,
              -32.809019035687776
            ],
            [
              -70.83948506511847,
              -32.809015812765615
            ],
            [
              -70.83948603277705,
              -32.809015812765615
            ],
            [
              -70.83948603277705,
              -32.80901258984346
            ],
            [
              -70.83948700043564,
              -32.80901258984346
            ],
            [
              -70.83948700043564,
              -32.80900936692131
            ],
            [
              -70.83948796809422,
              -32.80900936692131
            ],
            [
              -70.83948796809422,
              -32.809006143999156
            ],
            [
              -70.8394889357528,
              -32.809006143999156
            ],
            [
              -70.8394889357528,
              -32.809002921076996
            ],
            [
              -70.83948990341138,
              -32.809002921076996
            ],
            [
              -70.83948990341138,
              -32.80899969815484
            ],
            [
              -70.83949087106997,
              -32.80899969815484
            ],
            [
              -70.83949087106997,
              -32.80899647523269
            ],
            [
              -70.83949183872855,
              -32.80899647523269
            ],
            [
              -70.83949183872855,
              -32.80899325231053
            ],
            [
              -70.83949280638713,
              -32.80899325231053
            ],
            [
              -70.83949280638713,
              -32.80898922365784
            ],
            [
              -70.8394937740457,
              -32.80898922365784
            ],
            [
              -70.8394937740457,
              -32.808986000735686
            ],
            [
              -70.83949474170429,
              -32.808986000735686
            ],
            [
              -70.83949474170429,
              -32.808982777813526
            ],
            [
              -70.83949570936288,
              -32.808982777813526
            ],
            [
              -70.83949570936288,
              -32.80897955489137
            ],
            [
              -70.83949667702146,
              -32.80897955489137
            ],
            [
              -70.83949667702146,
              -32.80897633196922
            ],
            [
              -70.83949764468004,
              -32.80897633196922
            ],
            [
              -70.83949764468004,
              -32.80897310904706
            ],
            [
              -70.83949861233862,
              -32.80897310904706
            ],
            [
              -70.83949861233862,
              -32.808969886124906
            ],
            [
              -70.83949957999721,
              -32.808969886124906
            ],
            [
              -70.83949957999721,
              -32.80896666320275
            ],
            [
              -70.83950054765579,
              -32.80896666320275
            ],
            [
              -70.83950054765579,
              -32.8089634402806
            ],
            [
              -70.83950151531437,
              -32.8089634402806
            ],
            [
              -70.83950151531437,
              -32.80896021735844
            ],
            [
              -70.83950248297295,
              -32.80896021735844
            ],
            [
              -70.83950248297295,
              -32.808956994436286
            ],
            [
              -70.83950345063154,
              -32.808956994436286
            ],
            [
              -70.83950345063154,
              -32.80895296578359
            ],
            [
              -70.83950441829012,
              -32.80895296578359
            ],
            [
              -70.83950441829012,
              -32.80894974286144
            ],
            [
              -70.8395053859487,
              -32.80894974286144
            ],
            [
              -70.8395053859487,
              -32.80894651993928
            ],
            [
              -70.83950635360728,
              -32.80894651993928
            ],
            [
              -70.83950635360728,
              -32.80894329701713
            ],
            [
              -70.83950732126587,
              -32.80894329701713
            ],
            [
              -70.83950732126587,
              -32.80894007409497
            ],
            [
              -70.83950828892445,
              -32.80894007409497
            ],
            [
              -70.83950828892445,
              -32.80893685117282
            ],
            [
              -70.83950925658303,
              -32.80893685117282
            ],
            [
              -70.83950925658303,
              -32.808933628250664
            ],
            [
              -70.83951022424161,
              -32.808933628250664
            ],
            [
              -70.83951022424161,
              -32.8089304053285
            ],
            [
              -70.8395111919002,
              -32.8089304053285
            ],
            [
              -70.8395111919002,
              -32.80892718240635
            ],
            [
              -70.83951215955878,
              -32.80892718240635
            ],
            [
              -70.83951215955878,
              -32.8089239594842
            ],
            [
              -70.83951312721736,
              -32.8089239594842
            ],
            [
              -70.83951312721736,
              -32.808920736562044
            ],
            [
              -70.83951409487594,
              -32.808920736562044
            ],
            [
              -70.83951409487594,
              -32.80891670790935
            ],
            [
              -70.83951506253452,
              -32.80891670790935
            ],
            [
              -70.83951506253452,
              -32.808913484987194
            ],
            [
              -70.83951603019311,
              -32.808913484987194
            ],
            [
              -70.83951603019311,
              -32.808910262065034
            ],
            [
              -70.83951699785169,
              -32.808910262065034
            ],
            [
              -70.83951699785169,
              -32.80890703914288
            ],
            [
              -70.83951796551027,
              -32.80890703914288
            ],
            [
              -70.83951796551027,
              -32.80890381622073
            ],
            [
              -70.83951893316885,
              -32.80890381622073
            ],
            [
              -70.83951893316885,
              -32.80890059329857
            ],
            [
              -70.83951990082744,
              -32.80890059329857
            ],
            [
              -70.83951990082744,
              -32.808897370376414
            ],
            [
              -70.83952086848602,
              -32.808897370376414
            ],
            [
              -70.83952086848602,
              -32.80889414745426
            ],
            [
              -70.8395218361446,
              -32.80889414745426
            ],
            [
              -70.8395218361446,
              -32.80889092453211
            ],
            [
              -70.83952280380318,
              -32.80889092453211
            ],
            [
              -70.83952280380318,
              -32.80888770160995
            ],
            [
              -70.83952377146177,
              -32.80888770160995
            ],
            [
              -70.83952377146177,
              -32.808884478687794
            ],
            [
              -70.83952473912035,
              -32.808884478687794
            ],
            [
              -70.83952473912035,
              -32.8088804500351
            ],
            [
              -70.83952570677893,
              -32.8088804500351
            ],
            [
              -70.83952570677893,
              -32.808877227112944
            ],
            [
              -70.83952667443751,
              -32.808877227112944
            ],
            [
              -70.83952667443751,
              -32.80887400419079
            ],
            [
              -70.8395276420961,
              -32.80887400419079
            ],
            [
              -70.8395276420961,
              -32.80887078126864
            ],
            [
              -70.83952860975468,
              -32.80887078126864
            ],
            [
              -70.83952860975468,
              -32.80886755834648
            ],
            [
              -70.83952957741326,
              -32.80886755834648
            ],
            [
              -70.83952957741326,
              -32.808864335424325
            ],
            [
              -70.83953054507184,
              -32.808864335424325
            ],
            [
              -70.83953054507184,
              -32.80886111250217
            ],
            [
              -70.83953151273043,
              -32.80886111250217
            ],
            [
              -70.83953151273043,
              -32.80885788958001
            ],
            [
              -70.83953248038901,
              -32.80885788958001
            ],
            [
              -70.83953248038901,
              -32.80885466665786
            ],
            [
              -70.83953344804759,
              -32.80885466665786
            ],
            [
              -70.83953344804759,
              -32.808851443735705
            ],
            [
              -70.83953441570617,
              -32.808851443735705
            ],
            [
              -70.83953441570617,
              -32.80884822081355
            ],
            [
              -70.83953538336475,
              -32.80884822081355
            ],
            [
              -70.83953538336475,
              -32.808844192160855
            ],
            [
              -70.83953635102334,
              -32.808844192160855
            ],
            [
              -70.83953635102334,
              -32.8088409692387
            ],
            [
              -70.83953731868192,
              -32.8088409692387
            ],
            [
              -70.83953731868192,
              -32.80883774631654
            ],
            [
              -70.8395382863405,
              -32.80883774631654
            ],
            [
              -70.8395382863405,
              -32.80883452339439
            ],
            [
              -70.83953925399908,
              -32.80883452339439
            ],
            [
              -70.83953925399908,
              -32.808831300472235
            ],
            [
              -70.83954022165767,
              -32.808831300472235
            ],
            [
              -70.83954022165767,
              -32.80882807755008
            ],
            [
              -70.83954118931625,
              -32.80882807755008
            ],
            [
              -70.83954118931625,
              -32.80882485462792
            ],
            [
              -70.83954215697483,
              -32.80882485462792
            ],
            [
              -70.83954215697483,
              -32.80882163170577
            ],
            [
              -70.83954312463341,
              -32.80882163170577
            ],
            [
              -70.83954312463341,
              -32.808818408783615
            ],
            [
              -70.839544092292,
              -32.808818408783615
            ],
            [
              -70.839544092292,
              -32.808815185861455
            ],
            [
              -70.83954505995058,
              -32.808815185861455
            ],
            [
              -70.83954505995058,
              -32.8088119629393
            ],
            [
              -70.83954602760916,
              -32.8088119629393
            ],
            [
              -70.83954602760916,
              -32.80880793428661
            ],
            [
              -70.83954699526774,
              -32.80880793428661
            ],
            [
              -70.83954699526774,
              -32.80880471136445
            ],
            [
              -70.83954796292633,
              -32.80880471136445
            ],
            [
              -70.83954796292633,
              -32.8088014884423
            ],
            [
              -70.83954893058491,
              -32.8088014884423
            ],
            [
              -70.83954893058491,
              -32.808798265520146
            ],
            [
              -70.83954989824349,
              -32.808798265520146
            ],
            [
              -70.83954989824349,
              -32.808795042597986
            ],
            [
              -70.83955086590207,
              -32.808795042597986
            ],
            [
              -70.83955086590207,
              -32.80879181967583
            ],
            [
              -70.83955183356066,
              -32.80879181967583
            ],
            [
              -70.83955183356066,
              -32.80878859675368
            ],
            [
              -70.83955280121924,
              -32.80878859675368
            ],
            [
              -70.83955280121924,
              -32.808785373831526
            ],
            [
              -70.83955376887782,
              -32.808785373831526
            ],
            [
              -70.83955376887782,
              -32.808782150909366
            ],
            [
              -70.8395547365364,
              -32.808782150909366
            ],
            [
              -70.8395547365364,
              -32.80877892798721
            ],
            [
              -70.83955570419498,
              -32.80877892798721
            ],
            [
              -70.83955570419498,
              -32.80877570506506
            ],
            [
              -70.83955667185357,
              -32.80877570506506
            ],
            [
              -70.83955667185357,
              -32.80877167641236
            ],
            [
              -70.83955763951215,
              -32.80877167641236
            ],
            [
              -70.83955763951215,
              -32.80876845349021
            ],
            [
              -70.83955860717073,
              -32.80876845349021
            ],
            [
              -70.83955860717073,
              -32.808765230568056
            ],
            [
              -70.83955957482931,
              -32.808765230568056
            ],
            [
              -70.83955957482931,
              -32.808762007645896
            ],
            [
              -70.8395605424879,
              -32.808762007645896
            ],
            [
              -70.8395605424879,
              -32.80875878472374
            ],
            [
              -70.83956151014648,
              -32.80875878472374
            ],
            [
              -70.83956151014648,
              -32.80875556180159
            ],
            [
              -70.83956247780506,
              -32.80875556180159
            ],
            [
              -70.83956247780506,
              -32.80875233887943
            ],
            [
              -70.83956344546364,
              -32.80875233887943
            ],
            [
              -70.83956344546364,
              -32.808749115957276
            ],
            [
              -70.83956441312223,
              -32.808749115957276
            ],
            [
              -70.83956441312223,
              -32.80874589303512
            ],
            [
              -70.83956538078081,
              -32.80874589303512
            ],
            [
              -70.83956538078081,
              -32.80874267011297
            ],
            [
              -70.83956634843939,
              -32.80874267011297
            ],
            [
              -70.83956634843939,
              -32.80873944719081
            ],
            [
              -70.83956731609797,
              -32.80873944719081
            ],
            [
              -70.83956731609797,
              -32.80873541853812
            ],
            [
              -70.83956828375656,
              -32.80873541853812
            ],
            [
              -70.83956828375656,
              -32.80873219561596
            ],
            [
              -70.83956925141514,
              -32.80873219561596
            ],
            [
              -70.83956925141514,
              -32.80872897269381
            ],
            [
              -70.83957021907372,
              -32.80872897269381
            ],
            [
              -70.83957021907372,
              -32.80867740593933
            ],
            [
              -70.8395711867323,
              -32.80867740593933
            ],
            [
              -70.8395711867323,
              -32.808623421993225
            ],
            [
              -70.83957215439088,
              -32.808623421993225
            ],
            [
              -70.83957215439088,
              -32.80856943804713
            ],
            [
              -70.83957312204947,
              -32.80856943804713
            ],
            [
              -70.83957312204947,
              -32.80851545410103
            ],
            [
              -70.83957408970805,
              -32.80851545410103
            ],
            [
              -70.83957408970805,
              -32.80846147015493
            ],
            [
              -70.83957505736663,
              -32.80846147015493
            ],
            [
              -70.83957505736663,
              -32.80840748620883
            ],
            [
              -70.83957602502521,
              -32.80840748620883
            ],
            [
              -70.83957602502521,
              -32.808353502262726
            ],
            [
              -70.8395769926838,
              -32.808353502262726
            ],
            [
              -70.8395769926838,
              -32.80829951831663
            ],
            [
              -70.83957796034238,
              -32.80829951831663
            ],
            [
              -70.83957796034238,
              -32.80824553437053
            ],
            [
              -70.83957892800096,
              -32.80824553437053
            ],
            [
              -70.83957892800096,
              -32.80819155042443
            ],
            [
              -70.83957989565954,
              -32.80819155042443
            ],
            [
              -70.83957989565954,
              -32.80813676074779
            ],
            [
              -70.83958086331813,
              -32.80813676074779
            ],
            [
              -70.83958086331813,
              -32.8080827768017
            ],
            [
              -70.83958183097671,
              -32.8080827768017
            ],
            [
              -70.83958183097671,
              -32.808028792855595
            ],
            [
              -70.83958279863529,
              -32.808028792855595
            ],
            [
              -70.83958279863529,
              -32.8079748089095
            ],
            [
              -70.83958376629387,
              -32.8079748089095
            ],
            [
              -70.83958376629387,
              -32.8079208249634
            ],
            [
              -70.83958473395246,
              -32.8079208249634
            ],
            [
              -70.83958473395246,
              -32.8078668410173
            ],
            [
              -70.83958570161104,
              -32.8078668410173
            ],
            [
              -70.83958570161104,
              -32.8078128570712
            ],
            [
              -70.83958666926962,
              -32.8078128570712
            ],
            [
              -70.83958666926962,
              -32.80778304504126
            ],
            [
              -70.8395876369282,
              -32.80778304504126
            ],
            [
              -70.8395876369282,
              -32.80775806739456
            ],
            [
              -70.8395886045868,
              -32.80775806739456
            ],
            [
              -70.8395886045868,
              -32.807733089747856
            ],
            [
              -70.83958957224537,
              -32.807733089747856
            ],
            [
              -70.83958957224537,
              -32.8077089178317
            ],
            [
              -70.83959053990395,
              -32.8077089178317
            ],
            [
              -70.83959053990395,
              -32.807683940184994
            ],
            [
              -70.83959150756253,
              -32.807683940184994
            ],
            [
              -70.83959150756253,
              -32.80765896253829
            ],
            [
              -70.83959247522111,
              -32.80765896253829
            ],
            [
              -70.83959247522111,
              -32.80763398489159
            ],
            [
              -70.8395934428797,
              -32.80763398489159
            ],
            [
              -70.8395934428797,
              -32.80760981297542
            ],
            [
              -70.83959441053828,
              -32.80760981297542
            ],
            [
              -70.83959441053828,
              -32.80758483532872
            ],
            [
              -70.83959537819686,
              -32.80758483532872
            ],
            [
              -70.83959537819686,
              -32.807559857682016
            ],
            [
              -70.83959634585544,
              -32.807559857682016
            ],
            [
              -70.83959634585544,
              -32.80753488003531
            ],
            [
              -70.83959731351403,
              -32.80753488003531
            ],
            [
              -70.83959731351403,
              -32.80751070811915
            ],
            [
              -70.83959828117261,
              -32.80751070811915
            ],
            [
              -70.83959828117261,
              -32.80748573047245
            ],
            [
              -70.83959924883119,
              -32.80748573047245
            ],
            [
              -70.83959924883119,
              -32.80746075282575
            ],
            [
              -70.83960021648977,
              -32.80746075282575
            ],
            [
              -70.83960021648977,
              -32.807435775179044
            ],
            [
              -70.83960118414836,
              -32.807435775179044
            ],
            [
              -70.83960118414836,
              -32.80741160326288
            ],
            [
              -70.83960215180694,
              -32.80741160326288
            ],
            [
              -70.83960215180694,
              -32.807386625616175
            ],
            [
              -70.83960311946552,
              -32.807386625616175
            ],
            [
              -70.83960311946552,
              -32.80736164796947
            ],
            [
              -70.8396040871241,
              -32.80736164796947
            ],
            [
              -70.8396040871241,
              -32.80733667032277
            ],
            [
              -70.8396050547827,
              -32.80733667032277
            ],
            [
              -70.8396050547827,
              -32.80731249840661
            ],
            [
              -70.83960602244127,
              -32.80731249840661
            ],
            [
              -70.83960602244127,
              -32.80728752075991
            ],
            [
              -70.83960699009985,
              -32.80728752075991
            ],
            [
              -70.83960699009985,
              -32.807262543113204
            ],
            [
              -70.83960795775843,
              -32.807262543113204
            ],
            [
              -70.83960795775843,
              -32.807260931652124
            ],
            [
              -70.83960892541702,
              -32.807260931652124
            ]
          ]
        ]
      }
    }
  ]
}
