{
  "type": "FeatureCollection",
  "name": "drone_outlines_v_siebenthal2_20260618_ndvi",
  "features": [
    {
      "type": "Feature",
      "properties": {
        "id_cuartel": "c00024",
        "nom_cuartel": "2",
        "cultivo": "Uva de mesa",
        "nom_predio": "Von Siebenthal",
        "propietario": "Vina Von Siebenthal",
        "superficie": "11.23208",
        "predio_id": "v_siebenthal2",
        "raster_key": "v_siebenthal2_20260618_ndvi",
        "fuente": "drone_webp_alpha"
      },
      "geometry": {
        "type": "Polygon",
        "coordinates": [
          [
            [
              -70.84721792724785,
              -32.806158090376485
            ],
            [
              -70.84721792724785,
              -32.80616260452603
            ],
            [
              -70.84721657576051,
              -32.80616260452603
            ],
            [
              -70.84721657576051,
              -32.80616824721295
            ],
            [
              -70.84721522427319,
              -32.80616824721295
            ],
            [
              -70.84721522427319,
              -32.80617388989988
            ],
            [
              -70.84721387278584,
              -32.80617388989988
            ],
            [
              -70.84721387278584,
              -32.80617953258681
            ],
            [
              -70.8472125212985,
              -32.80617953258681
            ],
            [
              -70.8472125212985,
              -32.80618517527373
            ],
            [
              -70.84721116981116,
              -32.80618517527373
            ],
            [
              -70.84721116981116,
              -32.80619081796066
            ],
            [
              -70.84720981832383,
              -32.80619081796066
            ],
            [
              -70.84720981832383,
              -32.80619646064759
            ],
            [
              -70.84720846683649,
              -32.80619646064759
            ],
            [
              -70.84720846683649,
              -32.80620210333452
            ],
            [
              -70.84720711534915,
              -32.80620210333452
            ],
            [
              -70.84720711534915,
              -32.80620774602144
            ],
            [
              -70.84720576386181,
              -32.80620774602144
            ],
            [
              -70.84720576386181,
              -32.80621338870837
            ],
            [
              -70.84720441237448,
              -32.80621338870837
            ],
            [
              -70.84720441237448,
              -32.8062190313953
            ],
            [
              -70.84720306088714,
              -32.8062190313953
            ],
            [
              -70.84720306088714,
              -32.80622467408223
            ],
            [
              -70.8472017093998,
              -32.80622467408223
            ],
            [
              -70.8472017093998,
              -32.80623031676915
            ],
            [
              -70.84720035791246,
              -32.80623031676915
            ],
            [
              -70.84720035791246,
              -32.80623595945608
            ],
            [
              -70.84719900642513,
              -32.80623595945608
            ],
            [
              -70.84719900642513,
              -32.80624160214301
            ],
            [
              -70.84719765493779,
              -32.80624160214301
            ],
            [
              -70.84719765493779,
              -32.80624724482993
            ],
            [
              -70.84719630345045,
              -32.80624724482993
            ],
            [
              -70.84719630345045,
              -32.80625288751686
            ],
            [
              -70.8471949519631,
              -32.80625288751686
            ],
            [
              -70.8471949519631,
              -32.80625853020379
            ],
            [
              -70.84719360047578,
              -32.80625853020379
            ],
            [
              -70.84719360047578,
              -32.80626417289072
            ],
            [
              -70.84719224898843,
              -32.80626417289072
            ],
            [
              -70.84719224898843,
              -32.80626981557764
            ],
            [
              -70.8471908975011,
              -32.80626981557764
            ],
            [
              -70.8471908975011,
              -32.80627545826457
            ],
            [
              -70.84718954601375,
              -32.80627545826457
            ],
            [
              -70.84718954601375,
              -32.8062811009515
            ],
            [
              -70.84718819452642,
              -32.8062811009515
            ],
            [
              -70.84718819452642,
              -32.806286743638424
            ],
            [
              -70.84718684303908,
              -32.806286743638424
            ],
            [
              -70.84718684303908,
              -32.80629238632535
            ],
            [
              -70.84718549155174,
              -32.80629238632535
            ],
            [
              -70.84718549155174,
              -32.80629802901228
            ],
            [
              -70.8471841400644,
              -32.80629802901228
            ],
            [
              -70.8471841400644,
              -32.80630367169921
            ],
            [
              -70.84718278857707,
              -32.80630367169921
            ],
            [
              -70.84718278857707,
              -32.806309314386134
            ],
            [
              -70.84718143708973,
              -32.806309314386134
            ],
            [
              -70.84718143708973,
              -32.80631495707306
            ],
            [
              -70.84718008560239,
              -32.80631495707306
            ],
            [
              -70.84718008560239,
              -32.80632059975999
            ],
            [
              -70.84717873411505,
              -32.80632059975999
            ],
            [
              -70.84717873411505,
              -32.80632624244692
            ],
            [
              -70.84717738262772,
              -32.80632624244692
            ],
            [
              -70.84717738262772,
              -32.806331885133844
            ],
            [
              -70.84717603114038,
              -32.806331885133844
            ],
            [
              -70.84717603114038,
              -32.80633752782077
            ],
            [
              -70.84717467965304,
              -32.80633752782077
            ],
            [
              -70.84717467965304,
              -32.8063431705077
            ],
            [
              -70.8471733281657,
              -32.8063431705077
            ],
            [
              -70.8471733281657,
              -32.806348813194624
            ],
            [
              -70.84717197667837,
              -32.806348813194624
            ],
            [
              -70.84717197667837,
              -32.806354455881554
            ],
            [
              -70.84717062519103,
              -32.806354455881554
            ],
            [
              -70.84717062519103,
              -32.80636009856848
            ],
            [
              -70.84716927370368,
              -32.80636009856848
            ],
            [
              -70.84716927370368,
              -32.80636574125541
            ],
            [
              -70.84716792221634,
              -32.80636574125541
            ],
            [
              -70.84716792221634,
              -32.806371383942334
            ],
            [
              -70.84716657072902,
              -32.806371383942334
            ],
            [
              -70.84716657072902,
              -32.806377026629264
            ],
            [
              -70.84716521924167,
              -32.806377026629264
            ],
            [
              -70.84716521924167,
              -32.80638266931619
            ],
            [
              -70.84716386775433,
              -32.80638266931619
            ],
            [
              -70.84716386775433,
              -32.80638944054051
            ],
            [
              -70.84716251626699,
              -32.80638944054051
            ],
            [
              -70.84716251626699,
              -32.80639508322743
            ],
            [
              -70.84716116477966,
              -32.80639508322743
            ],
            [
              -70.84716116477966,
              -32.80640072591436
            ],
            [
              -70.84715981329232,
              -32.80640072591436
            ],
            [
              -70.84715981329232,
              -32.80640636860129
            ],
            [
              -70.84715846180498,
              -32.80640636860129
            ],
            [
              -70.84715846180498,
              -32.80641201128822
            ],
            [
              -70.84715711031764,
              -32.80641201128822
            ],
            [
              -70.84715711031764,
              -32.80641765397514
            ],
            [
              -70.84715575883031,
              -32.80641765397514
            ],
            [
              -70.84715575883031,
              -32.80642329666207
            ],
            [
              -70.84715440734297,
              -32.80642329666207
            ],
            [
              -70.84715440734297,
              -32.806428939349
            ],
            [
              -70.84715305585563,
              -32.806428939349
            ],
            [
              -70.84715305585563,
              -32.80643458203592
            ],
            [
              -70.84715170436829,
              -32.80643458203592
            ],
            [
              -70.84715170436829,
              -32.80644022472285
            ],
            [
              -70.84715035288096,
              -32.80644022472285
            ],
            [
              -70.84715035288096,
              -32.80644586740978
            ],
            [
              -70.84714900139362,
              -32.80644586740978
            ],
            [
              -70.84714900139362,
              -32.80645151009671
            ],
            [
              -70.84714764990628,
              -32.80645151009671
            ],
            [
              -70.84714764990628,
              -32.80645715278363
            ],
            [
              -70.84714629841893,
              -32.80645715278363
            ],
            [
              -70.84714629841893,
              -32.80646279547056
            ],
            [
              -70.8471449469316,
              -32.80646279547056
            ],
            [
              -70.8471449469316,
              -32.80646843815749
            ],
            [
              -70.84714359544427,
              -32.80646843815749
            ],
            [
              -70.84714359544427,
              -32.80647408084441
            ],
            [
              -70.84714224395692,
              -32.80647408084441
            ],
            [
              -70.84714224395692,
              -32.80647972353134
            ],
            [
              -70.84714089246958,
              -32.80647972353134
            ],
            [
              -70.84714089246958,
              -32.80648536621827
            ],
            [
              -70.84713954098225,
              -32.80648536621827
            ],
            [
              -70.84713954098225,
              -32.8064910089052
            ],
            [
              -70.84713818949491,
              -32.8064910089052
            ],
            [
              -70.84713818949491,
              -32.80649665159212
            ],
            [
              -70.84713683800757,
              -32.80649665159212
            ],
            [
              -70.84713683800757,
              -32.80650229427905
            ],
            [
              -70.84713548652023,
              -32.80650229427905
            ],
            [
              -70.84713548652023,
              -32.80650793696598
            ],
            [
              -70.8471341350329,
              -32.80650793696598
            ],
            [
              -70.8471341350329,
              -32.80651357965291
            ],
            [
              -70.84713278354556,
              -32.80651357965291
            ],
            [
              -70.84713278354556,
              -32.80651922233983
            ],
            [
              -70.84713143205822,
              -32.80651922233983
            ],
            [
              -70.84713143205822,
              -32.80652486502676
            ],
            [
              -70.84713008057088,
              -32.80652486502676
            ],
            [
              -70.84713008057088,
              -32.80653050771369
            ],
            [
              -70.84712872908355,
              -32.80653050771369
            ],
            [
              -70.84712872908355,
              -32.80653615040061
            ],
            [
              -70.84712737759621,
              -32.80653615040061
            ],
            [
              -70.84712737759621,
              -32.80654179308754
            ],
            [
              -70.84712602610887,
              -32.80654179308754
            ],
            [
              -70.84712602610887,
              -32.80654743577447
            ],
            [
              -70.84712467462153,
              -32.80654743577447
            ],
            [
              -70.84712467462153,
              -32.8065530784614
            ],
            [
              -70.8471233231342,
              -32.8065530784614
            ],
            [
              -70.8471233231342,
              -32.80655872114832
            ],
            [
              -70.84712197164686,
              -32.80655872114832
            ],
            [
              -70.84712197164686,
              -32.80656436383525
            ],
            [
              -70.84712062015952,
              -32.80656436383525
            ],
            [
              -70.84712062015952,
              -32.80657000652218
            ],
            [
              -70.84711926867217,
              -32.80657000652218
            ],
            [
              -70.84711926867217,
              -32.80657564920911
            ],
            [
              -70.84711791718485,
              -32.80657564920911
            ],
            [
              -70.84711791718485,
              -32.80658129189603
            ],
            [
              -70.8471165656975,
              -32.80658129189603
            ],
            [
              -70.8471165656975,
              -32.80658693458296
            ],
            [
              -70.84711521421016,
              -32.80658693458296
            ],
            [
              -70.84711521421016,
              -32.80659257726989
            ],
            [
              -70.84711386272282,
              -32.80659257726989
            ],
            [
              -70.84711386272282,
              -32.80659821995681
            ],
            [
              -70.8471125112355,
              -32.80659821995681
            ],
            [
              -70.8471125112355,
              -32.80660386264374
            ],
            [
              -70.84711115974815,
              -32.80660386264374
            ],
            [
              -70.84711115974815,
              -32.80660950533067
            ],
            [
              -70.84710980826081,
              -32.80660950533067
            ],
            [
              -70.84710980826081,
              -32.8066151480176
            ],
            [
              -70.84710845677347,
              -32.8066151480176
            ],
            [
              -70.84710845677347,
              -32.80662079070452
            ],
            [
              -70.84710710528614,
              -32.80662079070452
            ],
            [
              -70.84710710528614,
              -32.80662643339145
            ],
            [
              -70.8471057537988,
              -32.80662643339145
            ],
            [
              -70.8471057537988,
              -32.80663207607838
            ],
            [
              -70.84710440231146,
              -32.80663207607838
            ],
            [
              -70.84710440231146,
              -32.8066377187653
            ],
            [
              -70.84710305082412,
              -32.8066377187653
            ],
            [
              -70.84710305082412,
              -32.80664336145223
            ],
            [
              -70.84710169933679,
              -32.80664336145223
            ],
            [
              -70.84710169933679,
              -32.80664900413916
            ],
            [
              -70.84710034784945,
              -32.80664900413916
            ],
            [
              -70.84710034784945,
              -32.80665464682609
            ],
            [
              -70.8470989963621,
              -32.80665464682609
            ],
            [
              -70.8470989963621,
              -32.80666028951301
            ],
            [
              -70.84709764487476,
              -32.80666028951301
            ],
            [
              -70.84709764487476,
              -32.806667060737325
            ],
            [
              -70.84709629338744,
              -32.806667060737325
            ],
            [
              -70.84709629338744,
              -32.806672703424255
            ],
            [
              -70.8470949419001,
              -32.806672703424255
            ],
            [
              -70.8470949419001,
              -32.806678346111184
            ],
            [
              -70.84709359041275,
              -32.806678346111184
            ],
            [
              -70.84709359041275,
              -32.806683988798106
            ],
            [
              -70.84709223892541,
              -32.806683988798106
            ],
            [
              -70.84709223892541,
              -32.806689631485035
            ],
            [
              -70.84709088743809,
              -32.806689631485035
            ],
            [
              -70.84709088743809,
              -32.806695274171965
            ],
            [
              -70.84708953595074,
              -32.806695274171965
            ],
            [
              -70.84708953595074,
              -32.806700916858894
            ],
            [
              -70.8470881844634,
              -32.806700916858894
            ],
            [
              -70.8470881844634,
              -32.806706559545816
            ],
            [
              -70.84708683297606,
              -32.806706559545816
            ],
            [
              -70.84708683297606,
              -32.806712202232745
            ],
            [
              -70.84708548148873,
              -32.806712202232745
            ],
            [
              -70.84708548148873,
              -32.806717844919675
            ],
            [
              -70.84708413000139,
              -32.806717844919675
            ],
            [
              -70.84708413000139,
              -32.8067234876066
            ],
            [
              -70.84708277851405,
              -32.8067234876066
            ],
            [
              -70.84708277851405,
              -32.806729130293526
            ],
            [
              -70.84708142702671,
              -32.806729130293526
            ],
            [
              -70.84708142702671,
              -32.806734772980455
            ],
            [
              -70.84708007553938,
              -32.806734772980455
            ],
            [
              -70.84708007553938,
              -32.806740415667385
            ],
            [
              -70.84707872405204,
              -32.806740415667385
            ],
            [
              -70.84707872405204,
              -32.80674605835431
            ],
            [
              -70.8470773725647,
              -32.80674605835431
            ],
            [
              -70.8470773725647,
              -32.806751701041236
            ],
            [
              -70.84707602107736,
              -32.806751701041236
            ],
            [
              -70.84707602107736,
              -32.806757343728165
            ],
            [
              -70.84707466959003,
              -32.806757343728165
            ],
            [
              -70.84707466959003,
              -32.80676298641509
            ],
            [
              -70.84707331810269,
              -32.80676298641509
            ],
            [
              -70.84707331810269,
              -32.80676862910202
            ],
            [
              -70.84707196661535,
              -32.80676862910202
            ],
            [
              -70.84707196661535,
              -32.806774271788946
            ],
            [
              -70.847070615128,
              -32.806774271788946
            ],
            [
              -70.847070615128,
              -32.806779914475875
            ],
            [
              -70.84706926364068,
              -32.806779914475875
            ],
            [
              -70.84706926364068,
              -32.8067855571628
            ],
            [
              -70.84706791215334,
              -32.8067855571628
            ],
            [
              -70.84706791215334,
              -32.80679119984973
            ],
            [
              -70.847066560666,
              -32.80679119984973
            ],
            [
              -70.847066560666,
              -32.806796842536656
            ],
            [
              -70.84706520917865,
              -32.806796842536656
            ],
            [
              -70.84706520917865,
              -32.806802485223585
            ],
            [
              -70.84706385769132,
              -32.806802485223585
            ],
            [
              -70.84706385769132,
              -32.80680812791051
            ],
            [
              -70.84706250620398,
              -32.80680812791051
            ],
            [
              -70.84706250620398,
              -32.80681377059744
            ],
            [
              -70.84706115471664,
              -32.80681377059744
            ],
            [
              -70.84706115471664,
              -32.806819413284366
            ],
            [
              -70.8470598032293,
              -32.806819413284366
            ],
            [
              -70.8470598032293,
              -32.80682505597129
            ],
            [
              -70.84705845174197,
              -32.80682505597129
            ],
            [
              -70.84705845174197,
              -32.80683069865822
            ],
            [
              -70.84705710025463,
              -32.80683069865822
            ],
            [
              -70.84705710025463,
              -32.80683634134515
            ],
            [
              -70.84705574876729,
              -32.80683634134515
            ],
            [
              -70.84705574876729,
              -32.806841984032076
            ],
            [
              -70.84705439727995,
              -32.806841984032076
            ],
            [
              -70.84705439727995,
              -32.806847626719
            ],
            [
              -70.84705304579262,
              -32.806847626719
            ],
            [
              -70.84705304579262,
              -32.80685326940593
            ],
            [
              -70.84705169430528,
              -32.80685326940593
            ],
            [
              -70.84705169430528,
              -32.806858912092856
            ],
            [
              -70.84705034281794,
              -32.806858912092856
            ],
            [
              -70.84705034281794,
              -32.80686455477978
            ],
            [
              -70.8470489913306,
              -32.80686455477978
            ],
            [
              -70.8470489913306,
              -32.80687019746671
            ],
            [
              -70.84704763984327,
              -32.80687019746671
            ],
            [
              -70.84704763984327,
              -32.80687584015364
            ],
            [
              -70.84704628835593,
              -32.80687584015364
            ],
            [
              -70.84704628835593,
              -32.806881482840566
            ],
            [
              -70.84704493686858,
              -32.806881482840566
            ],
            [
              -70.84704493686858,
              -32.80688712552749
            ],
            [
              -70.84704358538124,
              -32.80688712552749
            ],
            [
              -70.84704358538124,
              -32.80689276821442
            ],
            [
              -70.84704223389392,
              -32.80689276821442
            ],
            [
              -70.84704223389392,
              -32.80689841090135
            ],
            [
              -70.84704088240657,
              -32.80689841090135
            ],
            [
              -70.84704088240657,
              -32.806904053588276
            ],
            [
              -70.84703953091923,
              -32.806904053588276
            ],
            [
              -70.84703953091923,
              -32.8069096962752
            ],
            [
              -70.84703817943189,
              -32.8069096962752
            ],
            [
              -70.84703817943189,
              -32.80691533896213
            ],
            [
              -70.84703682794456,
              -32.80691533896213
            ],
            [
              -70.84703682794456,
              -32.80692098164906
            ],
            [
              -70.84703547645722,
              -32.80692098164906
            ],
            [
              -70.84703547645722,
              -32.80692662433598
            ],
            [
              -70.84703412496988,
              -32.80692662433598
            ],
            [
              -70.84703412496988,
              -32.80693226702291
            ],
            [
              -70.84703277348254,
              -32.80693226702291
            ],
            [
              -70.84703277348254,
              -32.80693790970984
            ],
            [
              -70.84703142199521,
              -32.80693790970984
            ],
            [
              -70.84703142199521,
              -32.80694355239677
            ],
            [
              -70.84703007050787,
              -32.80694355239677
            ],
            [
              -70.84703007050787,
              -32.80695032362107
            ],
            [
              -70.84702871902053,
              -32.80695032362107
            ],
            [
              -70.84702871902053,
              -32.806955966308
            ],
            [
              -70.84702736753319,
              -32.806955966308
            ],
            [
              -70.84702736753319,
              -32.80696160899493
            ],
            [
              -70.84702601604585,
              -32.80696160899493
            ],
            [
              -70.84702601604585,
              -32.80696725168186
            ],
            [
              -70.84702466455852,
              -32.80696725168186
            ],
            [
              -70.84702466455852,
              -32.80697289436878
            ],
            [
              -70.84702331307118,
              -32.80697289436878
            ],
            [
              -70.84702331307118,
              -32.80697853705571
            ],
            [
              -70.84702196158383,
              -32.80697853705571
            ],
            [
              -70.84702196158383,
              -32.80698417974264
            ],
            [
              -70.8470206100965,
              -32.80698417974264
            ],
            [
              -70.8470206100965,
              -32.80698982242957
            ],
            [
              -70.84701925860917,
              -32.80698982242957
            ],
            [
              -70.84701925860917,
              -32.80699546511649
            ],
            [
              -70.84701790712182,
              -32.80699546511649
            ],
            [
              -70.84701790712182,
              -32.80700110780342
            ],
            [
              -70.84701655563448,
              -32.80700110780342
            ],
            [
              -70.84701655563448,
              -32.80700675049035
            ],
            [
              -70.84701520414714,
              -32.80700675049035
            ],
            [
              -70.84701520414714,
              -32.807012393177274
            ],
            [
              -70.84701385265981,
              -32.807012393177274
            ],
            [
              -70.84701385265981,
              -32.8070180358642
            ],
            [
              -70.84701250117247,
              -32.8070180358642
            ],
            [
              -70.84701250117247,
              -32.80702367855113
            ],
            [
              -70.84701114968513,
              -32.80702367855113
            ],
            [
              -70.84701114968513,
              -32.80702932123806
            ],
            [
              -70.84700979819779,
              -32.80702932123806
            ],
            [
              -70.84700979819779,
              -32.807034963924984
            ],
            [
              -70.84700844671046,
              -32.807034963924984
            ],
            [
              -70.84700844671046,
              -32.80704060661191
            ],
            [
              -70.84700709522312,
              -32.80704060661191
            ],
            [
              -70.84700709522312,
              -32.80704624929884
            ],
            [
              -70.84700574373578,
              -32.80704624929884
            ],
            [
              -70.84700574373578,
              -32.807051891985765
            ],
            [
              -70.84700439224844,
              -32.807051891985765
            ],
            [
              -70.84700439224844,
              -32.807057534672694
            ],
            [
              -70.84700304076111,
              -32.807057534672694
            ],
            [
              -70.84700304076111,
              -32.80706317735962
            ],
            [
              -70.84700168927377,
              -32.80706317735962
            ],
            [
              -70.84700168927377,
              -32.80706882004655
            ],
            [
              -70.84700033778643,
              -32.80706882004655
            ],
            [
              -70.84700033778643,
              -32.807074462733475
            ],
            [
              -70.84699898629908,
              -32.807074462733475
            ],
            [
              -70.84699898629908,
              -32.807080105420404
            ],
            [
              -70.84699763481176,
              -32.807080105420404
            ],
            [
              -70.84699763481176,
              -32.80708574810733
            ],
            [
              -70.84699628332442,
              -32.80708574810733
            ],
            [
              -70.84699628332442,
              -32.80709139079426
            ],
            [
              -70.84699493183707,
              -32.80709139079426
            ],
            [
              -70.84699493183707,
              -32.807097033481185
            ],
            [
              -70.84699358034973,
              -32.807097033481185
            ],
            [
              -70.84699358034973,
              -32.807102676168114
            ],
            [
              -70.8469922288624,
              -32.807102676168114
            ],
            [
              -70.8469922288624,
              -32.80710831885504
            ],
            [
              -70.84699087737506,
              -32.80710831885504
            ],
            [
              -70.84699087737506,
              -32.807113961541965
            ],
            [
              -70.84698952588772,
              -32.807113961541965
            ],
            [
              -70.84698952588772,
              -32.807119604228895
            ],
            [
              -70.84698817440038,
              -32.807119604228895
            ],
            [
              -70.84698817440038,
              -32.807125246915824
            ],
            [
              -70.84698682291305,
              -32.807125246915824
            ],
            [
              -70.84698682291305,
              -32.80713088960275
            ],
            [
              -70.84698547142571,
              -32.80713088960275
            ],
            [
              -70.84698547142571,
              -32.807136532289675
            ],
            [
              -70.84698411993837,
              -32.807136532289675
            ],
            [
              -70.84698411993837,
              -32.807142174976605
            ],
            [
              -70.84698276845103,
              -32.807142174976605
            ],
            [
              -70.84698276845103,
              -32.807147817663534
            ],
            [
              -70.8469814169637,
              -32.807147817663534
            ],
            [
              -70.8469814169637,
              -32.80715346035046
            ],
            [
              -70.84698006547636,
              -32.80715346035046
            ],
            [
              -70.84698006547636,
              -32.807159103037385
            ],
            [
              -70.84697871398902,
              -32.807159103037385
            ],
            [
              -70.84697871398902,
              -32.807164745724315
            ],
            [
              -70.84697736250168,
              -32.807164745724315
            ],
            [
              -70.84697736250168,
              -32.807170388411244
            ],
            [
              -70.84697601101435,
              -32.807170388411244
            ],
            [
              -70.84697601101435,
              -32.807176031098166
            ],
            [
              -70.846974659527,
              -32.807176031098166
            ],
            [
              -70.846974659527,
              -32.807181673785095
            ],
            [
              -70.84697330803967,
              -32.807181673785095
            ],
            [
              -70.84697330803967,
              -32.807187316472024
            ],
            [
              -70.84697195655232,
              -32.807187316472024
            ],
            [
              -70.84697195655232,
              -32.807192959158954
            ],
            [
              -70.846970605065,
              -32.807192959158954
            ],
            [
              -70.846970605065,
              -32.807198601845876
            ],
            [
              -70.84696925357765,
              -32.807198601845876
            ],
            [
              -70.84696925357765,
              -32.807204244532805
            ],
            [
              -70.84696790209031,
              -32.807204244532805
            ],
            [
              -70.84696790209031,
              -32.807209887219734
            ],
            [
              -70.84696655060297,
              -32.807209887219734
            ],
            [
              -70.84696655060297,
              -32.80721552990666
            ],
            [
              -70.84696519911564,
              -32.80721552990666
            ],
            [
              -70.84696519911564,
              -32.807221172593586
            ],
            [
              -70.8469638476283,
              -32.807221172593586
            ],
            [
              -70.8469638476283,
              -32.8072279438179
            ],
            [
              -70.84696249614096,
              -32.8072279438179
            ],
            [
              -70.84696249614096,
              -32.80723358650483
            ],
            [
              -70.84696114465362,
              -32.80723358650483
            ],
            [
              -70.84696114465362,
              -32.80723922919175
            ],
            [
              -70.84695979316629,
              -32.80723922919175
            ],
            [
              -70.84695979316629,
              -32.80724487187868
            ],
            [
              -70.84695844167895,
              -32.80724487187868
            ],
            [
              -70.84695844167895,
              -32.80725051456561
            ],
            [
              -70.84695709019161,
              -32.80725051456561
            ],
            [
              -70.84695709019161,
              -32.80725615725254
            ],
            [
              -70.84695573870427,
              -32.80725615725254
            ],
            [
              -70.84695573870427,
              -32.80726179993946
            ],
            [
              -70.84695438721694,
              -32.80726179993946
            ],
            [
              -70.84695438721694,
              -32.80726744262639
            ],
            [
              -70.8469530357296,
              -32.80726744262639
            ],
            [
              -70.8469530357296,
              -32.80727308531332
            ],
            [
              -70.84695168424226,
              -32.80727308531332
            ],
            [
              -70.84695168424226,
              -32.80727872800025
            ],
            [
              -70.84695033275491,
              -32.80727872800025
            ],
            [
              -70.84695033275491,
              -32.80728437068717
            ],
            [
              -70.84694898126759,
              -32.80728437068717
            ],
            [
              -70.84694898126759,
              -32.8072900133741
            ],
            [
              -70.84694762978025,
              -32.8072900133741
            ],
            [
              -70.84694762978025,
              -32.80729565606103
            ],
            [
              -70.8469462782929,
              -32.80729565606103
            ],
            [
              -70.8469462782929,
              -32.80730129874795
            ],
            [
              -70.84694492680556,
              -32.80730129874795
            ],
            [
              -70.84694492680556,
              -32.80730694143488
            ],
            [
              -70.84694357531824,
              -32.80730694143488
            ],
            [
              -70.84694357531824,
              -32.80731258412181
            ],
            [
              -70.8469422238309,
              -32.80731258412181
            ],
            [
              -70.8469422238309,
              -32.80731822680874
            ],
            [
              -70.84694087234355,
              -32.80731822680874
            ],
            [
              -70.84694087234355,
              -32.80732386949566
            ],
            [
              -70.84693952085621,
              -32.80732386949566
            ],
            [
              -70.84693952085621,
              -32.80732951218259
            ],
            [
              -70.84693816936888,
              -32.80732951218259
            ],
            [
              -70.84693816936888,
              -32.80733515486952
            ],
            [
              -70.84693681788154,
              -32.80733515486952
            ],
            [
              -70.84693681788154,
              -32.80734079755644
            ],
            [
              -70.8469354663942,
              -32.80734079755644
            ],
            [
              -70.8469354663942,
              -32.80734644024337
            ],
            [
              -70.84693411490686,
              -32.80734644024337
            ],
            [
              -70.84693411490686,
              -32.8073520829303
            ],
            [
              -70.84693276341953,
              -32.8073520829303
            ],
            [
              -70.84693276341953,
              -32.80735772561723
            ],
            [
              -70.84693141193219,
              -32.80735772561723
            ],
            [
              -70.84693141193219,
              -32.80736336830415
            ],
            [
              -70.84693006044485,
              -32.80736336830415
            ],
            [
              -70.84693006044485,
              -32.80736901099108
            ],
            [
              -70.8469287089575,
              -32.80736901099108
            ],
            [
              -70.8469287089575,
              -32.80737465367801
            ],
            [
              -70.84692735747018,
              -32.80737465367801
            ],
            [
              -70.84692735747018,
              -32.80738029636494
            ],
            [
              -70.84692600598284,
              -32.80738029636494
            ],
            [
              -70.84692600598284,
              -32.80738593905186
            ],
            [
              -70.8469246544955,
              -32.80738593905186
            ],
            [
              -70.8469246544955,
              -32.80739158173879
            ],
            [
              -70.84692330300815,
              -32.80739158173879
            ],
            [
              -70.84692330300815,
              -32.80739722442572
            ],
            [
              -70.84692195152083,
              -32.80739722442572
            ],
            [
              -70.84692195152083,
              -32.80740286711264
            ],
            [
              -70.84692060003349,
              -32.80740286711264
            ],
            [
              -70.84692060003349,
              -32.80740850979957
            ],
            [
              -70.84691924854614,
              -32.80740850979957
            ],
            [
              -70.84691924854614,
              -32.8074141524865
            ],
            [
              -70.8469178970588,
              -32.8074141524865
            ],
            [
              -70.8469178970588,
              -32.80741979517343
            ],
            [
              -70.84691654557147,
              -32.80741979517343
            ],
            [
              -70.84691654557147,
              -32.80742543786035
            ],
            [
              -70.84691519408413,
              -32.80742543786035
            ],
            [
              -70.84691519408413,
              -32.80743108054728
            ],
            [
              -70.84691384259679,
              -32.80743108054728
            ],
            [
              -70.84691384259679,
              -32.80743672323421
            ],
            [
              -70.84691249110945,
              -32.80743672323421
            ],
            [
              -70.84691249110945,
              -32.80744236592113
            ],
            [
              -70.84691113962212,
              -32.80744236592113
            ],
            [
              -70.84691113962212,
              -32.80744800860806
            ],
            [
              -70.84690978813478,
              -32.80744800860806
            ],
            [
              -70.84690978813478,
              -32.80745365129499
            ],
            [
              -70.84690843664744,
              -32.80745365129499
            ],
            [
              -70.84690843664744,
              -32.80745929398192
            ],
            [
              -70.8469070851601,
              -32.80745929398192
            ],
            [
              -70.8469070851601,
              -32.80746493666884
            ],
            [
              -70.84690573367277,
              -32.80746493666884
            ],
            [
              -70.84690573367277,
              -32.80747057935577
            ],
            [
              -70.84690438218543,
              -32.80747057935577
            ],
            [
              -70.84690438218543,
              -32.8074762220427
            ],
            [
              -70.84690303069809,
              -32.8074762220427
            ],
            [
              -70.84690303069809,
              -32.80748186472963
            ],
            [
              -70.84690167921075,
              -32.80748186472963
            ],
            [
              -70.84690167921075,
              -32.80748750741655
            ],
            [
              -70.84690032772342,
              -32.80748750741655
            ],
            [
              -70.84690032772342,
              -32.80749315010348
            ],
            [
              -70.84689897623608,
              -32.80749315010348
            ],
            [
              -70.84689897623608,
              -32.80749879279041
            ],
            [
              -70.84689762474873,
              -32.80749879279041
            ],
            [
              -70.84689762474873,
              -32.807505564014726
            ],
            [
              -70.8468962732614,
              -32.807505564014726
            ],
            [
              -70.8468962732614,
              -32.80751120670165
            ],
            [
              -70.84689492177407,
              -32.80751120670165
            ],
            [
              -70.84689492177407,
              -32.80751684938858
            ],
            [
              -70.84689357028672,
              -32.80751684938858
            ],
            [
              -70.84689357028672,
              -32.807522492075506
            ],
            [
              -70.84689221879938,
              -32.807522492075506
            ],
            [
              -70.84689221879938,
              -32.80752813476243
            ],
            [
              -70.84689086731204,
              -32.80752813476243
            ],
            [
              -70.84689086731204,
              -32.80753377744936
            ],
            [
              -70.84688951582471,
              -32.80753377744936
            ],
            [
              -70.84688951582471,
              -32.80753942013629
            ],
            [
              -70.84688816433737,
              -32.80753942013629
            ],
            [
              -70.84688816433737,
              -32.807545062823216
            ],
            [
              -70.84688681285003,
              -32.807545062823216
            ],
            [
              -70.84688681285003,
              -32.80755070551014
            ],
            [
              -70.84688546136269,
              -32.80755070551014
            ],
            [
              -70.84688546136269,
              -32.80755634819707
            ],
            [
              -70.84688410987536,
              -32.80755634819707
            ],
            [
              -70.84688410987536,
              -32.807561990884
            ],
            [
              -70.84688275838802,
              -32.807561990884
            ],
            [
              -70.84688275838802,
              -32.807567633570926
            ],
            [
              -70.84688140690068,
              -32.807567633570926
            ],
            [
              -70.84688140690068,
              -32.80757327625785
            ],
            [
              -70.84688005541334,
              -32.80757327625785
            ],
            [
              -70.84688005541334,
              -32.80757891894478
            ],
            [
              -70.84687870392601,
              -32.80757891894478
            ],
            [
              -70.84687870392601,
              -32.80758456163171
            ],
            [
              -70.84687735243867,
              -32.80758456163171
            ],
            [
              -70.84687735243867,
              -32.80759020431863
            ],
            [
              -70.84687600095133,
              -32.80759020431863
            ],
            [
              -70.84687600095133,
              -32.80759584700556
            ],
            [
              -70.84687464946398,
              -32.80759584700556
            ],
            [
              -70.84687464946398,
              -32.80760148969249
            ],
            [
              -70.84687329797666,
              -32.80760148969249
            ],
            [
              -70.84687329797666,
              -32.80760713237942
            ],
            [
              -70.84687194648932,
              -32.80760713237942
            ],
            [
              -70.84687194648932,
              -32.80761277506634
            ],
            [
              -70.84687059500197,
              -32.80761277506634
            ],
            [
              -70.84687059500197,
              -32.80761841775327
            ],
            [
              -70.84686924351463,
              -32.80761841775327
            ],
            [
              -70.84686924351463,
              -32.8076240604402
            ],
            [
              -70.8468678920273,
              -32.8076240604402
            ],
            [
              -70.8468678920273,
              -32.80762970312712
            ],
            [
              -70.84686654053996,
              -32.80762970312712
            ],
            [
              -70.84686654053996,
              -32.80763534581405
            ],
            [
              -70.84686518905262,
              -32.80763534581405
            ],
            [
              -70.84686518905262,
              -32.80764098850098
            ],
            [
              -70.84686383756528,
              -32.80764098850098
            ],
            [
              -70.84686383756528,
              -32.80764663118791
            ],
            [
              -70.84686248607795,
              -32.80764663118791
            ],
            [
              -70.84686248607795,
              -32.80765227387483
            ],
            [
              -70.84686113459061,
              -32.80765227387483
            ],
            [
              -70.84686113459061,
              -32.80765791656176
            ],
            [
              -70.84685978310327,
              -32.80765791656176
            ],
            [
              -70.84685978310327,
              -32.80766355924869
            ],
            [
              -70.84685843161593,
              -32.80766355924869
            ],
            [
              -70.84685843161593,
              -32.80766920193562
            ],
            [
              -70.8468570801286,
              -32.80766920193562
            ],
            [
              -70.8468570801286,
              -32.80767484462254
            ],
            [
              -70.84685572864126,
              -32.80767484462254
            ],
            [
              -70.84685572864126,
              -32.80768048730947
            ],
            [
              -70.84685437715392,
              -32.80768048730947
            ],
            [
              -70.84685437715392,
              -32.8076861299964
            ],
            [
              -70.84685302566658,
              -32.8076861299964
            ],
            [
              -70.84685302566658,
              -32.80769177268332
            ],
            [
              -70.84685167417925,
              -32.80769177268332
            ],
            [
              -70.84685167417925,
              -32.80769741537025
            ],
            [
              -70.8468503226919,
              -32.80769741537025
            ],
            [
              -70.8468503226919,
              -32.80770305805718
            ],
            [
              -70.84684897120457,
              -32.80770305805718
            ],
            [
              -70.84684897120457,
              -32.80770870074411
            ],
            [
              -70.84684761971722,
              -32.80770870074411
            ],
            [
              -70.84684761971722,
              -32.80771434343103
            ],
            [
              -70.8468462682299,
              -32.80771434343103
            ],
            [
              -70.8468462682299,
              -32.80771998611796
            ],
            [
              -70.84684491674255,
              -32.80771998611796
            ],
            [
              -70.84684491674255,
              -32.80772562880489
            ],
            [
              -70.84684356525521,
              -32.80772562880489
            ],
            [
              -70.84684356525521,
              -32.80773127149182
            ],
            [
              -70.84684221376787,
              -32.80773127149182
            ],
            [
              -70.84684221376787,
              -32.80773691417874
            ],
            [
              -70.84684086228054,
              -32.80773691417874
            ],
            [
              -70.84684086228054,
              -32.80774255686567
            ],
            [
              -70.8468395107932,
              -32.80774255686567
            ],
            [
              -70.8468395107932,
              -32.8077481995526
            ],
            [
              -70.84683815930586,
              -32.8077481995526
            ],
            [
              -70.84683815930586,
              -32.80775384223952
            ],
            [
              -70.84683680781852,
              -32.80775384223952
            ],
            [
              -70.84683680781852,
              -32.80775948492645
            ],
            [
              -70.84683545633119,
              -32.80775948492645
            ],
            [
              -70.84683545633119,
              -32.80776512761338
            ],
            [
              -70.84683410484385,
              -32.80776512761338
            ],
            [
              -70.84683410484385,
              -32.80777077030031
            ],
            [
              -70.84683275335651,
              -32.80777077030031
            ],
            [
              -70.84683275335651,
              -32.80777641298723
            ],
            [
              -70.84683140186917,
              -32.80777641298723
            ],
            [
              -70.84683140186917,
              -32.80778205567416
            ],
            [
              -70.84683005038184,
              -32.80778205567416
            ],
            [
              -70.84683005038184,
              -32.807788826898474
            ],
            [
              -70.8468286988945,
              -32.807788826898474
            ],
            [
              -70.8468286988945,
              -32.8077944695854
            ],
            [
              -70.84682734740716,
              -32.8077944695854
            ],
            [
              -70.84682734740716,
              -32.807800112272325
            ],
            [
              -70.84682599591981,
              -32.807800112272325
            ],
            [
              -70.84682599591981,
              -32.807805754959254
            ],
            [
              -70.84682464443249,
              -32.807805754959254
            ],
            [
              -70.84682464443249,
              -32.807811397646184
            ],
            [
              -70.84682329294515,
              -32.807811397646184
            ],
            [
              -70.84682329294515,
              -32.807817040333106
            ],
            [
              -70.8468219414578,
              -32.807817040333106
            ],
            [
              -70.8468219414578,
              -32.807822683020035
            ],
            [
              -70.84682058997046,
              -32.807822683020035
            ],
            [
              -70.84682058997046,
              -32.807828325706964
            ],
            [
              -70.84681923848314,
              -32.807828325706964
            ],
            [
              -70.84681923848314,
              -32.80783396839389
            ],
            [
              -70.8468178869958,
              -32.80783396839389
            ],
            [
              -70.8468178869958,
              -32.807839611080816
            ],
            [
              -70.84681653550845,
              -32.807839611080816
            ],
            [
              -70.84681653550845,
              -32.807845253767745
            ],
            [
              -70.84681518402111,
              -32.807845253767745
            ],
            [
              -70.84681518402111,
              -32.807850896454674
            ],
            [
              -70.84681383253378,
              -32.807850896454674
            ],
            [
              -70.84681383253378,
              -32.8078565391416
            ],
            [
              -70.84681248104644,
              -32.8078565391416
            ],
            [
              -70.84681248104644,
              -32.807862181828526
            ],
            [
              -70.8468111295591,
              -32.807862181828526
            ],
            [
              -70.8468111295591,
              -32.807867824515455
            ],
            [
              -70.84680977807176,
              -32.807867824515455
            ],
            [
              -70.84680977807176,
              -32.807873467202384
            ],
            [
              -70.84680842658443,
              -32.807873467202384
            ],
            [
              -70.84680842658443,
              -32.807879109889306
            ],
            [
              -70.84680707509709,
              -32.807879109889306
            ],
            [
              -70.84680707509709,
              -32.807884752576236
            ],
            [
              -70.84680572360975,
              -32.807884752576236
            ],
            [
              -70.84680572360975,
              -32.807890395263165
            ],
            [
              -70.8468043721224,
              -32.807890395263165
            ],
            [
              -70.8468043721224,
              -32.807896037950094
            ],
            [
              -70.84680302063508,
              -32.807896037950094
            ],
            [
              -70.84680302063508,
              -32.807901680637016
            ],
            [
              -70.84680166914774,
              -32.807901680637016
            ],
            [
              -70.84680166914774,
              -32.807907323323946
            ],
            [
              -70.8468003176604,
              -32.807907323323946
            ],
            [
              -70.8468003176604,
              -32.807912966010875
            ],
            [
              -70.84679896617305,
              -32.807912966010875
            ],
            [
              -70.84679896617305,
              -32.8079186086978
            ],
            [
              -70.84679761468573,
              -32.8079186086978
            ],
            [
              -70.84679761468573,
              -32.807924251384726
            ],
            [
              -70.84679626319839,
              -32.807924251384726
            ],
            [
              -70.84679626319839,
              -32.807929894071655
            ],
            [
              -70.84679491171104,
              -32.807929894071655
            ],
            [
              -70.84679491171104,
              -32.807935536758585
            ],
            [
              -70.8467935602237,
              -32.807935536758585
            ],
            [
              -70.8467935602237,
              -32.80794117944551
            ],
            [
              -70.84679220873637,
              -32.80794117944551
            ],
            [
              -70.84679220873637,
              -32.807946822132436
            ],
            [
              -70.84679085724903,
              -32.807946822132436
            ],
            [
              -70.84679085724903,
              -32.807952464819365
            ],
            [
              -70.84678950576169,
              -32.807952464819365
            ],
            [
              -70.84678950576169,
              -32.807958107506295
            ],
            [
              -70.84678815427435,
              -32.807958107506295
            ],
            [
              -70.84678815427435,
              -32.80796375019322
            ],
            [
              -70.84678680278702,
              -32.80796375019322
            ],
            [
              -70.84678680278702,
              -32.807969392880146
            ],
            [
              -70.84678545129968,
              -32.807969392880146
            ],
            [
              -70.84678545129968,
              -32.807975035567075
            ],
            [
              -70.84678409981234,
              -32.807975035567075
            ],
            [
              -70.84678409981234,
              -32.807980678254
            ],
            [
              -70.846782748325,
              -32.807980678254
            ],
            [
              -70.846782748325,
              -32.80798632094093
            ],
            [
              -70.84678139683767,
              -32.80798632094093
            ],
            [
              -70.84678139683767,
              -32.807991963627856
            ],
            [
              -70.84678004535033,
              -32.807991963627856
            ],
            [
              -70.84678004535033,
              -32.807997606314785
            ],
            [
              -70.84677869386299,
              -32.807997606314785
            ],
            [
              -70.84677869386299,
              -32.80800324900171
            ],
            [
              -70.84677734237565,
              -32.80800324900171
            ],
            [
              -70.84677734237565,
              -32.80800889168864
            ],
            [
              -70.84677599088832,
              -32.80800889168864
            ],
            [
              -70.84677599088832,
              -32.808014534375566
            ],
            [
              -70.84677463940098,
              -32.808014534375566
            ],
            [
              -70.84677463940098,
              -32.80802017706249
            ],
            [
              -70.84677328791363,
              -32.80802017706249
            ],
            [
              -70.84677328791363,
              -32.80802581974942
            ],
            [
              -70.8467719364263,
              -32.80802581974942
            ],
            [
              -70.8467719364263,
              -32.80803146243635
            ],
            [
              -70.84677058493897,
              -32.80803146243635
            ],
            [
              -70.84677058493897,
              -32.808037105123276
            ],
            [
              -70.84676923345162,
              -32.808037105123276
            ],
            [
              -70.84676923345162,
              -32.8080427478102
            ],
            [
              -70.84676788196428,
              -32.8080427478102
            ],
            [
              -70.84676788196428,
              -32.80804839049713
            ],
            [
              -70.84676653047694,
              -32.80804839049713
            ],
            [
              -70.84676653047694,
              -32.80805403318406
            ],
            [
              -70.84676517898961,
              -32.80805403318406
            ],
            [
              -70.84676517898961,
              -32.808059675870986
            ],
            [
              -70.84676382750227,
              -32.808059675870986
            ],
            [
              -70.84676382750227,
              -32.80806644709529
            ],
            [
              -70.84676247601493,
              -32.80806644709529
            ],
            [
              -70.84676247601493,
              -32.80807208978222
            ],
            [
              -70.84676112452759,
              -32.80807208978222
            ],
            [
              -70.84676112452759,
              -32.80807773246915
            ],
            [
              -70.84675977304026,
              -32.80807773246915
            ],
            [
              -70.84675977304026,
              -32.80808337515608
            ],
            [
              -70.84675842155292,
              -32.80808337515608
            ],
            [
              -70.84675842155292,
              -32.808089017843
            ],
            [
              -70.84675707006558,
              -32.808089017843
            ],
            [
              -70.84675707006558,
              -32.80809466052993
            ],
            [
              -70.84675571857824,
              -32.80809466052993
            ],
            [
              -70.84675571857824,
              -32.80810030321686
            ],
            [
              -70.84675436709091,
              -32.80810030321686
            ],
            [
              -70.84675436709091,
              -32.80810594590378
            ],
            [
              -70.84675301560357,
              -32.80810594590378
            ],
            [
              -70.84675301560357,
              -32.80811158859071
            ],
            [
              -70.84675166411623,
              -32.80811158859071
            ],
            [
              -70.84675166411623,
              -32.80811723127764
            ],
            [
              -70.84675031262888,
              -32.80811723127764
            ],
            [
              -70.84675031262888,
              -32.80812287396457
            ],
            [
              -70.84674896114156,
              -32.80812287396457
            ],
            [
              -70.84674896114156,
              -32.80812851665149
            ],
            [
              -70.84674760965422,
              -32.80812851665149
            ],
            [
              -70.84674760965422,
              -32.80813415933842
            ],
            [
              -70.84674625816687,
              -32.80813415933842
            ],
            [
              -70.84674625816687,
              -32.80813980202535
            ],
            [
              -70.84674490667953,
              -32.80813980202535
            ],
            [
              -70.84674490667953,
              -32.80814544471228
            ],
            [
              -70.84674355519219,
              -32.80814544471228
            ],
            [
              -70.84674355519219,
              -32.8081510873992
            ],
            [
              -70.84674220370486,
              -32.8081510873992
            ],
            [
              -70.84674220370486,
              -32.80815673008613
            ],
            [
              -70.84674085221752,
              -32.80815673008613
            ],
            [
              -70.84674085221752,
              -32.80816237277306
            ],
            [
              -70.84673950073018,
              -32.80816237277306
            ],
            [
              -70.84673950073018,
              -32.808168015459984
            ],
            [
              -70.84673814924284,
              -32.808168015459984
            ],
            [
              -70.84673814924284,
              -32.80817365814691
            ],
            [
              -70.84673679775551,
              -32.80817365814691
            ],
            [
              -70.84673679775551,
              -32.80817930083384
            ],
            [
              -70.84673544626817,
              -32.80817930083384
            ],
            [
              -70.84673544626817,
              -32.80818494352077
            ],
            [
              -70.84673409478083,
              -32.80818494352077
            ],
            [
              -70.84673409478083,
              -32.808190586207694
            ],
            [
              -70.84673274329349,
              -32.808190586207694
            ],
            [
              -70.84673274329349,
              -32.80819622889462
            ],
            [
              -70.84673139180616,
              -32.80819622889462
            ],
            [
              -70.84673139180616,
              -32.80820187158155
            ],
            [
              -70.84673004031882,
              -32.80820187158155
            ],
            [
              -70.84673004031882,
              -32.808207514268474
            ],
            [
              -70.84672868883148,
              -32.808207514268474
            ],
            [
              -70.84672868883148,
              -32.808213156955404
            ],
            [
              -70.84672733734413,
              -32.808213156955404
            ],
            [
              -70.84672733734413,
              -32.80821879964233
            ],
            [
              -70.8467259858568,
              -32.80821879964233
            ],
            [
              -70.8467259858568,
              -32.80822444232926
            ],
            [
              -70.84672463436947,
              -32.80822444232926
            ],
            [
              -70.84672463436947,
              -32.808230085016184
            ],
            [
              -70.84672328288212,
              -32.808230085016184
            ],
            [
              -70.84672328288212,
              -32.808235727703114
            ],
            [
              -70.84672193139478,
              -32.808235727703114
            ],
            [
              -70.84672193139478,
              -32.80824137039004
            ],
            [
              -70.84672057990745,
              -32.80824137039004
            ],
            [
              -70.84672057990745,
              -32.80824701307697
            ],
            [
              -70.84671922842011,
              -32.80824701307697
            ],
            [
              -70.84671922842011,
              -32.808252655763894
            ],
            [
              -70.84671787693277,
              -32.808252655763894
            ],
            [
              -70.84671787693277,
              -32.80825829845082
            ],
            [
              -70.84671652544543,
              -32.80825829845082
            ],
            [
              -70.84671652544543,
              -32.80826394113775
            ],
            [
              -70.8467151739581,
              -32.80826394113775
            ],
            [
              -70.8467151739581,
              -32.808269583824675
            ],
            [
              -70.84671382247076,
              -32.808269583824675
            ],
            [
              -70.84671382247076,
              -32.808275226511604
            ],
            [
              -70.84671247098342,
              -32.808275226511604
            ],
            [
              -70.84671247098342,
              -32.80828086919853
            ],
            [
              -70.84671111949608,
              -32.80828086919853
            ],
            [
              -70.84671111949608,
              -32.80828651188546
            ],
            [
              -70.84670976800875,
              -32.80828651188546
            ],
            [
              -70.84670976800875,
              -32.808292154572385
            ],
            [
              -70.84670841652141,
              -32.808292154572385
            ],
            [
              -70.84670841652141,
              -32.808297797259314
            ],
            [
              -70.84670706503407,
              -32.808297797259314
            ],
            [
              -70.84670706503407,
              -32.80830343994624
            ],
            [
              -70.84670571354673,
              -32.80830343994624
            ],
            [
              -70.84670571354673,
              -32.80830908263317
            ],
            [
              -70.8467043620594,
              -32.80830908263317
            ],
            [
              -70.8467043620594,
              -32.808314725320095
            ],
            [
              -70.84670301057206,
              -32.808314725320095
            ],
            [
              -70.84670301057206,
              -32.808320368007024
            ],
            [
              -70.84670165908472,
              -32.808320368007024
            ],
            [
              -70.84670165908472,
              -32.80832601069395
            ],
            [
              -70.84670030759737,
              -32.80832601069395
            ],
            [
              -70.84670030759737,
              -32.808331653380876
            ],
            [
              -70.84669895611005,
              -32.808331653380876
            ],
            [
              -70.84669895611005,
              -32.808337296067805
            ],
            [
              -70.8466976046227,
              -32.808337296067805
            ],
            [
              -70.8466976046227,
              -32.808342938754734
            ],
            [
              -70.84669625313536,
              -32.808342938754734
            ],
            [
              -70.84669625313536,
              -32.80834970997905
            ],
            [
              -70.84669490164802,
              -32.80834970997905
            ],
            [
              -70.84669490164802,
              -32.80835535266597
            ],
            [
              -70.8466935501607,
              -32.80835535266597
            ],
            [
              -70.8466935501607,
              -32.8083609953529
            ],
            [
              -70.84669219867335,
              -32.8083609953529
            ],
            [
              -70.84669219867335,
              -32.80836663803983
            ],
            [
              -70.84669084718601,
              -32.80836663803983
            ],
            [
              -70.84669084718601,
              -32.80837228072676
            ],
            [
              -70.84668949569867,
              -32.80837228072676
            ],
            [
              -70.84668949569867,
              -32.80837792341368
            ],
            [
              -70.84668814421134,
              -32.80837792341368
            ],
            [
              -70.84668814421134,
              -32.80838356610061
            ],
            [
              -70.846686792724,
              -32.80838356610061
            ],
            [
              -70.846686792724,
              -32.80838920878754
            ],
            [
              -70.84668544123666,
              -32.80838920878754
            ],
            [
              -70.84668544123666,
              -32.80839485147446
            ],
            [
              -70.84668408974932,
              -32.80839485147446
            ],
            [
              -70.84668408974932,
              -32.80840049416139
            ],
            [
              -70.84668273826199,
              -32.80840049416139
            ],
            [
              -70.84668273826199,
              -32.80840613684832
            ],
            [
              -70.84668138677465,
              -32.80840613684832
            ],
            [
              -70.84668138677465,
              -32.80841177953525
            ],
            [
              -70.8466800352873,
              -32.80841177953525
            ],
            [
              -70.8466800352873,
              -32.80841742222217
            ],
            [
              -70.84667868379996,
              -32.80841742222217
            ],
            [
              -70.84667868379996,
              -32.8084230649091
            ],
            [
              -70.84667733231264,
              -32.8084230649091
            ],
            [
              -70.84667733231264,
              -32.80842870759603
            ],
            [
              -70.8466759808253,
              -32.80842870759603
            ],
            [
              -70.8466759808253,
              -32.80843435028296
            ],
            [
              -70.84667462933795,
              -32.80843435028296
            ],
            [
              -70.84667462933795,
              -32.80843999296988
            ],
            [
              -70.84667327785061,
              -32.80843999296988
            ],
            [
              -70.84667327785061,
              -32.80844563565681
            ],
            [
              -70.84667192636329,
              -32.80844563565681
            ],
            [
              -70.84667192636329,
              -32.80845127834374
            ],
            [
              -70.84667057487594,
              -32.80845127834374
            ],
            [
              -70.84667057487594,
              -32.80845692103066
            ],
            [
              -70.8466692233886,
              -32.80845692103066
            ],
            [
              -70.8466692233886,
              -32.80846256371759
            ],
            [
              -70.84666787190126,
              -32.80846256371759
            ],
            [
              -70.84666787190126,
              -32.80846820640452
            ],
            [
              -70.84666652041393,
              -32.80846820640452
            ],
            [
              -70.84666652041393,
              -32.80847384909145
            ],
            [
              -70.84666516892659,
              -32.80847384909145
            ],
            [
              -70.84666516892659,
              -32.80847949177837
            ],
            [
              -70.84666381743925,
              -32.80847949177837
            ],
            [
              -70.84666381743925,
              -32.8084851344653
            ],
            [
              -70.84666246595191,
              -32.8084851344653
            ],
            [
              -70.84666246595191,
              -32.80849077715223
            ],
            [
              -70.84666111446458,
              -32.80849077715223
            ],
            [
              -70.84666111446458,
              -32.80849641983915
            ],
            [
              -70.84665976297724,
              -32.80849641983915
            ],
            [
              -70.84665976297724,
              -32.80850206252608
            ],
            [
              -70.8466584114899,
              -32.80850206252608
            ],
            [
              -70.8466584114899,
              -32.80850770521301
            ],
            [
              -70.84665706000256,
              -32.80850770521301
            ],
            [
              -70.84665706000256,
              -32.80851334789994
            ],
            [
              -70.84665570851523,
              -32.80851334789994
            ],
            [
              -70.84665570851523,
              -32.80851899058686
            ],
            [
              -70.84665435702789,
              -32.80851899058686
            ],
            [
              -70.84665435702789,
              -32.80852463327379
            ],
            [
              -70.84665300554055,
              -32.80852463327379
            ],
            [
              -70.84665300554055,
              -32.80853027596072
            ],
            [
              -70.8466516540532,
              -32.80853027596072
            ],
            [
              -70.8466516540532,
              -32.80853591864765
            ],
            [
              -70.84665030256588,
              -32.80853591864765
            ],
            [
              -70.84665030256588,
              -32.80854156133457
            ],
            [
              -70.84664895107854,
              -32.80854156133457
            ],
            [
              -70.84664895107854,
              -32.8085472040215
            ],
            [
              -70.8466475995912,
              -32.8085472040215
            ],
            [
              -70.8466475995912,
              -32.80855284670843
            ],
            [
              -70.84664624810385,
              -32.80855284670843
            ],
            [
              -70.84664624810385,
              -32.80855848939535
            ],
            [
              -70.84664489661652,
              -32.80855848939535
            ],
            [
              -70.84664489661652,
              -32.80856413208228
            ],
            [
              -70.84664354512918,
              -32.80856413208228
            ],
            [
              -70.84664354512918,
              -32.80856977476921
            ],
            [
              -70.84664219364184,
              -32.80856977476921
            ],
            [
              -70.84664219364184,
              -32.80857541745614
            ],
            [
              -70.8466408421545,
              -32.80857541745614
            ],
            [
              -70.8466408421545,
              -32.80858106014306
            ],
            [
              -70.84663949066717,
              -32.80858106014306
            ],
            [
              -70.84663949066717,
              -32.80858670282999
            ],
            [
              -70.84663813917983,
              -32.80858670282999
            ],
            [
              -70.84663813917983,
              -32.80859234551692
            ],
            [
              -70.84663678769249,
              -32.80859234551692
            ],
            [
              -70.84663678769249,
              -32.80859798820384
            ],
            [
              -70.84663543620515,
              -32.80859798820384
            ],
            [
              -70.84663543620515,
              -32.80860363089077
            ],
            [
              -70.84663408471782,
              -32.80860363089077
            ],
            [
              -70.84663408471782,
              -32.8086092735777
            ],
            [
              -70.84663273323048,
              -32.8086092735777
            ],
            [
              -70.84663273323048,
              -32.80861491626463
            ],
            [
              -70.84663138174314,
              -32.80861491626463
            ],
            [
              -70.84663138174314,
              -32.80862055895155
            ],
            [
              -70.8466300302558,
              -32.80862055895155
            ],
            [
              -70.8466300302558,
              -32.80862733017587
            ],
            [
              -70.84662867876847,
              -32.80862733017587
            ],
            [
              -70.84662867876847,
              -32.808632972862796
            ],
            [
              -70.84662732728113,
              -32.808632972862796
            ],
            [
              -70.84662732728113,
              -32.808638615549725
            ],
            [
              -70.84662597579378,
              -32.808638615549725
            ],
            [
              -70.84662597579378,
              -32.80864425823665
            ],
            [
              -70.84662462430644,
              -32.80864425823665
            ],
            [
              -70.84662462430644,
              -32.80864990092358
            ],
            [
              -70.84662327281912,
              -32.80864990092358
            ],
            [
              -70.84662327281912,
              -32.808655543610506
            ],
            [
              -70.84662192133177,
              -32.808655543610506
            ],
            [
              -70.84662192133177,
              -32.808661186297435
            ],
            [
              -70.84662056984443,
              -32.808661186297435
            ],
            [
              -70.84662056984443,
              -32.80866682898436
            ],
            [
              -70.84661921835709,
              -32.80866682898436
            ],
            [
              -70.84661921835709,
              -32.80867247167129
            ],
            [
              -70.84661786686976,
              -32.80867247167129
            ],
            [
              -70.84661786686976,
              -32.808678114358216
            ],
            [
              -70.84661651538242,
              -32.808678114358216
            ],
            [
              -70.84661651538242,
              -32.80868375704514
            ],
            [
              -70.84661516389508,
              -32.80868375704514
            ],
            [
              -70.84661516389508,
              -32.80868939973207
            ],
            [
              -70.84661381240774,
              -32.80868939973207
            ],
            [
              -70.84661381240774,
              -32.808695042419
            ],
            [
              -70.84661246092041,
              -32.808695042419
            ],
            [
              -70.84661246092041,
              -32.808700685105926
            ],
            [
              -70.84661110943307,
              -32.808700685105926
            ],
            [
              -70.84661110943307,
              -32.80870632779285
            ],
            [
              -70.84660975794573,
              -32.80870632779285
            ],
            [
              -70.84660975794573,
              -32.80871197047978
            ],
            [
              -70.84660840645839,
              -32.80871197047978
            ],
            [
              -70.84660840645839,
              -32.808717613166706
            ],
            [
              -70.84660705497106,
              -32.808717613166706
            ],
            [
              -70.84660705497106,
              -32.808723255853636
            ],
            [
              -70.84660570348372,
              -32.808723255853636
            ],
            [
              -70.84660570348372,
              -32.80872889854056
            ],
            [
              -70.84660435199638,
              -32.80872889854056
            ],
            [
              -70.84660435199638,
              -32.80873454122749
            ],
            [
              -70.84660300050903,
              -32.80873454122749
            ],
            [
              -70.84660300050903,
              -32.808740183914416
            ],
            [
              -70.84660164902171,
              -32.808740183914416
            ],
            [
              -70.84660164902171,
              -32.80874582660134
            ],
            [
              -70.84660029753437,
              -32.80874582660134
            ],
            [
              -70.84660029753437,
              -32.80875146928827
            ],
            [
              -70.84659894604702,
              -32.80875146928827
            ],
            [
              -70.84659894604702,
              -32.8087571119752
            ],
            [
              -70.84659759455968,
              -32.8087571119752
            ],
            [
              -70.84659759455968,
              -32.808762754662126
            ],
            [
              -70.84659624307236,
              -32.808762754662126
            ],
            [
              -70.84659624307236,
              -32.80876839734905
            ],
            [
              -70.84659489158501,
              -32.80876839734905
            ],
            [
              -70.84659489158501,
              -32.80877404003598
            ],
            [
              -70.84659354009767,
              -32.80877404003598
            ],
            [
              -70.84659354009767,
              -32.80877968272291
            ],
            [
              -70.84659218861033,
              -32.80877968272291
            ],
            [
              -70.84659218861033,
              -32.80878532540983
            ],
            [
              -70.846590837123,
              -32.80878532540983
            ],
            [
              -70.846590837123,
              -32.80879096809676
            ],
            [
              -70.84658948563566,
              -32.80879096809676
            ],
            [
              -70.84658948563566,
              -32.80879661078369
            ],
            [
              -70.84658813414832,
              -32.80879661078369
            ],
            [
              -70.84658813414832,
              -32.80880225347062
            ],
            [
              -70.84658678266098,
              -32.80880225347062
            ],
            [
              -70.84658678266098,
              -32.80880789615754
            ],
            [
              -70.84658543117365,
              -32.80880789615754
            ],
            [
              -70.84658543117365,
              -32.80881353884447
            ],
            [
              -70.84658407968631,
              -32.80881353884447
            ],
            [
              -70.84658407968631,
              -32.8088191815314
            ],
            [
              -70.84658272819897,
              -32.8088191815314
            ],
            [
              -70.84658272819897,
              -32.80882482421833
            ],
            [
              -70.84658137671163,
              -32.80882482421833
            ],
            [
              -70.84658137671163,
              -32.80883046690525
            ],
            [
              -70.8465800252243,
              -32.80883046690525
            ],
            [
              -70.8465800252243,
              -32.80883610959218
            ],
            [
              -70.84657867373696,
              -32.80883610959218
            ],
            [
              -70.84657867373696,
              -32.80884175227911
            ],
            [
              -70.84657732224962,
              -32.80884175227911
            ],
            [
              -70.84657732224962,
              -32.80884739496603
            ],
            [
              -70.84657597076227,
              -32.80884739496603
            ],
            [
              -70.84657597076227,
              -32.80885303765296
            ],
            [
              -70.84657461927495,
              -32.80885303765296
            ],
            [
              -70.84657461927495,
              -32.80885868033989
            ],
            [
              -70.8465732677876,
              -32.80885868033989
            ],
            [
              -70.8465732677876,
              -32.80886432302682
            ],
            [
              -70.84657191630026,
              -32.80886432302682
            ],
            [
              -70.84657191630026,
              -32.80886996571374
            ],
            [
              -70.84657056481292,
              -32.80886996571374
            ],
            [
              -70.84657056481292,
              -32.80887560840067
            ],
            [
              -70.8465692133256,
              -32.80887560840067
            ],
            [
              -70.8465692133256,
              -32.8088812510876
            ],
            [
              -70.84656786183825,
              -32.8088812510876
            ],
            [
              -70.84656786183825,
              -32.80888689377453
            ],
            [
              -70.84656651035091,
              -32.80888689377453
            ],
            [
              -70.84656651035091,
              -32.80889253646145
            ],
            [
              -70.84656515886357,
              -32.80889253646145
            ],
            [
              -70.84656515886357,
              -32.80889817914838
            ],
            [
              -70.84656380737624,
              -32.80889817914838
            ],
            [
              -70.84656380737624,
              -32.80890382183531
            ],
            [
              -70.8465624558889,
              -32.80890382183531
            ],
            [
              -70.8465624558889,
              -32.80891059305962
            ],
            [
              -70.84656110440156,
              -32.80891059305962
            ],
            [
              -70.84656110440156,
              -32.808916235746544
            ],
            [
              -70.84655975291422,
              -32.808916235746544
            ],
            [
              -70.84655975291422,
              -32.80892187843347
            ],
            [
              -70.84655840142689,
              -32.80892187843347
            ],
            [
              -70.84655840142689,
              -32.8089275211204
            ],
            [
              -70.84655704993955,
              -32.8089275211204
            ],
            [
              -70.84655704993955,
              -32.808933163807325
            ],
            [
              -70.8465556984522,
              -32.808933163807325
            ],
            [
              -70.8465556984522,
              -32.808938806494254
            ],
            [
              -70.84655434696487,
              -32.808938806494254
            ],
            [
              -70.84655434696487,
              -32.80894444918118
            ],
            [
              -70.84655299547754,
              -32.80894444918118
            ],
            [
              -70.84655299547754,
              -32.80895009186811
            ],
            [
              -70.8465516439902,
              -32.80895009186811
            ],
            [
              -70.8465516439902,
              -32.808955734555035
            ],
            [
              -70.84655029250285,
              -32.808955734555035
            ],
            [
              -70.84655029250285,
              -32.808961377241964
            ],
            [
              -70.84654894101551,
              -32.808961377241964
            ],
            [
              -70.84654894101551,
              -32.80896701992889
            ],
            [
              -70.84654758952819,
              -32.80896701992889
            ],
            [
              -70.84654758952819,
              -32.808972662615815
            ],
            [
              -70.84654623804084,
              -32.808972662615815
            ],
            [
              -70.84654623804084,
              -32.808978305302745
            ],
            [
              -70.8465448865535,
              -32.808978305302745
            ],
            [
              -70.8465448865535,
              -32.808983947989674
            ],
            [
              -70.84654353506616,
              -32.808983947989674
            ],
            [
              -70.84654353506616,
              -32.8089895906766
            ],
            [
              -70.84654218357883,
              -32.8089895906766
            ],
            [
              -70.84654218357883,
              -32.808995233363525
            ],
            [
              -70.84654083209149,
              -32.808995233363525
            ],
            [
              -70.84654083209149,
              -32.809000876050455
            ],
            [
              -70.84653948060415,
              -32.809000876050455
            ],
            [
              -70.84653948060415,
              -32.809006518737384
            ],
            [
              -70.84653812911681,
              -32.809006518737384
            ],
            [
              -70.84653812911681,
              -32.80901216142431
            ],
            [
              -70.84653677762948,
              -32.80901216142431
            ],
            [
              -70.84653677762948,
              -32.809017804111235
            ],
            [
              -70.84653542614214,
              -32.809017804111235
            ],
            [
              -70.84653542614214,
              -32.809023446798165
            ],
            [
              -70.8465340746548,
              -32.809023446798165
            ],
            [
              -70.8465340746548,
              -32.809029089485094
            ],
            [
              -70.84653272316746,
              -32.809029089485094
            ],
            [
              -70.84653272316746,
              -32.809034732172016
            ],
            [
              -70.84653137168013,
              -32.809034732172016
            ],
            [
              -70.84653137168013,
              -32.809040374858945
            ],
            [
              -70.84653002019279,
              -32.809040374858945
            ],
            [
              -70.84653002019279,
              -32.809046017545874
            ],
            [
              -70.84652866870545,
              -32.809046017545874
            ],
            [
              -70.84652866870545,
              -32.809051660232804
            ],
            [
              -70.8465273172181,
              -32.809051660232804
            ],
            [
              -70.8465273172181,
              -32.809057302919726
            ],
            [
              -70.84652596573078,
              -32.809057302919726
            ],
            [
              -70.84652596573078,
              -32.809062945606655
            ],
            [
              -70.84652461424344,
              -32.809062945606655
            ],
            [
              -70.84652461424344,
              -32.809068588293584
            ],
            [
              -70.8465232627561,
              -32.809068588293584
            ],
            [
              -70.8465232627561,
              -32.80907423098051
            ],
            [
              -70.84652191126875,
              -32.80907423098051
            ],
            [
              -70.84652191126875,
              -32.809079873667436
            ],
            [
              -70.84652055978142,
              -32.809079873667436
            ],
            [
              -70.84652055978142,
              -32.809085516354365
            ],
            [
              -70.84651920829408,
              -32.809085516354365
            ],
            [
              -70.84651920829408,
              -32.809091159041294
            ],
            [
              -70.84651785680674,
              -32.809091159041294
            ],
            [
              -70.84651785680674,
              -32.80909680172822
            ],
            [
              -70.8465165053194,
              -32.80909680172822
            ],
            [
              -70.8465165053194,
              -32.809102444415146
            ],
            [
              -70.84651515383207,
              -32.809102444415146
            ],
            [
              -70.84651515383207,
              -32.809108087102075
            ],
            [
              -70.84651380234473,
              -32.809108087102075
            ],
            [
              -70.84651380234473,
              -32.809113729789004
            ],
            [
              -70.84651245085739,
              -32.809113729789004
            ],
            [
              -70.84651245085739,
              -32.80911937247593
            ],
            [
              -70.84651109937005,
              -32.80911937247593
            ],
            [
              -70.84651109937005,
              -32.809125015162856
            ],
            [
              -70.84650974788272,
              -32.809125015162856
            ],
            [
              -70.84650974788272,
              -32.809130657849785
            ],
            [
              -70.84650839639538,
              -32.809130657849785
            ],
            [
              -70.84650839639538,
              -32.80913630053671
            ],
            [
              -70.84650704490804,
              -32.80913630053671
            ],
            [
              -70.84650704490804,
              -32.809141943223636
            ],
            [
              -70.8465056934207,
              -32.809141943223636
            ],
            [
              -70.8465056934207,
              -32.809147585910566
            ],
            [
              -70.84650434193337,
              -32.809147585910566
            ],
            [
              -70.84650434193337,
              -32.809153228597495
            ],
            [
              -70.84650299044603,
              -32.809153228597495
            ],
            [
              -70.84650299044603,
              -32.80915887128442
            ],
            [
              -70.84650163895869,
              -32.80915887128442
            ],
            [
              -70.84650163895869,
              -32.809164513971346
            ],
            [
              -70.84650028747134,
              -32.809164513971346
            ],
            [
              -70.84650028747134,
              -32.809170156658276
            ],
            [
              -70.84649893598402,
              -32.809170156658276
            ],
            [
              -70.84649893598402,
              -32.8091757993452
            ],
            [
              -70.84649758449667,
              -32.8091757993452
            ],
            [
              -70.84649758449667,
              -32.80918144203213
            ],
            [
              -70.84649623300933,
              -32.80918144203213
            ],
            [
              -70.84649623300933,
              -32.80918821325644
            ],
            [
              -70.84649488152199,
              -32.80918821325644
            ],
            [
              -70.84649488152199,
              -32.80919385594337
            ],
            [
              -70.84649353003466,
              -32.80919385594337
            ],
            [
              -70.84649353003466,
              -32.8091994986303
            ],
            [
              -70.84649217854732,
              -32.8091994986303
            ],
            [
              -70.84649217854732,
              -32.80920514131722
            ],
            [
              -70.84649082705998,
              -32.80920514131722
            ],
            [
              -70.84649082705998,
              -32.80921078400415
            ],
            [
              -70.84648947557264,
              -32.80921078400415
            ],
            [
              -70.84648947557264,
              -32.80921642669108
            ],
            [
              -70.84648812408531,
              -32.80921642669108
            ],
            [
              -70.84648812408531,
              -32.809222069378
            ],
            [
              -70.84648677259797,
              -32.809222069378
            ],
            [
              -70.84648677259797,
              -32.80922771206493
            ],
            [
              -70.84648542111063,
              -32.80922771206493
            ],
            [
              -70.84648542111063,
              -32.80923335475186
            ],
            [
              -70.84648406962329,
              -32.80923335475186
            ],
            [
              -70.84648406962329,
              -32.80923899743879
            ],
            [
              -70.84648271813596,
              -32.80923899743879
            ],
            [
              -70.84648271813596,
              -32.80924464012571
            ],
            [
              -70.84648136664862,
              -32.80924464012571
            ],
            [
              -70.84648136664862,
              -32.80925028281264
            ],
            [
              -70.84648001516128,
              -32.80925028281264
            ],
            [
              -70.84648001516128,
              -32.80925592549957
            ],
            [
              -70.84647866367393,
              -32.80925592549957
            ],
            [
              -70.84647866367393,
              -32.80926156818649
            ],
            [
              -70.84647731218661,
              -32.80926156818649
            ],
            [
              -70.84647731218661,
              -32.80926721087342
            ],
            [
              -70.84647596069927,
              -32.80926721087342
            ],
            [
              -70.84647596069927,
              -32.80927285356035
            ],
            [
              -70.84647460921192,
              -32.80927285356035
            ],
            [
              -70.84647460921192,
              -32.80927849624728
            ],
            [
              -70.84647325772458,
              -32.80927849624728
            ],
            [
              -70.84647325772458,
              -32.8092841389342
            ],
            [
              -70.84647190623726,
              -32.8092841389342
            ],
            [
              -70.84647190623726,
              -32.80928978162113
            ],
            [
              -70.84647055474991,
              -32.80928978162113
            ],
            [
              -70.84647055474991,
              -32.80929542430806
            ],
            [
              -70.84646920326257,
              -32.80929542430806
            ],
            [
              -70.84646920326257,
              -32.80930106699499
            ],
            [
              -70.84646785177523,
              -32.80930106699499
            ],
            [
              -70.84646785177523,
              -32.80930670968191
            ],
            [
              -70.8464665002879,
              -32.80930670968191
            ],
            [
              -70.8464665002879,
              -32.80931235236884
            ],
            [
              -70.84646514880056,
              -32.80931235236884
            ],
            [
              -70.84646514880056,
              -32.80931799505577
            ],
            [
              -70.84646379731322,
              -32.80931799505577
            ],
            [
              -70.84646379731322,
              -32.80932363774269
            ],
            [
              -70.84646244582588,
              -32.80932363774269
            ],
            [
              -70.84646244582588,
              -32.80932928042962
            ],
            [
              -70.84646109433855,
              -32.80932928042962
            ],
            [
              -70.84646109433855,
              -32.80933492311655
            ],
            [
              -70.84645974285121,
              -32.80933492311655
            ],
            [
              -70.84645974285121,
              -32.80934056580348
            ],
            [
              -70.84645839136387,
              -32.80934056580348
            ],
            [
              -70.84645839136387,
              -32.8093462084904
            ],
            [
              -70.84645703987653,
              -32.8093462084904
            ],
            [
              -70.84645703987653,
              -32.80935185117733
            ],
            [
              -70.84645568838918,
              -32.80935185117733
            ],
            [
              -70.84645568838918,
              -32.80935749386426
            ],
            [
              -70.84645433690186,
              -32.80935749386426
            ],
            [
              -70.84645433690186,
              -32.809363136551184
            ],
            [
              -70.84645298541452,
              -32.809363136551184
            ],
            [
              -70.84645298541452,
              -32.80936877923811
            ],
            [
              -70.84645163392717,
              -32.80936877923811
            ],
            [
              -70.84645163392717,
              -32.80937442192504
            ],
            [
              -70.84645028243983,
              -32.80937442192504
            ],
            [
              -70.84645028243983,
              -32.80938006461197
            ],
            [
              -70.8464489309525,
              -32.80938006461197
            ],
            [
              -70.8464489309525,
              -32.809385707298894
            ],
            [
              -70.84644757946516,
              -32.809385707298894
            ],
            [
              -70.84644757946516,
              -32.80939134998582
            ],
            [
              -70.84644622797782,
              -32.80939134998582
            ],
            [
              -70.84644622797782,
              -32.80939699267275
            ],
            [
              -70.84644487649048,
              -32.80939699267275
            ],
            [
              -70.84644487649048,
              -32.80940263535968
            ],
            [
              -70.84644352500315,
              -32.80940263535968
            ],
            [
              -70.84644352500315,
              -32.809408278046604
            ],
            [
              -70.84644217351581,
              -32.809408278046604
            ],
            [
              -70.84644217351581,
              -32.80941392073353
            ],
            [
              -70.84644082202847,
              -32.80941392073353
            ],
            [
              -70.84644082202847,
              -32.80941956342046
            ],
            [
              -70.84643947054113,
              -32.80941956342046
            ],
            [
              -70.84643947054113,
              -32.809425206107385
            ],
            [
              -70.8464381190538,
              -32.809425206107385
            ],
            [
              -70.8464381190538,
              -32.809430848794314
            ],
            [
              -70.84643676756646,
              -32.809430848794314
            ],
            [
              -70.84643676756646,
              -32.80943649148124
            ],
            [
              -70.84643541607912,
              -32.80943649148124
            ],
            [
              -70.84643541607912,
              -32.80944213416817
            ],
            [
              -70.84643406459178,
              -32.80944213416817
            ],
            [
              -70.84643406459178,
              -32.809447776855095
            ],
            [
              -70.84643271310445,
              -32.809447776855095
            ],
            [
              -70.84643271310445,
              -32.809453419542024
            ],
            [
              -70.8464313616171,
              -32.809453419542024
            ],
            [
              -70.8464313616171,
              -32.80945906222895
            ],
            [
              -70.84643001012977,
              -32.80945906222895
            ],
            [
              -70.84643001012977,
              -32.80946470491588
            ],
            [
              -70.84642865864242,
              -32.80946470491588
            ],
            [
              -70.84642865864242,
              -32.80947147614019
            ],
            [
              -70.8464273071551,
              -32.80947147614019
            ],
            [
              -70.8464273071551,
              -32.80947711882712
            ],
            [
              -70.84642595566775,
              -32.80947711882712
            ],
            [
              -70.84642595566775,
              -32.80948276151405
            ],
            [
              -70.84642460418041,
              -32.80948276151405
            ],
            [
              -70.84642460418041,
              -32.80948840420098
            ],
            [
              -70.84642325269307,
              -32.80948840420098
            ],
            [
              -70.84642325269307,
              -32.8094940468879
            ],
            [
              -70.84642190120574,
              -32.8094940468879
            ],
            [
              -70.84642190120574,
              -32.80949968957483
            ],
            [
              -70.8464205497184,
              -32.80949968957483
            ],
            [
              -70.8464205497184,
              -32.80950533226176
            ],
            [
              -70.84641919823106,
              -32.80950533226176
            ],
            [
              -70.84641919823106,
              -32.80951097494868
            ],
            [
              -70.84641784674372,
              -32.80951097494868
            ],
            [
              -70.84641784674372,
              -32.80951661763561
            ],
            [
              -70.84641649525639,
              -32.80951661763561
            ],
            [
              -70.84641649525639,
              -32.80952226032254
            ],
            [
              -70.84641514376905,
              -32.80952226032254
            ],
            [
              -70.84641514376905,
              -32.80952790300947
            ],
            [
              -70.84641379228171,
              -32.80952790300947
            ],
            [
              -70.84641379228171,
              -32.80953354569639
            ],
            [
              -70.84641244079437,
              -32.80953354569639
            ],
            [
              -70.84641244079437,
              -32.80953918838332
            ],
            [
              -70.84641108930704,
              -32.80953918838332
            ],
            [
              -70.84641108930704,
              -32.80954483107025
            ],
            [
              -70.8464097378197,
              -32.80954483107025
            ],
            [
              -70.8464097378197,
              -32.80955047375717
            ],
            [
              -70.84640838633236,
              -32.80955047375717
            ],
            [
              -70.84640838633236,
              -32.8095561164441
            ],
            [
              -70.84640703484502,
              -32.8095561164441
            ],
            [
              -70.84640703484502,
              -32.80956175913103
            ],
            [
              -70.84640568335769,
              -32.80956175913103
            ],
            [
              -70.84640568335769,
              -32.80956740181796
            ],
            [
              -70.84640433187035,
              -32.80956740181796
            ],
            [
              -70.84640433187035,
              -32.80957304450488
            ],
            [
              -70.846402980383,
              -32.80957304450488
            ],
            [
              -70.846402980383,
              -32.80957868719181
            ],
            [
              -70.84640162889566,
              -32.80957868719181
            ],
            [
              -70.84640162889566,
              -32.80958432987874
            ],
            [
              -70.84640027740834,
              -32.80958432987874
            ],
            [
              -70.84640027740834,
              -32.80958997256567
            ],
            [
              -70.846398925921,
              -32.80958997256567
            ],
            [
              -70.846398925921,
              -32.80959561525259
            ],
            [
              -70.84639757443365,
              -32.80959561525259
            ],
            [
              -70.84639757443365,
              -32.80960125793952
            ],
            [
              -70.84639622294631,
              -32.80960125793952
            ],
            [
              -70.84639622294631,
              -32.80960690062645
            ],
            [
              -70.84639487145898,
              -32.80960690062645
            ],
            [
              -70.84639487145898,
              -32.80961254331337
            ],
            [
              -70.84639351997164,
              -32.80961254331337
            ],
            [
              -70.84639351997164,
              -32.8096181860003
            ],
            [
              -70.8463921684843,
              -32.8096181860003
            ],
            [
              -70.8463921684843,
              -32.80962382868723
            ],
            [
              -70.84639081699696,
              -32.80962382868723
            ],
            [
              -70.84639081699696,
              -32.80962947137416
            ],
            [
              -70.84638946550963,
              -32.80962947137416
            ],
            [
              -70.84638946550963,
              -32.80963511406108
            ],
            [
              -70.84638811402229,
              -32.80963511406108
            ],
            [
              -70.84638811402229,
              -32.80964075674801
            ],
            [
              -70.84638676253495,
              -32.80964075674801
            ],
            [
              -70.84638676253495,
              -32.80964639943494
            ],
            [
              -70.8463854110476,
              -32.80964639943494
            ],
            [
              -70.8463854110476,
              -32.80965204212186
            ],
            [
              -70.84638405956028,
              -32.80965204212186
            ],
            [
              -70.84638405956028,
              -32.80965768480879
            ],
            [
              -70.84638270807294,
              -32.80965768480879
            ],
            [
              -70.84638270807294,
              -32.80966332749572
            ],
            [
              -70.8463813565856,
              -32.80966332749572
            ],
            [
              -70.8463813565856,
              -32.80966897018265
            ],
            [
              -70.84638000509825,
              -32.80966897018265
            ],
            [
              -70.84638000509825,
              -32.80967461286957
            ],
            [
              -70.84637865361093,
              -32.80967461286957
            ],
            [
              -70.84637865361093,
              -32.8096802555565
            ],
            [
              -70.84637730212359,
              -32.8096802555565
            ],
            [
              -70.84637730212359,
              -32.80968589824343
            ],
            [
              -70.84637595063624,
              -32.80968589824343
            ],
            [
              -70.84637595063624,
              -32.80969154093036
            ],
            [
              -70.8463745991489,
              -32.80969154093036
            ],
            [
              -70.8463745991489,
              -32.80969718361728
            ],
            [
              -70.84637324766157,
              -32.80969718361728
            ],
            [
              -70.84637324766157,
              -32.80970282630421
            ],
            [
              -70.84637189617423,
              -32.80970282630421
            ],
            [
              -70.84637189617423,
              -32.80970846899114
            ],
            [
              -70.84637054468689,
              -32.80970846899114
            ],
            [
              -70.84637054468689,
              -32.80971411167806
            ],
            [
              -70.84636919319955,
              -32.80971411167806
            ],
            [
              -70.84636919319955,
              -32.80971975436499
            ],
            [
              -70.84636784171222,
              -32.80971975436499
            ],
            [
              -70.84636784171222,
              -32.80972539705192
            ],
            [
              -70.84636649022488,
              -32.80972539705192
            ],
            [
              -70.84636649022488,
              -32.80973103973885
            ],
            [
              -70.84636513873754,
              -32.80973103973885
            ],
            [
              -70.84636513873754,
              -32.80973668242577
            ],
            [
              -70.8463637872502,
              -32.80973668242577
            ],
            [
              -70.8463637872502,
              -32.80974006803793
            ],
            [
              -70.84636108427553,
              -32.80974006803793
            ],
            [
              -70.84636108427553,
              -32.80974119657532
            ],
            [
              -70.84635838130085,
              -32.80974119657532
            ],
            [
              -70.84635838130085,
              -32.8097423251127
            ],
            [
              -70.84635702981352,
              -32.8097423251127
            ],
            [
              -70.84635702981352,
              -32.809743453650086
            ],
            [
              -70.84635432683883,
              -32.809743453650086
            ],
            [
              -70.84635432683883,
              -32.80974458218747
            ],
            [
              -70.84635162386417,
              -32.80974458218747
            ],
            [
              -70.84635162386417,
              -32.809745710724854
            ],
            [
              -70.84634892088948,
              -32.809745710724854
            ],
            [
              -70.84634892088948,
              -32.809746839262246
            ],
            [
              -70.84634621791481,
              -32.809746839262246
            ],
            [
              -70.84634621791481,
              -32.80974796779963
            ],
            [
              -70.84634351494013,
              -32.80974796779963
            ],
            [
              -70.84634351494013,
              -32.809749096337015
            ],
            [
              -70.84634081196546,
              -32.809749096337015
            ],
            [
              -70.84634081196546,
              -32.8097502248744
            ],
            [
              -70.84633810899078,
              -32.8097502248744
            ],
            [
              -70.84633810899078,
              -32.809751353411784
            ],
            [
              -70.84633540601611,
              -32.809751353411784
            ],
            [
              -70.84633540601611,
              -32.80975248194917
            ],
            [
              -70.84633270304143,
              -32.80975248194917
            ],
            [
              -70.84633270304143,
              -32.80975361048655
            ],
            [
              -70.84633000006676,
              -32.80975361048655
            ],
            [
              -70.84633000006676,
              -32.809754739023944
            ],
            [
              -70.84632729709207,
              -32.809754739023944
            ],
            [
              -70.84632729709207,
              -32.80975586756133
            ],
            [
              -70.8463245941174,
              -32.80975586756133
            ],
            [
              -70.8463245941174,
              -32.80975699609871
            ],
            [
              -70.84632189114272,
              -32.80975699609871
            ],
            [
              -70.84632189114272,
              -32.8097581246361
            ],
            [
              -70.84631918816805,
              -32.8097581246361
            ],
            [
              -70.84631918816805,
              -32.80975925317348
            ],
            [
              -70.84631648519337,
              -32.80975925317348
            ],
            [
              -70.84631648519337,
              -32.809760381710866
            ],
            [
              -70.8463137822187,
              -32.809760381710866
            ],
            [
              -70.8463137822187,
              -32.80976151024826
            ],
            [
              -70.84631107924402,
              -32.80976151024826
            ],
            [
              -70.84631107924402,
              -32.80976263878564
            ],
            [
              -70.84630837626935,
              -32.80976263878564
            ],
            [
              -70.84630837626935,
              -32.80976376732303
            ],
            [
              -70.84630567329467,
              -32.80976376732303
            ],
            [
              -70.84630567329467,
              -32.80976489586041
            ],
            [
              -70.84630297032,
              -32.80976489586041
            ],
            [
              -70.84630297032,
              -32.809766024397796
            ],
            [
              -70.84630026734531,
              -32.809766024397796
            ],
            [
              -70.84630026734531,
              -32.80976715293518
            ],
            [
              -70.84629756437064,
              -32.80976715293518
            ],
            [
              -70.84629756437064,
              -32.809768281472564
            ],
            [
              -70.84629486139596,
              -32.809768281472564
            ],
            [
              -70.84629486139596,
              -32.809769410009956
            ],
            [
              -70.84629215842129,
              -32.809769410009956
            ],
            [
              -70.84629215842129,
              -32.80977053854734
            ],
            [
              -70.84628945544661,
              -32.80977053854734
            ],
            [
              -70.84628945544661,
              -32.809771667084725
            ],
            [
              -70.84628810395927,
              -32.809771667084725
            ],
            [
              -70.84628810395927,
              -32.80977279562211
            ],
            [
              -70.8462854009846,
              -32.80977279562211
            ],
            [
              -70.8462854009846,
              -32.809773924159494
            ],
            [
              -70.84628269800992,
              -32.809773924159494
            ],
            [
              -70.84628269800992,
              -32.80977505269688
            ],
            [
              -70.84627999503525,
              -32.80977505269688
            ],
            [
              -70.84627999503525,
              -32.80977618123426
            ],
            [
              -70.84627729206056,
              -32.80977618123426
            ],
            [
              -70.84627729206056,
              -32.809777309771654
            ],
            [
              -70.8462745890859,
              -32.809777309771654
            ],
            [
              -70.8462745890859,
              -32.80977843830904
            ],
            [
              -70.84627188611121,
              -32.80977843830904
            ],
            [
              -70.84627188611121,
              -32.80977956684642
            ],
            [
              -70.84626918313654,
              -32.80977956684642
            ],
            [
              -70.84626918313654,
              -32.80978069538381
            ],
            [
              -70.84626648016186,
              -32.80978069538381
            ],
            [
              -70.84626648016186,
              -32.80978182392119
            ],
            [
              -70.84626377718719,
              -32.80978182392119
            ],
            [
              -70.84626377718719,
              -32.809782952458576
            ],
            [
              -70.8462610742125,
              -32.809782952458576
            ],
            [
              -70.8462610742125,
              -32.80978408099596
            ],
            [
              -70.84625837123784,
              -32.80978408099596
            ],
            [
              -70.84625837123784,
              -32.80978520953335
            ],
            [
              -70.84625566826315,
              -32.80978520953335
            ],
            [
              -70.84625566826315,
              -32.80978633807074
            ],
            [
              -70.84625296528849,
              -32.80978633807074
            ],
            [
              -70.84625296528849,
              -32.80978746660812
            ],
            [
              -70.8462502623138,
              -32.80978746660812
            ],
            [
              -70.8462502623138,
              -32.809788595145505
            ],
            [
              -70.84624755933913,
              -32.809788595145505
            ],
            [
              -70.84624755933913,
              -32.80978972368289
            ],
            [
              -70.84624485636445,
              -32.80978972368289
            ],
            [
              -70.84624485636445,
              -32.809790852220274
            ],
            [
              -70.84624215338978,
              -32.809790852220274
            ],
            [
              -70.84624215338978,
              -32.80979198075766
            ],
            [
              -70.8462394504151,
              -32.80979198075766
            ],
            [
              -70.8462394504151,
              -32.80979310929505
            ],
            [
              -70.84623674744043,
              -32.80979310929505
            ],
            [
              -70.84623674744043,
              -32.809794237832435
            ],
            [
              -70.84623404446575,
              -32.809794237832435
            ],
            [
              -70.84623404446575,
              -32.80979536636982
            ],
            [
              -70.84623134149108,
              -32.80979536636982
            ],
            [
              -70.84623134149108,
              -32.809796494907204
            ],
            [
              -70.8462286385164,
              -32.809796494907204
            ],
            [
              -70.8462286385164,
              -32.80979762344459
            ],
            [
              -70.84622593554172,
              -32.80979762344459
            ],
            [
              -70.84622593554172,
              -32.80979875198197
            ],
            [
              -70.84622323256704,
              -32.80979875198197
            ],
            [
              -70.84622323256704,
              -32.80979988051936
            ],
            [
              -70.84622052959237,
              -32.80979988051936
            ],
            [
              -70.84622052959237,
              -32.80980100905675
            ],
            [
              -70.84621917810503,
              -32.80980100905675
            ],
            [
              -70.84621917810503,
              -32.80980213759413
            ],
            [
              -70.84621647513036,
              -32.80980213759413
            ],
            [
              -70.84621647513036,
              -32.80980326613152
            ],
            [
              -70.84621377215568,
              -32.80980326613152
            ],
            [
              -70.84621377215568,
              -32.8098043946689
            ],
            [
              -70.84621106918101,
              -32.8098043946689
            ],
            [
              -70.84621106918101,
              -32.809805523206286
            ],
            [
              -70.84620836620633,
              -32.809805523206286
            ],
            [
              -70.84620836620633,
              -32.80980665174367
            ],
            [
              -70.84620566323166,
              -32.80980665174367
            ],
            [
              -70.84620566323166,
              -32.809807780281055
            ],
            [
              -70.84620296025697,
              -32.809807780281055
            ],
            [
              -70.84620296025697,
              -32.80980890881845
            ],
            [
              -70.8462002572823,
              -32.80980890881845
            ],
            [
              -70.8462002572823,
              -32.80981003735583
            ],
            [
              -70.84619755430762,
              -32.80981003735583
            ],
            [
              -70.84619755430762,
              -32.809811165893215
            ],
            [
              -70.84619485133295,
              -32.809811165893215
            ],
            [
              -70.84619485133295,
              -32.8098122944306
            ],
            [
              -70.84619214835827,
              -32.8098122944306
            ],
            [
              -70.84619214835827,
              -32.809813422967984
            ],
            [
              -70.8461894453836,
              -32.809813422967984
            ],
            [
              -70.8461894453836,
              -32.80981455150537
            ],
            [
              -70.84618674240892,
              -32.80981455150537
            ],
            [
              -70.84618674240892,
              -32.80981568004275
            ],
            [
              -70.84618403943425,
              -32.80981568004275
            ],
            [
              -70.84618403943425,
              -32.809816808580145
            ],
            [
              -70.84618133645957,
              -32.809816808580145
            ],
            [
              -70.84618133645957,
              -32.80981793711753
            ],
            [
              -70.8461786334849,
              -32.80981793711753
            ],
            [
              -70.8461786334849,
              -32.809819065654914
            ],
            [
              -70.84617593051021,
              -32.809819065654914
            ],
            [
              -70.84617593051021,
              -32.8098201941923
            ],
            [
              -70.84617322753554,
              -32.8098201941923
            ],
            [
              -70.84617322753554,
              -32.80982132272968
            ],
            [
              -70.84617052456086,
              -32.80982132272968
            ],
            [
              -70.84617052456086,
              -32.80982245126707
            ],
            [
              -70.84616782158618,
              -32.80982245126707
            ],
            [
              -70.84616782158618,
              -32.80982357980445
            ],
            [
              -70.84616511861151,
              -32.80982357980445
            ],
            [
              -70.84616511861151,
              -32.80982470834184
            ],
            [
              -70.84616241563683,
              -32.80982470834184
            ],
            [
              -70.84616241563683,
              -32.80982583687923
            ],
            [
              -70.84615971266216,
              -32.80982583687923
            ],
            [
              -70.84615971266216,
              -32.80982696541661
            ],
            [
              -70.84615700968747,
              -32.80982696541661
            ],
            [
              -70.84615700968747,
              -32.809828093953996
            ],
            [
              -70.8461543067128,
              -32.809828093953996
            ],
            [
              -70.8461543067128,
              -32.80982922249138
            ],
            [
              -70.84615160373812,
              -32.80982922249138
            ],
            [
              -70.84615160373812,
              -32.809830351028765
            ],
            [
              -70.84614890076345,
              -32.809830351028765
            ],
            [
              -70.84614890076345,
              -32.80983147956615
            ],
            [
              -70.84614754927611,
              -32.80983147956615
            ],
            [
              -70.84614754927611,
              -32.80983260810354
            ],
            [
              -70.84614484630144,
              -32.80983260810354
            ],
            [
              -70.84614484630144,
              -32.809833736640925
            ],
            [
              -70.84614214332676,
              -32.809833736640925
            ],
            [
              -70.84614214332676,
              -32.80983486517831
            ],
            [
              -70.84613944035209,
              -32.80983486517831
            ],
            [
              -70.84613944035209,
              -32.809835993715694
            ],
            [
              -70.8461367373774,
              -32.809835993715694
            ],
            [
              -70.8461367373774,
              -32.80983712225308
            ],
            [
              -70.84613403440274,
              -32.80983712225308
            ],
            [
              -70.84613403440274,
              -32.80983825079046
            ],
            [
              -70.84613133142805,
              -32.80983825079046
            ],
            [
              -70.84613133142805,
              -32.80983937932785
            ],
            [
              -70.84612862845339,
              -32.80983937932785
            ],
            [
              -70.84612862845339,
              -32.80984050786524
            ],
            [
              -70.8461259254787,
              -32.80984050786524
            ],
            [
              -70.8461259254787,
              -32.80984163640262
            ],
            [
              -70.84612322250403,
              -32.80984163640262
            ],
            [
              -70.84612322250403,
              -32.80984276494001
            ],
            [
              -70.84612051952935,
              -32.80984276494001
            ],
            [
              -70.84612051952935,
              -32.80984389347739
            ],
            [
              -70.84611781655468,
              -32.80984389347739
            ],
            [
              -70.84611781655468,
              -32.80984502201478
            ],
            [
              -70.84611511358,
              -32.80984502201478
            ],
            [
              -70.84611511358,
              -32.80984615055216
            ],
            [
              -70.84611241060533,
              -32.80984615055216
            ],
            [
              -70.84611241060533,
              -32.809847279089546
            ],
            [
              -70.84610970763065,
              -32.809847279089546
            ],
            [
              -70.84610970763065,
              -32.80984840762694
            ],
            [
              -70.84610700465598,
              -32.80984840762694
            ],
            [
              -70.84610700465598,
              -32.80984953616432
            ],
            [
              -70.8461043016813,
              -32.80984953616432
            ],
            [
              -70.8461043016813,
              -32.809850664701706
            ],
            [
              -70.84610159870662,
              -32.809850664701706
            ],
            [
              -70.84610159870662,
              -32.80985179323909
            ],
            [
              -70.84609889573194,
              -32.80985179323909
            ],
            [
              -70.84609889573194,
              -32.809852921776475
            ],
            [
              -70.84609619275727,
              -32.809852921776475
            ],
            [
              -70.84609619275727,
              -32.80985405031386
            ],
            [
              -70.84609348978259,
              -32.80985405031386
            ],
            [
              -70.84609348978259,
              -32.80985517885125
            ],
            [
              -70.84609078680792,
              -32.80985517885125
            ],
            [
              -70.84609078680792,
              -32.809856307388635
            ],
            [
              -70.84608808383324,
              -32.809856307388635
            ],
            [
              -70.84608808383324,
              -32.80985743592602
            ],
            [
              -70.84608538085857,
              -32.80985743592602
            ],
            [
              -70.84608538085857,
              -32.809858564463404
            ],
            [
              -70.84608267788389,
              -32.809858564463404
            ],
            [
              -70.84608267788389,
              -32.80985969300079
            ],
            [
              -70.84607997490922,
              -32.80985969300079
            ],
            [
              -70.84607997490922,
              -32.80986082153817
            ],
            [
              -70.84607862342187,
              -32.80986082153817
            ],
            [
              -70.84607862342187,
              -32.80986195007556
            ],
            [
              -70.84607592044719,
              -32.80986195007556
            ],
            [
              -70.84607592044719,
              -32.80986307861295
            ],
            [
              -70.84607321747252,
              -32.80986307861295
            ],
            [
              -70.84607321747252,
              -32.80986420715033
            ],
            [
              -70.84607051449784,
              -32.80986420715033
            ],
            [
              -70.84607051449784,
              -32.80986533568772
            ],
            [
              -70.84606781152317,
              -32.80986533568772
            ],
            [
              -70.84606781152317,
              -32.8098664642251
            ],
            [
              -70.84606510854849,
              -32.8098664642251
            ],
            [
              -70.84606510854849,
              -32.80986759276249
            ],
            [
              -70.84606240557382,
              -32.80986759276249
            ],
            [
              -70.84606240557382,
              -32.80986872129987
            ],
            [
              -70.84605970259913,
              -32.80986872129987
            ],
            [
              -70.84605970259913,
              -32.809869849837256
            ],
            [
              -70.84605699962447,
              -32.809869849837256
            ],
            [
              -70.84605699962447,
              -32.80987097837465
            ],
            [
              -70.84605429664978,
              -32.80987097837465
            ],
            [
              -70.84605429664978,
              -32.80987210691203
            ],
            [
              -70.84605159367511,
              -32.80987210691203
            ],
            [
              -70.84605159367511,
              -32.809873235449416
            ],
            [
              -70.84604889070043,
              -32.809873235449416
            ],
            [
              -70.84604889070043,
              -32.8098743639868
            ],
            [
              -70.84604618772576,
              -32.8098743639868
            ],
            [
              -70.84604618772576,
              -32.809875492524185
            ],
            [
              -70.84604348475108,
              -32.809875492524185
            ],
            [
              -70.84604348475108,
              -32.80987662106157
            ],
            [
              -70.84604078177641,
              -32.80987662106157
            ],
            [
              -70.84604078177641,
              -32.809877749598954
            ],
            [
              -70.84603807880173,
              -32.809877749598954
            ],
            [
              -70.84603807880173,
              -32.809878878136345
            ],
            [
              -70.84603537582706,
              -32.809878878136345
            ],
            [
              -70.84603537582706,
              -32.80988000667373
            ],
            [
              -70.84603267285237,
              -32.80988000667373
            ],
            [
              -70.84603267285237,
              -32.809881135211114
            ],
            [
              -70.8460299698777,
              -32.809881135211114
            ],
            [
              -70.8460299698777,
              -32.8098822637485
            ],
            [
              -70.84602726690302,
              -32.8098822637485
            ],
            [
              -70.84602726690302,
              -32.80988339228588
            ],
            [
              -70.84602456392835,
              -32.80988339228588
            ],
            [
              -70.84602456392835,
              -32.80988452082327
            ],
            [
              -70.84602186095367,
              -32.80988452082327
            ],
            [
              -70.84602186095367,
              -32.80988564936065
            ],
            [
              -70.846019157979,
              -32.80988564936065
            ],
            [
              -70.846019157979,
              -32.80988677789804
            ],
            [
              -70.84601645500432,
              -32.80988677789804
            ],
            [
              -70.84601645500432,
              -32.80988790643543
            ],
            [
              -70.84601375202965,
              -32.80988790643543
            ],
            [
              -70.84601375202965,
              -32.80988903497281
            ],
            [
              -70.84601104905497,
              -32.80988903497281
            ],
            [
              -70.84601104905497,
              -32.8098901635102
            ],
            [
              -70.84600969756764,
              -32.8098901635102
            ],
            [
              -70.84600969756764,
              -32.80989129204758
            ],
            [
              -70.84600699459295,
              -32.80989129204758
            ],
            [
              -70.84600699459295,
              -32.809892420584966
            ],
            [
              -70.84600429161829,
              -32.809892420584966
            ],
            [
              -70.84600429161829,
              -32.80989354912235
            ],
            [
              -70.8460015886436,
              -32.80989354912235
            ],
            [
              -70.8460015886436,
              -32.80989467765974
            ],
            [
              -70.84599888566893,
              -32.80989467765974
            ],
            [
              -70.84599888566893,
              -32.809895806197126
            ],
            [
              -70.84599618269425,
              -32.809895806197126
            ],
            [
              -70.84599618269425,
              -32.80989693473451
            ],
            [
              -70.84599347971958,
              -32.80989693473451
            ],
            [
              -70.84599347971958,
              -32.809898063271895
            ],
            [
              -70.8459907767449,
              -32.809898063271895
            ],
            [
              -70.8459907767449,
              -32.80989919180928
            ],
            [
              -70.84598807377023,
              -32.80989919180928
            ],
            [
              -70.84598807377023,
              -32.809900320346664
            ],
            [
              -70.84598537079555,
              -32.809900320346664
            ],
            [
              -70.84598537079555,
              -32.80990144888405
            ],
            [
              -70.84598266782088,
              -32.80990144888405
            ],
            [
              -70.84598266782088,
              -32.80990257742144
            ],
            [
              -70.8459799648462,
              -32.80990257742144
            ],
            [
              -70.8459799648462,
              -32.809903705958824
            ],
            [
              -70.84597726187152,
              -32.809903705958824
            ],
            [
              -70.84597726187152,
              -32.80990483449621
            ],
            [
              -70.84597455889684,
              -32.80990483449621
            ],
            [
              -70.84597455889684,
              -32.80990596303359
            ],
            [
              -70.84597185592217,
              -32.80990596303359
            ],
            [
              -70.84597185592217,
              -32.80990709157098
            ],
            [
              -70.84596915294749,
              -32.80990709157098
            ],
            [
              -70.84596915294749,
              -32.80990822010836
            ],
            [
              -70.84596644997282,
              -32.80990822010836
            ],
            [
              -70.84596644997282,
              -32.809909348645746
            ],
            [
              -70.84596374699814,
              -32.809909348645746
            ],
            [
              -70.84596374699814,
              -32.80991047718314
            ],
            [
              -70.84596104402347,
              -32.80991047718314
            ],
            [
              -70.84596104402347,
              -32.80991160572052
            ],
            [
              -70.84595834104879,
              -32.80991160572052
            ],
            [
              -70.84595834104879,
              -32.80991273425791
            ],
            [
              -70.84595563807412,
              -32.80991273425791
            ],
            [
              -70.84595563807412,
              -32.80991386279529
            ],
            [
              -70.84595293509943,
              -32.80991386279529
            ],
            [
              -70.84595293509943,
              -32.809914991332676
            ],
            [
              -70.84595023212476,
              -32.809914991332676
            ],
            [
              -70.84595023212476,
              -32.80991611987006
            ],
            [
              -70.84594752915008,
              -32.80991611987006
            ],
            [
              -70.84594752915008,
              -32.809917248407444
            ],
            [
              -70.84594482617541,
              -32.809917248407444
            ],
            [
              -70.84594482617541,
              -32.809918376944836
            ],
            [
              -70.84594212320073,
              -32.809918376944836
            ],
            [
              -70.84594212320073,
              -32.80991950548222
            ],
            [
              -70.84594077171339,
              -32.80991950548222
            ],
            [
              -70.84594077171339,
              -32.809920634019605
            ],
            [
              -70.84593806873872,
              -32.809920634019605
            ],
            [
              -70.84593806873872,
              -32.80992176255699
            ],
            [
              -70.84593536576403,
              -32.80992176255699
            ],
            [
              -70.84593536576403,
              -32.809922891094374
            ],
            [
              -70.84593266278937,
              -32.809922891094374
            ],
            [
              -70.84593266278937,
              -32.80992401963176
            ],
            [
              -70.84592995981468,
              -32.80992401963176
            ],
            [
              -70.84592995981468,
              -32.80992514816914
            ],
            [
              -70.84592725684001,
              -32.80992514816914
            ],
            [
              -70.84592725684001,
              -32.809926276706534
            ],
            [
              -70.84592455386533,
              -32.809926276706534
            ],
            [
              -70.84592455386533,
              -32.80992740524392
            ],
            [
              -70.84592185089066,
              -32.80992740524392
            ],
            [
              -70.84592185089066,
              -32.8099285337813
            ],
            [
              -70.84591914791598,
              -32.8099285337813
            ],
            [
              -70.84591914791598,
              -32.80992966231869
            ],
            [
              -70.84591644494131,
              -32.80992966231869
            ],
            [
              -70.84591644494131,
              -32.80993079085607
            ],
            [
              -70.84591374196663,
              -32.80993079085607
            ],
            [
              -70.84591374196663,
              -32.809931919393456
            ],
            [
              -70.84591103899196,
              -32.809931919393456
            ],
            [
              -70.84591103899196,
              -32.80993304793084
            ],
            [
              -70.84590833601727,
              -32.80993304793084
            ],
            [
              -70.84590833601727,
              -32.80993417646823
            ],
            [
              -70.8459056330426,
              -32.80993417646823
            ],
            [
              -70.8459056330426,
              -32.80993530500562
            ],
            [
              -70.84590293006792,
              -32.80993530500562
            ],
            [
              -70.84590293006792,
              -32.809936433543
            ],
            [
              -70.84590022709325,
              -32.809936433543
            ],
            [
              -70.84590022709325,
              -32.809937562080385
            ],
            [
              -70.84589752411857,
              -32.809937562080385
            ],
            [
              -70.84589752411857,
              -32.80993869061777
            ],
            [
              -70.8458948211439,
              -32.80993869061777
            ],
            [
              -70.8458948211439,
              -32.809939819155154
            ],
            [
              -70.84589211816922,
              -32.809939819155154
            ],
            [
              -70.84589211816922,
              -32.80994094769254
            ],
            [
              -70.84588941519455,
              -32.80994094769254
            ],
            [
              -70.84588941519455,
              -32.80994207622993
            ],
            [
              -70.84588671221987,
              -32.80994207622993
            ],
            [
              -70.84588671221987,
              -32.809943204767315
            ],
            [
              -70.8458840092452,
              -32.809943204767315
            ],
            [
              -70.8458840092452,
              -32.8099443333047
            ],
            [
              -70.84588130627051,
              -32.8099443333047
            ],
            [
              -70.84588130627051,
              -32.809945461842084
            ],
            [
              -70.84587860329584,
              -32.809945461842084
            ],
            [
              -70.84587860329584,
              -32.80994659037947
            ],
            [
              -70.84587590032116,
              -32.80994659037947
            ],
            [
              -70.84587590032116,
              -32.80994771891685
            ],
            [
              -70.84587319734649,
              -32.80994771891685
            ],
            [
              -70.84587319734649,
              -32.809948847454244
            ],
            [
              -70.84587184585915,
              -32.809948847454244
            ],
            [
              -70.84587184585915,
              -32.80994997599163
            ],
            [
              -70.84586914288447,
              -32.80994997599163
            ],
            [
              -70.84586914288447,
              -32.80995110452901
            ],
            [
              -70.8458664399098,
              -32.80995110452901
            ],
            [
              -70.8458664399098,
              -32.8099522330664
            ],
            [
              -70.84586373693512,
              -32.8099522330664
            ],
            [
              -70.84586373693512,
              -32.80995336160378
            ],
            [
              -70.84586103396045,
              -32.80995336160378
            ],
            [
              -70.84586103396045,
              -32.809954490141166
            ],
            [
              -70.84585833098576,
              -32.809954490141166
            ],
            [
              -70.84585833098576,
              -32.80995561867855
            ],
            [
              -70.8458556280111,
              -32.80995561867855
            ],
            [
              -70.8458556280111,
              -32.80995674721594
            ],
            [
              -70.84585292503641,
              -32.80995674721594
            ],
            [
              -70.84585292503641,
              -32.80995787575333
            ],
            [
              -70.84585022206174,
              -32.80995787575333
            ],
            [
              -70.84585022206174,
              -32.80995900429071
            ],
            [
              -70.84584751908706,
              -32.80995900429071
            ],
            [
              -70.84584751908706,
              -32.809960132828095
            ],
            [
              -70.84584481611239,
              -32.809960132828095
            ],
            [
              -70.84584481611239,
              -32.80996126136548
            ],
            [
              -70.8458421131377,
              -32.80996126136548
            ],
            [
              -70.8458421131377,
              -32.809962389902864
            ],
            [
              -70.84583941016304,
              -32.809962389902864
            ],
            [
              -70.84583941016304,
              -32.80996351844025
            ],
            [
              -70.84583670718835,
              -32.80996351844025
            ],
            [
              -70.84583670718835,
              -32.80996464697764
            ],
            [
              -70.84583400421369,
              -32.80996464697764
            ],
            [
              -70.84583400421369,
              -32.809965775515025
            ],
            [
              -70.845831301239,
              -32.809965775515025
            ],
            [
              -70.845831301239,
              -32.80996690405241
            ],
            [
              -70.84582859826433,
              -32.80996690405241
            ],
            [
              -70.84582859826433,
              -32.80996803258979
            ],
            [
              -70.84582589528965,
              -32.80996803258979
            ],
            [
              -70.84582589528965,
              -32.80996916112718
            ],
            [
              -70.84582319231498,
              -32.80996916112718
            ],
            [
              -70.84582319231498,
              -32.80997028966456
            ],
            [
              -70.8458204893403,
              -32.80997028966456
            ],
            [
              -70.8458204893403,
              -32.80997141820195
            ],
            [
              -70.84581778636563,
              -32.80997141820195
            ],
            [
              -70.84581778636563,
              -32.80997254673934
            ],
            [
              -70.84581508339095,
              -32.80997254673934
            ],
            [
              -70.84581508339095,
              -32.80997367527672
            ],
            [
              -70.84581238041628,
              -32.80997367527672
            ],
            [
              -70.84581238041628,
              -32.80997480381411
            ],
            [
              -70.8458096774416,
              -32.80997480381411
            ],
            [
              -70.8458096774416,
              -32.80997593235149
            ],
            [
              -70.84580697446692,
              -32.80997593235149
            ],
            [
              -70.84580697446692,
              -32.809977060888876
            ],
            [
              -70.84580427149224,
              -32.809977060888876
            ],
            [
              -70.84580427149224,
              -32.80997818942626
            ],
            [
              -70.84580156851757,
              -32.80997818942626
            ],
            [
              -70.84580156851757,
              -32.809979317963645
            ],
            [
              -70.84580021703023,
              -32.809979317963645
            ],
            [
              -70.84580021703023,
              -32.80998044650104
            ],
            [
              -70.84579751405556,
              -32.80998044650104
            ],
            [
              -70.84579751405556,
              -32.80998157503842
            ],
            [
              -70.84579481108088,
              -32.80998157503842
            ],
            [
              -70.84579481108088,
              -32.809982703575805
            ],
            [
              -70.84579210810621,
              -32.809982703575805
            ],
            [
              -70.84579210810621,
              -32.80998383211319
            ],
            [
              -70.84578940513153,
              -32.80998383211319
            ],
            [
              -70.84578940513153,
              -32.809984960650574
            ],
            [
              -70.84578670215686,
              -32.809984960650574
            ],
            [
              -70.84578670215686,
              -32.80998608918796
            ],
            [
              -70.84578399918217,
              -32.80998608918796
            ],
            [
              -70.84578399918217,
              -32.80998721772534
            ],
            [
              -70.8457812962075,
              -32.80998721772534
            ],
            [
              -70.8457812962075,
              -32.809988346262735
            ],
            [
              -70.84577859323282,
              -32.809988346262735
            ],
            [
              -70.84577859323282,
              -32.80998947480012
            ],
            [
              -70.84577589025815,
              -32.80998947480012
            ],
            [
              -70.84577589025815,
              -32.8099906033375
            ],
            [
              -70.84577318728347,
              -32.8099906033375
            ],
            [
              -70.84577318728347,
              -32.80999173187489
            ],
            [
              -70.8457704843088,
              -32.80999173187489
            ],
            [
              -70.8457704843088,
              -32.80999286041227
            ],
            [
              -70.84576778133412,
              -32.80999286041227
            ],
            [
              -70.84576778133412,
              -32.80999398894966
            ],
            [
              -70.84576507835945,
              -32.80999398894966
            ],
            [
              -70.84576507835945,
              -32.80999511748704
            ],
            [
              -70.84576237538477,
              -32.80999511748704
            ],
            [
              -70.84576237538477,
              -32.80999624602443
            ],
            [
              -70.8457596724101,
              -32.80999624602443
            ],
            [
              -70.8457596724101,
              -32.80999737456182
            ],
            [
              -70.84575696943541,
              -32.80999737456182
            ],
            [
              -70.84575696943541,
              -32.8099985030992
            ],
            [
              -70.84575426646074,
              -32.8099985030992
            ],
            [
              -70.84575426646074,
              -32.809999631636586
            ],
            [
              -70.84575156348606,
              -32.809999631636586
            ],
            [
              -70.84575156348606,
              -32.81000076017397
            ],
            [
              -70.84574886051139,
              -32.81000076017397
            ],
            [
              -70.84574886051139,
              -32.810001888711355
            ],
            [
              -70.84574615753671,
              -32.810001888711355
            ],
            [
              -70.84574615753671,
              -32.81000301724874
            ],
            [
              -70.84574345456204,
              -32.81000301724874
            ],
            [
              -70.84574345456204,
              -32.81000414578613
            ],
            [
              -70.84574075158736,
              -32.81000414578613
            ],
            [
              -70.84574075158736,
              -32.810005274323515
            ],
            [
              -70.84573804861269,
              -32.810005274323515
            ],
            [
              -70.84573804861269,
              -32.8100064028609
            ],
            [
              -70.845735345638,
              -32.8100064028609
            ],
            [
              -70.845735345638,
              -32.810007531398284
            ],
            [
              -70.84573264266334,
              -32.810007531398284
            ],
            [
              -70.84573264266334,
              -32.81000865993567
            ],
            [
              -70.845731291176,
              -32.81000865993567
            ],
            [
              -70.845731291176,
              -32.81000978847305
            ],
            [
              -70.84572858820131,
              -32.81000978847305
            ],
            [
              -70.84572858820131,
              -32.81001091701044
            ],
            [
              -70.84572588522664,
              -32.81001091701044
            ],
            [
              -70.84572588522664,
              -32.81001204554783
            ],
            [
              -70.84572318225196,
              -32.81001204554783
            ],
            [
              -70.84572318225196,
              -32.81001317408521
            ],
            [
              -70.84572047927729,
              -32.81001317408521
            ],
            [
              -70.84572047927729,
              -32.8100143026226
            ],
            [
              -70.8457177763026,
              -32.8100143026226
            ],
            [
              -70.8457177763026,
              -32.81001543115998
            ],
            [
              -70.84571507332794,
              -32.81001543115998
            ],
            [
              -70.84571507332794,
              -32.81001655969737
            ],
            [
              -70.84571237035325,
              -32.81001655969737
            ],
            [
              -70.84571237035325,
              -32.81001768823475
            ],
            [
              -70.84570966737859,
              -32.81001768823475
            ],
            [
              -70.84570966737859,
              -32.810018816772136
            ],
            [
              -70.8457069644039,
              -32.810018816772136
            ],
            [
              -70.8457069644039,
              -32.81001994530953
            ],
            [
              -70.84570426142923,
              -32.81001994530953
            ],
            [
              -70.84570426142923,
              -32.81002107384691
            ],
            [
              -70.84570155845455,
              -32.81002107384691
            ],
            [
              -70.84570155845455,
              -32.810022202384296
            ],
            [
              -70.84569885547988,
              -32.810022202384296
            ],
            [
              -70.84569885547988,
              -32.81002333092168
            ],
            [
              -70.8456961525052,
              -32.81002333092168
            ],
            [
              -70.8456961525052,
              -32.810024459459065
            ],
            [
              -70.84569344953053,
              -32.810024459459065
            ],
            [
              -70.84569344953053,
              -32.81002558799645
            ],
            [
              -70.84569074655585,
              -32.81002558799645
            ],
            [
              -70.84569074655585,
              -32.810026716533834
            ],
            [
              -70.84568804358118,
              -32.810026716533834
            ],
            [
              -70.84568804358118,
              -32.810027845071225
            ],
            [
              -70.8456853406065,
              -32.810027845071225
            ],
            [
              -70.8456853406065,
              -32.81002897360861
            ],
            [
              -70.84568263763182,
              -32.81002897360861
            ],
            [
              -70.84568263763182,
              -32.810030102145994
            ],
            [
              -70.84567993465714,
              -32.810030102145994
            ],
            [
              -70.84567993465714,
              -32.81003123068338
            ],
            [
              -70.84567723168247,
              -32.81003123068338
            ],
            [
              -70.84567723168247,
              -32.81003235922076
            ],
            [
              -70.84567452870779,
              -32.81003235922076
            ],
            [
              -70.84567452870779,
              -32.81003348775815
            ],
            [
              -70.84567182573312,
              -32.81003348775815
            ],
            [
              -70.84567182573312,
              -32.81003461629553
            ],
            [
              -70.84566912275844,
              -32.81003461629553
            ],
            [
              -70.84566912275844,
              -32.81003574483292
            ],
            [
              -70.84566641978377,
              -32.81003574483292
            ],
            [
              -70.84566641978377,
              -32.81003687337031
            ],
            [
              -70.84566371680909,
              -32.81003687337031
            ],
            [
              -70.84566371680909,
              -32.81003800190769
            ],
            [
              -70.84566236532176,
              -32.81003800190769
            ],
            [
              -70.84566236532176,
              -32.81003913044508
            ],
            [
              -70.84565966234707,
              -32.81003913044508
            ],
            [
              -70.84565966234707,
              -32.81004025898246
            ],
            [
              -70.8456569593724,
              -32.81004025898246
            ],
            [
              -70.8456569593724,
              -32.810041387519846
            ],
            [
              -70.84565425639772,
              -32.810041387519846
            ],
            [
              -70.84565425639772,
              -32.81004251605724
            ],
            [
              -70.84565155342305,
              -32.81004251605724
            ],
            [
              -70.84565155342305,
              -32.81004364459462
            ],
            [
              -70.84564885044837,
              -32.81004364459462
            ],
            [
              -70.84564885044837,
              -32.810044773132006
            ],
            [
              -70.8456461474737,
              -32.810044773132006
            ],
            [
              -70.8456461474737,
              -32.81004590166939
            ],
            [
              -70.84564344449902,
              -32.81004590166939
            ],
            [
              -70.84564344449902,
              -32.810047030206775
            ],
            [
              -70.84564074152435,
              -32.810047030206775
            ],
            [
              -70.84564074152435,
              -32.81004815874416
            ],
            [
              -70.84563803854967,
              -32.81004815874416
            ],
            [
              -70.84563803854967,
              -32.810049287281544
            ],
            [
              -70.845635335575,
              -32.810049287281544
            ],
            [
              -70.845635335575,
              -32.810050415818935
            ],
            [
              -70.84563263260031,
              -32.810050415818935
            ],
            [
              -70.84563263260031,
              -32.81005154435632
            ],
            [
              -70.84562992962564,
              -32.81005154435632
            ],
            [
              -70.84562992962564,
              -32.810052672893704
            ],
            [
              -70.84562722665096,
              -32.810052672893704
            ],
            [
              -70.84562722665096,
              -32.81005380143109
            ],
            [
              -70.84562452367629,
              -32.81005380143109
            ],
            [
              -70.84562452367629,
              -32.81005492996847
            ],
            [
              -70.84562182070161,
              -32.81005492996847
            ],
            [
              -70.84562182070161,
              -32.81005605850586
            ],
            [
              -70.84561911772694,
              -32.81005605850586
            ],
            [
              -70.84561911772694,
              -32.81005718704324
            ],
            [
              -70.84561641475226,
              -32.81005718704324
            ],
            [
              -70.84561641475226,
              -32.81005831558063
            ],
            [
              -70.84561371177759,
              -32.81005831558063
            ],
            [
              -70.84561371177759,
              -32.81005944411802
            ],
            [
              -70.8456110088029,
              -32.81005944411802
            ],
            [
              -70.8456110088029,
              -32.8100605726554
            ],
            [
              -70.84560830582824,
              -32.8100605726554
            ],
            [
              -70.84560830582824,
              -32.81006170119279
            ],
            [
              -70.84560560285355,
              -32.81006170119279
            ],
            [
              -70.84560560285355,
              -32.81006282973017
            ],
            [
              -70.84560289987888,
              -32.81006282973017
            ],
            [
              -70.84560289987888,
              -32.810063958267556
            ],
            [
              -70.8456001969042,
              -32.810063958267556
            ],
            [
              -70.8456001969042,
              -32.81006508680494
            ],
            [
              -70.84559749392952,
              -32.81006508680494
            ],
            [
              -70.84559749392952,
              -32.81006621534233
            ],
            [
              -70.84559479095485,
              -32.81006621534233
            ],
            [
              -70.84559479095485,
              -32.810067343879716
            ],
            [
              -70.8455934394675,
              -32.810067343879716
            ],
            [
              -70.8455934394675,
              -32.8100684724171
            ],
            [
              -70.84559073649284,
              -32.8100684724171
            ],
            [
              -70.84559073649284,
              -32.810069600954485
            ],
            [
              -70.84558803351815,
              -32.810069600954485
            ],
            [
              -70.84558803351815,
              -32.81007072949187
            ],
            [
              -70.84558533054349,
              -32.81007072949187
            ],
            [
              -70.84558533054349,
              -32.810071858029254
            ],
            [
              -70.8455826275688,
              -32.810071858029254
            ],
            [
              -70.8455826275688,
              -32.81007298656664
            ],
            [
              -70.84557992459413,
              -32.81007298656664
            ],
            [
              -70.84557992459413,
              -32.81007411510403
            ],
            [
              -70.84557722161945,
              -32.81007411510403
            ],
            [
              -70.84557722161945,
              -32.810075243641414
            ],
            [
              -70.84557451864478,
              -32.810075243641414
            ],
            [
              -70.84557451864478,
              -32.8100763721788
            ],
            [
              -70.8455718156701,
              -32.8100763721788
            ],
            [
              -70.8455718156701,
              -32.81007750071618
            ],
            [
              -70.84556911269543,
              -32.81007750071618
            ],
            [
              -70.84556911269543,
              -32.81007862925357
            ],
            [
              -70.84556640972075,
              -32.81007862925357
            ],
            [
              -70.84556640972075,
              -32.81007975779095
            ],
            [
              -70.84556370674608,
              -32.81007975779095
            ],
            [
              -70.84556370674608,
              -32.810080886328336
            ],
            [
              -70.8455610037714,
              -32.810080886328336
            ],
            [
              -70.8455610037714,
              -32.81008201486573
            ],
            [
              -70.84555830079672,
              -32.81008201486573
            ],
            [
              -70.84555830079672,
              -32.81008314340311
            ],
            [
              -70.84555559782204,
              -32.81008314340311
            ],
            [
              -70.84555559782204,
              -32.8100842719405
            ],
            [
              -70.84555289484737,
              -32.8100842719405
            ],
            [
              -70.84555289484737,
              -32.81008540047788
            ],
            [
              -70.84555019187269,
              -32.81008540047788
            ],
            [
              -70.84555019187269,
              -32.810086529015265
            ],
            [
              -70.84554748889802,
              -32.810086529015265
            ],
            [
              -70.84554748889802,
              -32.81008765755265
            ],
            [
              -70.84554478592334,
              -32.81008765755265
            ],
            [
              -70.84554478592334,
              -32.810088786090034
            ],
            [
              -70.84554208294867,
              -32.810088786090034
            ],
            [
              -70.84554208294867,
              -32.810089914627426
            ],
            [
              -70.84553937997399,
              -32.810089914627426
            ],
            [
              -70.84553937997399,
              -32.81009104316481
            ],
            [
              -70.84553667699932,
              -32.81009104316481
            ],
            [
              -70.84553667699932,
              -32.810092171702195
            ],
            [
              -70.84553397402463,
              -32.810092171702195
            ],
            [
              -70.84553397402463,
              -32.81009330023958
            ],
            [
              -70.84553127104996,
              -32.81009330023958
            ],
            [
              -70.84553127104996,
              -32.810094428776964
            ],
            [
              -70.84552856807528,
              -32.810094428776964
            ],
            [
              -70.84552856807528,
              -32.81009555731435
            ],
            [
              -70.84552586510061,
              -32.81009555731435
            ],
            [
              -70.84552586510061,
              -32.81009668585173
            ],
            [
              -70.84552451361327,
              -32.81009668585173
            ],
            [
              -70.84552451361327,
              -32.810097814389124
            ],
            [
              -70.84552181063859,
              -32.810097814389124
            ],
            [
              -70.84552181063859,
              -32.81009894292651
            ],
            [
              -70.84551910766392,
              -32.81009894292651
            ],
            [
              -70.84551910766392,
              -32.81010007146389
            ],
            [
              -70.84551640468923,
              -32.81010007146389
            ],
            [
              -70.84551640468923,
              -32.81010120000128
            ],
            [
              -70.84551370171457,
              -32.81010120000128
            ],
            [
              -70.84551370171457,
              -32.81010232853866
            ],
            [
              -70.84551099873988,
              -32.81010232853866
            ],
            [
              -70.84551099873988,
              -32.810103457076046
            ],
            [
              -70.84550829576521,
              -32.810103457076046
            ],
            [
              -70.84550829576521,
              -32.81010458561343
            ],
            [
              -70.84550559279053,
              -32.81010458561343
            ],
            [
              -70.84550559279053,
              -32.81010571415082
            ],
            [
              -70.84550288981586,
              -32.81010571415082
            ],
            [
              -70.84550288981586,
              -32.81010684268821
            ],
            [
              -70.84550018684118,
              -32.81010684268821
            ],
            [
              -70.84550018684118,
              -32.81010797122559
            ],
            [
              -70.84549748386651,
              -32.81010797122559
            ],
            [
              -70.84549748386651,
              -32.810109099762975
            ],
            [
              -70.84549478089183,
              -32.810109099762975
            ],
            [
              -70.84549478089183,
              -32.81011022830036
            ],
            [
              -70.84549207791716,
              -32.81011022830036
            ],
            [
              -70.84549207791716,
              -32.810111356837744
            ],
            [
              -70.84548937494247,
              -32.810111356837744
            ],
            [
              -70.84548937494247,
              -32.81011248537513
            ],
            [
              -70.8454866719678,
              -32.81011248537513
            ],
            [
              -70.8454866719678,
              -32.81011361391252
            ],
            [
              -70.84548396899312,
              -32.81011361391252
            ],
            [
              -70.84548396899312,
              -32.810114742449905
            ],
            [
              -70.84548126601845,
              -32.810114742449905
            ],
            [
              -70.84548126601845,
              -32.81011587098729
            ],
            [
              -70.84547856304377,
              -32.81011587098729
            ],
            [
              -70.84547856304377,
              -32.81011699952467
            ],
            [
              -70.8454758600691,
              -32.81011699952467
            ],
            [
              -70.8454758600691,
              -32.81011812806206
            ],
            [
              -70.84547315709442,
              -32.81011812806206
            ],
            [
              -70.84547315709442,
              -32.81011925659944
            ],
            [
              -70.84547045411975,
              -32.81011925659944
            ],
            [
              -70.84547045411975,
              -32.81012038513683
            ],
            [
              -70.84546775114507,
              -32.81012038513683
            ],
            [
              -70.84546775114507,
              -32.81012151367422
            ],
            [
              -70.8454650481704,
              -32.81012151367422
            ],
            [
              -70.8454650481704,
              -32.8101226422116
            ],
            [
              -70.84546234519571,
              -32.8101226422116
            ],
            [
              -70.84546234519571,
              -32.81012377074899
            ],
            [
              -70.84545964222104,
              -32.81012377074899
            ],
            [
              -70.84545964222104,
              -32.81012489928637
            ],
            [
              -70.84545693924636,
              -32.81012489928637
            ],
            [
              -70.84545693924636,
              -32.810126027823756
            ],
            [
              -70.84545558775903,
              -32.810126027823756
            ],
            [
              -70.84545558775903,
              -32.81012715636114
            ],
            [
              -70.84545288478435,
              -32.81012715636114
            ],
            [
              -70.84545288478435,
              -32.810128284898525
            ],
            [
              -70.84545018180968,
              -32.810128284898525
            ],
            [
              -70.84545018180968,
              -32.81012941343592
            ],
            [
              -70.845447478835,
              -32.81012941343592
            ],
            [
              -70.845447478835,
              -32.8101305419733
            ],
            [
              -70.84544477586033,
              -32.8101305419733
            ],
            [
              -70.84544477586033,
              -32.810131670510685
            ],
            [
              -70.84544207288565,
              -32.810131670510685
            ],
            [
              -70.84544207288565,
              -32.81013279904807
            ],
            [
              -70.84543936991098,
              -32.81013279904807
            ],
            [
              -70.84543936991098,
              -32.810133927585454
            ],
            [
              -70.8454366669363,
              -32.810133927585454
            ],
            [
              -70.8454366669363,
              -32.81013505612284
            ],
            [
              -70.84543396396163,
              -32.81013505612284
            ],
            [
              -70.84543396396163,
              -32.81013618466022
            ],
            [
              -70.84543126098694,
              -32.81013618466022
            ],
            [
              -70.84543126098694,
              -32.810137313197615
            ],
            [
              -70.84542855801227,
              -32.810137313197615
            ],
            [
              -70.84542855801227,
              -32.810138441735
            ],
            [
              -70.84542585503759,
              -32.810138441735
            ],
            [
              -70.84542585503759,
              -32.81013957027238
            ],
            [
              -70.84542315206292,
              -32.81013957027238
            ],
            [
              -70.84542315206292,
              -32.81014069880977
            ],
            [
              -70.84542044908824,
              -32.81014069880977
            ],
            [
              -70.84542044908824,
              -32.81014182734715
            ],
            [
              -70.84541774611357,
              -32.81014182734715
            ],
            [
              -70.84541774611357,
              -32.81014295588454
            ],
            [
              -70.84541504313889,
              -32.81014295588454
            ],
            [
              -70.84541504313889,
              -32.81014408442193
            ],
            [
              -70.84541234016422,
              -32.81014408442193
            ],
            [
              -70.84541234016422,
              -32.81014521295931
            ],
            [
              -70.84540963718953,
              -32.81014521295931
            ],
            [
              -70.84540963718953,
              -32.8101463414967
            ],
            [
              -70.84540693421486,
              -32.8101463414967
            ],
            [
              -70.84540693421486,
              -32.81014747003408
            ],
            [
              -70.84540423124018,
              -32.81014747003408
            ],
            [
              -70.84540423124018,
              -32.810148598571466
            ],
            [
              -70.84540152826551,
              -32.810148598571466
            ],
            [
              -70.84540152826551,
              -32.81014972710885
            ],
            [
              -70.84539882529083,
              -32.81014972710885
            ],
            [
              -70.84539882529083,
              -32.810150855646235
            ],
            [
              -70.84539612231616,
              -32.810150855646235
            ],
            [
              -70.84539612231616,
              -32.810151984183626
            ],
            [
              -70.84539341934148,
              -32.810151984183626
            ],
            [
              -70.84539341934148,
              -32.81015311272101
            ],
            [
              -70.84539071636681,
              -32.81015311272101
            ],
            [
              -70.84539071636681,
              -32.810154241258395
            ],
            [
              -70.84538801339212,
              -32.810154241258395
            ],
            [
              -70.84538801339212,
              -32.81015536979578
            ],
            [
              -70.84538531041746,
              -32.81015536979578
            ],
            [
              -70.84538531041746,
              -32.810156498333164
            ],
            [
              -70.84538395893011,
              -32.810156498333164
            ],
            [
              -70.84538395893011,
              -32.81015762687055
            ],
            [
              -70.84538125595543,
              -32.81015762687055
            ],
            [
              -70.84538125595543,
              -32.81015875540793
            ],
            [
              -70.84537855298076,
              -32.81015875540793
            ],
            [
              -70.84537855298076,
              -32.810159883945325
            ],
            [
              -70.84537585000608,
              -32.810159883945325
            ],
            [
              -70.84537585000608,
              -32.81016101248271
            ],
            [
              -70.84537314703141,
              -32.81016101248271
            ],
            [
              -70.84537314703141,
              -32.81016214102009
            ],
            [
              -70.84537044405673,
              -32.81016214102009
            ],
            [
              -70.84537044405673,
              -32.81016326955748
            ],
            [
              -70.84536774108206,
              -32.81016326955748
            ],
            [
              -70.84536774108206,
              -32.81016439809486
            ],
            [
              -70.84536503810737,
              -32.81016439809486
            ],
            [
              -70.84536503810737,
              -32.81016552663225
            ],
            [
              -70.8453623351327,
              -32.81016552663225
            ],
            [
              -70.8453623351327,
              -32.81016665516963
            ],
            [
              -70.84535963215802,
              -32.81016665516963
            ],
            [
              -70.84535963215802,
              -32.81016778370702
            ],
            [
              -70.84535692918335,
              -32.81016778370702
            ],
            [
              -70.84535692918335,
              -32.81016891224441
            ],
            [
              -70.84535422620867,
              -32.81016891224441
            ],
            [
              -70.84535422620867,
              -32.81017004078179
            ],
            [
              -70.845351523234,
              -32.81017004078179
            ],
            [
              -70.845351523234,
              -32.810171169319176
            ],
            [
              -70.84534882025932,
              -32.810171169319176
            ],
            [
              -70.84534882025932,
              -32.81017229785656
            ],
            [
              -70.84534611728465,
              -32.81017229785656
            ],
            [
              -70.84534611728465,
              -32.810173426393945
            ],
            [
              -70.84534341430997,
              -32.810173426393945
            ],
            [
              -70.84534341430997,
              -32.81017455493133
            ],
            [
              -70.8453407113353,
              -32.81017455493133
            ],
            [
              -70.8453407113353,
              -32.81017568346872
            ],
            [
              -70.84533800836061,
              -32.81017568346872
            ],
            [
              -70.84533800836061,
              -32.810176812006105
            ],
            [
              -70.84533530538594,
              -32.810176812006105
            ],
            [
              -70.84533530538594,
              -32.81017794054349
            ],
            [
              -70.84533260241126,
              -32.81017794054349
            ],
            [
              -70.84533260241126,
              -32.810179069080874
            ],
            [
              -70.84532989943659,
              -32.810179069080874
            ],
            [
              -70.84532989943659,
              -32.81018019761826
            ],
            [
              -70.84532719646191,
              -32.81018019761826
            ],
            [
              -70.84532719646191,
              -32.81018132615564
            ],
            [
              -70.84532449348724,
              -32.81018132615564
            ],
            [
              -70.84532449348724,
              -32.81018245469303
            ],
            [
              -70.84532179051256,
              -32.81018245469303
            ],
            [
              -70.84532179051256,
              -32.81018358323042
            ],
            [
              -70.84531908753789,
              -32.81018358323042
            ],
            [
              -70.84531908753789,
              -32.8101847117678
            ],
            [
              -70.8453163845632,
              -32.8101847117678
            ],
            [
              -70.8453163845632,
              -32.81018584030519
            ],
            [
              -70.84531503307588,
              -32.81018584030519
            ],
            [
              -70.84531503307588,
              -32.81018696884257
            ],
            [
              -70.8453123301012,
              -32.81018696884257
            ],
            [
              -70.8453123301012,
              -32.81018809737996
            ],
            [
              -70.84530962712651,
              -32.81018809737996
            ],
            [
              -70.84530962712651,
              -32.81018922591734
            ],
            [
              -70.84530692415184,
              -32.81018922591734
            ],
            [
              -70.84530692415184,
              -32.810190354454726
            ],
            [
              -70.84530422117716,
              -32.810190354454726
            ],
            [
              -70.84530422117716,
              -32.81019148299212
            ],
            [
              -70.84530151820249,
              -32.81019148299212
            ],
            [
              -70.84530151820249,
              -32.8101926115295
            ],
            [
              -70.8452988152278,
              -32.8101926115295
            ],
            [
              -70.8452988152278,
              -32.810193740066886
            ],
            [
              -70.84529611225314,
              -32.810193740066886
            ],
            [
              -70.84529611225314,
              -32.81019486860427
            ],
            [
              -70.84529340927845,
              -32.81019486860427
            ],
            [
              -70.84529340927845,
              -32.810195997141655
            ],
            [
              -70.84529070630379,
              -32.810195997141655
            ],
            [
              -70.84529070630379,
              -32.81019712567904
            ],
            [
              -70.8452880033291,
              -32.81019712567904
            ],
            [
              -70.8452880033291,
              -32.810198254216424
            ],
            [
              -70.84528530035443,
              -32.810198254216424
            ],
            [
              -70.84528530035443,
              -32.810199382753815
            ],
            [
              -70.84528259737975,
              -32.810199382753815
            ],
            [
              -70.84528259737975,
              -32.8102005112912
            ],
            [
              -70.84527989440508,
              -32.8102005112912
            ],
            [
              -70.84527989440508,
              -32.810201639828584
            ],
            [
              -70.8452771914304,
              -32.810201639828584
            ],
            [
              -70.8452771914304,
              -32.81020276836597
            ],
            [
              -70.84527448845573,
              -32.81020276836597
            ],
            [
              -70.84527448845573,
              -32.81020389690335
            ],
            [
              -70.84527178548105,
              -32.81020389690335
            ],
            [
              -70.84527178548105,
              -32.81020502544074
            ],
            [
              -70.84526908250638,
              -32.81020502544074
            ],
            [
              -70.84526908250638,
              -32.81020615397812
            ],
            [
              -70.8452663795317,
              -32.81020615397812
            ],
            [
              -70.8452663795317,
              -32.81020728251551
            ],
            [
              -70.84526367655702,
              -32.81020728251551
            ],
            [
              -70.84526367655702,
              -32.8102084110529
            ],
            [
              -70.84526097358234,
              -32.8102084110529
            ],
            [
              -70.84526097358234,
              -32.81020953959028
            ],
            [
              -70.84525827060767,
              -32.81020953959028
            ],
            [
              -70.84525827060767,
              -32.81021066812767
            ],
            [
              -70.84525556763299,
              -32.81021066812767
            ],
            [
              -70.84525556763299,
              -32.81021179666505
            ],
            [
              -70.84525286465832,
              -32.81021179666505
            ],
            [
              -70.84525286465832,
              -32.810212925202435
            ],
            [
              -70.84525016168364,
              -32.810212925202435
            ],
            [
              -70.84525016168364,
              -32.81021405373982
            ],
            [
              -70.84524745870897,
              -32.81021405373982
            ],
            [
              -70.84524745870897,
              -32.81021518227721
            ],
            [
              -70.84524610722163,
              -32.81021518227721
            ],
            [
              -70.84524610722163,
              -32.810216310814596
            ],
            [
              -70.84524340424696,
              -32.810216310814596
            ],
            [
              -70.84524340424696,
              -32.81021743935198
            ],
            [
              -70.84524070127227,
              -32.81021743935198
            ],
            [
              -70.84524070127227,
              -32.810218567889365
            ],
            [
              -70.8452379982976,
              -32.810218567889365
            ],
            [
              -70.8452379982976,
              -32.81021969642675
            ],
            [
              -70.84523529532292,
              -32.81021969642675
            ],
            [
              -70.84523529532292,
              -32.810220824964134
            ],
            [
              -70.84523259234825,
              -32.810220824964134
            ],
            [
              -70.84523259234825,
              -32.81022195350152
            ],
            [
              -70.84522988937357,
              -32.81022195350152
            ],
            [
              -70.84522988937357,
              -32.81022308203891
            ],
            [
              -70.8452271863989,
              -32.81022308203891
            ],
            [
              -70.8452271863989,
              -32.810224210576294
            ],
            [
              -70.84522448342422,
              -32.810224210576294
            ],
            [
              -70.84522448342422,
              -32.81022533911368
            ],
            [
              -70.84522178044955,
              -32.81022533911368
            ],
            [
              -70.84522178044955,
              -32.81022646765106
            ],
            [
              -70.84521907747487,
              -32.81022646765106
            ],
            [
              -70.84521907747487,
              -32.81022759618845
            ],
            [
              -70.8452163745002,
              -32.81022759618845
            ],
            [
              -70.8452163745002,
              -32.81022872472583
            ],
            [
              -70.84521367152551,
              -32.81022872472583
            ],
            [
              -70.84521367152551,
              -32.810229853263216
            ],
            [
              -70.84521096855084,
              -32.810229853263216
            ],
            [
              -70.84521096855084,
              -32.81023098180061
            ],
            [
              -70.84520826557616,
              -32.81023098180061
            ],
            [
              -70.84520826557616,
              -32.81023211033799
            ],
            [
              -70.84520556260149,
              -32.81023211033799
            ],
            [
              -70.84520556260149,
              -32.81023323887538
            ],
            [
              -70.84520285962681,
              -32.81023323887538
            ],
            [
              -70.84520285962681,
              -32.81023436741276
            ],
            [
              -70.84520015665214,
              -32.81023436741276
            ],
            [
              -70.84520015665214,
              -32.810235495950145
            ],
            [
              -70.84519745367746,
              -32.810235495950145
            ],
            [
              -70.84519745367746,
              -32.81023662448753
            ],
            [
              -70.84519475070279,
              -32.81023662448753
            ],
            [
              -70.84519475070279,
              -32.81023775302492
            ],
            [
              -70.8451920477281,
              -32.81023775302492
            ],
            [
              -70.8451920477281,
              -32.810238881562306
            ],
            [
              -70.84518934475344,
              -32.810238881562306
            ],
            [
              -70.84518934475344,
              -32.81024001009969
            ],
            [
              -70.84518664177875,
              -32.81024001009969
            ],
            [
              -70.84518664177875,
              -32.810241138637075
            ],
            [
              -70.84518393880408,
              -32.810241138637075
            ],
            [
              -70.84518393880408,
              -32.81024226717446
            ],
            [
              -70.8451812358294,
              -32.81024226717446
            ],
            [
              -70.8451812358294,
              -32.810243395711844
            ],
            [
              -70.84517853285473,
              -32.810243395711844
            ],
            [
              -70.84517853285473,
              -32.81024452424923
            ],
            [
              -70.84517718136739,
              -32.81024452424923
            ],
            [
              -70.84517718136739,
              -32.81024565278662
            ],
            [
              -70.8451744783927,
              -32.81024565278662
            ],
            [
              -70.8451744783927,
              -32.810246781324004
            ],
            [
              -70.84517177541804,
              -32.810246781324004
            ],
            [
              -70.84517177541804,
              -32.81024790986139
            ],
            [
              -70.84516907244335,
              -32.81024790986139
            ],
            [
              -70.84516907244335,
              -32.81024903839877
            ],
            [
              -70.84516636946869,
              -32.81024903839877
            ],
            [
              -70.84516636946869,
              -32.81025016693616
            ],
            [
              -70.845163666494,
              -32.81025016693616
            ],
            [
              -70.845163666494,
              -32.81025129547354
            ],
            [
              -70.84516096351933,
              -32.81025129547354
            ],
            [
              -70.84516096351933,
              -32.810252424010926
            ],
            [
              -70.84515826054465,
              -32.810252424010926
            ],
            [
              -70.84515826054465,
              -32.81025355254832
            ],
            [
              -70.84515555756998,
              -32.81025355254832
            ],
            [
              -70.84515555756998,
              -32.8102546810857
            ],
            [
              -70.8451528545953,
              -32.8102546810857
            ],
            [
              -70.8451528545953,
              -32.81025580962309
            ],
            [
              -70.84515015162063,
              -32.81025580962309
            ],
            [
              -70.84515015162063,
              -32.81025693816047
            ],
            [
              -70.84514744864595,
              -32.81025693816047
            ],
            [
              -70.84514744864595,
              -32.810258066697855
            ],
            [
              -70.84514474567128,
              -32.810258066697855
            ],
            [
              -70.84514474567128,
              -32.81025919523524
            ],
            [
              -70.8451420426966,
              -32.81025919523524
            ],
            [
              -70.8451420426966,
              -32.810260323772624
            ],
            [
              -70.84513933972192,
              -32.810260323772624
            ],
            [
              -70.84513933972192,
              -32.810261452310016
            ],
            [
              -70.84513663674724,
              -32.810261452310016
            ],
            [
              -70.84513663674724,
              -32.8102625808474
            ],
            [
              -70.84513393377257,
              -32.8102625808474
            ],
            [
              -70.84513393377257,
              -32.810263709384785
            ],
            [
              -70.84513123079789,
              -32.810263709384785
            ],
            [
              -70.84513123079789,
              -32.81026483792217
            ],
            [
              -70.84512852782322,
              -32.81026483792217
            ],
            [
              -70.84512852782322,
              -32.81026596645955
            ],
            [
              -70.84512582484854,
              -32.81026596645955
            ],
            [
              -70.84512582484854,
              -32.81026709499694
            ],
            [
              -70.84512312187387,
              -32.81026709499694
            ],
            [
              -70.84512312187387,
              -32.81026822353432
            ],
            [
              -70.84512041889919,
              -32.81026822353432
            ],
            [
              -70.84512041889919,
              -32.810269352071714
            ],
            [
              -70.84511771592452,
              -32.810269352071714
            ],
            [
              -70.84511771592452,
              -32.8102704806091
            ],
            [
              -70.84511501294983,
              -32.8102704806091
            ],
            [
              -70.84511501294983,
              -32.81027160914648
            ],
            [
              -70.84511230997516,
              -32.81027160914648
            ],
            [
              -70.84511230997516,
              -32.81027273768387
            ],
            [
              -70.84510960700048,
              -32.81027273768387
            ],
            [
              -70.84510960700048,
              -32.81027386622125
            ],
            [
              -70.84510825551315,
              -32.81027386622125
            ],
            [
              -70.84510825551315,
              -32.810274994758636
            ],
            [
              -70.84510555253847,
              -32.810274994758636
            ],
            [
              -70.84510555253847,
              -32.81027612329602
            ],
            [
              -70.8451028495638,
              -32.81027612329602
            ],
            [
              -70.8451028495638,
              -32.81027725183341
            ],
            [
              -70.84510014658912,
              -32.81027725183341
            ],
            [
              -70.84510014658912,
              -32.8102783803708
            ],
            [
              -70.84509744361445,
              -32.8102783803708
            ],
            [
              -70.84509744361445,
              -32.81027950890818
            ],
            [
              -70.84509474063977,
              -32.81027950890818
            ],
            [
              -70.84509474063977,
              -32.810280637445565
            ],
            [
              -70.8450920376651,
              -32.810280637445565
            ],
            [
              -70.8450920376651,
              -32.81028176598295
            ],
            [
              -70.84508933469041,
              -32.81028176598295
            ],
            [
              -70.84508933469041,
              -32.810282894520334
            ],
            [
              -70.84508663171574,
              -32.810282894520334
            ],
            [
              -70.84508663171574,
              -32.81028402305772
            ],
            [
              -70.84508392874106,
              -32.81028402305772
            ],
            [
              -70.84508392874106,
              -32.81028515159511
            ],
            [
              -70.84508122576639,
              -32.81028515159511
            ],
            [
              -70.84508122576639,
              -32.810286280132495
            ],
            [
              -70.84507852279171,
              -32.810286280132495
            ],
            [
              -70.84507852279171,
              -32.81028740866988
            ],
            [
              -70.84507581981704,
              -32.81028740866988
            ],
            [
              -70.84507581981704,
              -32.81028853720726
            ],
            [
              -70.84507311684236,
              -32.81028853720726
            ],
            [
              -70.84507311684236,
              -32.81028966574465
            ],
            [
              -70.84507041386769,
              -32.81028966574465
            ],
            [
              -70.84507041386769,
              -32.81029079428203
            ],
            [
              -70.845067710893,
              -32.81029079428203
            ],
            [
              -70.845067710893,
              -32.81029192281942
            ],
            [
              -70.84506500791834,
              -32.81029192281942
            ],
            [
              -70.84506500791834,
              -32.81029305135681
            ],
            [
              -70.84506230494365,
              -32.81029305135681
            ],
            [
              -70.84506230494365,
              -32.81029417989419
            ],
            [
              -70.84505960196898,
              -32.81029417989419
            ],
            [
              -70.84505960196898,
              -32.81029530843158
            ],
            [
              -70.8450568989943,
              -32.81029530843158
            ],
            [
              -70.8450568989943,
              -32.81029643696896
            ],
            [
              -70.84505419601963,
              -32.81029643696896
            ],
            [
              -70.84505419601963,
              -32.810297565506346
            ],
            [
              -70.84505149304495,
              -32.810297565506346
            ],
            [
              -70.84505149304495,
              -32.81029869404373
            ],
            [
              -70.84504879007028,
              -32.81029869404373
            ],
            [
              -70.84504879007028,
              -32.810299822581115
            ],
            [
              -70.8450460870956,
              -32.810299822581115
            ],
            [
              -70.8450460870956,
              -32.810300951118506
            ],
            [
              -70.84504338412093,
              -32.810300951118506
            ],
            [
              -70.84504338412093,
              -32.81030207965589
            ],
            [
              -70.84504068114624,
              -32.81030207965589
            ],
            [
              -70.84504068114624,
              -32.810303208193275
            ],
            [
              -70.84503797817158,
              -32.810303208193275
            ],
            [
              -70.84503797817158,
              -32.81030433673066
            ],
            [
              -70.84503662668423,
              -32.81030433673066
            ],
            [
              -70.84503662668423,
              -32.810305465268044
            ],
            [
              -70.84503392370955,
              -32.810305465268044
            ],
            [
              -70.84503392370955,
              -32.81030659380543
            ],
            [
              -70.84503122073488,
              -32.81030659380543
            ],
            [
              -70.84503122073488,
              -32.81030772234281
            ],
            [
              -70.8450285177602,
              -32.81030772234281
            ],
            [
              -70.8450285177602,
              -32.810308850880205
            ],
            [
              -70.84502581478553,
              -32.810308850880205
            ],
            [
              -70.84502581478553,
              -32.81030997941759
            ],
            [
              -70.84502311181085,
              -32.81030997941759
            ],
            [
              -70.84502311181085,
              -32.81031110795497
            ],
            [
              -70.84501905734884,
              -32.81031110795497
            ],
            [
              -70.84501905734884,
              -32.81031223649236
            ],
            [
              -70.84501635437415,
              -32.81031223649236
            ],
            [
              -70.84501635437415,
              -32.81031336502974
            ],
            [
              -70.84501365139948,
              -32.81031336502974
            ],
            [
              -70.84501365139948,
              -32.81031449356713
            ],
            [
              -70.8450109484248,
              -32.81031449356713
            ],
            [
              -70.8450109484248,
              -32.81031562210451
            ],
            [
              -70.84500824545013,
              -32.81031562210451
            ],
            [
              -70.84500824545013,
              -32.8103167506419
            ],
            [
              -70.84500554247545,
              -32.8103167506419
            ],
            [
              -70.84500554247545,
              -32.81031787917929
            ],
            [
              -70.84500283950078,
              -32.81031787917929
            ],
            [
              -70.84500283950078,
              -32.81031900771667
            ],
            [
              -70.8450001365261,
              -32.81031900771667
            ],
            [
              -70.8450001365261,
              -32.810320136254056
            ],
            [
              -70.84499743355143,
              -32.810320136254056
            ],
            [
              -70.84499743355143,
              -32.81032126479144
            ],
            [
              -70.84499473057674,
              -32.81032126479144
            ],
            [
              -70.84499473057674,
              -32.810322393328825
            ],
            [
              -70.84499202760207,
              -32.810322393328825
            ],
            [
              -70.84499202760207,
              -32.81032352186621
            ],
            [
              -70.84498932462739,
              -32.81032352186621
            ],
            [
              -70.84498932462739,
              -32.8103246504036
            ],
            [
              -70.84498662165272,
              -32.8103246504036
            ],
            [
              -70.84498662165272,
              -32.810325778940985
            ],
            [
              -70.84498391867804,
              -32.810325778940985
            ],
            [
              -70.84498391867804,
              -32.81032690747837
            ],
            [
              -70.84497986421603,
              -32.81032690747837
            ],
            [
              -70.84497986421603,
              -32.810328036015754
            ],
            [
              -70.84497716124136,
              -32.810328036015754
            ],
            [
              -70.84497716124136,
              -32.81032916455314
            ],
            [
              -70.84497445826668,
              -32.81032916455314
            ],
            [
              -70.84497445826668,
              -32.81033029309052
            ],
            [
              -70.84497175529201,
              -32.81033029309052
            ],
            [
              -70.84497175529201,
              -32.81033142162791
            ],
            [
              -70.84496905231732,
              -32.81033142162791
            ],
            [
              -70.84496905231732,
              -32.8103325501653
            ],
            [
              -70.84496634934266,
              -32.8103325501653
            ],
            [
              -70.84496634934266,
              -32.81033367870268
            ],
            [
              -70.84496364636797,
              -32.81033367870268
            ],
            [
              -70.84496364636797,
              -32.81033480724007
            ],
            [
              -70.8449609433933,
              -32.81033480724007
            ],
            [
              -70.8449609433933,
              -32.81033593577745
            ],
            [
              -70.84495824041862,
              -32.81033593577745
            ],
            [
              -70.84495824041862,
              -32.81033706431484
            ],
            [
              -70.84495553744395,
              -32.81033706431484
            ],
            [
              -70.84495553744395,
              -32.81033819285222
            ],
            [
              -70.84495283446927,
              -32.81033819285222
            ],
            [
              -70.84495283446927,
              -32.81033932138961
            ],
            [
              -70.8449501314946,
              -32.81033932138961
            ],
            [
              -70.8449501314946,
              -32.810340449927
            ],
            [
              -70.84494742851992,
              -32.810340449927
            ],
            [
              -70.84494742851992,
              -32.81034157846438
            ],
            [
              -70.8449433740579,
              -32.81034157846438
            ],
            [
              -70.8449433740579,
              -32.810342707001766
            ],
            [
              -70.84494067108322,
              -32.810342707001766
            ],
            [
              -70.84494067108322,
              -32.81034383553915
            ],
            [
              -70.84493796810855,
              -32.81034383553915
            ],
            [
              -70.84493796810855,
              -32.810344964076535
            ],
            [
              -70.84493526513387,
              -32.810344964076535
            ],
            [
              -70.84493526513387,
              -32.81034609261392
            ],
            [
              -70.8449325621592,
              -32.81034609261392
            ],
            [
              -70.8449325621592,
              -32.81034722115131
            ],
            [
              -70.84492985918452,
              -32.81034722115131
            ],
            [
              -70.84492985918452,
              -32.810348349688695
            ],
            [
              -70.84492715620985,
              -32.810348349688695
            ],
            [
              -70.84492715620985,
              -32.81034947822608
            ],
            [
              -70.84492445323517,
              -32.81034947822608
            ],
            [
              -70.84492445323517,
              -32.810350606763464
            ],
            [
              -70.8449217502605,
              -32.810350606763464
            ],
            [
              -70.8449217502605,
              -32.81035173530085
            ],
            [
              -70.84491904728581,
              -32.81035173530085
            ],
            [
              -70.84491904728581,
              -32.81035286383823
            ],
            [
              -70.84491634431114,
              -32.81035286383823
            ],
            [
              -70.84491634431114,
              -32.81035399237562
            ],
            [
              -70.84491364133646,
              -32.81035399237562
            ],
            [
              -70.84491364133646,
              -32.81035512091301
            ],
            [
              -70.84491093836179,
              -32.81035512091301
            ],
            [
              -70.84491093836179,
              -32.81035624945039
            ],
            [
              -70.84490823538711,
              -32.81035624945039
            ],
            [
              -70.84490823538711,
              -32.81035737798778
            ],
            [
              -70.8449041809251,
              -32.81035737798778
            ],
            [
              -70.8449041809251,
              -32.81035850652516
            ],
            [
              -70.84490147795043,
              -32.81035850652516
            ],
            [
              -70.84490147795043,
              -32.81035963506255
            ],
            [
              -70.84489877497575,
              -32.81035963506255
            ],
            [
              -70.84489877497575,
              -32.81036076359993
            ],
            [
              -70.84489607200108,
              -32.81036076359993
            ],
            [
              -70.84489607200108,
              -32.810361892137315
            ],
            [
              -70.8448933690264,
              -32.810361892137315
            ],
            [
              -70.8448933690264,
              -32.81036302067471
            ],
            [
              -70.84489066605173,
              -32.81036302067471
            ],
            [
              -70.84489066605173,
              -32.81036414921209
            ],
            [
              -70.84488796307704,
              -32.81036414921209
            ],
            [
              -70.84488796307704,
              -32.810365277749476
            ],
            [
              -70.84488526010237,
              -32.810365277749476
            ],
            [
              -70.84488526010237,
              -32.81036640628686
            ],
            [
              -70.84488255712769,
              -32.81036640628686
            ],
            [
              -70.84488255712769,
              -32.810367534824245
            ],
            [
              -70.84487985415302,
              -32.810367534824245
            ],
            [
              -70.84487985415302,
              -32.81036866336163
            ],
            [
              -70.84487715117834,
              -32.81036866336163
            ],
            [
              -70.84487715117834,
              -32.810369791899014
            ],
            [
              -70.84487444820367,
              -32.810369791899014
            ],
            [
              -70.84487444820367,
              -32.810370920436405
            ],
            [
              -70.84487174522899,
              -32.810370920436405
            ],
            [
              -70.84487174522899,
              -32.81037204897379
            ],
            [
              -70.84486769076697,
              -32.81037204897379
            ],
            [
              -70.84486769076697,
              -32.810373177511174
            ],
            [
              -70.84486498779229,
              -32.810373177511174
            ],
            [
              -70.84486498779229,
              -32.81037430604856
            ],
            [
              -70.84486228481762,
              -32.81037430604856
            ],
            [
              -70.84486228481762,
              -32.81037543458594
            ],
            [
              -70.84485958184294,
              -32.81037543458594
            ],
            [
              -70.84485958184294,
              -32.81037656312333
            ],
            [
              -70.84485687886827,
              -32.81037656312333
            ],
            [
              -70.84485687886827,
              -32.81037769166071
            ],
            [
              -70.84485417589359,
              -32.81037769166071
            ],
            [
              -70.84485417589359,
              -32.8103788201981
            ],
            [
              -70.84485147291892,
              -32.8103788201981
            ],
            [
              -70.84485147291892,
              -32.81037994873549
            ],
            [
              -70.84484876994424,
              -32.81037994873549
            ],
            [
              -70.84484876994424,
              -32.81038107727287
            ],
            [
              -70.84484606696957,
              -32.81038107727287
            ],
            [
              -70.84484606696957,
              -32.81038220581026
            ],
            [
              -70.84484336399488,
              -32.81038220581026
            ],
            [
              -70.84484336399488,
              -32.81038333434764
            ],
            [
              -70.84484066102021,
              -32.81038333434764
            ],
            [
              -70.84484066102021,
              -32.810384462885025
            ],
            [
              -70.84483795804553,
              -32.810384462885025
            ],
            [
              -70.84483795804553,
              -32.81038559142241
            ],
            [
              -70.84483525507086,
              -32.81038559142241
            ],
            [
              -70.84483525507086,
              -32.8103867199598
            ],
            [
              -70.84483255209618,
              -32.8103867199598
            ],
            [
              -70.84483255209618,
              -32.810387848497186
            ],
            [
              -70.84482849763417,
              -32.810387848497186
            ],
            [
              -70.84482849763417,
              -32.81038897703457
            ],
            [
              -70.8448257946595,
              -32.81038897703457
            ],
            [
              -70.8448257946595,
              -32.810390105571955
            ],
            [
              -70.84482309168482,
              -32.810390105571955
            ],
            [
              -70.84482309168482,
              -32.81039123410934
            ],
            [
              -70.84482038871015,
              -32.81039123410934
            ],
            [
              -70.84482038871015,
              -32.81039236264672
            ],
            [
              -70.84481768573546,
              -32.81039236264672
            ],
            [
              -70.84481768573546,
              -32.81039349118411
            ],
            [
              -70.8448149827608,
              -32.81039349118411
            ],
            [
              -70.8448149827608,
              -32.8103946197215
            ],
            [
              -70.84481227978611,
              -32.8103946197215
            ],
            [
              -70.84481227978611,
              -32.810395748258884
            ],
            [
              -70.84480957681144,
              -32.810395748258884
            ],
            [
              -70.84480957681144,
              -32.81039687679627
            ],
            [
              -70.84480687383676,
              -32.81039687679627
            ],
            [
              -70.84480687383676,
              -32.81039800533365
            ],
            [
              -70.84480417086209,
              -32.81039800533365
            ],
            [
              -70.84480417086209,
              -32.81039913387104
            ],
            [
              -70.84480146788741,
              -32.81039913387104
            ],
            [
              -70.84480146788741,
              -32.81040026240842
            ],
            [
              -70.84479876491274,
              -32.81040026240842
            ],
            [
              -70.84479876491274,
              -32.810401390945806
            ],
            [
              -70.84479606193806,
              -32.810401390945806
            ],
            [
              -70.84479606193806,
              -32.8104025194832
            ],
            [
              -70.84479335896339,
              -32.8104025194832
            ],
            [
              -70.84479335896339,
              -32.81040364802058
            ],
            [
              -70.84478930450136,
              -32.81040364802058
            ],
            [
              -70.84478930450136,
              -32.81040477655797
            ],
            [
              -70.84478660152669,
              -32.81040477655797
            ],
            [
              -70.84478660152669,
              -32.81040590509535
            ],
            [
              -70.84478389855201,
              -32.81040590509535
            ],
            [
              -70.84478389855201,
              -32.810407033632735
            ],
            [
              -70.84478119557734,
              -32.810407033632735
            ],
            [
              -70.84478119557734,
              -32.81040816217012
            ],
            [
              -70.84477849260266,
              -32.81040816217012
            ],
            [
              -70.84477849260266,
              -32.810409290707504
            ],
            [
              -70.84477578962799,
              -32.810409290707504
            ],
            [
              -70.84477578962799,
              -32.810410419244896
            ],
            [
              -70.8447730866533,
              -32.810410419244896
            ],
            [
              -70.8447730866533,
              -32.81041154778228
            ],
            [
              -70.84477038367864,
              -32.81041154778228
            ],
            [
              -70.84477038367864,
              -32.810412676319665
            ],
            [
              -70.84476768070395,
              -32.810412676319665
            ],
            [
              -70.84476768070395,
              -32.81041380485705
            ],
            [
              -70.84476497772928,
              -32.81041380485705
            ],
            [
              -70.84476497772928,
              -32.81041493339443
            ],
            [
              -70.8447622747546,
              -32.81041493339443
            ],
            [
              -70.8447622747546,
              -32.81041606193182
            ],
            [
              -70.84475957177993,
              -32.81041606193182
            ],
            [
              -70.84475957177993,
              -32.8104171904692
            ],
            [
              -70.84475686880525,
              -32.8104171904692
            ],
            [
              -70.84475686880525,
              -32.810418319006594
            ],
            [
              -70.84475281434324,
              -32.810418319006594
            ],
            [
              -70.84475281434324,
              -32.81041944754398
            ],
            [
              -70.84475011136857,
              -32.81041944754398
            ],
            [
              -70.84475011136857,
              -32.81042057608136
            ],
            [
              -70.84474740839389,
              -32.81042057608136
            ],
            [
              -70.84474740839389,
              -32.81042170461875
            ],
            [
              -70.84474470541922,
              -32.81042170461875
            ],
            [
              -70.84474470541922,
              -32.81042283315613
            ],
            [
              -70.84474200244453,
              -32.81042283315613
            ],
            [
              -70.84474200244453,
              -32.810423961693516
            ],
            [
              -70.84473929946985,
              -32.810423961693516
            ],
            [
              -70.84473929946985,
              -32.8104250902309
            ],
            [
              -70.84473659649518,
              -32.8104250902309
            ],
            [
              -70.84473659649518,
              -32.81042621876829
            ],
            [
              -70.8447338935205,
              -32.81042621876829
            ],
            [
              -70.8447338935205,
              -32.81042734730568
            ],
            [
              -70.84473119054583,
              -32.81042734730568
            ],
            [
              -70.84473119054583,
              -32.81042847584306
            ],
            [
              -70.84472848757115,
              -32.81042847584306
            ],
            [
              -70.84472848757115,
              -32.810429604380445
            ],
            [
              -70.84472578459648,
              -32.810429604380445
            ],
            [
              -70.84472578459648,
              -32.81043073291783
            ],
            [
              -70.8447230816218,
              -32.81043073291783
            ],
            [
              -70.8447230816218,
              -32.810431861455214
            ],
            [
              -70.84472037864712,
              -32.810431861455214
            ],
            [
              -70.84472037864712,
              -32.810432989992606
            ],
            [
              -70.84471767567244,
              -32.810432989992606
            ],
            [
              -70.84471767567244,
              -32.81043411852999
            ],
            [
              -70.84471362121043,
              -32.81043411852999
            ],
            [
              -70.84471362121043,
              -32.810435247067375
            ],
            [
              -70.84471091823576,
              -32.810435247067375
            ],
            [
              -70.84471091823576,
              -32.81043637560476
            ],
            [
              -70.84470821526108,
              -32.81043637560476
            ],
            [
              -70.84470821526108,
              -32.81043750414214
            ],
            [
              -70.84470551228641,
              -32.81043750414214
            ],
            [
              -70.84470551228641,
              -32.81043863267953
            ],
            [
              -70.84470280931173,
              -32.81043863267953
            ],
            [
              -70.84470280931173,
              -32.81043976121691
            ],
            [
              -70.84470010633706,
              -32.81043976121691
            ],
            [
              -70.84470010633706,
              -32.810440889754304
            ],
            [
              -70.84469740336237,
              -32.810440889754304
            ],
            [
              -70.84469740336237,
              -32.81044201829169
            ],
            [
              -70.8446947003877,
              -32.81044201829169
            ],
            [
              -70.8446947003877,
              -32.81044314682907
            ],
            [
              -70.84469199741302,
              -32.81044314682907
            ],
            [
              -70.84469199741302,
              -32.81044427536646
            ],
            [
              -70.84468929443835,
              -32.81044427536646
            ],
            [
              -70.84468929443835,
              -32.81044540390384
            ],
            [
              -70.84468659146367,
              -32.81044540390384
            ],
            [
              -70.84468659146367,
              -32.810446532441226
            ],
            [
              -70.844683888489,
              -32.810446532441226
            ],
            [
              -70.844683888489,
              -32.81044766097861
            ],
            [
              -70.84468118551432,
              -32.81044766097861
            ],
            [
              -70.84468118551432,
              -32.810448789516
            ],
            [
              -70.84467848253965,
              -32.810448789516
            ],
            [
              -70.84467848253965,
              -32.810449918053386
            ],
            [
              -70.84467442807762,
              -32.810449918053386
            ],
            [
              -70.84467442807762,
              -32.81045104659077
            ],
            [
              -70.84467172510296,
              -32.81045104659077
            ],
            [
              -70.84467172510296,
              -32.810452175128155
            ],
            [
              -70.84466902212827,
              -32.810452175128155
            ],
            [
              -70.84466902212827,
              -32.81045330366554
            ],
            [
              -70.8446663191536,
              -32.81045330366554
            ],
            [
              -70.8446663191536,
              -32.810454432202924
            ],
            [
              -70.84466361617892,
              -32.810454432202924
            ],
            [
              -70.84466361617892,
              -32.81045556074031
            ],
            [
              -70.84466091320425,
              -32.81045556074031
            ],
            [
              -70.84466091320425,
              -32.8104566892777
            ],
            [
              -70.84465821022957,
              -32.8104566892777
            ],
            [
              -70.84465821022957,
              -32.810457817815085
            ],
            [
              -70.8446555072549,
              -32.810457817815085
            ],
            [
              -70.8446555072549,
              -32.81045894635247
            ],
            [
              -70.84465280428022,
              -32.81045894635247
            ],
            [
              -70.84465280428022,
              -32.81046007488985
            ],
            [
              -70.84465010130555,
              -32.81046007488985
            ],
            [
              -70.84465010130555,
              -32.81046120342724
            ],
            [
              -70.84464739833086,
              -32.81046120342724
            ],
            [
              -70.84464739833086,
              -32.81046233196462
            ],
            [
              -70.8446446953562,
              -32.81046233196462
            ],
            [
              -70.8446446953562,
              -32.81046346050201
            ],
            [
              -70.84464199238151,
              -32.81046346050201
            ],
            [
              -70.84464199238151,
              -32.8104645890394
            ],
            [
              -70.8446379379195,
              -32.8104645890394
            ],
            [
              -70.8446379379195,
              -32.81046571757678
            ],
            [
              -70.84463523494483,
              -32.81046571757678
            ],
            [
              -70.84463523494483,
              -32.81046684611417
            ],
            [
              -70.84463253197015,
              -32.81046684611417
            ],
            [
              -70.84463253197015,
              -32.81046797465155
            ],
            [
              -70.84462982899548,
              -32.81046797465155
            ],
            [
              -70.84462982899548,
              -32.810469103188936
            ],
            [
              -70.8446271260208,
              -32.810469103188936
            ],
            [
              -70.8446271260208,
              -32.81047023172632
            ],
            [
              -70.84462442304613,
              -32.81047023172632
            ],
            [
              -70.84462442304613,
              -32.810471360263705
            ],
            [
              -70.84462172007144,
              -32.810471360263705
            ],
            [
              -70.84462172007144,
              -32.810472488801096
            ],
            [
              -70.84461901709678,
              -32.810472488801096
            ],
            [
              -70.84461901709678,
              -32.81047361733848
            ],
            [
              -70.84461631412209,
              -32.81047361733848
            ],
            [
              -70.84461631412209,
              -32.810474745875865
            ],
            [
              -70.84461361114742,
              -32.810474745875865
            ],
            [
              -70.84461361114742,
              -32.81047587441325
            ],
            [
              -70.84461090817274,
              -32.81047587441325
            ],
            [
              -70.84461090817274,
              -32.810477002950634
            ],
            [
              -70.84460820519807,
              -32.810477002950634
            ],
            [
              -70.84460820519807,
              -32.81047813148802
            ],
            [
              -70.84460550222339,
              -32.81047813148802
            ],
            [
              -70.84460550222339,
              -32.8104792600254
            ],
            [
              -70.84460279924872,
              -32.8104792600254
            ],
            [
              -70.84460279924872,
              -32.810480388562794
            ],
            [
              -70.8445987447867,
              -32.810480388562794
            ],
            [
              -70.8445987447867,
              -32.81048151710018
            ],
            [
              -70.84459604181203,
              -32.81048151710018
            ],
            [
              -70.84459604181203,
              -32.81048264563756
            ],
            [
              -70.84459333883734,
              -32.81048264563756
            ],
            [
              -70.84459333883734,
              -32.81048377417495
            ],
            [
              -70.84459063586267,
              -32.81048377417495
            ],
            [
              -70.84459063586267,
              -32.81048490271233
            ],
            [
              -70.84458793288799,
              -32.81048490271233
            ],
            [
              -70.84458793288799,
              -32.81048603124972
            ],
            [
              -70.84458522991332,
              -32.81048603124972
            ],
            [
              -70.84458522991332,
              -32.8104871597871
            ],
            [
              -70.84458252693864,
              -32.8104871597871
            ],
            [
              -70.84458252693864,
              -32.81048828832449
            ],
            [
              -70.84457982396397,
              -32.81048828832449
            ],
            [
              -70.84457982396397,
              -32.81048941686188
            ],
            [
              -70.84457712098929,
              -32.81048941686188
            ],
            [
              -70.84457712098929,
              -32.81049054539926
            ],
            [
              -70.84457441801462,
              -32.81049054539926
            ],
            [
              -70.84457441801462,
              -32.810491673936646
            ],
            [
              -70.84457171503993,
              -32.810491673936646
            ],
            [
              -70.84457171503993,
              -32.81049280247403
            ],
            [
              -70.84456901206526,
              -32.81049280247403
            ],
            [
              -70.84456901206526,
              -32.810493931011415
            ],
            [
              -70.84456630909058,
              -32.810493931011415
            ],
            [
              -70.84456630909058,
              -32.8104950595488
            ],
            [
              -70.84456225462857,
              -32.8104950595488
            ],
            [
              -70.84456225462857,
              -32.81049618808619
            ],
            [
              -70.8445595516539,
              -32.81049618808619
            ],
            [
              -70.8445595516539,
              -32.810497316623575
            ],
            [
              -70.84455684867922,
              -32.810497316623575
            ],
            [
              -70.84455684867922,
              -32.81049844516096
            ],
            [
              -70.84455414570455,
              -32.81049844516096
            ],
            [
              -70.84455414570455,
              -32.810499573698344
            ],
            [
              -70.84455144272987,
              -32.810499573698344
            ],
            [
              -70.84455144272987,
              -32.81050070223573
            ],
            [
              -70.8445487397552,
              -32.81050070223573
            ],
            [
              -70.8445487397552,
              -32.81050183077311
            ],
            [
              -70.84454603678051,
              -32.81050183077311
            ],
            [
              -70.84454603678051,
              -32.8105029593105
            ],
            [
              -70.84454333380585,
              -32.8105029593105
            ],
            [
              -70.84454333380585,
              -32.81050408784789
            ],
            [
              -70.84454063083116,
              -32.81050408784789
            ],
            [
              -70.84454063083116,
              -32.81050521638527
            ],
            [
              -70.84453792785649,
              -32.81050521638527
            ],
            [
              -70.84453792785649,
              -32.81050634492266
            ],
            [
              -70.84453522488181,
              -32.81050634492266
            ],
            [
              -70.84453522488181,
              -32.81050747346004
            ],
            [
              -70.84453252190714,
              -32.81050747346004
            ],
            [
              -70.84453252190714,
              -32.81050860199743
            ],
            [
              -70.84452981893246,
              -32.81050860199743
            ],
            [
              -70.84452981893246,
              -32.81050973053481
            ],
            [
              -70.84452711595779,
              -32.81050973053481
            ],
            [
              -70.84452711595779,
              -32.810510859072195
            ],
            [
              -70.84452306149576,
              -32.810510859072195
            ],
            [
              -70.84452306149576,
              -32.81051198760959
            ],
            [
              -70.8445203585211,
              -32.81051198760959
            ],
            [
              -70.8445203585211,
              -32.81051311614697
            ],
            [
              -70.84451765554641,
              -32.81051311614697
            ],
            [
              -70.84451765554641,
              -32.810514244684356
            ],
            [
              -70.84451495257174,
              -32.810514244684356
            ],
            [
              -70.84451495257174,
              -32.81051537322174
            ],
            [
              -70.84451224959706,
              -32.81051537322174
            ],
            [
              -70.84451224959706,
              -32.810516501759125
            ],
            [
              -70.84450954662239,
              -32.810516501759125
            ],
            [
              -70.84450954662239,
              -32.81051763029651
            ],
            [
              -70.84450684364771,
              -32.81051763029651
            ],
            [
              -70.84450684364771,
              -32.810518758833894
            ],
            [
              -70.84450414067304,
              -32.810518758833894
            ],
            [
              -70.84450414067304,
              -32.810519887371285
            ],
            [
              -70.84450143769836,
              -32.810519887371285
            ],
            [
              -70.84450143769836,
              -32.81052101590867
            ],
            [
              -70.84449873472369,
              -32.81052101590867
            ],
            [
              -70.84449873472369,
              -32.810522144446054
            ],
            [
              -70.844496031749,
              -32.810522144446054
            ],
            [
              -70.844496031749,
              -32.81052327298344
            ],
            [
              -70.84449332877433,
              -32.81052327298344
            ],
            [
              -70.84449332877433,
              -32.81052440152082
            ],
            [
              -70.84449062579965,
              -32.81052440152082
            ],
            [
              -70.84449062579965,
              -32.81052553005821
            ],
            [
              -70.84448792282498,
              -32.81052553005821
            ],
            [
              -70.84448792282498,
              -32.8105266585956
            ],
            [
              -70.84448386836297,
              -32.8105266585956
            ],
            [
              -70.84448386836297,
              -32.81052778713298
            ],
            [
              -70.84448116538829,
              -32.81052778713298
            ],
            [
              -70.84448116538829,
              -32.81052891567037
            ],
            [
              -70.84447846241362,
              -32.81052891567037
            ],
            [
              -70.84447846241362,
              -32.81053004420775
            ],
            [
              -70.84447575943894,
              -32.81053004420775
            ],
            [
              -70.84447575943894,
              -32.81053117274514
            ],
            [
              -70.84447305646427,
              -32.81053117274514
            ],
            [
              -70.84447305646427,
              -32.81053230128252
            ],
            [
              -70.84447035348958,
              -32.81053230128252
            ],
            [
              -70.84447035348958,
              -32.810533429819905
            ],
            [
              -70.84446765051491,
              -32.810533429819905
            ],
            [
              -70.84446765051491,
              -32.8105345583573
            ],
            [
              -70.84446494754023,
              -32.8105345583573
            ],
            [
              -70.84446494754023,
              -32.81053568689468
            ],
            [
              -70.84446224456556,
              -32.81053568689468
            ],
            [
              -70.84446224456556,
              -32.810536815432066
            ],
            [
              -70.84445954159088,
              -32.810536815432066
            ],
            [
              -70.84445954159088,
              -32.81053794396945
            ],
            [
              -70.8444568386162,
              -32.81053794396945
            ],
            [
              -70.8444568386162,
              -32.810539072506835
            ],
            [
              -70.84445413564153,
              -32.810539072506835
            ],
            [
              -70.84445413564153,
              -32.81054020104422
            ],
            [
              -70.84445143266684,
              -32.81054020104422
            ],
            [
              -70.84445143266684,
              -32.8105413295816
            ],
            [
              -70.84444737820483,
              -32.8105413295816
            ],
            [
              -70.84444737820483,
              -32.810542458118995
            ],
            [
              -70.84444467523016,
              -32.810542458118995
            ],
            [
              -70.84444467523016,
              -32.81054358665638
            ],
            [
              -70.84444197225548,
              -32.81054358665638
            ],
            [
              -70.84444197225548,
              -32.810544715193764
            ],
            [
              -70.84443926928081,
              -32.810544715193764
            ],
            [
              -70.84443926928081,
              -32.81054584373115
            ],
            [
              -70.84443656630613,
              -32.81054584373115
            ],
            [
              -70.84443656630613,
              -32.81054697226853
            ],
            [
              -70.84443386333146,
              -32.81054697226853
            ],
            [
              -70.84443386333146,
              -32.81054810080592
            ],
            [
              -70.84443116035678,
              -32.81054810080592
            ],
            [
              -70.84443116035678,
              -32.8105492293433
            ],
            [
              -70.84442845738211,
              -32.8105492293433
            ],
            [
              -70.84442845738211,
              -32.81055035788069
            ],
            [
              -70.84442575440742,
              -32.81055035788069
            ],
            [
              -70.84442575440742,
              -32.81055148641808
            ],
            [
              -70.84442305143276,
              -32.81055148641808
            ],
            [
              -70.84442305143276,
              -32.81055261495546
            ],
            [
              -70.84442034845807,
              -32.81055261495546
            ],
            [
              -70.84442034845807,
              -32.81055374349285
            ],
            [
              -70.8444176454834,
              -32.81055374349285
            ],
            [
              -70.8444176454834,
              -32.81055487203023
            ],
            [
              -70.84441494250872,
              -32.81055487203023
            ],
            [
              -70.84441494250872,
              -32.810556000567615
            ],
            [
              -70.84441223953405,
              -32.810556000567615
            ],
            [
              -70.84441223953405,
              -32.810557129105
            ],
            [
              -70.84440818507203,
              -32.810557129105
            ],
            [
              -70.84440818507203,
              -32.81055825764239
            ],
            [
              -70.84440548209736,
              -32.81055825764239
            ],
            [
              -70.84440548209736,
              -32.810559386179776
            ],
            [
              -70.84440277912267,
              -32.810559386179776
            ],
            [
              -70.84440277912267,
              -32.81056051471716
            ],
            [
              -70.844400076148,
              -32.81056051471716
            ],
            [
              -70.844400076148,
              -32.810561643254545
            ],
            [
              -70.84439737317332,
              -32.810561643254545
            ],
            [
              -70.84439737317332,
              -32.81056277179193
            ],
            [
              -70.84439467019865,
              -32.81056277179193
            ],
            [
              -70.84439467019865,
              -32.81056390032931
            ],
            [
              -70.84439196722397,
              -32.81056390032931
            ],
            [
              -70.84439196722397,
              -32.8105650288667
            ],
            [
              -70.8443892642493,
              -32.8105650288667
            ],
            [
              -70.8443892642493,
              -32.81056615740409
            ],
            [
              -70.84438656127462,
              -32.81056615740409
            ],
            [
              -70.84438656127462,
              -32.810567285941474
            ],
            [
              -70.84438385829995,
              -32.810567285941474
            ],
            [
              -70.84438385829995,
              -32.81056841447886
            ],
            [
              -70.84438115532527,
              -32.81056841447886
            ],
            [
              -70.84438115532527,
              -32.81056954301624
            ],
            [
              -70.8443784523506,
              -32.81056954301624
            ],
            [
              -70.8443784523506,
              -32.81057067155363
            ],
            [
              -70.84437574937591,
              -32.81057067155363
            ],
            [
              -70.84437574937591,
              -32.81057180009101
            ],
            [
              -70.84437304640124,
              -32.81057180009101
            ],
            [
              -70.84437304640124,
              -32.810572928628396
            ],
            [
              -70.84436899193923,
              -32.810572928628396
            ],
            [
              -70.84436899193923,
              -32.81057405716579
            ],
            [
              -70.84436628896455,
              -32.81057405716579
            ],
            [
              -70.84436628896455,
              -32.81057518570317
            ],
            [
              -70.84436358598988,
              -32.81057518570317
            ],
            [
              -70.84436358598988,
              -32.810576314240556
            ],
            [
              -70.8443608830152,
              -32.810576314240556
            ],
            [
              -70.8443608830152,
              -32.81057744277794
            ],
            [
              -70.84435818004053,
              -32.81057744277794
            ],
            [
              -70.84435818004053,
              -32.810578571315325
            ],
            [
              -70.84435547706585,
              -32.810578571315325
            ],
            [
              -70.84435547706585,
              -32.81057969985271
            ],
            [
              -70.84435277409118,
              -32.81057969985271
            ],
            [
              -70.84435277409118,
              -32.810580828390094
            ],
            [
              -70.8443500711165,
              -32.810580828390094
            ],
            [
              -70.8443500711165,
              -32.810581956927486
            ],
            [
              -70.84434736814183,
              -32.810581956927486
            ],
            [
              -70.84434736814183,
              -32.81058308546487
            ],
            [
              -70.84434466516714,
              -32.81058308546487
            ],
            [
              -70.84434466516714,
              -32.810584214002255
            ],
            [
              -70.84434196219247,
              -32.810584214002255
            ],
            [
              -70.84434196219247,
              -32.81058534253964
            ],
            [
              -70.84433925921779,
              -32.81058534253964
            ],
            [
              -70.84433925921779,
              -32.81058647107702
            ],
            [
              -70.84433655624312,
              -32.81058647107702
            ],
            [
              -70.84433655624312,
              -32.81058759961441
            ],
            [
              -70.8443325017811,
              -32.81058759961441
            ],
            [
              -70.8443325017811,
              -32.81058872815179
            ],
            [
              -70.84432979880643,
              -32.81058872815179
            ],
            [
              -70.84432979880643,
              -32.810589856689184
            ],
            [
              -70.84432709583174,
              -32.810589856689184
            ],
            [
              -70.84432709583174,
              -32.81059098522657
            ],
            [
              -70.84432439285708,
              -32.81059098522657
            ],
            [
              -70.84432439285708,
              -32.81059211376395
            ],
            [
              -70.84432168988239,
              -32.81059211376395
            ],
            [
              -70.84432168988239,
              -32.81059324230134
            ],
            [
              -70.84431898690772,
              -32.81059324230134
            ],
            [
              -70.84431898690772,
              -32.81059437083872
            ],
            [
              -70.84431628393304,
              -32.81059437083872
            ],
            [
              -70.84431628393304,
              -32.810595499376106
            ],
            [
              -70.84431358095837,
              -32.810595499376106
            ],
            [
              -70.84431358095837,
              -32.81059662791349
            ],
            [
              -70.84431087798369,
              -32.81059662791349
            ],
            [
              -70.84431087798369,
              -32.81059775645088
            ],
            [
              -70.84430817500902,
              -32.81059775645088
            ],
            [
              -70.84430817500902,
              -32.810598884988266
            ],
            [
              -70.84430547203434,
              -32.810598884988266
            ],
            [
              -70.84430547203434,
              -32.81060001352565
            ],
            [
              -70.84430276905967,
              -32.81060001352565
            ],
            [
              -70.84430276905967,
              -32.810601142063035
            ],
            [
              -70.84430006608498,
              -32.810601142063035
            ],
            [
              -70.84430006608498,
              -32.81060227060042
            ],
            [
              -70.84429736311031,
              -32.81060227060042
            ],
            [
              -70.84429736311031,
              -32.810603399137804
            ],
            [
              -70.8442933086483,
              -32.810603399137804
            ],
            [
              -70.8442933086483,
              -32.81060452767519
            ],
            [
              -70.84429060567362,
              -32.81060452767519
            ],
            [
              -70.84429060567362,
              -32.81060565621258
            ],
            [
              -70.84428790269895,
              -32.81060565621258
            ],
            [
              -70.84428790269895,
              -32.810606784749965
            ],
            [
              -70.84428519972427,
              -32.810606784749965
            ],
            [
              -70.84428519972427,
              -32.81060791328735
            ],
            [
              -70.8442824967496,
              -32.81060791328735
            ],
            [
              -70.8442824967496,
              -32.81060904182473
            ],
            [
              -70.84427979377492,
              -32.81060904182473
            ],
            [
              -70.84427979377492,
              -32.81061017036212
            ],
            [
              -70.84427709080025,
              -32.81061017036212
            ],
            [
              -70.84427709080025,
              -32.8106112988995
            ],
            [
              -70.84427438782556,
              -32.8106112988995
            ],
            [
              -70.84427438782556,
              -32.81061242743689
            ],
            [
              -70.8442716848509,
              -32.81061242743689
            ],
            [
              -70.8442716848509,
              -32.81061355597428
            ],
            [
              -70.84426898187621,
              -32.81061355597428
            ],
            [
              -70.84426898187621,
              -32.81061468451166
            ],
            [
              -70.84426627890154,
              -32.81061468451166
            ],
            [
              -70.84426627890154,
              -32.81061581304905
            ],
            [
              -70.84426357592686,
              -32.81061581304905
            ],
            [
              -70.84426357592686,
              -32.81061694158643
            ],
            [
              -70.84426087295219,
              -32.81061694158643
            ],
            [
              -70.84426087295219,
              -32.810618070123816
            ],
            [
              -70.84425816997751,
              -32.810618070123816
            ],
            [
              -70.84425816997751,
              -32.8106191986612
            ],
            [
              -70.8442541155155,
              -32.8106191986612
            ],
            [
              -70.8442541155155,
              -32.81062032719859
            ],
            [
              -70.84425141254081,
              -32.81062032719859
            ],
            [
              -70.84425141254081,
              -32.810621455735976
            ],
            [
              -70.84424870956614,
              -32.810621455735976
            ],
            [
              -70.84424870956614,
              -32.81062258427336
            ],
            [
              -70.84424600659146,
              -32.81062258427336
            ],
            [
              -70.84424600659146,
              -32.810623712810745
            ],
            [
              -70.84424330361679,
              -32.810623712810745
            ],
            [
              -70.84424330361679,
              -32.81062484134813
            ],
            [
              -70.84424060064211,
              -32.81062484134813
            ],
            [
              -70.84424060064211,
              -32.810625969885514
            ],
            [
              -70.84423789766744,
              -32.810625969885514
            ],
            [
              -70.84423789766744,
              -32.8106270984229
            ],
            [
              -70.84423519469276,
              -32.8106270984229
            ],
            [
              -70.84423519469276,
              -32.81062822696029
            ],
            [
              -70.84423249171809,
              -32.81062822696029
            ],
            [
              -70.84423249171809,
              -32.810629355497674
            ],
            [
              -70.8442297887434,
              -32.810629355497674
            ],
            [
              -70.8442297887434,
              -32.81063048403506
            ],
            [
              -70.84422708576874,
              -32.81063048403506
            ],
            [
              -70.84422708576874,
              -32.81063161257244
            ],
            [
              -70.84422438279405,
              -32.81063161257244
            ],
            [
              -70.84422438279405,
              -32.81063274110983
            ],
            [
              -70.84422167981938,
              -32.81063274110983
            ],
            [
              -70.84422167981938,
              -32.81063386964721
            ],
            [
              -70.84421762535737,
              -32.81063386964721
            ],
            [
              -70.84421762535737,
              -32.8106349981846
            ],
            [
              -70.84421492238269,
              -32.8106349981846
            ],
            [
              -70.84421492238269,
              -32.81063612672199
            ],
            [
              -70.84421221940802,
              -32.81063612672199
            ],
            [
              -70.84421221940802,
              -32.81063725525937
            ],
            [
              -70.84420951643334,
              -32.81063725525937
            ],
            [
              -70.84420951643334,
              -32.81063838379676
            ],
            [
              -70.84420681345867,
              -32.81063838379676
            ],
            [
              -70.84420681345867,
              -32.81063951233414
            ],
            [
              -70.84420411048399,
              -32.81063951233414
            ],
            [
              -70.84420411048399,
              -32.810640640871526
            ],
            [
              -70.84420140750932,
              -32.810640640871526
            ],
            [
              -70.84420140750932,
              -32.81064176940891
            ],
            [
              -70.84419870453463,
              -32.81064176940891
            ],
            [
              -70.84419870453463,
              -32.810642897946295
            ],
            [
              -70.84419600155996,
              -32.810642897946295
            ],
            [
              -70.84419600155996,
              -32.810644026483686
            ],
            [
              -70.84419329858528,
              -32.810644026483686
            ],
            [
              -70.84419329858528,
              -32.81064515502107
            ],
            [
              -70.84419059561061,
              -32.81064515502107
            ],
            [
              -70.84419059561061,
              -32.810646283558455
            ],
            [
              -70.84418789263593,
              -32.810646283558455
            ],
            [
              -70.84418789263593,
              -32.81064741209584
            ],
            [
              -70.84418518966126,
              -32.81064741209584
            ],
            [
              -70.84418518966126,
              -32.810648540633224
            ],
            [
              -70.84418248668658,
              -32.810648540633224
            ],
            [
              -70.84418248668658,
              -32.81064966917061
            ],
            [
              -70.84417843222457,
              -32.81064966917061
            ],
            [
              -70.84417843222457,
              -32.81065079770799
            ],
            [
              -70.84417572924988,
              -32.81065079770799
            ],
            [
              -70.84417572924988,
              -32.810651926245384
            ],
            [
              -70.84417302627521,
              -32.810651926245384
            ],
            [
              -70.84417302627521,
              -32.81065305478277
            ],
            [
              -70.84417032330053,
              -32.81065305478277
            ],
            [
              -70.84417032330053,
              -32.81065418332015
            ],
            [
              -70.84416762032586,
              -32.81065418332015
            ],
            [
              -70.84416762032586,
              -32.81065531185754
            ],
            [
              -70.84416491735118,
              -32.81065531185754
            ],
            [
              -70.84416491735118,
              -32.81065644039492
            ],
            [
              -70.84416221437651,
              -32.81065644039492
            ],
            [
              -70.84416221437651,
              -32.81065756893231
            ],
            [
              -70.84415951140183,
              -32.81065756893231
            ],
            [
              -70.84415951140183,
              -32.81065869746969
            ],
            [
              -70.84415680842716,
              -32.81065869746969
            ],
            [
              -70.84415680842716,
              -32.81065982600708
            ],
            [
              -70.84415410545247,
              -32.81065982600708
            ],
            [
              -70.84415410545247,
              -32.81066095454447
            ],
            [
              -70.8441514024778,
              -32.81066095454447
            ],
            [
              -70.8441514024778,
              -32.81066208308185
            ],
            [
              -70.84414869950312,
              -32.81066208308185
            ],
            [
              -70.84414869950312,
              -32.810663211619236
            ],
            [
              -70.84414599652845,
              -32.810663211619236
            ],
            [
              -70.84414599652845,
              -32.81066434015662
            ],
            [
              -70.84414194206643,
              -32.81066434015662
            ],
            [
              -70.84414194206643,
              -32.810665468694005
            ],
            [
              -70.84413923909176,
              -32.810665468694005
            ],
            [
              -70.84413923909176,
              -32.81066659723139
            ],
            [
              -70.84413653611708,
              -32.81066659723139
            ],
            [
              -70.84413653611708,
              -32.81066772576878
            ],
            [
              -70.84413383314241,
              -32.81066772576878
            ],
            [
              -70.84413383314241,
              -32.810668854306165
            ],
            [
              -70.84413113016772,
              -32.810668854306165
            ],
            [
              -70.84413113016772,
              -32.81066998284355
            ],
            [
              -70.84412842719306,
              -32.81066998284355
            ],
            [
              -70.84412842719306,
              -32.810671111380934
            ],
            [
              -70.84412572421837,
              -32.810671111380934
            ],
            [
              -70.84412572421837,
              -32.81067223991832
            ],
            [
              -70.8441230212437,
              -32.81067223991832
            ],
            [
              -70.8441230212437,
              -32.8106733684557
            ],
            [
              -70.84412031826902,
              -32.8106733684557
            ],
            [
              -70.84412031826902,
              -32.81067449699309
            ],
            [
              -70.84411761529435,
              -32.81067449699309
            ],
            [
              -70.84411761529435,
              -32.81067562553048
            ],
            [
              -70.84411491231967,
              -32.81067562553048
            ],
            [
              -70.84411491231967,
              -32.81067675406786
            ],
            [
              -70.844112209345,
              -32.81067675406786
            ],
            [
              -70.844112209345,
              -32.81067788260525
            ],
            [
              -70.84410950637032,
              -32.81067788260525
            ],
            [
              -70.84410950637032,
              -32.81067901114263
            ],
            [
              -70.84410680339565,
              -32.81067901114263
            ],
            [
              -70.84410680339565,
              -32.81068013968002
            ],
            [
              -70.84410274893364,
              -32.81068013968002
            ],
            [
              -70.84410274893364,
              -32.8106812682174
            ],
            [
              -70.84410004595895,
              -32.8106812682174
            ],
            [
              -70.84410004595895,
              -32.810682396754785
            ],
            [
              -70.84409734298428,
              -32.810682396754785
            ],
            [
              -70.84409734298428,
              -32.81068352529218
            ],
            [
              -70.8440946400096,
              -32.81068352529218
            ],
            [
              -70.8440946400096,
              -32.81068465382956
            ],
            [
              -70.84409193703493,
              -32.81068465382956
            ],
            [
              -70.84409193703493,
              -32.810685782366946
            ],
            [
              -70.84408923406025,
              -32.810685782366946
            ],
            [
              -70.84408923406025,
              -32.81068691090433
            ],
            [
              -70.84408653108558,
              -32.81068691090433
            ],
            [
              -70.84408653108558,
              -32.810688039441715
            ],
            [
              -70.8440838281109,
              -32.810688039441715
            ],
            [
              -70.8440838281109,
              -32.8106891679791
            ],
            [
              -70.84408112513623,
              -32.8106891679791
            ],
            [
              -70.84408112513623,
              -32.81069029651648
            ],
            [
              -70.84407842216154,
              -32.81069029651648
            ],
            [
              -70.84407842216154,
              -32.810691425053875
            ],
            [
              -70.84407571918688,
              -32.810691425053875
            ],
            [
              -70.84407571918688,
              -32.81069255359126
            ],
            [
              -70.84407301621219,
              -32.81069255359126
            ],
            [
              -70.84407301621219,
              -32.810693682128644
            ],
            [
              -70.84407031323752,
              -32.810693682128644
            ],
            [
              -70.84407031323752,
              -32.81069481066603
            ],
            [
              -70.84406761026284,
              -32.81069481066603
            ],
            [
              -70.84406761026284,
              -32.81069593920341
            ],
            [
              -70.84406355580083,
              -32.81069593920341
            ],
            [
              -70.84406355580083,
              -32.8106970677408
            ],
            [
              -70.84406085282615,
              -32.8106970677408
            ],
            [
              -70.84406085282615,
              -32.81069819627818
            ],
            [
              -70.84405814985148,
              -32.81069819627818
            ],
            [
              -70.84405814985148,
              -32.81069932481557
            ],
            [
              -70.8440554468768,
              -32.81069932481557
            ],
            [
              -70.8440554468768,
              -32.81070045335296
            ],
            [
              -70.84405274390213,
              -32.81070045335296
            ],
            [
              -70.84405274390213,
              -32.81070158189034
            ],
            [
              -70.84405004092744,
              -32.81070158189034
            ],
            [
              -70.84405004092744,
              -32.81070271042773
            ],
            [
              -70.84404733795277,
              -32.81070271042773
            ],
            [
              -70.84404733795277,
              -32.81070383896511
            ],
            [
              -70.84404463497809,
              -32.81070383896511
            ],
            [
              -70.84404463497809,
              -32.810704967502495
            ],
            [
              -70.84404193200342,
              -32.810704967502495
            ],
            [
              -70.84404193200342,
              -32.81070609603988
            ],
            [
              -70.84403922902874,
              -32.81070609603988
            ],
            [
              -70.84403922902874,
              -32.81070722457727
            ],
            [
              -70.84403652605407,
              -32.81070722457727
            ],
            [
              -70.84403652605407,
              -32.810708353114656
            ],
            [
              -70.84403382307939,
              -32.810708353114656
            ],
            [
              -70.84403382307939,
              -32.81070948165204
            ],
            [
              -70.84403112010472,
              -32.81070948165204
            ],
            [
              -70.84403112010472,
              -32.810710610189425
            ],
            [
              -70.8440270656427,
              -32.810710610189425
            ],
            [
              -70.8440270656427,
              -32.81071173872681
            ],
            [
              -70.84402436266802,
              -32.81071173872681
            ],
            [
              -70.84402436266802,
              -32.81071286726419
            ],
            [
              -70.84402165969335,
              -32.81071286726419
            ],
            [
              -70.84402165969335,
              -32.81071399580158
            ],
            [
              -70.84401895671867,
              -32.81071399580158
            ],
            [
              -70.84401895671867,
              -32.81071512433897
            ],
            [
              -70.844016253744,
              -32.81071512433897
            ],
            [
              -70.844016253744,
              -32.810716252876354
            ],
            [
              -70.84401355076932,
              -32.810716252876354
            ],
            [
              -70.84401355076932,
              -32.81071738141374
            ],
            [
              -70.84401084779465,
              -32.81071738141374
            ],
            [
              -70.84401084779465,
              -32.81071850995112
            ],
            [
              -70.84400814481997,
              -32.81071850995112
            ],
            [
              -70.84400814481997,
              -32.81071963848851
            ],
            [
              -70.8440054418453,
              -32.81071963848851
            ],
            [
              -70.8440054418453,
              -32.81072076702589
            ],
            [
              -70.84400273887061,
              -32.81072076702589
            ],
            [
              -70.84400273887061,
              -32.81072189556328
            ],
            [
              -70.84400003589595,
              -32.81072189556328
            ],
            [
              -70.84400003589595,
              -32.81072302410067
            ],
            [
              -70.84399733292126,
              -32.81072302410067
            ],
            [
              -70.84399733292126,
              -32.81072415263805
            ],
            [
              -70.8439946299466,
              -32.81072415263805
            ],
            [
              -70.8439946299466,
              -32.810725281175436
            ],
            [
              -70.84399192697191,
              -32.810725281175436
            ],
            [
              -70.84399192697191,
              -32.81072640971282
            ],
            [
              -70.8439878725099,
              -32.81072640971282
            ],
            [
              -70.8439878725099,
              -32.810727538250205
            ],
            [
              -70.84398516953522,
              -32.810727538250205
            ],
            [
              -70.84398516953522,
              -32.81072866678759
            ],
            [
              -70.84398246656055,
              -32.81072866678759
            ],
            [
              -70.84398246656055,
              -32.81072979532498
            ],
            [
              -70.84397976358586,
              -32.81072979532498
            ],
            [
              -70.84397976358586,
              -32.810730923862366
            ],
            [
              -70.8439770606112,
              -32.810730923862366
            ],
            [
              -70.8439770606112,
              -32.81073205239975
            ],
            [
              -70.84397435763651,
              -32.81073205239975
            ],
            [
              -70.84397435763651,
              -32.810733180937135
            ],
            [
              -70.84397165466184,
              -32.810733180937135
            ],
            [
              -70.84397165466184,
              -32.81073430947452
            ],
            [
              -70.84396895168716,
              -32.81073430947452
            ],
            [
              -70.84396895168716,
              -32.8107354380119
            ],
            [
              -70.84396624871249,
              -32.8107354380119
            ],
            [
              -70.84396624871249,
              -32.81073656654929
            ],
            [
              -70.84394597640242,
              -32.81073656654929
            ],
            [
              -70.84394597640242,
              -32.81073769508668
            ],
            [
              -70.84392435260501,
              -32.81073769508668
            ],
            [
              -70.84392435260501,
              -32.810738823624064
            ],
            [
              -70.8439027288076,
              -32.810738823624064
            ],
            [
              -70.8439027288076,
              -32.81073995216145
            ],
            [
              -70.84387975352286,
              -32.81073995216145
            ],
            [
              -70.84387975352286,
              -32.81074108069883
            ],
            [
              -70.84385812972545,
              -32.81074108069883
            ],
            [
              -70.84385812972545,
              -32.81074220923622
            ],
            [
              -70.84383650592804,
              -32.81074220923622
            ],
            [
              -70.84383650592804,
              -32.8107433377736
            ],
            [
              -70.84381488213063,
              -32.8107433377736
            ],
            [
              -70.84381488213063,
              -32.810744466310986
            ],
            [
              -70.84379190684588,
              -32.810744466310986
            ],
            [
              -70.84379190684588,
              -32.81074559484838
            ],
            [
              -70.84377028304847,
              -32.81074559484838
            ],
            [
              -70.84377028304847,
              -32.81074672338576
            ],
            [
              -70.84374865925106,
              -32.81074672338576
            ],
            [
              -70.84374865925106,
              -32.810747851923146
            ],
            [
              -70.84372568396631,
              -32.810747851923146
            ],
            [
              -70.84372568396631,
              -32.81074898046053
            ],
            [
              -70.8437040601689,
              -32.81074898046053
            ],
            [
              -70.8437040601689,
              -32.810750108997915
            ],
            [
              -70.8436824363715,
              -32.810750108997915
            ],
            [
              -70.8436824363715,
              -32.8107512375353
            ],
            [
              -70.84366081257409,
              -32.8107512375353
            ],
            [
              -70.84366081257409,
              -32.810752366072684
            ],
            [
              -70.84363783728934,
              -32.810752366072684
            ],
            [
              -70.84363783728934,
              -32.810753494610076
            ],
            [
              -70.84360945605525,
              -32.810753494610076
            ],
            [
              -70.84360945605525,
              -32.81075462314746
            ],
            [
              -70.84357837184646,
              -32.81075462314746
            ],
            [
              -70.84357837184646,
              -32.810755751684844
            ],
            [
              -70.84354728763769,
              -32.810755751684844
            ],
            [
              -70.84354728763769,
              -32.81075688022223
            ],
            [
              -70.84351620342892,
              -32.81075688022223
            ],
            [
              -70.84351620342892,
              -32.81075800875961
            ],
            [
              -70.84348511922013,
              -32.81075800875961
            ],
            [
              -70.84348511922013,
              -32.810759137297
            ],
            [
              -70.84345268352402,
              -32.810759137297
            ],
            [
              -70.84345268352402,
              -32.81076026583438
            ],
            [
              -70.84342159931525,
              -32.81076026583438
            ],
            [
              -70.84342159931525,
              -32.810761394371774
            ],
            [
              -70.8434094359292,
              -32.810761394371774
            ],
            [
              -70.8434094359292,
              -32.810755751684844
            ],
            [
              -70.84341078741654,
              -32.810755751684844
            ],
            [
              -70.84341078741654,
              -32.81074898046053
            ],
            [
              -70.84341213890389,
              -32.81074898046053
            ],
            [
              -70.84341213890389,
              -32.8107433377736
            ],
            [
              -70.84341349039123,
              -32.8107433377736
            ],
            [
              -70.84341349039123,
              -32.81073769508668
            ],
            [
              -70.84341484187856,
              -32.81073769508668
            ],
            [
              -70.84341484187856,
              -32.81073205239975
            ],
            [
              -70.8434161933659,
              -32.81073205239975
            ],
            [
              -70.8434161933659,
              -32.81072640971282
            ],
            [
              -70.84341754485324,
              -32.81072640971282
            ],
            [
              -70.84341754485324,
              -32.81071963848851
            ],
            [
              -70.84341889634058,
              -32.81071963848851
            ],
            [
              -70.84341889634058,
              -32.81071399580158
            ],
            [
              -70.84342024782791,
              -32.81071399580158
            ],
            [
              -70.84342024782791,
              -32.810708353114656
            ],
            [
              -70.84342159931525,
              -32.810708353114656
            ],
            [
              -70.84342159931525,
              -32.81070271042773
            ],
            [
              -70.84342295080259,
              -32.81070271042773
            ],
            [
              -70.84342295080259,
              -32.8106970677408
            ],
            [
              -70.84342430228993,
              -32.8106970677408
            ],
            [
              -70.84342430228993,
              -32.81069029651648
            ],
            [
              -70.84342565377726,
              -32.81069029651648
            ],
            [
              -70.84342565377726,
              -32.81068465382956
            ],
            [
              -70.8434270052646,
              -32.81068465382956
            ],
            [
              -70.8434270052646,
              -32.81067901114263
            ],
            [
              -70.84342835675194,
              -32.81067901114263
            ],
            [
              -70.84342835675194,
              -32.8106733684557
            ],
            [
              -70.84342970823928,
              -32.8106733684557
            ],
            [
              -70.84342970823928,
              -32.81066772576878
            ],
            [
              -70.84343105972661,
              -32.81066772576878
            ],
            [
              -70.84343105972661,
              -32.81066095454447
            ],
            [
              -70.84343241121395,
              -32.81066095454447
            ],
            [
              -70.84343241121395,
              -32.81065531185754
            ],
            [
              -70.8434337627013,
              -32.81065531185754
            ],
            [
              -70.8434337627013,
              -32.81064966917061
            ],
            [
              -70.84343511418864,
              -32.81064966917061
            ],
            [
              -70.84343511418864,
              -32.810644026483686
            ],
            [
              -70.84343646567596,
              -32.810644026483686
            ],
            [
              -70.84343646567596,
              -32.81063838379676
            ],
            [
              -70.8434378171633,
              -32.81063838379676
            ],
            [
              -70.8434378171633,
              -32.81063161257244
            ],
            [
              -70.84343916865065,
              -32.81063161257244
            ],
            [
              -70.84343916865065,
              -32.810625969885514
            ],
            [
              -70.84344052013799,
              -32.810625969885514
            ],
            [
              -70.84344052013799,
              -32.81062032719859
            ],
            [
              -70.84344187162532,
              -32.81062032719859
            ],
            [
              -70.84344187162532,
              -32.81061468451166
            ],
            [
              -70.84344322311266,
              -32.81061468451166
            ],
            [
              -70.84344322311266,
              -32.81060904182473
            ],
            [
              -70.8434445746,
              -32.81060904182473
            ],
            [
              -70.8434445746,
              -32.81060227060042
            ],
            [
              -70.84344592608734,
              -32.81060227060042
            ],
            [
              -70.84344592608734,
              -32.81059662791349
            ],
            [
              -70.84344727757467,
              -32.81059662791349
            ],
            [
              -70.84344727757467,
              -32.81059098522657
            ],
            [
              -70.84344862906201,
              -32.81059098522657
            ],
            [
              -70.84344862906201,
              -32.81058534253964
            ],
            [
              -70.84344998054935,
              -32.81058534253964
            ],
            [
              -70.84344998054935,
              -32.81057969985271
            ],
            [
              -70.8434513320367,
              -32.81057969985271
            ],
            [
              -70.8434513320367,
              -32.810572928628396
            ],
            [
              -70.84345268352402,
              -32.810572928628396
            ],
            [
              -70.84345268352402,
              -32.810567285941474
            ],
            [
              -70.84345403501136,
              -32.810567285941474
            ],
            [
              -70.84345403501136,
              -32.810561643254545
            ],
            [
              -70.8434553864987,
              -32.810561643254545
            ],
            [
              -70.8434553864987,
              -32.810556000567615
            ],
            [
              -70.84345673798605,
              -32.810556000567615
            ],
            [
              -70.84345673798605,
              -32.81055035788069
            ],
            [
              -70.84345808947337,
              -32.81055035788069
            ],
            [
              -70.84345808947337,
              -32.81054358665638
            ],
            [
              -70.84345944096071,
              -32.81054358665638
            ],
            [
              -70.84345944096071,
              -32.81053794396945
            ],
            [
              -70.84346079244806,
              -32.81053794396945
            ],
            [
              -70.84346079244806,
              -32.81053230128252
            ],
            [
              -70.8434621439354,
              -32.81053230128252
            ],
            [
              -70.8434621439354,
              -32.8105266585956
            ],
            [
              -70.84346349542272,
              -32.8105266585956
            ],
            [
              -70.84346349542272,
              -32.81052101590867
            ],
            [
              -70.84346484691007,
              -32.81052101590867
            ],
            [
              -70.84346484691007,
              -32.810514244684356
            ],
            [
              -70.84346619839741,
              -32.810514244684356
            ],
            [
              -70.84346619839741,
              -32.81050860199743
            ],
            [
              -70.84346754988475,
              -32.81050860199743
            ],
            [
              -70.84346754988475,
              -32.8105029593105
            ],
            [
              -70.84346890137208,
              -32.8105029593105
            ],
            [
              -70.84346890137208,
              -32.810497316623575
            ],
            [
              -70.84347025285942,
              -32.810497316623575
            ],
            [
              -70.84347025285942,
              -32.810491673936646
            ],
            [
              -70.84347160434676,
              -32.810491673936646
            ],
            [
              -70.84347160434676,
              -32.81048490271233
            ],
            [
              -70.8434729558341,
              -32.81048490271233
            ],
            [
              -70.8434729558341,
              -32.8104792600254
            ],
            [
              -70.84347430732143,
              -32.8104792600254
            ],
            [
              -70.84347430732143,
              -32.81047361733848
            ],
            [
              -70.84347565880877,
              -32.81047361733848
            ],
            [
              -70.84347565880877,
              -32.81046797465155
            ],
            [
              -70.84347701029611,
              -32.81046797465155
            ],
            [
              -70.84347701029611,
              -32.81046233196462
            ],
            [
              -70.84347836178345,
              -32.81046233196462
            ],
            [
              -70.84347836178345,
              -32.81045556074031
            ],
            [
              -70.84347971327078,
              -32.81045556074031
            ],
            [
              -70.84347971327078,
              -32.810449918053386
            ],
            [
              -70.84348106475812,
              -32.810449918053386
            ],
            [
              -70.84348106475812,
              -32.81044427536646
            ],
            [
              -70.84348241624546,
              -32.81044427536646
            ],
            [
              -70.84348241624546,
              -32.81043863267953
            ],
            [
              -70.8434837677328,
              -32.81043863267953
            ],
            [
              -70.8434837677328,
              -32.810432989992606
            ],
            [
              -70.84348511922013,
              -32.810432989992606
            ],
            [
              -70.84348511922013,
              -32.81042621876829
            ],
            [
              -70.84348647070748,
              -32.81042621876829
            ],
            [
              -70.84348647070748,
              -32.81042057608136
            ],
            [
              -70.84348782219482,
              -32.81042057608136
            ],
            [
              -70.84348782219482,
              -32.81041493339443
            ],
            [
              -70.84348917368216,
              -32.81041493339443
            ],
            [
              -70.84348917368216,
              -32.810409290707504
            ],
            [
              -70.84349052516949,
              -32.810409290707504
            ],
            [
              -70.84349052516949,
              -32.81040364802058
            ],
            [
              -70.84349187665683,
              -32.81040364802058
            ],
            [
              -70.84349187665683,
              -32.81039687679627
            ],
            [
              -70.84349322814417,
              -32.81039687679627
            ],
            [
              -70.84349322814417,
              -32.81039123410934
            ],
            [
              -70.84349457963151,
              -32.81039123410934
            ],
            [
              -70.84349457963151,
              -32.81038559142241
            ],
            [
              -70.84349593111884,
              -32.81038559142241
            ],
            [
              -70.84349593111884,
              -32.81037994873549
            ],
            [
              -70.84349728260618,
              -32.81037994873549
            ],
            [
              -70.84349728260618,
              -32.81037430604856
            ],
            [
              -70.84349863409352,
              -32.81037430604856
            ],
            [
              -70.84349863409352,
              -32.810367534824245
            ],
            [
              -70.84349998558086,
              -32.810367534824245
            ],
            [
              -70.84349998558086,
              -32.810361892137315
            ],
            [
              -70.84350133706819,
              -32.810361892137315
            ],
            [
              -70.84350133706819,
              -32.81035624945039
            ],
            [
              -70.84350268855553,
              -32.81035624945039
            ],
            [
              -70.84350268855553,
              -32.810350606763464
            ],
            [
              -70.84350404004287,
              -32.810350606763464
            ],
            [
              -70.84350404004287,
              -32.810344964076535
            ],
            [
              -70.84350539153021,
              -32.810344964076535
            ],
            [
              -70.84350539153021,
              -32.81033819285222
            ],
            [
              -70.84350674301754,
              -32.81033819285222
            ],
            [
              -70.84350674301754,
              -32.8103325501653
            ],
            [
              -70.84350809450488,
              -32.8103325501653
            ],
            [
              -70.84350809450488,
              -32.81032690747837
            ],
            [
              -70.84350944599223,
              -32.81032690747837
            ],
            [
              -70.84350944599223,
              -32.81032126479144
            ],
            [
              -70.84351079747957,
              -32.81032126479144
            ],
            [
              -70.84351079747957,
              -32.81031562210451
            ],
            [
              -70.8435121489669,
              -32.81031562210451
            ],
            [
              -70.8435121489669,
              -32.810308850880205
            ],
            [
              -70.84351350045424,
              -32.810308850880205
            ],
            [
              -70.84351350045424,
              -32.810303208193275
            ],
            [
              -70.84351485194158,
              -32.810303208193275
            ],
            [
              -70.84351485194158,
              -32.810297565506346
            ],
            [
              -70.84351620342892,
              -32.810297565506346
            ],
            [
              -70.84351620342892,
              -32.81029192281942
            ],
            [
              -70.84351755491625,
              -32.81029192281942
            ],
            [
              -70.84351755491625,
              -32.810286280132495
            ],
            [
              -70.84351890640359,
              -32.810286280132495
            ],
            [
              -70.84351890640359,
              -32.81027950890818
            ],
            [
              -70.84352025789093,
              -32.81027950890818
            ],
            [
              -70.84352025789093,
              -32.81027386622125
            ],
            [
              -70.84352160937827,
              -32.81027386622125
            ],
            [
              -70.84352160937827,
              -32.81026822353432
            ],
            [
              -70.8435229608656,
              -32.81026822353432
            ],
            [
              -70.8435229608656,
              -32.8102625808474
            ],
            [
              -70.84352431235294,
              -32.8102625808474
            ],
            [
              -70.84352431235294,
              -32.81025693816047
            ],
            [
              -70.84352566384028,
              -32.81025693816047
            ],
            [
              -70.84352566384028,
              -32.81025016693616
            ],
            [
              -70.84352701532762,
              -32.81025016693616
            ],
            [
              -70.84352701532762,
              -32.81024452424923
            ],
            [
              -70.84352836681495,
              -32.81024452424923
            ],
            [
              -70.84352836681495,
              -32.810238881562306
            ],
            [
              -70.84352971830229,
              -32.810238881562306
            ],
            [
              -70.84352971830229,
              -32.81023323887538
            ],
            [
              -70.84353106978963,
              -32.81023323887538
            ],
            [
              -70.84353106978963,
              -32.81022646765106
            ],
            [
              -70.84353242127698,
              -32.81022646765106
            ],
            [
              -70.84353242127698,
              -32.810220824964134
            ],
            [
              -70.8435337727643,
              -32.810220824964134
            ],
            [
              -70.8435337727643,
              -32.81021518227721
            ],
            [
              -70.84353512425164,
              -32.81021518227721
            ],
            [
              -70.84353512425164,
              -32.81020953959028
            ],
            [
              -70.84353647573899,
              -32.81020953959028
            ],
            [
              -70.84353647573899,
              -32.81020389690335
            ],
            [
              -70.84353782722633,
              -32.81020389690335
            ],
            [
              -70.84353782722633,
              -32.81019712567904
            ],
            [
              -70.84353917871366,
              -32.81019712567904
            ],
            [
              -70.84353917871366,
              -32.81019148299212
            ],
            [
              -70.843540530201,
              -32.81019148299212
            ],
            [
              -70.843540530201,
              -32.81018584030519
            ],
            [
              -70.84354188168834,
              -32.81018584030519
            ],
            [
              -70.84354188168834,
              -32.81018019761826
            ],
            [
              -70.84354323317568,
              -32.81018019761826
            ],
            [
              -70.84354323317568,
              -32.81017455493133
            ],
            [
              -70.84354458466301,
              -32.81017455493133
            ],
            [
              -70.84354458466301,
              -32.81016778370702
            ],
            [
              -70.84354593615035,
              -32.81016778370702
            ],
            [
              -70.84354593615035,
              -32.81016214102009
            ],
            [
              -70.84354728763769,
              -32.81016214102009
            ],
            [
              -70.84354728763769,
              -32.810156498333164
            ],
            [
              -70.84354863912503,
              -32.810156498333164
            ],
            [
              -70.84354863912503,
              -32.810150855646235
            ],
            [
              -70.84354999061236,
              -32.810150855646235
            ],
            [
              -70.84354999061236,
              -32.81014521295931
            ],
            [
              -70.8435513420997,
              -32.81014521295931
            ],
            [
              -70.8435513420997,
              -32.810138441735
            ],
            [
              -70.84355269358704,
              -32.810138441735
            ],
            [
              -70.84355269358704,
              -32.81013279904807
            ],
            [
              -70.84355404507438,
              -32.81013279904807
            ],
            [
              -70.84355404507438,
              -32.81012715636114
            ],
            [
              -70.84355539656171,
              -32.81012715636114
            ],
            [
              -70.84355539656171,
              -32.81012151367422
            ],
            [
              -70.84355674804905,
              -32.81012151367422
            ],
            [
              -70.84355674804905,
              -32.81011587098729
            ],
            [
              -70.8435580995364,
              -32.81011587098729
            ],
            [
              -70.8435580995364,
              -32.810109099762975
            ],
            [
              -70.84355945102374,
              -32.810109099762975
            ],
            [
              -70.84355945102374,
              -32.810103457076046
            ],
            [
              -70.84356080251106,
              -32.810103457076046
            ],
            [
              -70.84356080251106,
              -32.810097814389124
            ],
            [
              -70.8435621539984,
              -32.810097814389124
            ],
            [
              -70.8435621539984,
              -32.810092171702195
            ],
            [
              -70.84356350548575,
              -32.810092171702195
            ],
            [
              -70.84356350548575,
              -32.810086529015265
            ],
            [
              -70.84356485697309,
              -32.810086529015265
            ],
            [
              -70.84356485697309,
              -32.81007975779095
            ],
            [
              -70.84356620846042,
              -32.81007975779095
            ],
            [
              -70.84356620846042,
              -32.81007411510403
            ],
            [
              -70.84356755994776,
              -32.81007411510403
            ],
            [
              -70.84356755994776,
              -32.8100684724171
            ],
            [
              -70.8435689114351,
              -32.8100684724171
            ],
            [
              -70.8435689114351,
              -32.81006282973017
            ],
            [
              -70.84357026292244,
              -32.81006282973017
            ],
            [
              -70.84357026292244,
              -32.81005718704324
            ],
            [
              -70.84357161440977,
              -32.81005718704324
            ],
            [
              -70.84357161440977,
              -32.810050415818935
            ],
            [
              -70.84357296589711,
              -32.810050415818935
            ],
            [
              -70.84357296589711,
              -32.810044773132006
            ],
            [
              -70.84357431738445,
              -32.810044773132006
            ],
            [
              -70.84357431738445,
              -32.81003913044508
            ],
            [
              -70.8435756688718,
              -32.81003913044508
            ],
            [
              -70.8435756688718,
              -32.81003348775815
            ],
            [
              -70.84357702035912,
              -32.81003348775815
            ],
            [
              -70.84357702035912,
              -32.810027845071225
            ],
            [
              -70.84357837184646,
              -32.810027845071225
            ],
            [
              -70.84357837184646,
              -32.81002107384691
            ],
            [
              -70.8435797233338,
              -32.81002107384691
            ],
            [
              -70.8435797233338,
              -32.81001543115998
            ],
            [
              -70.84358107482115,
              -32.81001543115998
            ],
            [
              -70.84358107482115,
              -32.81000978847305
            ],
            [
              -70.84358242630847,
              -32.81000978847305
            ],
            [
              -70.84358242630847,
              -32.81000414578613
            ],
            [
              -70.84358377779581,
              -32.81000414578613
            ],
            [
              -70.84358377779581,
              -32.8099985030992
            ],
            [
              -70.84358512928316,
              -32.8099985030992
            ],
            [
              -70.84358512928316,
              -32.80999173187489
            ],
            [
              -70.8435864807705,
              -32.80999173187489
            ],
            [
              -70.8435864807705,
              -32.80998608918796
            ],
            [
              -70.84358783225782,
              -32.80998608918796
            ],
            [
              -70.84358783225782,
              -32.80998044650104
            ],
            [
              -70.84358918374517,
              -32.80998044650104
            ],
            [
              -70.84358918374517,
              -32.80997480381411
            ],
            [
              -70.84359053523251,
              -32.80997480381411
            ],
            [
              -70.84359053523251,
              -32.80996916112718
            ],
            [
              -70.84359188671985,
              -32.80996916112718
            ],
            [
              -70.84359188671985,
              -32.809962389902864
            ],
            [
              -70.84359323820718,
              -32.809962389902864
            ],
            [
              -70.84359323820718,
              -32.80995674721594
            ],
            [
              -70.84359458969452,
              -32.80995674721594
            ],
            [
              -70.84359458969452,
              -32.80995110452901
            ],
            [
              -70.84359594118186,
              -32.80995110452901
            ],
            [
              -70.84359594118186,
              -32.809945461842084
            ],
            [
              -70.8435972926692,
              -32.809945461842084
            ],
            [
              -70.8435972926692,
              -32.809939819155154
            ],
            [
              -70.84359864415653,
              -32.809939819155154
            ],
            [
              -70.84359864415653,
              -32.80993304793084
            ],
            [
              -70.84359999564387,
              -32.80993304793084
            ],
            [
              -70.84359999564387,
              -32.80992740524392
            ],
            [
              -70.84360134713121,
              -32.80992740524392
            ],
            [
              -70.84360134713121,
              -32.80992176255699
            ],
            [
              -70.84360269861855,
              -32.80992176255699
            ],
            [
              -70.84360269861855,
              -32.80991611987006
            ],
            [
              -70.8436040501059,
              -32.80991611987006
            ],
            [
              -70.8436040501059,
              -32.80991047718314
            ],
            [
              -70.84360540159322,
              -32.80991047718314
            ],
            [
              -70.84360540159322,
              -32.809903705958824
            ],
            [
              -70.84360675308056,
              -32.809903705958824
            ],
            [
              -70.84360675308056,
              -32.809898063271895
            ],
            [
              -70.8436081045679,
              -32.809898063271895
            ],
            [
              -70.8436081045679,
              -32.809892420584966
            ],
            [
              -70.84360945605525,
              -32.809892420584966
            ],
            [
              -70.84360945605525,
              -32.80988677789804
            ],
            [
              -70.84361080754258,
              -32.80988677789804
            ],
            [
              -70.84361080754258,
              -32.809881135211114
            ],
            [
              -70.84361215902992,
              -32.809881135211114
            ],
            [
              -70.84361215902992,
              -32.8098743639868
            ],
            [
              -70.84361351051726,
              -32.8098743639868
            ],
            [
              -70.84361351051726,
              -32.80986872129987
            ],
            [
              -70.8436148620046,
              -32.80986872129987
            ],
            [
              -70.8436148620046,
              -32.80986307861295
            ],
            [
              -70.84361621349193,
              -32.80986307861295
            ],
            [
              -70.84361621349193,
              -32.80985743592602
            ],
            [
              -70.84361756497927,
              -32.80985743592602
            ],
            [
              -70.84361756497927,
              -32.80985179323909
            ],
            [
              -70.84361891646661,
              -32.80985179323909
            ],
            [
              -70.84361891646661,
              -32.80984502201478
            ],
            [
              -70.84362026795395,
              -32.80984502201478
            ],
            [
              -70.84362026795395,
              -32.80983937932785
            ],
            [
              -70.84362161944128,
              -32.80983937932785
            ],
            [
              -70.84362161944128,
              -32.809833736640925
            ],
            [
              -70.84362297092862,
              -32.809833736640925
            ],
            [
              -70.84362297092862,
              -32.809828093953996
            ],
            [
              -70.84362432241596,
              -32.809828093953996
            ],
            [
              -70.84362432241596,
              -32.80982245126707
            ],
            [
              -70.8436256739033,
              -32.80982245126707
            ],
            [
              -70.8436256739033,
              -32.80981568004275
            ],
            [
              -70.84362702539063,
              -32.80981568004275
            ],
            [
              -70.84362702539063,
              -32.80981003735583
            ],
            [
              -70.84362837687797,
              -32.80981003735583
            ],
            [
              -70.84362837687797,
              -32.8098043946689
            ],
            [
              -70.84362972836531,
              -32.8098043946689
            ],
            [
              -70.84362972836531,
              -32.80979875198197
            ],
            [
              -70.84363107985266,
              -32.80979875198197
            ],
            [
              -70.84363107985266,
              -32.80979310929505
            ],
            [
              -70.84363243133998,
              -32.80979310929505
            ],
            [
              -70.84363243133998,
              -32.80978633807074
            ],
            [
              -70.84363378282733,
              -32.80978633807074
            ],
            [
              -70.84363378282733,
              -32.80978069538381
            ],
            [
              -70.84363513431467,
              -32.80978069538381
            ],
            [
              -70.84363513431467,
              -32.80977505269688
            ],
            [
              -70.84363648580201,
              -32.80977505269688
            ],
            [
              -70.84363648580201,
              -32.809769410009956
            ],
            [
              -70.84363783728934,
              -32.809769410009956
            ],
            [
              -70.84363783728934,
              -32.80976376732303
            ],
            [
              -70.84363918877668,
              -32.80976376732303
            ],
            [
              -70.84363918877668,
              -32.80975699609871
            ],
            [
              -70.84364054026402,
              -32.80975699609871
            ],
            [
              -70.84364054026402,
              -32.809751353411784
            ],
            [
              -70.84364189175136,
              -32.809751353411784
            ],
            [
              -70.84364189175136,
              -32.809745710724854
            ],
            [
              -70.84364324323869,
              -32.809745710724854
            ],
            [
              -70.84364324323869,
              -32.80974006803793
            ],
            [
              -70.84364459472603,
              -32.80974006803793
            ],
            [
              -70.84364459472603,
              -32.809734425351
            ],
            [
              -70.84364594621337,
              -32.809734425351
            ],
            [
              -70.84364594621337,
              -32.80972765412669
            ],
            [
              -70.84364729770071,
              -32.80972765412669
            ],
            [
              -70.84364729770071,
              -32.80972201143976
            ],
            [
              -70.84364864918804,
              -32.80972201143976
            ],
            [
              -70.84364864918804,
              -32.80971636875284
            ],
            [
              -70.84365000067538,
              -32.80971636875284
            ],
            [
              -70.84365000067538,
              -32.80971072606591
            ],
            [
              -70.84365135216272,
              -32.80971072606591
            ],
            [
              -70.84365135216272,
              -32.80970508337898
            ],
            [
              -70.84365270365006,
              -32.80970508337898
            ],
            [
              -70.84365270365006,
              -32.809698312154666
            ],
            [
              -70.84365405513739,
              -32.809698312154666
            ],
            [
              -70.84365405513739,
              -32.80969266946774
            ],
            [
              -70.84365540662473,
              -32.80969266946774
            ],
            [
              -70.84365540662473,
              -32.809687026780814
            ],
            [
              -70.84365675811208,
              -32.809687026780814
            ],
            [
              -70.84365675811208,
              -32.809681384093885
            ],
            [
              -70.84365810959942,
              -32.809681384093885
            ],
            [
              -70.84365810959942,
              -32.80967574140696
            ],
            [
              -70.84365946108674,
              -32.80967574140696
            ],
            [
              -70.84365946108674,
              -32.80966897018265
            ],
            [
              -70.84366081257409,
              -32.80966897018265
            ],
            [
              -70.84366081257409,
              -32.80966332749572
            ],
            [
              -70.84366216406143,
              -32.80966332749572
            ],
            [
              -70.84366216406143,
              -32.80965768480879
            ],
            [
              -70.84366351554877,
              -32.80965768480879
            ],
            [
              -70.84366351554877,
              -32.80965204212186
            ],
            [
              -70.8436648670361,
              -32.80965204212186
            ],
            [
              -70.8436648670361,
              -32.80964639943494
            ],
            [
              -70.84366621852344,
              -32.80964639943494
            ],
            [
              -70.84366621852344,
              -32.809639628210626
            ],
            [
              -70.84366757001078,
              -32.809639628210626
            ],
            [
              -70.84366757001078,
              -32.809633985523696
            ],
            [
              -70.84366892149812,
              -32.809633985523696
            ],
            [
              -70.84366892149812,
              -32.80962834283677
            ],
            [
              -70.84367027298545,
              -32.80962834283677
            ],
            [
              -70.84367027298545,
              -32.809622700149845
            ],
            [
              -70.84367162447279,
              -32.809622700149845
            ],
            [
              -70.84367162447279,
              -32.809617057462916
            ],
            [
              -70.84367297596013,
              -32.809617057462916
            ],
            [
              -70.84367297596013,
              -32.8096102862386
            ],
            [
              -70.84367432744747,
              -32.8096102862386
            ],
            [
              -70.84367432744747,
              -32.80960464355167
            ],
            [
              -70.8436756789348,
              -32.80960464355167
            ],
            [
              -70.8436756789348,
              -32.80959900086475
            ],
            [
              -70.84367703042214,
              -32.80959900086475
            ],
            [
              -70.84367703042214,
              -32.80959335817782
            ],
            [
              -70.84367838190948,
              -32.80959335817782
            ],
            [
              -70.84367838190948,
              -32.80958771549089
            ],
            [
              -70.84367973339683,
              -32.80958771549089
            ],
            [
              -70.84367973339683,
              -32.80958094426658
            ],
            [
              -70.84368108488415,
              -32.80958094426658
            ],
            [
              -70.84368108488415,
              -32.809575301579656
            ],
            [
              -70.8436824363715,
              -32.809575301579656
            ],
            [
              -70.8436824363715,
              -32.80956965889273
            ],
            [
              -70.84368378785884,
              -32.80956965889273
            ],
            [
              -70.84368378785884,
              -32.8095640162058
            ],
            [
              -70.84368513934618,
              -32.8095640162058
            ],
            [
              -70.84368513934618,
              -32.80955837351887
            ],
            [
              -70.8436864908335,
              -32.80955837351887
            ],
            [
              -70.8436864908335,
              -32.80955160229456
            ],
            [
              -70.84368784232085,
              -32.80955160229456
            ],
            [
              -70.84368784232085,
              -32.80954595960763
            ],
            [
              -70.84368919380819,
              -32.80954595960763
            ],
            [
              -70.84368919380819,
              -32.8095403169207
            ],
            [
              -70.84369054529553,
              -32.8095403169207
            ],
            [
              -70.84369054529553,
              -32.809534674233774
            ],
            [
              -70.84369189678286,
              -32.809534674233774
            ],
            [
              -70.84369189678286,
              -32.80952790300947
            ],
            [
              -70.8436932482702,
              -32.80952790300947
            ],
            [
              -70.8436932482702,
              -32.80952226032254
            ],
            [
              -70.84369459975754,
              -32.80952226032254
            ],
            [
              -70.84369459975754,
              -32.80951661763561
            ],
            [
              -70.84369595124488,
              -32.80951661763561
            ],
            [
              -70.84369595124488,
              -32.80951097494868
            ],
            [
              -70.84369730273221,
              -32.80951097494868
            ],
            [
              -70.84369730273221,
              -32.80950533226176
            ],
            [
              -70.84369865421955,
              -32.80950533226176
            ],
            [
              -70.84369865421955,
              -32.809498561037444
            ],
            [
              -70.84370000570689,
              -32.809498561037444
            ],
            [
              -70.84370000570689,
              -32.809492918350514
            ],
            [
              -70.84370135719423,
              -32.809492918350514
            ],
            [
              -70.84370135719423,
              -32.809487275663585
            ],
            [
              -70.84370270868156,
              -32.809487275663585
            ],
            [
              -70.84370270868156,
              -32.80948163297666
            ],
            [
              -70.8437040601689,
              -32.80948163297666
            ],
            [
              -70.8437040601689,
              -32.809475990289734
            ],
            [
              -70.84370541165625,
              -32.809475990289734
            ],
            [
              -70.84370541165625,
              -32.80946921906542
            ],
            [
              -70.84370676314359,
              -32.80946921906542
            ],
            [
              -70.84370676314359,
              -32.80946357637849
            ],
            [
              -70.84370811463091,
              -32.80946357637849
            ],
            [
              -70.84370811463091,
              -32.80945793369157
            ],
            [
              -70.84370946611826,
              -32.80945793369157
            ],
            [
              -70.84370946611826,
              -32.80945229100464
            ],
            [
              -70.8437108176056,
              -32.80945229100464
            ],
            [
              -70.8437108176056,
              -32.80944664831771
            ],
            [
              -70.84371216909294,
              -32.80944664831771
            ],
            [
              -70.84371216909294,
              -32.809439877093396
            ],
            [
              -70.84371352058027,
              -32.809439877093396
            ],
            [
              -70.84371352058027,
              -32.809434234406474
            ],
            [
              -70.84371487206761,
              -32.809434234406474
            ],
            [
              -70.84371487206761,
              -32.809428591719545
            ],
            [
              -70.84371622355495,
              -32.809428591719545
            ],
            [
              -70.84371622355495,
              -32.809422949032616
            ],
            [
              -70.84371757504229,
              -32.809422949032616
            ],
            [
              -70.84371757504229,
              -32.809417306345686
            ],
            [
              -70.84371892652962,
              -32.809417306345686
            ],
            [
              -70.84371892652962,
              -32.80941053512138
            ],
            [
              -70.84372027801696,
              -32.80941053512138
            ],
            [
              -70.84372027801696,
              -32.80940489243445
            ],
            [
              -70.8437216295043,
              -32.80940489243445
            ],
            [
              -70.8437216295043,
              -32.80939924974752
            ],
            [
              -70.84372298099164,
              -32.80939924974752
            ],
            [
              -70.84372298099164,
              -32.80939360706059
            ],
            [
              -70.84372433247897,
              -32.80939360706059
            ],
            [
              -70.84372433247897,
              -32.80938796437367
            ],
            [
              -70.84372568396631,
              -32.80938796437367
            ],
            [
              -70.84372568396631,
              -32.809381193149356
            ],
            [
              -70.84372703545365,
              -32.809381193149356
            ],
            [
              -70.84372703545365,
              -32.80937555046243
            ],
            [
              -70.843728386941,
              -32.80937555046243
            ],
            [
              -70.843728386941,
              -32.8093699077755
            ],
            [
              -70.84372973842832,
              -32.8093699077755
            ],
            [
              -70.84372973842832,
              -32.809364265088576
            ],
            [
              -70.84373108991566,
              -32.809364265088576
            ],
            [
              -70.84373108991566,
              -32.809358622401646
            ],
            [
              -70.843732441403,
              -32.809358622401646
            ],
            [
              -70.843732441403,
              -32.80935185117733
            ],
            [
              -70.84373379289035,
              -32.80935185117733
            ],
            [
              -70.84373379289035,
              -32.8093462084904
            ],
            [
              -70.84373514437767,
              -32.8093462084904
            ],
            [
              -70.84373514437767,
              -32.80934056580348
            ],
            [
              -70.84373649586502,
              -32.80934056580348
            ],
            [
              -70.84373649586502,
              -32.80933492311655
            ],
            [
              -70.84373784735236,
              -32.80933492311655
            ],
            [
              -70.84373784735236,
              -32.80932928042962
            ],
            [
              -70.8437391988397,
              -32.80932928042962
            ],
            [
              -70.8437391988397,
              -32.80932250920531
            ],
            [
              -70.84374055032703,
              -32.80932250920531
            ],
            [
              -70.84374055032703,
              -32.80931686651839
            ],
            [
              -70.84374190181437,
              -32.80931686651839
            ],
            [
              -70.84374190181437,
              -32.80931122383146
            ],
            [
              -70.84374325330171,
              -32.80931122383146
            ],
            [
              -70.84374325330171,
              -32.80930558114453
            ],
            [
              -70.84374460478905,
              -32.80930558114453
            ],
            [
              -70.84374460478905,
              -32.8092999384576
            ],
            [
              -70.84374595627638,
              -32.8092999384576
            ],
            [
              -70.84374595627638,
              -32.80929316723329
            ],
            [
              -70.84374730776372,
              -32.80929316723329
            ],
            [
              -70.84374730776372,
              -32.80928752454636
            ],
            [
              -70.84374865925106,
              -32.80928752454636
            ],
            [
              -70.84374865925106,
              -32.809281881859434
            ],
            [
              -70.8437500107384,
              -32.809281881859434
            ],
            [
              -70.8437500107384,
              -32.809276239172505
            ],
            [
              -70.84375136222573,
              -32.809276239172505
            ],
            [
              -70.84375136222573,
              -32.80927059648558
            ],
            [
              -70.84375271371307,
              -32.80927059648558
            ],
            [
              -70.84375271371307,
              -32.80926382526127
            ],
            [
              -70.84375406520041,
              -32.80926382526127
            ],
            [
              -70.84375406520041,
              -32.80925818257434
            ],
            [
              -70.84375541668776,
              -32.80925818257434
            ],
            [
              -70.84375541668776,
              -32.80925253988741
            ],
            [
              -70.84375676817508,
              -32.80925253988741
            ],
            [
              -70.84375676817508,
              -32.80924689720049
            ],
            [
              -70.84375811966243,
              -32.80924689720049
            ],
            [
              -70.84375811966243,
              -32.80924125451356
            ],
            [
              -70.84375947114977,
              -32.80924125451356
            ],
            [
              -70.84375947114977,
              -32.809234483289245
            ],
            [
              -70.84376082263711,
              -32.809234483289245
            ],
            [
              -70.84376082263711,
              -32.809228840602316
            ],
            [
              -70.84376217412444,
              -32.809228840602316
            ],
            [
              -70.84376217412444,
              -32.809223197915394
            ],
            [
              -70.84376352561178,
              -32.809223197915394
            ],
            [
              -70.84376352561178,
              -32.809217555228464
            ],
            [
              -70.84376487709912,
              -32.809217555228464
            ],
            [
              -70.84376487709912,
              -32.809211912541535
            ],
            [
              -70.84376622858646,
              -32.809211912541535
            ],
            [
              -70.84376622858646,
              -32.80920514131722
            ],
            [
              -70.84376758007379,
              -32.80920514131722
            ],
            [
              -70.84376758007379,
              -32.8091994986303
            ],
            [
              -70.84376893156113,
              -32.8091994986303
            ],
            [
              -70.84376893156113,
              -32.80919385594337
            ],
            [
              -70.84377028304847,
              -32.80919385594337
            ],
            [
              -70.84377028304847,
              -32.80918821325644
            ],
            [
              -70.84377163453581,
              -32.80918821325644
            ],
            [
              -70.84377163453581,
              -32.80918257056951
            ],
            [
              -70.84377298602314,
              -32.80918257056951
            ],
            [
              -70.84377298602314,
              -32.8091757993452
            ],
            [
              -70.84377433751048,
              -32.8091757993452
            ],
            [
              -70.84377433751048,
              -32.809170156658276
            ],
            [
              -70.84377568899782,
              -32.809170156658276
            ],
            [
              -70.84377568899782,
              -32.809164513971346
            ],
            [
              -70.84377704048516,
              -32.809164513971346
            ],
            [
              -70.84377704048516,
              -32.80915887128442
            ],
            [
              -70.84377839197249,
              -32.80915887128442
            ],
            [
              -70.84377839197249,
              -32.809153228597495
            ],
            [
              -70.84377974345983,
              -32.809153228597495
            ],
            [
              -70.84377974345983,
              -32.80914645737318
            ],
            [
              -70.84378109494718,
              -32.80914645737318
            ],
            [
              -70.84378109494718,
              -32.80914081468625
            ],
            [
              -70.84378244643452,
              -32.80914081468625
            ],
            [
              -70.84378244643452,
              -32.80913517199932
            ],
            [
              -70.84378379792184,
              -32.80913517199932
            ],
            [
              -70.84378379792184,
              -32.8091295293124
            ],
            [
              -70.84378514940919,
              -32.8091295293124
            ],
            [
              -70.84378514940919,
              -32.80912388662547
            ],
            [
              -70.84378650089653,
              -32.80912388662547
            ],
            [
              -70.84378650089653,
              -32.80911711540116
            ],
            [
              -70.84378785238387,
              -32.80911711540116
            ],
            [
              -70.84378785238387,
              -32.80911147271423
            ],
            [
              -70.8437892038712,
              -32.80911147271423
            ],
            [
              -70.8437892038712,
              -32.809105830027306
            ],
            [
              -70.84379055535854,
              -32.809105830027306
            ],
            [
              -70.84379055535854,
              -32.80910018734038
            ],
            [
              -70.84379190684588,
              -32.80910018734038
            ],
            [
              -70.84379190684588,
              -32.80909454465345
            ],
            [
              -70.84379325833322,
              -32.80909454465345
            ],
            [
              -70.84379325833322,
              -32.809087773429134
            ],
            [
              -70.84379460982055,
              -32.809087773429134
            ],
            [
              -70.84379460982055,
              -32.80908213074221
            ],
            [
              -70.84379596130789,
              -32.80908213074221
            ],
            [
              -70.84379596130789,
              -32.80907648805528
            ],
            [
              -70.84379731279523,
              -32.80907648805528
            ],
            [
              -70.84379731279523,
              -32.80907084536835
            ],
            [
              -70.84379866428257,
              -32.80907084536835
            ],
            [
              -70.84379866428257,
              -32.809065202681424
            ],
            [
              -70.8438000157699,
              -32.809065202681424
            ],
            [
              -70.8438000157699,
              -32.80905843145711
            ],
            [
              -70.84380136725724,
              -32.80905843145711
            ],
            [
              -70.84380136725724,
              -32.80905278877019
            ],
            [
              -70.84380271874458,
              -32.80905278877019
            ],
            [
              -70.84380271874458,
              -32.80904714608326
            ],
            [
              -70.84380407023193,
              -32.80904714608326
            ],
            [
              -70.84380407023193,
              -32.80904150339633
            ],
            [
              -70.84380542171925,
              -32.80904150339633
            ],
            [
              -70.84380542171925,
              -32.80903586070941
            ],
            [
              -70.8438067732066,
              -32.80903586070941
            ],
            [
              -70.8438067732066,
              -32.809029089485094
            ],
            [
              -70.84380812469394,
              -32.809029089485094
            ],
            [
              -70.84380812469394,
              -32.809023446798165
            ],
            [
              -70.84380947618128,
              -32.809023446798165
            ],
            [
              -70.84380947618128,
              -32.809017804111235
            ],
            [
              -70.8438108276686,
              -32.809017804111235
            ],
            [
              -70.8438108276686,
              -32.80901216142431
            ],
            [
              -70.84381217915595,
              -32.80901216142431
            ],
            [
              -70.84381217915595,
              -32.809006518737384
            ],
            [
              -70.84381353064329,
              -32.809006518737384
            ],
            [
              -70.84381353064329,
              -32.80899974751307
            ],
            [
              -70.84381488213063,
              -32.80899974751307
            ],
            [
              -70.84381488213063,
              -32.80899410482614
            ],
            [
              -70.84381623361796,
              -32.80899410482614
            ],
            [
              -70.84381623361796,
              -32.80898846213922
            ],
            [
              -70.8438175851053,
              -32.80898846213922
            ],
            [
              -70.8438175851053,
              -32.80898281945229
            ],
            [
              -70.84381893659264,
              -32.80898281945229
            ],
            [
              -70.84381893659264,
              -32.80897717676536
            ],
            [
              -70.84382028807998,
              -32.80897717676536
            ],
            [
              -70.84382028807998,
              -32.80897040554105
            ],
            [
              -70.84382163956731,
              -32.80897040554105
            ],
            [
              -70.84382163956731,
              -32.80896476285412
            ],
            [
              -70.84382299105465,
              -32.80896476285412
            ],
            [
              -70.84382299105465,
              -32.808959120167195
            ],
            [
              -70.84382434254199,
              -32.808959120167195
            ],
            [
              -70.84382434254199,
              -32.808953477480266
            ],
            [
              -70.84382569402933,
              -32.808953477480266
            ],
            [
              -70.84382569402933,
              -32.80894783479334
            ],
            [
              -70.84382704551666,
              -32.80894783479334
            ],
            [
              -70.84382704551666,
              -32.80894106356902
            ],
            [
              -70.843828397004,
              -32.80894106356902
            ],
            [
              -70.843828397004,
              -32.8089354208821
            ],
            [
              -70.84382974849134,
              -32.8089354208821
            ],
            [
              -70.84382974849134,
              -32.80892977819517
            ],
            [
              -70.84383109997869,
              -32.80892977819517
            ],
            [
              -70.84383109997869,
              -32.80892413550824
            ],
            [
              -70.84383245146601,
              -32.80892413550824
            ],
            [
              -70.84383245146601,
              -32.80891849282132
            ],
            [
              -70.84383380295336,
              -32.80891849282132
            ],
            [
              -70.84383380295336,
              -32.808911721597006
            ],
            [
              -70.8438351544407,
              -32.808911721597006
            ],
            [
              -70.8438351544407,
              -32.80890607891008
            ],
            [
              -70.84383650592804,
              -32.80890607891008
            ],
            [
              -70.84383650592804,
              -32.80890043622315
            ],
            [
              -70.84383785741537,
              -32.80890043622315
            ],
            [
              -70.84383785741537,
              -32.808894793536226
            ],
            [
              -70.84383920890271,
              -32.808894793536226
            ],
            [
              -70.84383920890271,
              -32.808889150849296
            ],
            [
              -70.84384056039005,
              -32.808889150849296
            ],
            [
              -70.84384056039005,
              -32.80888237962498
            ],
            [
              -70.84384191187739,
              -32.80888237962498
            ],
            [
              -70.84384191187739,
              -32.80887673693805
            ],
            [
              -70.84384326336472,
              -32.80887673693805
            ],
            [
              -70.84384326336472,
              -32.808871094251124
            ],
            [
              -70.84384461485206,
              -32.808871094251124
            ],
            [
              -70.84384461485206,
              -32.8088654515642
            ],
            [
              -70.8438459663394,
              -32.8088654515642
            ],
            [
              -70.8438459663394,
              -32.80885980887727
            ],
            [
              -70.84384731782674,
              -32.80885980887727
            ],
            [
              -70.84384731782674,
              -32.80885303765296
            ],
            [
              -70.84384866931407,
              -32.80885303765296
            ],
            [
              -70.84384866931407,
              -32.80884739496603
            ],
            [
              -70.84385002080141,
              -32.80884739496603
            ],
            [
              -70.84385002080141,
              -32.80884175227911
            ],
            [
              -70.84385137228875,
              -32.80884175227911
            ],
            [
              -70.84385137228875,
              -32.80883610959218
            ],
            [
              -70.8438527237761,
              -32.80883610959218
            ],
            [
              -70.8438527237761,
              -32.808829338367865
            ],
            [
              -70.84385407526342,
              -32.808829338367865
            ],
            [
              -70.84385407526342,
              -32.808823695680935
            ],
            [
              -70.84385542675076,
              -32.808823695680935
            ],
            [
              -70.84385542675076,
              -32.80881805299401
            ],
            [
              -70.8438567782381,
              -32.80881805299401
            ],
            [
              -70.8438567782381,
              -32.808812410307084
            ],
            [
              -70.84385812972545,
              -32.808812410307084
            ],
            [
              -70.84385812972545,
              -32.808806767620155
            ],
            [
              -70.84385948121277,
              -32.808806767620155
            ],
            [
              -70.84385948121277,
              -32.80879999639584
            ],
            [
              -70.84386083270012,
              -32.80879999639584
            ],
            [
              -70.84386083270012,
              -32.80879435370892
            ],
            [
              -70.84386218418746,
              -32.80879435370892
            ],
            [
              -70.84386218418746,
              -32.80878871102199
            ],
            [
              -70.8438635356748,
              -32.80878871102199
            ],
            [
              -70.8438635356748,
              -32.80878306833506
            ],
            [
              -70.84386488716213,
              -32.80878306833506
            ],
            [
              -70.84386488716213,
              -32.80877742564813
            ],
            [
              -70.84386623864947,
              -32.80877742564813
            ],
            [
              -70.84386623864947,
              -32.808770654423824
            ],
            [
              -70.84386759013681,
              -32.808770654423824
            ],
            [
              -70.84386759013681,
              -32.808765011736895
            ],
            [
              -70.84386894162415,
              -32.808765011736895
            ],
            [
              -70.84386894162415,
              -32.808759369049966
            ],
            [
              -70.84387029311148,
              -32.808759369049966
            ],
            [
              -70.84387029311148,
              -32.80875372636304
            ],
            [
              -70.84387164459882,
              -32.80875372636304
            ],
            [
              -70.84387164459882,
              -32.808748083676115
            ],
            [
              -70.84387299608616,
              -32.808748083676115
            ],
            [
              -70.84387299608616,
              -32.8087413124518
            ],
            [
              -70.8438743475735,
              -32.8087413124518
            ],
            [
              -70.8438743475735,
              -32.80873566976487
            ],
            [
              -70.84387569906083,
              -32.80873566976487
            ],
            [
              -70.84387569906083,
              -32.80873002707794
            ],
            [
              -70.84387705054817,
              -32.80873002707794
            ],
            [
              -70.84387705054817,
              -32.80872438439102
            ],
            [
              -70.84387840203551,
              -32.80872438439102
            ],
            [
              -70.84387840203551,
              -32.80871874170409
            ],
            [
              -70.84387975352286,
              -32.80871874170409
            ],
            [
              -70.84387975352286,
              -32.80871197047978
            ],
            [
              -70.84388110501018,
              -32.80871197047978
            ],
            [
              -70.84388110501018,
              -32.80870632779285
            ],
            [
              -70.84388245649752,
              -32.80870632779285
            ],
            [
              -70.84388245649752,
              -32.808700685105926
            ],
            [
              -70.84388380798487,
              -32.808700685105926
            ],
            [
              -70.84388380798487,
              -32.808695042419
            ],
            [
              -70.84388515947221,
              -32.808695042419
            ],
            [
              -70.84388515947221,
              -32.80868939973207
            ],
            [
              -70.84388651095955,
              -32.80868939973207
            ],
            [
              -70.84388651095955,
              -32.80868262850775
            ],
            [
              -70.84388786244688,
              -32.80868262850775
            ],
            [
              -70.84388786244688,
              -32.80867698582083
            ],
            [
              -70.84388921393422,
              -32.80867698582083
            ],
            [
              -70.84388921393422,
              -32.8086713431339
            ],
            [
              -70.84389056542156,
              -32.8086713431339
            ],
            [
              -70.84389056542156,
              -32.80866570044697
            ],
            [
              -70.8438919169089,
              -32.80866570044697
            ],
            [
              -70.8438919169089,
              -32.808660057760044
            ],
            [
              -70.84389326839623,
              -32.808660057760044
            ],
            [
              -70.84389326839623,
              -32.80865328653574
            ],
            [
              -70.84389461988357,
              -32.80865328653574
            ],
            [
              -70.84389461988357,
              -32.80864764384881
            ],
            [
              -70.84389597137091,
              -32.80864764384881
            ],
            [
              -70.84389597137091,
              -32.80864200116188
            ],
            [
              -70.84389732285825,
              -32.80864200116188
            ],
            [
              -70.84389732285825,
              -32.80863635847495
            ],
            [
              -70.84389867434558,
              -32.80863635847495
            ],
            [
              -70.84389867434558,
              -32.80863071578803
            ],
            [
              -70.84390002583292,
              -32.80863071578803
            ],
            [
              -70.84390002583292,
              -32.80862394456371
            ],
            [
              -70.84390137732026,
              -32.80862394456371
            ],
            [
              -70.84390137732026,
              -32.808618301876784
            ],
            [
              -70.8439027288076,
              -32.808618301876784
            ],
            [
              -70.8439027288076,
              -32.808612659189855
            ],
            [
              -70.84390408029493,
              -32.808612659189855
            ],
            [
              -70.84390408029493,
              -32.80860701650293
            ],
            [
              -70.84390543178228,
              -32.80860701650293
            ],
            [
              -70.84390543178228,
              -32.808601373816
            ],
            [
              -70.84390678326962,
              -32.808601373816
            ],
            [
              -70.84390678326962,
              -32.80859460259169
            ],
            [
              -70.84390813475696,
              -32.80859460259169
            ],
            [
              -70.84390813475696,
              -32.80858895990476
            ],
            [
              -70.84390948624429,
              -32.80858895990476
            ],
            [
              -70.84390948624429,
              -32.80858331721784
            ],
            [
              -70.84391083773163,
              -32.80858331721784
            ],
            [
              -70.84391083773163,
              -32.80857767453091
            ],
            [
              -70.84391218921897,
              -32.80857767453091
            ],
            [
              -70.84391218921897,
              -32.80857203184398
            ],
            [
              -70.84391354070631,
              -32.80857203184398
            ],
            [
              -70.84391354070631,
              -32.808565260619666
            ],
            [
              -70.84391489219364,
              -32.808565260619666
            ],
            [
              -70.84391489219364,
              -32.808559617932744
            ],
            [
              -70.84391624368098,
              -32.808559617932744
            ],
            [
              -70.84391624368098,
              -32.808553975245815
            ],
            [
              -70.84391759516832,
              -32.808553975245815
            ],
            [
              -70.84391759516832,
              -32.808548332558885
            ],
            [
              -70.84391894665566,
              -32.808548332558885
            ],
            [
              -70.84391894665566,
              -32.808542689871956
            ],
            [
              -70.84392029814299,
              -32.808542689871956
            ],
            [
              -70.84392029814299,
              -32.80853591864765
            ],
            [
              -70.84392164963033,
              -32.80853591864765
            ],
            [
              -70.84392164963033,
              -32.80853027596072
            ],
            [
              -70.84392300111767,
              -32.80853027596072
            ],
            [
              -70.84392300111767,
              -32.80852463327379
            ],
            [
              -70.84392435260501,
              -32.80852463327379
            ],
            [
              -70.84392435260501,
              -32.80851899058686
            ],
            [
              -70.84392570409234,
              -32.80851899058686
            ],
            [
              -70.84392570409234,
              -32.80851334789994
            ],
            [
              -70.84392705557968,
              -32.80851334789994
            ],
            [
              -70.84392705557968,
              -32.808506576675626
            ],
            [
              -70.84392840706703,
              -32.808506576675626
            ],
            [
              -70.84392840706703,
              -32.8085009339887
            ],
            [
              -70.84392975855437,
              -32.8085009339887
            ],
            [
              -70.84392975855437,
              -32.80849529130177
            ],
            [
              -70.8439311100417,
              -32.80849529130177
            ],
            [
              -70.8439311100417,
              -32.808489648614845
            ],
            [
              -70.84393246152904,
              -32.808489648614845
            ],
            [
              -70.84393246152904,
              -32.808484005927916
            ],
            [
              -70.84393381301638,
              -32.808484005927916
            ],
            [
              -70.84393381301638,
              -32.8084772347036
            ],
            [
              -70.84393516450372,
              -32.8084772347036
            ],
            [
              -70.84393516450372,
              -32.80847159201667
            ],
            [
              -70.84393651599105,
              -32.80847159201667
            ],
            [
              -70.84393651599105,
              -32.80846594932975
            ],
            [
              -70.84393786747839,
              -32.80846594932975
            ],
            [
              -70.84393786747839,
              -32.80846030664282
            ],
            [
              -70.84393921896573,
              -32.80846030664282
            ],
            [
              -70.84393921896573,
              -32.80845466395589
            ],
            [
              -70.84394057045307,
              -32.80845466395589
            ],
            [
              -70.84394057045307,
              -32.80844789273158
            ],
            [
              -70.8439419219404,
              -32.80844789273158
            ],
            [
              -70.8439419219404,
              -32.808442250044656
            ],
            [
              -70.84394327342774,
              -32.808442250044656
            ],
            [
              -70.84394327342774,
              -32.80843660735773
            ],
            [
              -70.84394462491508,
              -32.80843660735773
            ],
            [
              -70.84394462491508,
              -32.8084309646708
            ],
            [
              -70.84394597640242,
              -32.8084309646708
            ],
            [
              -70.84394597640242,
              -32.80842532198387
            ],
            [
              -70.84394732788975,
              -32.80842532198387
            ],
            [
              -70.84394732788975,
              -32.80841855075956
            ],
            [
              -70.84394867937709,
              -32.80841855075956
            ],
            [
              -70.84394867937709,
              -32.80841290807263
            ],
            [
              -70.84395003086443,
              -32.80841290807263
            ],
            [
              -70.84395003086443,
              -32.8084072653857
            ],
            [
              -70.84395138235178,
              -32.8084072653857
            ],
            [
              -70.84395138235178,
              -32.808401622698774
            ],
            [
              -70.8439527338391,
              -32.808401622698774
            ],
            [
              -70.8439527338391,
              -32.80839598001185
            ],
            [
              -70.84395408532644,
              -32.80839598001185
            ],
            [
              -70.84395408532644,
              -32.80838920878754
            ],
            [
              -70.84395543681379,
              -32.80838920878754
            ],
            [
              -70.84395543681379,
              -32.80838356610061
            ],
            [
              -70.84395678830113,
              -32.80838356610061
            ],
            [
              -70.84395678830113,
              -32.80837792341368
            ],
            [
              -70.84395813978846,
              -32.80837792341368
            ],
            [
              -70.84395813978846,
              -32.80837228072676
            ],
            [
              -70.8439594912758,
              -32.80837228072676
            ],
            [
              -70.8439594912758,
              -32.80836663803983
            ],
            [
              -70.84396084276314,
              -32.80836663803983
            ],
            [
              -70.84396084276314,
              -32.808359866815515
            ],
            [
              -70.84396219425048,
              -32.808359866815515
            ],
            [
              -70.84396219425048,
              -32.808354224128585
            ],
            [
              -70.84396354573781,
              -32.808354224128585
            ],
            [
              -70.84396354573781,
              -32.80834858144166
            ],
            [
              -70.84396489722515,
              -32.80834858144166
            ],
            [
              -70.84396489722515,
              -32.808342938754734
            ],
            [
              -70.84396624871249,
              -32.808342938754734
            ],
            [
              -70.84396624871249,
              -32.808337296067805
            ],
            [
              -70.84396760019983,
              -32.808337296067805
            ],
            [
              -70.84396760019983,
              -32.80833052484349
            ],
            [
              -70.84396895168716,
              -32.80833052484349
            ],
            [
              -70.84396895168716,
              -32.80832488215657
            ],
            [
              -70.8439703031745,
              -32.80832488215657
            ],
            [
              -70.8439703031745,
              -32.80831923946964
            ],
            [
              -70.84397165466184,
              -32.80831923946964
            ],
            [
              -70.84397165466184,
              -32.80831359678271
            ],
            [
              -70.84397300614918,
              -32.80831359678271
            ],
            [
              -70.84397300614918,
              -32.80830795409578
            ],
            [
              -70.84397435763651,
              -32.80830795409578
            ],
            [
              -70.84397435763651,
              -32.80830118287147
            ],
            [
              -70.84397570912385,
              -32.80830118287147
            ],
            [
              -70.84397570912385,
              -32.808295540184545
            ],
            [
              -70.8439770606112,
              -32.808295540184545
            ],
            [
              -70.8439770606112,
              -32.808289897497616
            ],
            [
              -70.84397841209854,
              -32.808289897497616
            ],
            [
              -70.84397841209854,
              -32.80828425481069
            ],
            [
              -70.84397976358586,
              -32.80828425481069
            ],
            [
              -70.84397976358586,
              -32.808278612123765
            ],
            [
              -70.8439811150732,
              -32.808278612123765
            ],
            [
              -70.8439811150732,
              -32.80827184089945
            ],
            [
              -70.84398246656055,
              -32.80827184089945
            ],
            [
              -70.84398246656055,
              -32.80826619821252
            ],
            [
              -70.84398381804789,
              -32.80826619821252
            ],
            [
              -70.84398381804789,
              -32.80826055552559
            ],
            [
              -70.84398516953522,
              -32.80826055552559
            ],
            [
              -70.84398516953522,
              -32.80825491283867
            ],
            [
              -70.84398652102256,
              -32.80825491283867
            ],
            [
              -70.84398652102256,
              -32.80824927015174
            ],
            [
              -70.8439878725099,
              -32.80824927015174
            ],
            [
              -70.8439878725099,
              -32.80824249892743
            ],
            [
              -70.84398922399724,
              -32.80824249892743
            ],
            [
              -70.84398922399724,
              -32.8082368562405
            ],
            [
              -70.84399057548457,
              -32.8082368562405
            ],
            [
              -70.84399057548457,
              -32.808231213553576
            ],
            [
              -70.84399192697191,
              -32.808231213553576
            ],
            [
              -70.84399192697191,
              -32.80822557086665
            ],
            [
              -70.84399327845925,
              -32.80822557086665
            ],
            [
              -70.84399327845925,
              -32.80821992817972
            ],
            [
              -70.8439946299466,
              -32.80821992817972
            ],
            [
              -70.8439946299466,
              -32.808213156955404
            ],
            [
              -70.84399598143392,
              -32.808213156955404
            ],
            [
              -70.84399598143392,
              -32.808207514268474
            ],
            [
              -70.84399733292126,
              -32.808207514268474
            ],
            [
              -70.84399733292126,
              -32.80820187158155
            ],
            [
              -70.8439986844086,
              -32.80820187158155
            ],
            [
              -70.8439986844086,
              -32.80819622889462
            ],
            [
              -70.84400003589595,
              -32.80819622889462
            ],
            [
              -70.84400003589595,
              -32.808190586207694
            ],
            [
              -70.84400138738327,
              -32.808190586207694
            ],
            [
              -70.84400138738327,
              -32.80818381498338
            ],
            [
              -70.84400273887061,
              -32.80818381498338
            ],
            [
              -70.84400273887061,
              -32.80817817229646
            ],
            [
              -70.84400409035796,
              -32.80817817229646
            ],
            [
              -70.84400409035796,
              -32.80817252960953
            ],
            [
              -70.8440054418453,
              -32.80817252960953
            ],
            [
              -70.8440054418453,
              -32.8081668869226
            ],
            [
              -70.84400679333262,
              -32.8081668869226
            ],
            [
              -70.84400679333262,
              -32.80816124423568
            ],
            [
              -70.84400814481997,
              -32.80816124423568
            ],
            [
              -70.84400814481997,
              -32.80815447301136
            ],
            [
              -70.84400949630731,
              -32.80815447301136
            ],
            [
              -70.84400949630731,
              -32.808148830324434
            ],
            [
              -70.84401084779465,
              -32.808148830324434
            ],
            [
              -70.84401084779465,
              -32.808143187637505
            ],
            [
              -70.84401219928198,
              -32.808143187637505
            ],
            [
              -70.84401219928198,
              -32.80813754495058
            ],
            [
              -70.84401355076932,
              -32.80813754495058
            ],
            [
              -70.84401355076932,
              -32.80813077372627
            ],
            [
              -70.84401490225666,
              -32.80813077372627
            ],
            [
              -70.84401490225666,
              -32.80812513103934
            ],
            [
              -70.844016253744,
              -32.80812513103934
            ],
            [
              -70.844016253744,
              -32.80811948835241
            ],
            [
              -70.84401760523133,
              -32.80811948835241
            ],
            [
              -70.84401760523133,
              -32.80811384566548
            ],
            [
              -70.84401895671867,
              -32.80811384566548
            ],
            [
              -70.84401895671867,
              -32.80810820297856
            ],
            [
              -70.84402030820601,
              -32.80810820297856
            ],
            [
              -70.84402030820601,
              -32.808101431754245
            ],
            [
              -70.84402165969335,
              -32.808101431754245
            ],
            [
              -70.84402165969335,
              -32.808095789067316
            ],
            [
              -70.84402301118068,
              -32.808095789067316
            ],
            [
              -70.84402301118068,
              -32.80809014638039
            ],
            [
              -70.84402436266802,
              -32.80809014638039
            ],
            [
              -70.84402436266802,
              -32.808084503693465
            ],
            [
              -70.84402571415536,
              -32.808084503693465
            ],
            [
              -70.84402571415536,
              -32.808078861006535
            ],
            [
              -70.8440270656427,
              -32.808078861006535
            ],
            [
              -70.8440270656427,
              -32.80807208978222
            ],
            [
              -70.84402841713003,
              -32.80807208978222
            ],
            [
              -70.84402841713003,
              -32.80806644709529
            ],
            [
              -70.84402976861737,
              -32.80806644709529
            ],
            [
              -70.84402976861737,
              -32.80806080440837
            ],
            [
              -70.84403112010472,
              -32.80806080440837
            ],
            [
              -70.84403112010472,
              -32.80805516172144
            ],
            [
              -70.84403247159206,
              -32.80805516172144
            ],
            [
              -70.84403247159206,
              -32.80804951903451
            ],
            [
              -70.84403382307939,
              -32.80804951903451
            ],
            [
              -70.84403382307939,
              -32.8080427478102
            ],
            [
              -70.84403517456673,
              -32.8080427478102
            ],
            [
              -70.84403517456673,
              -32.808037105123276
            ],
            [
              -70.84403652605407,
              -32.808037105123276
            ],
            [
              -70.84403652605407,
              -32.80803146243635
            ],
            [
              -70.84403787754141,
              -32.80803146243635
            ],
            [
              -70.84403787754141,
              -32.80802581974942
            ],
            [
              -70.84403922902874,
              -32.80802581974942
            ],
            [
              -70.84403922902874,
              -32.80802017706249
            ],
            [
              -70.84404058051608,
              -32.80802017706249
            ],
            [
              -70.84404058051608,
              -32.80801340583818
            ],
            [
              -70.84404193200342,
              -32.80801340583818
            ],
            [
              -70.84404193200342,
              -32.80800776315125
            ],
            [
              -70.84404328349076,
              -32.80800776315125
            ],
            [
              -70.84404328349076,
              -32.80800212046432
            ],
            [
              -70.84404463497809,
              -32.80800212046432
            ],
            [
              -70.84404463497809,
              -32.807996477777394
            ],
            [
              -70.84404598646543,
              -32.807996477777394
            ],
            [
              -70.84404598646543,
              -32.80799083509047
            ],
            [
              -70.84404733795277,
              -32.80799083509047
            ],
            [
              -70.84404733795277,
              -32.80798406386616
            ],
            [
              -70.84404868944011,
              -32.80798406386616
            ],
            [
              -70.84404868944011,
              -32.80797842117923
            ],
            [
              -70.84405004092744,
              -32.80797842117923
            ],
            [
              -70.84405004092744,
              -32.8079727784923
            ],
            [
              -70.84405139241478,
              -32.8079727784923
            ],
            [
              -70.84405139241478,
              -32.80796713580538
            ],
            [
              -70.84405274390213,
              -32.80796713580538
            ],
            [
              -70.84405274390213,
              -32.80796149311845
            ],
            [
              -70.84405409538947,
              -32.80796149311845
            ],
            [
              -70.84405409538947,
              -32.807954721894134
            ],
            [
              -70.8440554468768,
              -32.807954721894134
            ],
            [
              -70.8440554468768,
              -32.807949079207205
            ],
            [
              -70.84405679836414,
              -32.807949079207205
            ],
            [
              -70.84405679836414,
              -32.80794343652028
            ],
            [
              -70.84405814985148,
              -32.80794343652028
            ],
            [
              -70.84405814985148,
              -32.807937793833354
            ],
            [
              -70.84405950133882,
              -32.807937793833354
            ],
            [
              -70.84405950133882,
              -32.807932151146424
            ],
            [
              -70.84406085282615,
              -32.807932151146424
            ],
            [
              -70.84406085282615,
              -32.80792537992211
            ],
            [
              -70.84406220431349,
              -32.80792537992211
            ],
            [
              -70.84406220431349,
              -32.80791973723519
            ],
            [
              -70.84406355580083,
              -32.80791973723519
            ],
            [
              -70.84406355580083,
              -32.80791409454826
            ],
            [
              -70.84406490728817,
              -32.80791409454826
            ],
            [
              -70.84406490728817,
              -32.80790845186133
            ],
            [
              -70.8440662587755,
              -32.80790845186133
            ],
            [
              -70.8440662587755,
              -32.8079028091744
            ],
            [
              -70.84406761026284,
              -32.8079028091744
            ],
            [
              -70.84406761026284,
              -32.807896037950094
            ],
            [
              -70.84406896175018,
              -32.807896037950094
            ],
            [
              -70.84406896175018,
              -32.807890395263165
            ],
            [
              -70.84407031323752,
              -32.807890395263165
            ],
            [
              -70.84407031323752,
              -32.807884752576236
            ],
            [
              -70.84407166472485,
              -32.807884752576236
            ],
            [
              -70.84407166472485,
              -32.807879109889306
            ],
            [
              -70.84407301621219,
              -32.807879109889306
            ],
            [
              -70.84407301621219,
              -32.807873467202384
            ],
            [
              -70.84407436769953,
              -32.807873467202384
            ],
            [
              -70.84407436769953,
              -32.80786669597807
            ],
            [
              -70.84407571918688,
              -32.80786669597807
            ],
            [
              -70.84407571918688,
              -32.80786105329114
            ],
            [
              -70.8440770706742,
              -32.80786105329114
            ],
            [
              -70.8440770706742,
              -32.80785541060421
            ],
            [
              -70.84407842216154,
              -32.80785541060421
            ],
            [
              -70.84407842216154,
              -32.80784976791729
            ],
            [
              -70.84407977364889,
              -32.80784976791729
            ],
            [
              -70.84407977364889,
              -32.80784412523036
            ],
            [
              -70.84408112513623,
              -32.80784412523036
            ],
            [
              -70.84408112513623,
              -32.80783735400605
            ],
            [
              -70.84408247662356,
              -32.80783735400605
            ],
            [
              -70.84408247662356,
              -32.80783171131912
            ],
            [
              -70.8440838281109,
              -32.80783171131912
            ],
            [
              -70.8440838281109,
              -32.807826068632195
            ],
            [
              -70.84408517959824,
              -32.807826068632195
            ],
            [
              -70.84408517959824,
              -32.807820425945266
            ],
            [
              -70.84408653108558,
              -32.807820425945266
            ],
            [
              -70.84408653108558,
              -32.80781478325834
            ],
            [
              -70.84408788257291,
              -32.80781478325834
            ],
            [
              -70.84408788257291,
              -32.80780801203402
            ],
            [
              -70.84408923406025,
              -32.80780801203402
            ],
            [
              -70.84408923406025,
              -32.8078023693471
            ],
            [
              -70.84409058554759,
              -32.8078023693471
            ],
            [
              -70.84409058554759,
              -32.80779672666017
            ],
            [
              -70.84409193703493,
              -32.80779672666017
            ],
            [
              -70.84409193703493,
              -32.80779108397324
            ],
            [
              -70.84409328852226,
              -32.80779108397324
            ],
            [
              -70.84409328852226,
              -32.80778544128631
            ],
            [
              -70.8440946400096,
              -32.80778544128631
            ],
            [
              -70.8440946400096,
              -32.80777867006201
            ],
            [
              -70.84409599149694,
              -32.80777867006201
            ],
            [
              -70.84409599149694,
              -32.80777302737508
            ],
            [
              -70.84409734298428,
              -32.80777302737508
            ],
            [
              -70.84409734298428,
              -32.80776738468815
            ],
            [
              -70.84409869447161,
              -32.80776738468815
            ],
            [
              -70.84409869447161,
              -32.80776174200122
            ],
            [
              -70.84410004595895,
              -32.80776174200122
            ],
            [
              -70.84410004595895,
              -32.8077560993143
            ],
            [
              -70.8441013974463,
              -32.8077560993143
            ],
            [
              -70.8441013974463,
              -32.80774932808998
            ],
            [
              -70.84410274893364,
              -32.80774932808998
            ],
            [
              -70.84410274893364,
              -32.807743685403054
            ],
            [
              -70.84410410042096,
              -32.807743685403054
            ],
            [
              -70.84410410042096,
              -32.807738042716124
            ],
            [
              -70.8441054519083,
              -32.807738042716124
            ],
            [
              -70.8441054519083,
              -32.8077324000292
            ],
            [
              -70.84410680339565,
              -32.8077324000292
            ],
            [
              -70.84410680339565,
              -32.80772675734227
            ],
            [
              -70.84410815488299,
              -32.80772675734227
            ],
            [
              -70.84410815488299,
              -32.80771998611796
            ],
            [
              -70.84410950637032,
              -32.80771998611796
            ],
            [
              -70.84410950637032,
              -32.80771434343103
            ],
            [
              -70.84411085785766,
              -32.80771434343103
            ],
            [
              -70.84411085785766,
              -32.80770870074411
            ],
            [
              -70.844112209345,
              -32.80770870074411
            ],
            [
              -70.844112209345,
              -32.80770305805718
            ],
            [
              -70.84411356083234,
              -32.80770305805718
            ],
            [
              -70.84411356083234,
              -32.80769741537025
            ],
            [
              -70.84411491231967,
              -32.80769741537025
            ],
            [
              -70.84411491231967,
              -32.807690644145936
            ],
            [
              -70.84411626380701,
              -32.807690644145936
            ],
            [
              -70.84411626380701,
              -32.807685001459014
            ],
            [
              -70.84411761529435,
              -32.807685001459014
            ],
            [
              -70.84411761529435,
              -32.807679358772084
            ],
            [
              -70.84411896678169,
              -32.807679358772084
            ],
            [
              -70.84411896678169,
              -32.807673716085155
            ],
            [
              -70.84412031826902,
              -32.807673716085155
            ],
            [
              -70.84412031826902,
              -32.807668073398226
            ],
            [
              -70.84412166975636,
              -32.807668073398226
            ],
            [
              -70.84412166975636,
              -32.80766130217392
            ],
            [
              -70.8441230212437,
              -32.80766130217392
            ],
            [
              -70.8441230212437,
              -32.80765565948699
            ],
            [
              -70.84412437273105,
              -32.80765565948699
            ],
            [
              -70.84412437273105,
              -32.80765001680006
            ],
            [
              -70.84412572421837,
              -32.80765001680006
            ],
            [
              -70.84412572421837,
              -32.80764437411313
            ],
            [
              -70.84412707570571,
              -32.80764437411313
            ],
            [
              -70.84412707570571,
              -32.80763873142621
            ],
            [
              -70.84412842719306,
              -32.80763873142621
            ],
            [
              -70.84412842719306,
              -32.807631960201896
            ],
            [
              -70.8441297786804,
              -32.807631960201896
            ],
            [
              -70.8441297786804,
              -32.807626317514966
            ],
            [
              -70.84413113016772,
              -32.807626317514966
            ],
            [
              -70.84413113016772,
              -32.80762067482804
            ],
            [
              -70.84413248165507,
              -32.80762067482804
            ],
            [
              -70.84413248165507,
              -32.807615032141115
            ],
            [
              -70.84413383314241,
              -32.807615032141115
            ],
            [
              -70.84413383314241,
              -32.807609389454186
            ],
            [
              -70.84413518462975,
              -32.807609389454186
            ],
            [
              -70.84413518462975,
              -32.80760261822987
            ],
            [
              -70.84413653611708,
              -32.80760261822987
            ],
            [
              -70.84413653611708,
              -32.80759697554294
            ],
            [
              -70.84413788760442,
              -32.80759697554294
            ],
            [
              -70.84413788760442,
              -32.80759133285602
            ],
            [
              -70.84413923909176,
              -32.80759133285602
            ],
            [
              -70.84413923909176,
              -32.80758569016909
            ],
            [
              -70.8441405905791,
              -32.80758569016909
            ],
            [
              -70.8441405905791,
              -32.80758004748216
            ],
            [
              -70.84414194206643,
              -32.80758004748216
            ],
            [
              -70.84414194206643,
              -32.80757327625785
            ],
            [
              -70.84414329355377,
              -32.80757327625785
            ],
            [
              -70.84414329355377,
              -32.807567633570926
            ],
            [
              -70.84414464504111,
              -32.807567633570926
            ],
            [
              -70.84414464504111,
              -32.807561990884
            ],
            [
              -70.84414599652845,
              -32.807561990884
            ],
            [
              -70.84414599652845,
              -32.80755634819707
            ],
            [
              -70.84414734801578,
              -32.80755634819707
            ],
            [
              -70.84414734801578,
              -32.80755070551014
            ],
            [
              -70.84414869950312,
              -32.80755070551014
            ],
            [
              -70.84414869950312,
              -32.80754393428583
            ],
            [
              -70.84415005099046,
              -32.80754393428583
            ],
            [
              -70.84415005099046,
              -32.8075382915989
            ],
            [
              -70.8441514024778,
              -32.8075382915989
            ],
            [
              -70.8441514024778,
              -32.80753264891197
            ],
            [
              -70.84415275396513,
              -32.80753264891197
            ],
            [
              -70.84415275396513,
              -32.807527006225044
            ],
            [
              -70.84415410545247,
              -32.807527006225044
            ],
            [
              -70.84415410545247,
              -32.80752136353812
            ],
            [
              -70.84415545693982,
              -32.80752136353812
            ],
            [
              -70.84415545693982,
              -32.80751459231381
            ],
            [
              -70.84415680842716,
              -32.80751459231381
            ],
            [
              -70.84415680842716,
              -32.80750894962688
            ],
            [
              -70.84415815991449,
              -32.80750894962688
            ],
            [
              -70.84415815991449,
              -32.80750330693995
            ],
            [
              -70.84415951140183,
              -32.80750330693995
            ],
            [
              -70.84415951140183,
              -32.80749766425303
            ],
            [
              -70.84416086288917,
              -32.80749766425303
            ],
            [
              -70.84416086288917,
              -32.8074920215661
            ],
            [
              -70.84416221437651,
              -32.8074920215661
            ],
            [
              -70.84416221437651,
              -32.807485250341784
            ],
            [
              -70.84416356586384,
              -32.807485250341784
            ],
            [
              -70.84416356586384,
              -32.807479607654855
            ],
            [
              -70.84416491735118,
              -32.807479607654855
            ],
            [
              -70.84416491735118,
              -32.80747396496793
            ],
            [
              -70.84416626883852,
              -32.80747396496793
            ],
            [
              -70.84416626883852,
              -32.807468322281004
            ],
            [
              -70.84416762032586,
              -32.807468322281004
            ],
            [
              -70.84416762032586,
              -32.807462679594074
            ],
            [
              -70.84416897181319,
              -32.807462679594074
            ],
            [
              -70.84416897181319,
              -32.80745590836976
            ],
            [
              -70.84417032330053,
              -32.80745590836976
            ],
            [
              -70.84417032330053,
              -32.80745026568284
            ],
            [
              -70.84417167478787,
              -32.80745026568284
            ],
            [
              -70.84417167478787,
              -32.80744462299591
            ],
            [
              -70.84417302627521,
              -32.80744462299591
            ],
            [
              -70.84417302627521,
              -32.80743898030898
            ],
            [
              -70.84417437776256,
              -32.80743898030898
            ],
            [
              -70.84417437776256,
              -32.807432209084666
            ],
            [
              -70.84417572924988,
              -32.807432209084666
            ],
            [
              -70.84417572924988,
              -32.80742656639774
            ],
            [
              -70.84417708073723,
              -32.80742656639774
            ],
            [
              -70.84417708073723,
              -32.807420923710815
            ],
            [
              -70.84417843222457,
              -32.807420923710815
            ],
            [
              -70.84417843222457,
              -32.807415281023886
            ],
            [
              -70.84417978371191,
              -32.807415281023886
            ],
            [
              -70.84417978371191,
              -32.80740963833696
            ],
            [
              -70.84418113519924,
              -32.80740963833696
            ],
            [
              -70.84418113519924,
              -32.80740286711264
            ],
            [
              -70.84418248668658,
              -32.80740286711264
            ],
            [
              -70.84418248668658,
              -32.80739722442572
            ],
            [
              -70.84418383817392,
              -32.80739722442572
            ],
            [
              -70.84418383817392,
              -32.80739158173879
            ],
            [
              -70.84418518966126,
              -32.80739158173879
            ],
            [
              -70.84418518966126,
              -32.80738593905186
            ],
            [
              -70.84418654114859,
              -32.80738593905186
            ],
            [
              -70.84418654114859,
              -32.80738029636494
            ],
            [
              -70.84418789263593,
              -32.80738029636494
            ],
            [
              -70.84418789263593,
              -32.807373525140626
            ],
            [
              -70.84418924412327,
              -32.807373525140626
            ],
            [
              -70.84418924412327,
              -32.8073678824537
            ],
            [
              -70.84419059561061,
              -32.8073678824537
            ],
            [
              -70.84419059561061,
              -32.80736223976677
            ],
            [
              -70.84419194709794,
              -32.80736223976677
            ],
            [
              -70.84419194709794,
              -32.807356597079846
            ],
            [
              -70.84419329858528,
              -32.807356597079846
            ],
            [
              -70.84419329858528,
              -32.807350954392916
            ],
            [
              -70.84419465007262,
              -32.807350954392916
            ],
            [
              -70.84419465007262,
              -32.8073441831686
            ],
            [
              -70.84419600155996,
              -32.8073441831686
            ],
            [
              -70.84419600155996,
              -32.80733854048167
            ],
            [
              -70.84419735304729,
              -32.80733854048167
            ],
            [
              -70.84419735304729,
              -32.807332897794744
            ],
            [
              -70.84419870453463,
              -32.807332897794744
            ],
            [
              -70.84419870453463,
              -32.80732725510782
            ],
            [
              -70.84420005602198,
              -32.80732725510782
            ],
            [
              -70.84420005602198,
              -32.80732161242089
            ],
            [
              -70.84420140750932,
              -32.80732161242089
            ],
            [
              -70.84420140750932,
              -32.80731484119658
            ],
            [
              -70.84420275899664,
              -32.80731484119658
            ],
            [
              -70.84420275899664,
              -32.80730919850965
            ],
            [
              -70.84420411048399,
              -32.80730919850965
            ],
            [
              -70.84420411048399,
              -32.80730355582273
            ],
            [
              -70.84420546197133,
              -32.80730355582273
            ],
            [
              -70.84420546197133,
              -32.8072979131358
            ],
            [
              -70.84420681345867,
              -32.8072979131358
            ],
            [
              -70.84420681345867,
              -32.80729227044887
            ],
            [
              -70.844208164946,
              -32.80729227044887
            ],
            [
              -70.844208164946,
              -32.807285499224555
            ],
            [
              -70.84420951643334,
              -32.807285499224555
            ],
            [
              -70.84420951643334,
              -32.80727985653763
            ],
            [
              -70.84421086792068,
              -32.80727985653763
            ],
            [
              -70.84421086792068,
              -32.807274213850704
            ],
            [
              -70.84421221940802,
              -32.807274213850704
            ],
            [
              -70.84421221940802,
              -32.807268571163775
            ],
            [
              -70.84421357089535,
              -32.807268571163775
            ],
            [
              -70.84421357089535,
              -32.80726292847685
            ],
            [
              -70.84421492238269,
              -32.80726292847685
            ],
            [
              -70.84421492238269,
              -32.80725615725254
            ],
            [
              -70.84421627387003,
              -32.80725615725254
            ],
            [
              -70.84421627387003,
              -32.80725051456561
            ],
            [
              -70.84421762535737,
              -32.80725051456561
            ],
            [
              -70.84421762535737,
              -32.80724487187868
            ],
            [
              -70.8442189768447,
              -32.80724487187868
            ],
            [
              -70.8442189768447,
              -32.80723922919175
            ],
            [
              -70.84422032833204,
              -32.80723922919175
            ],
            [
              -70.84422032833204,
              -32.80723358650483
            ],
            [
              -70.84422167981938,
              -32.80723358650483
            ],
            [
              -70.84422167981938,
              -32.807226815280515
            ],
            [
              -70.84422303130673,
              -32.807226815280515
            ],
            [
              -70.84422303130673,
              -32.807221172593586
            ],
            [
              -70.84422438279405,
              -32.807221172593586
            ],
            [
              -70.84422438279405,
              -32.80721552990666
            ],
            [
              -70.8442257342814,
              -32.80721552990666
            ],
            [
              -70.8442257342814,
              -32.807209887219734
            ],
            [
              -70.84422708576874,
              -32.807209887219734
            ],
            [
              -70.84422708576874,
              -32.807204244532805
            ],
            [
              -70.84422843725608,
              -32.807204244532805
            ],
            [
              -70.84422843725608,
              -32.80719747330849
            ],
            [
              -70.8442297887434,
              -32.80719747330849
            ],
            [
              -70.8442297887434,
              -32.80719183062156
            ],
            [
              -70.84423114023075,
              -32.80719183062156
            ],
            [
              -70.84423114023075,
              -32.80718618793464
            ],
            [
              -70.84423249171809,
              -32.80718618793464
            ],
            [
              -70.84423249171809,
              -32.80718054524771
            ],
            [
              -70.84423384320543,
              -32.80718054524771
            ],
            [
              -70.84423384320543,
              -32.80717490256078
            ],
            [
              -70.84423519469276,
              -32.80717490256078
            ],
            [
              -70.84423519469276,
              -32.80716813133647
            ],
            [
              -70.8442365461801,
              -32.80716813133647
            ],
            [
              -70.8442365461801,
              -32.807162488649546
            ],
            [
              -70.84423789766744,
              -32.807162488649546
            ],
            [
              -70.84423789766744,
              -32.807156845962616
            ],
            [
              -70.84423924915478,
              -32.807156845962616
            ],
            [
              -70.84423924915478,
              -32.80715120327569
            ],
            [
              -70.84424060064211,
              -32.80715120327569
            ],
            [
              -70.84424060064211,
              -32.80714556058876
            ],
            [
              -70.84424195212945,
              -32.80714556058876
            ],
            [
              -70.84424195212945,
              -32.80713878936445
            ],
            [
              -70.84424330361679,
              -32.80713878936445
            ],
            [
              -70.84424330361679,
              -32.80713314667752
            ],
            [
              -70.84424465510413,
              -32.80713314667752
            ],
            [
              -70.84424465510413,
              -32.80712750399059
            ],
            [
              -70.84424600659146,
              -32.80712750399059
            ],
            [
              -70.84424600659146,
              -32.80712186130366
            ],
            [
              -70.8442473580788,
              -32.80712186130366
            ],
            [
              -70.8442473580788,
              -32.80711621861674
            ],
            [
              -70.84424870956614,
              -32.80711621861674
            ],
            [
              -70.84424870956614,
              -32.80710944739243
            ],
            [
              -70.84425006105349,
              -32.80710944739243
            ],
            [
              -70.84425006105349,
              -32.8071038047055
            ],
            [
              -70.84425141254081,
              -32.8071038047055
            ],
            [
              -70.84425141254081,
              -32.80709816201857
            ],
            [
              -70.84425276402816,
              -32.80709816201857
            ],
            [
              -70.84425276402816,
              -32.80709251933165
            ],
            [
              -70.8442541155155,
              -32.80709251933165
            ],
            [
              -70.8442541155155,
              -32.80708687664472
            ],
            [
              -70.84425546700284,
              -32.80708687664472
            ],
            [
              -70.84425546700284,
              -32.807080105420404
            ],
            [
              -70.84425681849017,
              -32.807080105420404
            ],
            [
              -70.84425681849017,
              -32.807074462733475
            ],
            [
              -70.84425816997751,
              -32.807074462733475
            ],
            [
              -70.84425816997751,
              -32.80706882004655
            ],
            [
              -70.84425952146485,
              -32.80706882004655
            ],
            [
              -70.84425952146485,
              -32.80706317735962
            ],
            [
              -70.84426087295219,
              -32.80706317735962
            ],
            [
              -70.84426087295219,
              -32.807057534672694
            ],
            [
              -70.84426222443952,
              -32.807057534672694
            ],
            [
              -70.84426222443952,
              -32.80705076344838
            ],
            [
              -70.84426357592686,
              -32.80705076344838
            ],
            [
              -70.84426357592686,
              -32.80704512076146
            ],
            [
              -70.8442649274142,
              -32.80704512076146
            ],
            [
              -70.8442649274142,
              -32.80703947807453
            ],
            [
              -70.84426627890154,
              -32.80703947807453
            ],
            [
              -70.84426627890154,
              -32.8070338353876
            ],
            [
              -70.84426763038887,
              -32.8070338353876
            ],
            [
              -70.84426763038887,
              -32.80702819270067
            ],
            [
              -70.84426898187621,
              -32.80702819270067
            ],
            [
              -70.84426898187621,
              -32.807021421476364
            ],
            [
              -70.84427033336355,
              -32.807021421476364
            ],
            [
              -70.84427033336355,
              -32.807015778789435
            ],
            [
              -70.8442716848509,
              -32.807015778789435
            ],
            [
              -70.8442716848509,
              -32.807010136102505
            ],
            [
              -70.84427303633822,
              -32.807010136102505
            ],
            [
              -70.84427303633822,
              -32.807004493415576
            ],
            [
              -70.84427438782556,
              -32.807004493415576
            ],
            [
              -70.84427438782556,
              -32.806998850728654
            ],
            [
              -70.8442757393129,
              -32.806998850728654
            ],
            [
              -70.8442757393129,
              -32.80699207950434
            ],
            [
              -70.84427709080025,
              -32.80699207950434
            ],
            [
              -70.84427709080025,
              -32.80698643681741
            ],
            [
              -70.84427844228757,
              -32.80698643681741
            ],
            [
              -70.84427844228757,
              -32.80698079413048
            ],
            [
              -70.84427979377492,
              -32.80698079413048
            ],
            [
              -70.84427979377492,
              -32.80697515144356
            ],
            [
              -70.84428114526226,
              -32.80697515144356
            ],
            [
              -70.84428114526226,
              -32.80696950875663
            ],
            [
              -70.8442824967496,
              -32.80696950875663
            ],
            [
              -70.8442824967496,
              -32.80696273753232
            ],
            [
              -70.84428384823693,
              -32.80696273753232
            ],
            [
              -70.84428384823693,
              -32.80695709484539
            ],
            [
              -70.84428519972427,
              -32.80695709484539
            ],
            [
              -70.84428519972427,
              -32.806951452158465
            ],
            [
              -70.84428655121161,
              -32.806951452158465
            ],
            [
              -70.84428655121161,
              -32.806945809471536
            ],
            [
              -70.84428790269895,
              -32.806945809471536
            ],
            [
              -70.84428790269895,
              -32.80694016678461
            ],
            [
              -70.84428925418628,
              -32.80694016678461
            ],
            [
              -70.84428925418628,
              -32.80693339556029
            ],
            [
              -70.84429060567362,
              -32.80693339556029
            ],
            [
              -70.84429060567362,
              -32.80692775287337
            ],
            [
              -70.84429195716096,
              -32.80692775287337
            ],
            [
              -70.84429195716096,
              -32.80692211018644
            ],
            [
              -70.8442933086483,
              -32.80692211018644
            ],
            [
              -70.8442933086483,
              -32.80691646749951
            ],
            [
              -70.84429466013563,
              -32.80691646749951
            ],
            [
              -70.84429466013563,
              -32.80691082481258
            ],
            [
              -70.84429601162297,
              -32.80691082481258
            ],
            [
              -70.84429601162297,
              -32.806904053588276
            ],
            [
              -70.84429736311031,
              -32.806904053588276
            ],
            [
              -70.84429736311031,
              -32.80689841090135
            ],
            [
              -70.84429871459766,
              -32.80689841090135
            ],
            [
              -70.84429871459766,
              -32.80689276821442
            ],
            [
              -70.84430006608498,
              -32.80689276821442
            ],
            [
              -70.84430006608498,
              -32.80688825406488
            ],
            [
              -70.84430141757232,
              -32.80688825406488
            ],
            [
              -70.84430141757232,
              -32.80688261137795
            ],
            [
              -70.84430276905967,
              -32.80688261137795
            ],
            [
              -70.84430276905967,
              -32.80687696869102
            ],
            [
              -70.84430412054701,
              -32.80687696869102
            ],
            [
              -70.84430412054701,
              -32.806872454541484
            ],
            [
              -70.84430547203434,
              -32.806872454541484
            ],
            [
              -70.84430547203434,
              -32.806866811854555
            ],
            [
              -70.84430682352168,
              -32.806866811854555
            ],
            [
              -70.84430682352168,
              -32.806861169167625
            ],
            [
              -70.84430817500902,
              -32.806861169167625
            ],
            [
              -70.84430817500902,
              -32.806855526480696
            ],
            [
              -70.84430952649636,
              -32.806855526480696
            ],
            [
              -70.84430952649636,
              -32.80685101233116
            ],
            [
              -70.84431087798369,
              -32.80685101233116
            ],
            [
              -70.84431087798369,
              -32.80684536964423
            ],
            [
              -70.84431222947103,
              -32.80684536964423
            ],
            [
              -70.84431222947103,
              -32.8068397269573
            ],
            [
              -70.84431358095837,
              -32.8068397269573
            ],
            [
              -70.84431358095837,
              -32.80683521280776
            ],
            [
              -70.84431493244571,
              -32.80683521280776
            ],
            [
              -70.84431493244571,
              -32.80682957012083
            ],
            [
              -70.84431628393304,
              -32.80682957012083
            ],
            [
              -70.84431628393304,
              -32.8068239274339
            ],
            [
              -70.84431763542038,
              -32.8068239274339
            ],
            [
              -70.84431763542038,
              -32.80681828474698
            ],
            [
              -70.84431898690772,
              -32.80681828474698
            ],
            [
              -70.84431898690772,
              -32.80681377059744
            ],
            [
              -70.84432033839506,
              -32.80681377059744
            ],
            [
              -70.84432033839506,
              -32.80680812791051
            ],
            [
              -70.84432168988239,
              -32.80680812791051
            ],
            [
              -70.84432168988239,
              -32.806802485223585
            ],
            [
              -70.84432304136973,
              -32.806802485223585
            ],
            [
              -70.84432304136973,
              -32.80679797107404
            ],
            [
              -70.84432439285708,
              -32.80679797107404
            ],
            [
              -70.84432439285708,
              -32.80679232838711
            ],
            [
              -70.84432574434442,
              -32.80679232838711
            ],
            [
              -70.84432574434442,
              -32.80678668570019
            ],
            [
              -70.84432709583174,
              -32.80678668570019
            ],
            [
              -70.84432709583174,
              -32.806782171550644
            ],
            [
              -70.84432844731909,
              -32.806782171550644
            ],
            [
              -70.84432844731909,
              -32.806776528863715
            ],
            [
              -70.84432979880643,
              -32.806776528863715
            ],
            [
              -70.84432979880643,
              -32.80677088617679
            ],
            [
              -70.84433115029377,
              -32.80677088617679
            ],
            [
              -70.84433115029377,
              -32.80676524348986
            ],
            [
              -70.8443325017811,
              -32.80676524348986
            ],
            [
              -70.8443325017811,
              -32.80676072934032
            ],
            [
              -70.84433385326844,
              -32.80676072934032
            ],
            [
              -70.84433385326844,
              -32.80675508665339
            ],
            [
              -70.84433520475578,
              -32.80675508665339
            ],
            [
              -70.84433520475578,
              -32.80674944396647
            ],
            [
              -70.84433655624312,
              -32.80674944396647
            ],
            [
              -70.84433655624312,
              -32.80674492981692
            ],
            [
              -70.84433790773045,
              -32.80674492981692
            ],
            [
              -70.84433790773045,
              -32.80673928712999
            ],
            [
              -70.84433925921779,
              -32.80673928712999
            ],
            [
              -70.84433925921779,
              -32.80673364444307
            ],
            [
              -70.84434061070513,
              -32.80673364444307
            ],
            [
              -70.84434061070513,
              -32.806729130293526
            ],
            [
              -70.84434196219247,
              -32.806729130293526
            ],
            [
              -70.84434196219247,
              -32.8067234876066
            ],
            [
              -70.8443433136798,
              -32.8067234876066
            ],
            [
              -70.8443433136798,
              -32.806717844919675
            ],
            [
              -70.84434466516714,
              -32.806717844919675
            ],
            [
              -70.84434466516714,
              -32.806712202232745
            ],
            [
              -70.84434601665448,
              -32.806712202232745
            ],
            [
              -70.84434601665448,
              -32.8067076880832
            ],
            [
              -70.84434736814183,
              -32.8067076880832
            ],
            [
              -70.84434736814183,
              -32.80670204539628
            ],
            [
              -70.84434871962915,
              -32.80670204539628
            ],
            [
              -70.84434871962915,
              -32.80669640270935
            ],
            [
              -70.8443500711165,
              -32.80669640270935
            ],
            [
              -70.8443500711165,
              -32.806691888559804
            ],
            [
              -70.84435142260384,
              -32.806691888559804
            ],
            [
              -70.84435142260384,
              -32.80668624587288
            ],
            [
              -70.84435277409118,
              -32.80668624587288
            ],
            [
              -70.84435277409118,
              -32.80668060318595
            ],
            [
              -70.8443541255785,
              -32.80668060318595
            ],
            [
              -70.8443541255785,
              -32.80667496049902
            ],
            [
              -70.84435547706585,
              -32.80667496049902
            ],
            [
              -70.84435547706585,
              -32.806670446349486
            ],
            [
              -70.84435682855319,
              -32.806670446349486
            ],
            [
              -70.84435682855319,
              -32.80666480366256
            ],
            [
              -70.84435818004053,
              -32.80666480366256
            ],
            [
              -70.84435818004053,
              -32.80665916097563
            ],
            [
              -70.84435953152786,
              -32.80665916097563
            ],
            [
              -70.84435953152786,
              -32.80665464682609
            ],
            [
              -70.8443608830152,
              -32.80665464682609
            ],
            [
              -70.8443608830152,
              -32.80664900413916
            ],
            [
              -70.84436223450254,
              -32.80664900413916
            ],
            [
              -70.84436223450254,
              -32.80664336145223
            ],
            [
              -70.84436358598988,
              -32.80664336145223
            ],
            [
              -70.84436358598988,
              -32.80664223291485
            ],
            [
              -70.84436899193923,
              -32.80664223291485
            ],
            [
              -70.84436899193923,
              -32.80664110437746
            ],
            [
              -70.84437439788859,
              -32.80664110437746
            ],
            [
              -70.84437439788859,
              -32.80663997584008
            ],
            [
              -70.84438115532527,
              -32.80663997584008
            ],
            [
              -70.84438115532527,
              -32.80663884730269
            ],
            [
              -70.84438791276196,
              -32.80663884730269
            ],
            [
              -70.84438791276196,
              -32.8066377187653
            ],
            [
              -70.84439467019865,
              -32.8066377187653
            ],
            [
              -70.84439467019865,
              -32.80663659022792
            ],
            [
              -70.844400076148,
              -32.80663659022792
            ],
            [
              -70.844400076148,
              -32.80663546169053
            ],
            [
              -70.8444068335847,
              -32.80663546169053
            ],
            [
              -70.8444068335847,
              -32.80663433315315
            ],
            [
              -70.84441359102138,
              -32.80663433315315
            ],
            [
              -70.84441359102138,
              -32.806633204615764
            ],
            [
              -70.84442034845807,
              -32.806633204615764
            ],
            [
              -70.84442034845807,
              -32.80663207607838
            ],
            [
              -70.84442710589477,
              -32.80663207607838
            ],
            [
              -70.84442710589477,
              -32.806630947540995
            ],
            [
              -70.84443251184412,
              -32.806630947540995
            ],
            [
              -70.84443251184412,
              -32.806629819003604
            ],
            [
              -70.84443926928081,
              -32.806629819003604
            ],
            [
              -70.84443926928081,
              -32.80662869046622
            ],
            [
              -70.84444602671749,
              -32.80662869046622
            ],
            [
              -70.84444602671749,
              -32.806627561928835
            ],
            [
              -70.84445278415419,
              -32.806627561928835
            ],
            [
              -70.84445278415419,
              -32.80662643339145
            ],
            [
              -70.84445819010354,
              -32.80662643339145
            ],
            [
              -70.84445819010354,
              -32.806625304854066
            ],
            [
              -70.84446494754023,
              -32.806625304854066
            ],
            [
              -70.84446494754023,
              -32.80662417631668
            ],
            [
              -70.84447170497693,
              -32.80662417631668
            ],
            [
              -70.84447170497693,
              -32.8066230477793
            ],
            [
              -70.84447846241362,
              -32.8066230477793
            ],
            [
              -70.84447846241362,
              -32.806621919241906
            ],
            [
              -70.8444852198503,
              -32.806621919241906
            ],
            [
              -70.8444852198503,
              -32.80662079070452
            ],
            [
              -70.84449062579965,
              -32.80662079070452
            ],
            [
              -70.84449062579965,
              -32.80661966216714
            ],
            [
              -70.84449738323634,
              -32.80661966216714
            ],
            [
              -70.84449738323634,
              -32.80661853362975
            ],
            [
              -70.84450414067304,
              -32.80661853362975
            ],
            [
              -70.84450414067304,
              -32.80661740509237
            ],
            [
              -70.84451089810973,
              -32.80661740509237
            ],
            [
              -70.84451089810973,
              -32.80661627655498
            ],
            [
              -70.84451630405908,
              -32.80661627655498
            ],
            [
              -70.84451630405908,
              -32.8066151480176
            ],
            [
              -70.84452306149576,
              -32.8066151480176
            ],
            [
              -70.84452306149576,
              -32.80661401948021
            ],
            [
              -70.84452981893246,
              -32.80661401948021
            ],
            [
              -70.84452981893246,
              -32.80661289094282
            ],
            [
              -70.84453657636915,
              -32.80661289094282
            ],
            [
              -70.84453657636915,
              -32.80661176240544
            ],
            [
              -70.8445419823185,
              -32.80661176240544
            ],
            [
              -70.8445419823185,
              -32.806610633868054
            ],
            [
              -70.8445487397552,
              -32.806610633868054
            ],
            [
              -70.8445487397552,
              -32.80660950533067
            ],
            [
              -70.84455549719188,
              -32.80660950533067
            ],
            [
              -70.84455549719188,
              -32.806608376793285
            ],
            [
              -70.84456225462857,
              -32.806608376793285
            ],
            [
              -70.84456225462857,
              -32.8066072482559
            ],
            [
              -70.84456901206526,
              -32.8066072482559
            ],
            [
              -70.84456901206526,
              -32.80660611971851
            ],
            [
              -70.84457441801462,
              -32.80660611971851
            ],
            [
              -70.84457441801462,
              -32.806604991181125
            ],
            [
              -70.84458117545131,
              -32.806604991181125
            ],
            [
              -70.84458117545131,
              -32.80660386264374
            ],
            [
              -70.84458793288799,
              -32.80660386264374
            ],
            [
              -70.84458793288799,
              -32.806602734106356
            ],
            [
              -70.84459469032468,
              -32.806602734106356
            ],
            [
              -70.84459469032468,
              -32.80660160556897
            ],
            [
              -70.84460009627404,
              -32.80660160556897
            ],
            [
              -70.84460009627404,
              -32.80660047703159
            ],
            [
              -70.84460685371073,
              -32.80660047703159
            ],
            [
              -70.84460685371073,
              -32.8065993484942
            ],
            [
              -70.84461361114742,
              -32.8065993484942
            ],
            [
              -70.84461361114742,
              -32.80659821995681
            ],
            [
              -70.8446203685841,
              -32.80659821995681
            ],
            [
              -70.8446203685841,
              -32.80659709141943
            ],
            [
              -70.8446271260208,
              -32.80659709141943
            ],
            [
              -70.8446271260208,
              -32.80659596288204
            ],
            [
              -70.84463253197015,
              -32.80659596288204
            ],
            [
              -70.84463253197015,
              -32.80659483434466
            ],
            [
              -70.84463928940684,
              -32.80659483434466
            ],
            [
              -70.84463928940684,
              -32.80659370580727
            ],
            [
              -70.84464604684354,
              -32.80659370580727
            ],
            [
              -70.84464604684354,
              -32.80659257726989
            ],
            [
              -70.84465280428022,
              -32.80659257726989
            ],
            [
              -70.84465280428022,
              -32.806591448732505
            ],
            [
              -70.84465821022957,
              -32.806591448732505
            ],
            [
              -70.84465821022957,
              -32.80659032019511
            ],
            [
              -70.84466496766626,
              -32.80659032019511
            ],
            [
              -70.84466496766626,
              -32.80658919165773
            ],
            [
              -70.84467172510296,
              -32.80658919165773
            ],
            [
              -70.84467172510296,
              -32.806588063120344
            ],
            [
              -70.84467848253965,
              -32.806588063120344
            ],
            [
              -70.84467848253965,
              -32.80658693458296
            ],
            [
              -70.844683888489,
              -32.80658693458296
            ],
            [
              -70.844683888489,
              -32.806585806045575
            ],
            [
              -70.84469064592568,
              -32.806585806045575
            ],
            [
              -70.84469064592568,
              -32.80658467750819
            ],
            [
              -70.84469740336237,
              -32.80658467750819
            ],
            [
              -70.84469740336237,
              -32.806583548970806
            ],
            [
              -70.84470416079907,
              -32.806583548970806
            ],
            [
              -70.84470416079907,
              -32.806582420433415
            ],
            [
              -70.84471091823576,
              -32.806582420433415
            ],
            [
              -70.84471091823576,
              -32.80658129189603
            ],
            [
              -70.84471632418511,
              -32.80658129189603
            ],
            [
              -70.84471632418511,
              -32.806580163358646
            ],
            [
              -70.8447230816218,
              -32.806580163358646
            ],
            [
              -70.8447230816218,
              -32.80657903482126
            ],
            [
              -70.84472983905849,
              -32.80657903482126
            ],
            [
              -70.84472983905849,
              -32.80657790628388
            ],
            [
              -70.84473659649518,
              -32.80657790628388
            ],
            [
              -70.84473659649518,
              -32.80657677774649
            ],
            [
              -70.84474200244453,
              -32.80657677774649
            ],
            [
              -70.84474200244453,
              -32.80657564920911
            ],
            [
              -70.84474875988123,
              -32.80657564920911
            ],
            [
              -70.84474875988123,
              -32.80657452067172
            ],
            [
              -70.84475551731792,
              -32.80657452067172
            ],
            [
              -70.84475551731792,
              -32.80657339213433
            ],
            [
              -70.8447622747546,
              -32.80657339213433
            ],
            [
              -70.8447622747546,
              -32.80657226359695
            ],
            [
              -70.8447690321913,
              -32.80657226359695
            ],
            [
              -70.8447690321913,
              -32.80657113505956
            ],
            [
              -70.84477443814065,
              -32.80657113505956
            ],
            [
              -70.84477443814065,
              -32.80657000652218
            ],
            [
              -70.84478119557734,
              -32.80657000652218
            ],
            [
              -70.84478119557734,
              -32.806568877984795
            ],
            [
              -70.84478795301403,
              -32.806568877984795
            ],
            [
              -70.84478795301403,
              -32.8065677494474
            ],
            [
              -70.84479471045071,
              -32.8065677494474
            ],
            [
              -70.84479471045071,
              -32.80656662091002
            ],
            [
              -70.84480011640007,
              -32.80656662091002
            ],
            [
              -70.84480011640007,
              -32.806565492372634
            ],
            [
              -70.84480687383676,
              -32.806565492372634
            ],
            [
              -70.84480687383676,
              -32.80656436383525
            ],
            [
              -70.84481363127345,
              -32.80656436383525
            ],
            [
              -70.84481363127345,
              -32.806563235297865
            ],
            [
              -70.84482038871015,
              -32.806563235297865
            ],
            [
              -70.84482038871015,
              -32.80656210676048
            ],
            [
              -70.8448257946595,
              -32.80656210676048
            ],
            [
              -70.8448257946595,
              -32.8065609782231
            ],
            [
              -70.84483255209618,
              -32.8065609782231
            ],
            [
              -70.84483255209618,
              -32.806559849685705
            ],
            [
              -70.84483930953287,
              -32.806559849685705
            ],
            [
              -70.84483930953287,
              -32.80655872114832
            ],
            [
              -70.84484606696957,
              -32.80655872114832
            ],
            [
              -70.84484606696957,
              -32.806557592610936
            ],
            [
              -70.84485282440626,
              -32.806557592610936
            ],
            [
              -70.84485282440626,
              -32.80655646407355
            ],
            [
              -70.84485823035561,
              -32.80655646407355
            ],
            [
              -70.84485823035561,
              -32.80655533553617
            ],
            [
              -70.84486498779229,
              -32.80655533553617
            ],
            [
              -70.84486498779229,
              -32.80655420699878
            ],
            [
              -70.84487174522899,
              -32.80655420699878
            ],
            [
              -70.84487174522899,
              -32.8065530784614
            ],
            [
              -70.84487850266568,
              -32.8065530784614
            ],
            [
              -70.84487850266568,
              -32.80655194992401
            ],
            [
              -70.84488390861503,
              -32.80655194992401
            ],
            [
              -70.84488390861503,
              -32.80655082138662
            ],
            [
              -70.84489066605173,
              -32.80655082138662
            ],
            [
              -70.84489066605173,
              -32.80654969284924
            ],
            [
              -70.8448974234884,
              -32.80654969284924
            ],
            [
              -70.8448974234884,
              -32.80654856431185
            ],
            [
              -70.8449041809251,
              -32.80654856431185
            ],
            [
              -70.8449041809251,
              -32.80654743577447
            ],
            [
              -70.84491093836179,
              -32.80654743577447
            ],
            [
              -70.84491093836179,
              -32.806546307237085
            ],
            [
              -70.84491634431114,
              -32.806546307237085
            ],
            [
              -70.84491634431114,
              -32.8065451786997
            ],
            [
              -70.84492310174784,
              -32.8065451786997
            ],
            [
              -70.84492310174784,
              -32.80654405016231
            ],
            [
              -70.84492985918452,
              -32.80654405016231
            ],
            [
              -70.84492985918452,
              -32.806542921624924
            ],
            [
              -70.84493661662121,
              -32.806542921624924
            ],
            [
              -70.84493661662121,
              -32.80654179308754
            ],
            [
              -70.84494202257056,
              -32.80654179308754
            ],
            [
              -70.84494202257056,
              -32.806540664550155
            ],
            [
              -70.84494878000726,
              -32.806540664550155
            ],
            [
              -70.84494878000726,
              -32.80653953601277
            ],
            [
              -70.84495553744395,
              -32.80653953601277
            ],
            [
              -70.84495553744395,
              -32.80653840747539
            ],
            [
              -70.84496229488063,
              -32.80653840747539
            ],
            [
              -70.84496229488063,
              -32.806537278938
            ],
            [
              -70.84496770082998,
              -32.806537278938
            ],
            [
              -70.84496770082998,
              -32.80653615040061
            ],
            [
              -70.84497445826668,
              -32.80653615040061
            ],
            [
              -70.84497445826668,
              -32.806535021863226
            ],
            [
              -70.84498121570337,
              -32.806535021863226
            ],
            [
              -70.84498121570337,
              -32.80653389332584
            ],
            [
              -70.84498797314006,
              -32.80653389332584
            ],
            [
              -70.84498797314006,
              -32.80653276478846
            ],
            [
              -70.84499473057674,
              -32.80653276478846
            ],
            [
              -70.84499473057674,
              -32.80653163625107
            ],
            [
              -70.8450001365261,
              -32.80653163625107
            ],
            [
              -70.8450001365261,
              -32.80653050771369
            ],
            [
              -70.84500689396279,
              -32.80653050771369
            ],
            [
              -70.84500689396279,
              -32.806529379176304
            ],
            [
              -70.84501365139948,
              -32.806529379176304
            ],
            [
              -70.84501365139948,
              -32.80652825063891
            ],
            [
              -70.84502040883618,
              -32.80652825063891
            ],
            [
              -70.84502040883618,
              -32.80652712210153
            ],
            [
              -70.84502581478553,
              -32.80652712210153
            ],
            [
              -70.84502581478553,
              -32.806525993564144
            ],
            [
              -70.84503257222222,
              -32.806525993564144
            ],
            [
              -70.84503257222222,
              -32.80652486502676
            ],
            [
              -70.8450393296589,
              -32.80652486502676
            ],
            [
              -70.8450393296589,
              -32.806523736489375
            ],
            [
              -70.8450460870956,
              -32.806523736489375
            ],
            [
              -70.8450460870956,
              -32.80652260795199
            ],
            [
              -70.84505284453229,
              -32.80652260795199
            ],
            [
              -70.84505284453229,
              -32.806521479414606
            ],
            [
              -70.84505825048164,
              -32.806521479414606
            ],
            [
              -70.84505825048164,
              -32.806520350877214
            ],
            [
              -70.84506500791834,
              -32.806520350877214
            ],
            [
              -70.84506500791834,
              -32.80651922233983
            ],
            [
              -70.84507176535502,
              -32.80651922233983
            ],
            [
              -70.84507176535502,
              -32.806518093802445
            ],
            [
              -70.84507852279171,
              -32.806518093802445
            ],
            [
              -70.84507852279171,
              -32.80651696526506
            ],
            [
              -70.84508392874106,
              -32.80651696526506
            ],
            [
              -70.84508392874106,
              -32.80651583672768
            ],
            [
              -70.84509068617776,
              -32.80651583672768
            ],
            [
              -70.84509068617776,
              -32.80651470819029
            ],
            [
              -70.84509744361445,
              -32.80651470819029
            ],
            [
              -70.84509744361445,
              -32.80651357965291
            ],
            [
              -70.84510420105113,
              -32.80651357965291
            ],
            [
              -70.84510420105113,
              -32.806512451115516
            ],
            [
              -70.84510960700048,
              -32.806512451115516
            ],
            [
              -70.84510960700048,
              -32.80651132257813
            ],
            [
              -70.84511636443717,
              -32.80651132257813
            ],
            [
              -70.84511636443717,
              -32.80651019404075
            ],
            [
              -70.84512312187387,
              -32.80651019404075
            ],
            [
              -70.84512312187387,
              -32.80650906550336
            ],
            [
              -70.84512987931056,
              -32.80650906550336
            ],
            [
              -70.84512987931056,
              -32.80650793696598
            ],
            [
              -70.84513663674724,
              -32.80650793696598
            ],
            [
              -70.84513663674724,
              -32.806506808428594
            ],
            [
              -70.8451420426966,
              -32.806506808428594
            ],
            [
              -70.8451420426966,
              -32.80650567989121
            ],
            [
              -70.84514880013329,
              -32.80650567989121
            ],
            [
              -70.84514880013329,
              -32.80650455135382
            ],
            [
              -70.84515555756998,
              -32.80650455135382
            ],
            [
              -70.84515555756998,
              -32.806503422816434
            ],
            [
              -70.84516231500668,
              -32.806503422816434
            ],
            [
              -70.84516231500668,
              -32.80650229427905
            ],
            [
              -70.84516772095603,
              -32.80650229427905
            ],
            [
              -70.84516772095603,
              -32.806501165741665
            ],
            [
              -70.8451744783927,
              -32.806501165741665
            ],
            [
              -70.8451744783927,
              -32.80650003720428
            ],
            [
              -70.8451812358294,
              -32.80650003720428
            ],
            [
              -70.8451812358294,
              -32.806498908666896
            ],
            [
              -70.8451879932661,
              -32.806498908666896
            ],
            [
              -70.8451879932661,
              -32.80649778012951
            ],
            [
              -70.84519475070279,
              -32.80649778012951
            ],
            [
              -70.84519475070279,
              -32.80649665159212
            ],
            [
              -70.84520015665214,
              -32.80649665159212
            ],
            [
              -70.84520015665214,
              -32.806495523054735
            ],
            [
              -70.84520691408882,
              -32.806495523054735
            ],
            [
              -70.84520691408882,
              -32.80649439451735
            ],
            [
              -70.84521367152551,
              -32.80649439451735
            ],
            [
              -70.84521367152551,
              -32.80649326597997
            ],
            [
              -70.84522042896221,
              -32.80649326597997
            ],
            [
              -70.84522042896221,
              -32.80649213744258
            ],
            [
              -70.84522583491156,
              -32.80649213744258
            ],
            [
              -70.84522583491156,
              -32.8064910089052
            ],
            [
              -70.84523259234825,
              -32.8064910089052
            ],
            [
              -70.84523259234825,
              -32.80648988036781
            ],
            [
              -70.84523934978493,
              -32.80648988036781
            ],
            [
              -70.84523934978493,
              -32.80648875183042
            ],
            [
              -70.84524610722163,
              -32.80648875183042
            ],
            [
              -70.84524610722163,
              -32.80648762329304
            ],
            [
              -70.84525151317098,
              -32.80648762329304
            ],
            [
              -70.84525151317098,
              -32.80648649475565
            ],
            [
              -70.84525827060767,
              -32.80648649475565
            ],
            [
              -70.84525827060767,
              -32.80648536621827
            ],
            [
              -70.84526502804437,
              -32.80648536621827
            ],
            [
              -70.84526502804437,
              -32.806484237680884
            ],
            [
              -70.84527178548105,
              -32.806484237680884
            ],
            [
              -70.84527178548105,
              -32.8064831091435
            ],
            [
              -70.84527854291774,
              -32.8064831091435
            ],
            [
              -70.84527854291774,
              -32.806481980606115
            ],
            [
              -70.84528394886709,
              -32.806481980606115
            ],
            [
              -70.84528394886709,
              -32.806480852068724
            ],
            [
              -70.84529070630379,
              -32.806480852068724
            ],
            [
              -70.84529070630379,
              -32.80647972353134
            ],
            [
              -70.84529746374048,
              -32.80647972353134
            ],
            [
              -70.84529746374048,
              -32.806478594993955
            ],
            [
              -70.84530422117716,
              -32.806478594993955
            ],
            [
              -70.84530422117716,
              -32.80647746645657
            ],
            [
              -70.84530962712651,
              -32.80647746645657
            ],
            [
              -70.84530962712651,
              -32.806476337919186
            ],
            [
              -70.8453163845632,
              -32.806476337919186
            ],
            [
              -70.8453163845632,
              -32.8064752093818
            ],
            [
              -70.8453231419999,
              -32.8064752093818
            ],
            [
              -70.8453231419999,
              -32.80647408084441
            ],
            [
              -70.84532989943659,
              -32.80647408084441
            ],
            [
              -70.84532989943659,
              -32.806472952307026
            ],
            [
              -70.84533665687329,
              -32.806472952307026
            ],
            [
              -70.84533665687329,
              -32.80647182376964
            ],
            [
              -70.84534206282264,
              -32.80647182376964
            ],
            [
              -70.84534206282264,
              -32.80647069523226
            ],
            [
              -70.84534882025932,
              -32.80647069523226
            ],
            [
              -70.84534882025932,
              -32.80646956669487
            ],
            [
              -70.84535557769601,
              -32.80646956669487
            ],
            [
              -70.84535557769601,
              -32.80646843815749
            ],
            [
              -70.8453623351327,
              -32.80646843815749
            ],
            [
              -70.8453623351327,
              -32.8064673096201
            ],
            [
              -70.84536774108206,
              -32.8064673096201
            ],
            [
              -70.84536774108206,
              -32.80646618108271
            ],
            [
              -70.84537449851875,
              -32.80646618108271
            ],
            [
              -70.84537449851875,
              -32.80646505254533
            ],
            [
              -70.84538125595543,
              -32.80646505254533
            ],
            [
              -70.84538125595543,
              -32.80646392400794
            ],
            [
              -70.84538801339212,
              -32.80646392400794
            ],
            [
              -70.84538801339212,
              -32.80646279547056
            ],
            [
              -70.84539341934148,
              -32.80646279547056
            ],
            [
              -70.84539341934148,
              -32.806461666933174
            ],
            [
              -70.84540017677817,
              -32.806461666933174
            ],
            [
              -70.84540017677817,
              -32.80646053839579
            ],
            [
              -70.84540693421486,
              -32.80646053839579
            ],
            [
              -70.84540693421486,
              -32.806459409858405
            ],
            [
              -70.84541369165154,
              -32.806459409858405
            ],
            [
              -70.84541369165154,
              -32.806458281321014
            ],
            [
              -70.84542044908824,
              -32.806458281321014
            ],
            [
              -70.84542044908824,
              -32.80645715278363
            ],
            [
              -70.84542585503759,
              -32.80645715278363
            ],
            [
              -70.84542585503759,
              -32.806456024246245
            ],
            [
              -70.84543261247428,
              -32.806456024246245
            ],
            [
              -70.84543261247428,
              -32.80645489570886
            ],
            [
              -70.84543936991098,
              -32.80645489570886
            ],
            [
              -70.84543936991098,
              -32.806453767171476
            ],
            [
              -70.84544612734766,
              -32.806453767171476
            ],
            [
              -70.84544612734766,
              -32.80645263863409
            ],
            [
              -70.84545153329701,
              -32.80645263863409
            ],
            [
              -70.84545153329701,
              -32.80645151009671
            ],
            [
              -70.8454582907337,
              -32.80645151009671
            ],
            [
              -70.8454582907337,
              -32.806450381559316
            ],
            [
              -70.8454650481704,
              -32.806450381559316
            ],
            [
              -70.8454650481704,
              -32.80644925302193
            ],
            [
              -70.84547180560709,
              -32.80644925302193
            ],
            [
              -70.84547180560709,
              -32.80644812448455
            ],
            [
              -70.84547856304377,
              -32.80644812448455
            ],
            [
              -70.84547856304377,
              -32.80644699594716
            ],
            [
              -70.84548396899312,
              -32.80644699594716
            ],
            [
              -70.84548396899312,
              -32.80644586740978
            ],
            [
              -70.84549072642982,
              -32.80644586740978
            ],
            [
              -70.84549072642982,
              -32.80644473887239
            ],
            [
              -70.84549748386651,
              -32.80644473887239
            ],
            [
              -70.84549748386651,
              -32.80644361033501
            ],
            [
              -70.8455042413032,
              -32.80644361033501
            ],
            [
              -70.8455042413032,
              -32.80644248179762
            ],
            [
              -70.84550964725256,
              -32.80644248179762
            ],
            [
              -70.84550964725256,
              -32.80644135326023
            ],
            [
              -70.84551640468923,
              -32.80644135326023
            ],
            [
              -70.84551640468923,
              -32.80644022472285
            ],
            [
              -70.84552316212593,
              -32.80644022472285
            ],
            [
              -70.84552316212593,
              -32.806439096185464
            ],
            [
              -70.84552991956262,
              -32.806439096185464
            ],
            [
              -70.84552991956262,
              -32.80643796764808
            ],
            [
              -70.84553532551197,
              -32.80643796764808
            ],
            [
              -70.84553532551197,
              -32.806436839110695
            ],
            [
              -70.84554208294867,
              -32.806436839110695
            ],
            [
              -70.84554208294867,
              -32.80643571057331
            ],
            [
              -70.84554884038535,
              -32.80643571057331
            ],
            [
              -70.84554884038535,
              -32.80643458203592
            ],
            [
              -70.84555559782204,
              -32.80643458203592
            ],
            [
              -70.84555559782204,
              -32.806433453498535
            ],
            [
              -70.84556235525874,
              -32.806433453498535
            ],
            [
              -70.84556235525874,
              -32.80643232496115
            ],
            [
              -70.84556776120809,
              -32.80643232496115
            ],
            [
              -70.84556776120809,
              -32.806431196423766
            ],
            [
              -70.84557451864478,
              -32.806431196423766
            ],
            [
              -70.84557451864478,
              -32.80643006788638
            ],
            [
              -70.84558127608146,
              -32.80643006788638
            ],
            [
              -70.84558127608146,
              -32.806428939349
            ],
            [
              -70.84558803351815,
              -32.806428939349
            ],
            [
              -70.84558803351815,
              -32.80642781081161
            ],
            [
              -70.8455934394675,
              -32.80642781081161
            ],
            [
              -70.8455934394675,
              -32.80642668227422
            ],
            [
              -70.8456001969042,
              -32.80642668227422
            ],
            [
              -70.8456001969042,
              -32.80642555373684
            ],
            [
              -70.8456069543409,
              -32.80642555373684
            ],
            [
              -70.8456069543409,
              -32.80642442519945
            ],
            [
              -70.84561371177759,
              -32.80642442519945
            ],
            [
              -70.84561371177759,
              -32.80642329666207
            ],
            [
              -70.84562046921427,
              -32.80642329666207
            ],
            [
              -70.84562046921427,
              -32.80642216812468
            ],
            [
              -70.84562587516362,
              -32.80642216812468
            ],
            [
              -70.84562587516362,
              -32.8064210395873
            ],
            [
              -70.84563263260031,
              -32.8064210395873
            ],
            [
              -70.84563263260031,
              -32.806419911049915
            ],
            [
              -70.84563939003701,
              -32.806419911049915
            ],
            [
              -70.84563939003701,
              -32.80641878251252
            ],
            [
              -70.8456461474737,
              -32.80641878251252
            ],
            [
              -70.8456461474737,
              -32.80641765397514
            ],
            [
              -70.84565155342305,
              -32.80641765397514
            ],
            [
              -70.84565155342305,
              -32.806416525437754
            ],
            [
              -70.84565831085973,
              -32.806416525437754
            ],
            [
              -70.84565831085973,
              -32.80641539690037
            ],
            [
              -70.84566506829643,
              -32.80641539690037
            ],
            [
              -70.84566506829643,
              -32.806414268362985
            ],
            [
              -70.84567182573312,
              -32.806414268362985
            ],
            [
              -70.84567182573312,
              -32.8064131398256
            ],
            [
              -70.84567723168247,
              -32.8064131398256
            ],
            [
              -70.84567723168247,
              -32.80641201128822
            ],
            [
              -70.84568398911917,
              -32.80641201128822
            ],
            [
              -70.84568398911917,
              -32.806410882750825
            ],
            [
              -70.84569074655585,
              -32.806410882750825
            ],
            [
              -70.84569074655585,
              -32.80640975421344
            ],
            [
              -70.84569750399254,
              -32.80640975421344
            ],
            [
              -70.84569750399254,
              -32.806408625676056
            ],
            [
              -70.84570426142923,
              -32.806408625676056
            ],
            [
              -70.84570426142923,
              -32.80640749713867
            ],
            [
              -70.84570966737859,
              -32.80640749713867
            ],
            [
              -70.84570966737859,
              -32.80640636860129
            ],
            [
              -70.84571642481528,
              -32.80640636860129
            ],
            [
              -70.84571642481528,
              -32.8064052400639
            ],
            [
              -70.84572318225196,
              -32.8064052400639
            ],
            [
              -70.84572318225196,
              -32.80640411152652
            ],
            [
              -70.84572993968865,
              -32.80640411152652
            ],
            [
              -70.84572993968865,
              -32.80640298298913
            ],
            [
              -70.845735345638,
              -32.80640298298913
            ],
            [
              -70.845735345638,
              -32.80640185445174
            ],
            [
              -70.8457421030747,
              -32.80640185445174
            ],
            [
              -70.8457421030747,
              -32.80640072591436
            ],
            [
              -70.84574886051139,
              -32.80640072591436
            ],
            [
              -70.84574886051139,
              -32.80639959737697
            ],
            [
              -70.84575561794807,
              -32.80639959737697
            ],
            [
              -70.84575561794807,
              -32.80639846883959
            ],
            [
              -70.84576237538477,
              -32.80639846883959
            ],
            [
              -70.84576237538477,
              -32.806397340302205
            ],
            [
              -70.84576778133412,
              -32.806397340302205
            ],
            [
              -70.84576778133412,
              -32.80639621176482
            ],
            [
              -70.84577453877081,
              -32.80639621176482
            ],
            [
              -70.84577453877081,
              -32.80639508322743
            ],
            [
              -70.8457812962075,
              -32.80639508322743
            ],
            [
              -70.8457812962075,
              -32.806393954690044
            ],
            [
              -70.84578805364418,
              -32.806393954690044
            ],
            [
              -70.84578805364418,
              -32.80639282615266
            ],
            [
              -70.84579345959354,
              -32.80639282615266
            ],
            [
              -70.84579345959354,
              -32.806391697615275
            ],
            [
              -70.84580021703023,
              -32.806391697615275
            ],
            [
              -70.84580021703023,
              -32.80639056907789
            ],
            [
              -70.84580697446692,
              -32.80639056907789
            ],
            [
              -70.84580697446692,
              -32.80638944054051
            ],
            [
              -70.84581373190362,
              -32.80638944054051
            ],
            [
              -70.84581373190362,
              -32.80638831200312
            ],
            [
              -70.84581913785297,
              -32.80638831200312
            ],
            [
              -70.84581913785297,
              -32.80638718346573
            ],
            [
              -70.84582589528965,
              -32.80638718346573
            ],
            [
              -70.84582589528965,
              -32.806386054928346
            ],
            [
              -70.84583265272634,
              -32.806386054928346
            ],
            [
              -70.84583265272634,
              -32.80638492639096
            ],
            [
              -70.84583941016304,
              -32.80638492639096
            ],
            [
              -70.84583941016304,
              -32.80638379785358
            ],
            [
              -70.84584616759973,
              -32.80638379785358
            ],
            [
              -70.84584616759973,
              -32.80638266931619
            ],
            [
              -70.84585157354908,
              -32.80638266931619
            ],
            [
              -70.84585157354908,
              -32.80638154077881
            ],
            [
              -70.84585833098576,
              -32.80638154077881
            ],
            [
              -70.84585833098576,
              -32.80638041224142
            ],
            [
              -70.84586508842246,
              -32.80638041224142
            ],
            [
              -70.84586508842246,
              -32.80637928370403
            ],
            [
              -70.84587184585915,
              -32.80637928370403
            ],
            [
              -70.84587184585915,
              -32.80637815516665
            ],
            [
              -70.8458772518085,
              -32.80637815516665
            ],
            [
              -70.8458772518085,
              -32.806377026629264
            ],
            [
              -70.8458840092452,
              -32.806377026629264
            ],
            [
              -70.8458840092452,
              -32.80637589809188
            ],
            [
              -70.84589076668189,
              -32.80637589809188
            ],
            [
              -70.84589076668189,
              -32.806374769554495
            ],
            [
              -70.84589752411857,
              -32.806374769554495
            ],
            [
              -70.84589752411857,
              -32.80637364101711
            ],
            [
              -70.84590428155526,
              -32.80637364101711
            ],
            [
              -70.84590428155526,
              -32.80637251247972
            ],
            [
              -70.84590968750462,
              -32.80637251247972
            ],
            [
              -70.84590968750462,
              -32.806371383942334
            ],
            [
              -70.84591644494131,
              -32.806371383942334
            ],
            [
              -70.84591644494131,
              -32.80637025540495
            ],
            [
              -70.845923202378,
              -32.80637025540495
            ],
            [
              -70.845923202378,
              -32.806369126867565
            ],
            [
              -70.84592995981468,
              -32.806369126867565
            ],
            [
              -70.84592995981468,
              -32.80636799833018
            ],
            [
              -70.84593536576403,
              -32.80636799833018
            ],
            [
              -70.84593536576403,
              -32.8063668697928
            ],
            [
              -70.84594212320073,
              -32.8063668697928
            ],
            [
              -70.84594212320073,
              -32.80636574125541
            ],
            [
              -70.84594888063742,
              -32.80636574125541
            ],
            [
              -70.84594888063742,
              -32.80636461271802
            ],
            [
              -70.84595563807412,
              -32.80636461271802
            ],
            [
              -70.84595563807412,
              -32.806363484180636
            ],
            [
              -70.84596104402347,
              -32.806363484180636
            ],
            [
              -70.84596104402347,
              -32.80636235564325
            ],
            [
              -70.84596780146015,
              -32.80636235564325
            ],
            [
              -70.84596780146015,
              -32.80636122710587
            ],
            [
              -70.84597455889684,
              -32.80636122710587
            ],
            [
              -70.84597455889684,
              -32.80636009856848
            ],
            [
              -70.84598131633354,
              -32.80636009856848
            ],
            [
              -70.84598131633354,
              -32.8063589700311
            ],
            [
              -70.84598807377023,
              -32.8063589700311
            ],
            [
              -70.84598807377023,
              -32.806357841493714
            ],
            [
              -70.84599347971958,
              -32.806357841493714
            ],
            [
              -70.84599347971958,
              -32.80635671295632
            ],
            [
              -70.84600023715626,
              -32.80635671295632
            ],
            [
              -70.84600023715626,
              -32.80635558441894
            ],
            [
              -70.84600699459295,
              -32.80635558441894
            ],
            [
              -70.84600699459295,
              -32.806354455881554
            ],
            [
              -70.84601375202965,
              -32.806354455881554
            ],
            [
              -70.84601375202965,
              -32.80635332734417
            ],
            [
              -70.846019157979,
              -32.80635332734417
            ],
            [
              -70.846019157979,
              -32.806352198806785
            ],
            [
              -70.8460259154157,
              -32.806352198806785
            ],
            [
              -70.8460259154157,
              -32.8063510702694
            ],
            [
              -70.84603267285237,
              -32.8063510702694
            ],
            [
              -70.84603267285237,
              -32.806349941732016
            ],
            [
              -70.84603943028907,
              -32.806349941732016
            ],
            [
              -70.84603943028907,
              -32.806348813194624
            ],
            [
              -70.84604618772576,
              -32.806348813194624
            ],
            [
              -70.84604618772576,
              -32.80634768465724
            ],
            [
              -70.84605159367511,
              -32.80634768465724
            ],
            [
              -70.84605159367511,
              -32.806346556119856
            ],
            [
              -70.84605835111181,
              -32.806346556119856
            ],
            [
              -70.84605835111181,
              -32.80634542758247
            ],
            [
              -70.84606510854849,
              -32.80634542758247
            ],
            [
              -70.84606510854849,
              -32.80634429904509
            ],
            [
              -70.84607186598518,
              -32.80634429904509
            ],
            [
              -70.84607186598518,
              -32.8063431705077
            ],
            [
              -70.84607727193453,
              -32.8063431705077
            ],
            [
              -70.84607727193453,
              -32.80634204197032
            ],
            [
              -70.84608402937123,
              -32.80634204197032
            ],
            [
              -70.84608402937123,
              -32.806340913432926
            ],
            [
              -70.84609078680792,
              -32.806340913432926
            ],
            [
              -70.84609078680792,
              -32.80633978489554
            ],
            [
              -70.8460975442446,
              -32.80633978489554
            ],
            [
              -70.8460975442446,
              -32.80633865635816
            ],
            [
              -70.84610295019395,
              -32.80633865635816
            ],
            [
              -70.84610295019395,
              -32.80633752782077
            ],
            [
              -70.84610970763065,
              -32.80633752782077
            ],
            [
              -70.84610970763065,
              -32.80633639928339
            ],
            [
              -70.84611646506734,
              -32.80633639928339
            ],
            [
              -70.84611646506734,
              -32.806335270746004
            ],
            [
              -70.84612322250403,
              -32.806335270746004
            ],
            [
              -70.84612322250403,
              -32.80633414220862
            ],
            [
              -70.84612997994071,
              -32.80633414220862
            ],
            [
              -70.84612997994071,
              -32.80633301367123
            ],
            [
              -70.84613538589007,
              -32.80633301367123
            ],
            [
              -70.84613538589007,
              -32.806331885133844
            ],
            [
              -70.84614214332676,
              -32.806331885133844
            ],
            [
              -70.84614214332676,
              -32.80633075659646
            ],
            [
              -70.84614890076345,
              -32.80633075659646
            ],
            [
              -70.84614890076345,
              -32.806329628059075
            ],
            [
              -70.84615565820015,
              -32.806329628059075
            ],
            [
              -70.84615565820015,
              -32.80632849952169
            ],
            [
              -70.8461610641495,
              -32.80632849952169
            ],
            [
              -70.8461610641495,
              -32.806327370984306
            ],
            [
              -70.84616782158618,
              -32.806327370984306
            ],
            [
              -70.84616782158618,
              -32.80632624244692
            ],
            [
              -70.84617457902287,
              -32.80632624244692
            ],
            [
              -70.84617457902287,
              -32.80632511390953
            ],
            [
              -70.84618133645957,
              -32.80632511390953
            ],
            [
              -70.84618133645957,
              -32.806323985372146
            ],
            [
              -70.84618809389626,
              -32.806323985372146
            ],
            [
              -70.84618809389626,
              -32.80632285683476
            ],
            [
              -70.84619349984561,
              -32.80632285683476
            ],
            [
              -70.84619349984561,
              -32.80632172829738
            ],
            [
              -70.8462002572823,
              -32.80632172829738
            ],
            [
              -70.8462002572823,
              -32.80632059975999
            ],
            [
              -70.84620701471898,
              -32.80632059975999
            ],
            [
              -70.84620701471898,
              -32.80631947122261
            ],
            [
              -70.84621377215568,
              -32.80631947122261
            ],
            [
              -70.84621377215568,
              -32.80631834268522
            ],
            [
              -70.84621917810503,
              -32.80631834268522
            ],
            [
              -70.84621917810503,
              -32.80631721414783
            ],
            [
              -70.84622593554172,
              -32.80631721414783
            ],
            [
              -70.84622593554172,
              -32.80631608561045
            ],
            [
              -70.84623269297842,
              -32.80631608561045
            ],
            [
              -70.84623269297842,
              -32.80631495707306
            ],
            [
              -70.8462394504151,
              -32.80631495707306
            ],
            [
              -70.8462394504151,
              -32.80631382853568
            ],
            [
              -70.84624485636445,
              -32.80631382853568
            ],
            [
              -70.84624485636445,
              -32.806312699998294
            ],
            [
              -70.84625161380114,
              -32.806312699998294
            ],
            [
              -70.84625161380114,
              -32.80631157146091
            ],
            [
              -70.84625837123784,
              -32.80631157146091
            ],
            [
              -70.84625837123784,
              -32.806310442923525
            ],
            [
              -70.84626512867453,
              -32.806310442923525
            ],
            [
              -70.84626512867453,
              -32.806309314386134
            ],
            [
              -70.84627188611121,
              -32.806309314386134
            ],
            [
              -70.84627188611121,
              -32.80630818584875
            ],
            [
              -70.84627729206056,
              -32.80630818584875
            ],
            [
              -70.84627729206056,
              -32.806307057311365
            ],
            [
              -70.84628404949726,
              -32.806307057311365
            ],
            [
              -70.84628404949726,
              -32.80630592877398
            ],
            [
              -70.84629080693395,
              -32.80630592877398
            ],
            [
              -70.84629080693395,
              -32.806304800236596
            ],
            [
              -70.84629756437064,
              -32.806304800236596
            ],
            [
              -70.84629756437064,
              -32.80630367169921
            ],
            [
              -70.84630297032,
              -32.80630367169921
            ],
            [
              -70.84630297032,
              -32.80630254316183
            ],
            [
              -70.84630972775668,
              -32.80630254316183
            ],
            [
              -70.84630972775668,
              -32.806301414624436
            ],
            [
              -70.84631648519337,
              -32.806301414624436
            ],
            [
              -70.84631648519337,
              -32.80630028608705
            ],
            [
              -70.84632324263006,
              -32.80630028608705
            ],
            [
              -70.84632324263006,
              -32.80629915754967
            ],
            [
              -70.84633000006676,
              -32.80629915754967
            ],
            [
              -70.84633000006676,
              -32.80629802901228
            ],
            [
              -70.84633540601611,
              -32.80629802901228
            ],
            [
              -70.84633540601611,
              -32.8062969004749
            ],
            [
              -70.84634216345279,
              -32.8062969004749
            ],
            [
              -70.84634216345279,
              -32.80629577193751
            ],
            [
              -70.84634892088948,
              -32.80629577193751
            ],
            [
              -70.84634892088948,
              -32.80629464340013
            ],
            [
              -70.84635567832618,
              -32.80629464340013
            ],
            [
              -70.84635567832618,
              -32.80629351486274
            ],
            [
              -70.84636243576287,
              -32.80629351486274
            ],
            [
              -70.84636243576287,
              -32.80629238632535
            ],
            [
              -70.84636919319955,
              -32.80629238632535
            ],
            [
              -70.84636919319955,
              -32.80629125778797
            ],
            [
              -70.84637730212359,
              -32.80629125778797
            ],
            [
              -70.84637730212359,
              -32.806290129250584
            ],
            [
              -70.84638405956028,
              -32.806290129250584
            ],
            [
              -70.84638405956028,
              -32.8062890007132
            ],
            [
              -70.84639081699696,
              -32.8062890007132
            ],
            [
              -70.84639081699696,
              -32.806287872175815
            ],
            [
              -70.846398925921,
              -32.806287872175815
            ],
            [
              -70.846398925921,
              -32.806286743638424
            ],
            [
              -70.84640568335769,
              -32.806286743638424
            ],
            [
              -70.84640568335769,
              -32.80628561510104
            ],
            [
              -70.84641244079437,
              -32.80628561510104
            ],
            [
              -70.84641244079437,
              -32.806284486563655
            ],
            [
              -70.8464205497184,
              -32.806284486563655
            ],
            [
              -70.8464205497184,
              -32.80628335802627
            ],
            [
              -70.8464273071551,
              -32.80628335802627
            ],
            [
              -70.8464273071551,
              -32.806282229488886
            ],
            [
              -70.84643406459178,
              -32.806282229488886
            ],
            [
              -70.84643406459178,
              -32.8062811009515
            ],
            [
              -70.84644082202847,
              -32.8062811009515
            ],
            [
              -70.84644082202847,
              -32.80627997241412
            ],
            [
              -70.8464489309525,
              -32.80627997241412
            ],
            [
              -70.8464489309525,
              -32.806278843876726
            ],
            [
              -70.84645568838918,
              -32.806278843876726
            ],
            [
              -70.84645568838918,
              -32.80627771533934
            ],
            [
              -70.84646244582588,
              -32.80627771533934
            ],
            [
              -70.84646244582588,
              -32.80627658680196
            ],
            [
              -70.84647055474991,
              -32.80627658680196
            ],
            [
              -70.84647055474991,
              -32.80627545826457
            ],
            [
              -70.84647731218661,
              -32.80627545826457
            ],
            [
              -70.84647731218661,
              -32.80627432972719
            ],
            [
              -70.84648406962329,
              -32.80627432972719
            ],
            [
              -70.84648406962329,
              -32.8062732011898
            ],
            [
              -70.84649082705998,
              -32.8062732011898
            ],
            [
              -70.84649082705998,
              -32.80627207265242
            ],
            [
              -70.84649893598402,
              -32.80627207265242
            ],
            [
              -70.84649893598402,
              -32.80627094411503
            ],
            [
              -70.8465056934207,
              -32.80627094411503
            ],
            [
              -70.8465056934207,
              -32.80626981557764
            ],
            [
              -70.84651245085739,
              -32.80626981557764
            ],
            [
              -70.84651245085739,
              -32.80626868704026
            ],
            [
              -70.84652055978142,
              -32.80626868704026
            ],
            [
              -70.84652055978142,
              -32.806267558502874
            ],
            [
              -70.8465273172181,
              -32.806267558502874
            ],
            [
              -70.8465273172181,
              -32.80626642996549
            ],
            [
              -70.8465340746548,
              -32.80626642996549
            ],
            [
              -70.8465340746548,
              -32.806265301428105
            ],
            [
              -70.84654083209149,
              -32.806265301428105
            ],
            [
              -70.84654083209149,
              -32.80626417289072
            ],
            [
              -70.84654894101551,
              -32.80626417289072
            ],
            [
              -70.84654894101551,
              -32.80626304435333
            ],
            [
              -70.8465556984522,
              -32.80626304435333
            ],
            [
              -70.8465556984522,
              -32.806261915815945
            ],
            [
              -70.8465624558889,
              -32.806261915815945
            ],
            [
              -70.8465624558889,
              -32.80626078727856
            ],
            [
              -70.84657056481292,
              -32.80626078727856
            ],
            [
              -70.84657056481292,
              -32.806259658741176
            ],
            [
              -70.84657732224962,
              -32.806259658741176
            ],
            [
              -70.84657732224962,
              -32.80625853020379
            ],
            [
              -70.84658407968631,
              -32.80625853020379
            ],
            [
              -70.84658407968631,
              -32.80625740166641
            ],
            [
              -70.846590837123,
              -32.80625740166641
            ],
            [
              -70.846590837123,
              -32.80625627312902
            ],
            [
              -70.84659894604702,
              -32.80625627312902
            ],
            [
              -70.84659894604702,
              -32.80625514459163
            ],
            [
              -70.84660570348372,
              -32.80625514459163
            ],
            [
              -70.84660570348372,
              -32.80625401605425
            ],
            [
              -70.84661246092041,
              -32.80625401605425
            ],
            [
              -70.84661246092041,
              -32.80625288751686
            ],
            [
              -70.84662056984443,
              -32.80625288751686
            ],
            [
              -70.84662056984443,
              -32.80625175897948
            ],
            [
              -70.84662732728113,
              -32.80625175897948
            ],
            [
              -70.84662732728113,
              -32.80625063044209
            ],
            [
              -70.84663408471782,
              -32.80625063044209
            ],
            [
              -70.84663408471782,
              -32.80624950190471
            ],
            [
              -70.84664219364184,
              -32.80624950190471
            ],
            [
              -70.84664219364184,
              -32.806248373367325
            ],
            [
              -70.84664895107854,
              -32.806248373367325
            ],
            [
              -70.84664895107854,
              -32.80624724482993
            ],
            [
              -70.84665570851523,
              -32.80624724482993
            ],
            [
              -70.84665570851523,
              -32.80624611629255
            ],
            [
              -70.84666246595191,
              -32.80624611629255
            ],
            [
              -70.84666246595191,
              -32.806244987755164
            ],
            [
              -70.84667057487594,
              -32.806244987755164
            ],
            [
              -70.84667057487594,
              -32.80624385921778
            ],
            [
              -70.84667733231264,
              -32.80624385921778
            ],
            [
              -70.84667733231264,
              -32.806242730680395
            ],
            [
              -70.84668408974932,
              -32.806242730680395
            ],
            [
              -70.84668408974932,
              -32.80624160214301
            ],
            [
              -70.84669219867335,
              -32.80624160214301
            ],
            [
              -70.84669219867335,
              -32.80624047360563
            ],
            [
              -70.84669895611005,
              -32.80624047360563
            ],
            [
              -70.84669895611005,
              -32.806239345068235
            ],
            [
              -70.84670571354673,
              -32.806239345068235
            ],
            [
              -70.84670571354673,
              -32.80623821653085
            ],
            [
              -70.84671247098342,
              -32.80623821653085
            ],
            [
              -70.84671247098342,
              -32.806237087993466
            ],
            [
              -70.84672057990745,
              -32.806237087993466
            ],
            [
              -70.84672057990745,
              -32.80623595945608
            ],
            [
              -70.84672733734413,
              -32.80623595945608
            ],
            [
              -70.84672733734413,
              -32.8062348309187
            ],
            [
              -70.84673409478083,
              -32.8062348309187
            ],
            [
              -70.84673409478083,
              -32.80623370238131
            ],
            [
              -70.84674220370486,
              -32.80623370238131
            ],
            [
              -70.84674220370486,
              -32.80623257384393
            ],
            [
              -70.84674896114156,
              -32.80623257384393
            ],
            [
              -70.84674896114156,
              -32.80623144530654
            ],
            [
              -70.84675571857824,
              -32.80623144530654
            ],
            [
              -70.84675571857824,
              -32.80623031676915
            ],
            [
              -70.84676247601493,
              -32.80623031676915
            ],
            [
              -70.84676247601493,
              -32.80622918823177
            ],
            [
              -70.84677058493897,
              -32.80622918823177
            ],
            [
              -70.84677058493897,
              -32.806228059694384
            ],
            [
              -70.84677734237565,
              -32.806228059694384
            ],
            [
              -70.84677734237565,
              -32.806226931157
            ],
            [
              -70.84678409981234,
              -32.806226931157
            ],
            [
              -70.84678409981234,
              -32.806225802619615
            ],
            [
              -70.84679220873637,
              -32.806225802619615
            ],
            [
              -70.84679220873637,
              -32.80622467408223
            ],
            [
              -70.84679896617305,
              -32.80622467408223
            ],
            [
              -70.84679896617305,
              -32.80622354554484
            ],
            [
              -70.84680572360975,
              -32.80622354554484
            ],
            [
              -70.84680572360975,
              -32.806222417007454
            ],
            [
              -70.84681248104644,
              -32.806222417007454
            ],
            [
              -70.84681248104644,
              -32.80622128847007
            ],
            [
              -70.84682058997046,
              -32.80622128847007
            ],
            [
              -70.84682058997046,
              -32.806220159932685
            ],
            [
              -70.84682734740716,
              -32.806220159932685
            ],
            [
              -70.84682734740716,
              -32.8062190313953
            ],
            [
              -70.84683410484385,
              -32.8062190313953
            ],
            [
              -70.84683410484385,
              -32.80621790285792
            ],
            [
              -70.84684221376787,
              -32.80621790285792
            ],
            [
              -70.84684221376787,
              -32.80621677432053
            ],
            [
              -70.84684897120457,
              -32.80621677432053
            ],
            [
              -70.84684897120457,
              -32.80621564578314
            ],
            [
              -70.84685572864126,
              -32.80621564578314
            ],
            [
              -70.84685572864126,
              -32.806214517245756
            ],
            [
              -70.84686383756528,
              -32.806214517245756
            ],
            [
              -70.84686383756528,
              -32.80621338870837
            ],
            [
              -70.84687059500197,
              -32.80621338870837
            ],
            [
              -70.84687059500197,
              -32.80621226017099
            ],
            [
              -70.84687735243867,
              -32.80621226017099
            ],
            [
              -70.84687735243867,
              -32.8062111316336
            ],
            [
              -70.84688410987536,
              -32.8062111316336
            ],
            [
              -70.84688410987536,
              -32.80621000309622
            ],
            [
              -70.84689221879938,
              -32.80621000309622
            ],
            [
              -70.84689221879938,
              -32.806208874558834
            ],
            [
              -70.84689897623608,
              -32.806208874558834
            ],
            [
              -70.84689897623608,
              -32.80620774602144
            ],
            [
              -70.84690573367277,
              -32.80620774602144
            ],
            [
              -70.84690573367277,
              -32.80620661748406
            ],
            [
              -70.84691384259679,
              -32.80620661748406
            ],
            [
              -70.84691384259679,
              -32.806205488946674
            ],
            [
              -70.84692060003349,
              -32.806205488946674
            ],
            [
              -70.84692060003349,
              -32.80620436040929
            ],
            [
              -70.84692735747018,
              -32.80620436040929
            ],
            [
              -70.84692735747018,
              -32.806203231871905
            ],
            [
              -70.84693411490686,
              -32.806203231871905
            ],
            [
              -70.84693411490686,
              -32.80620210333452
            ],
            [
              -70.8469422238309,
              -32.80620210333452
            ],
            [
              -70.8469422238309,
              -32.806200974797136
            ],
            [
              -70.84694898126759,
              -32.806200974797136
            ],
            [
              -70.84694898126759,
              -32.806199846259744
            ],
            [
              -70.84695573870427,
              -32.806199846259744
            ],
            [
              -70.84695573870427,
              -32.80619871772236
            ],
            [
              -70.8469638476283,
              -32.80619871772236
            ],
            [
              -70.8469638476283,
              -32.806197589184976
            ],
            [
              -70.846970605065,
              -32.806197589184976
            ],
            [
              -70.846970605065,
              -32.80619646064759
            ],
            [
              -70.84697736250168,
              -32.80619646064759
            ],
            [
              -70.84697736250168,
              -32.80619533211021
            ],
            [
              -70.84698411993837,
              -32.80619533211021
            ],
            [
              -70.84698411993837,
              -32.80619420357282
            ],
            [
              -70.8469922288624,
              -32.80619420357282
            ],
            [
              -70.8469922288624,
              -32.80619307503544
            ],
            [
              -70.84699898629908,
              -32.80619307503544
            ],
            [
              -70.84699898629908,
              -32.806191946498046
            ],
            [
              -70.84700574373578,
              -32.806191946498046
            ],
            [
              -70.84700574373578,
              -32.80619081796066
            ],
            [
              -70.84701385265981,
              -32.80619081796066
            ],
            [
              -70.84701385265981,
              -32.80618968942328
            ],
            [
              -70.8470206100965,
              -32.80618968942328
            ],
            [
              -70.8470206100965,
              -32.80618856088589
            ],
            [
              -70.84702736753319,
              -32.80618856088589
            ],
            [
              -70.84702736753319,
              -32.80618743234851
            ],
            [
              -70.84703412496988,
              -32.80618743234851
            ],
            [
              -70.84703412496988,
              -32.806186303811124
            ],
            [
              -70.84704223389392,
              -32.806186303811124
            ],
            [
              -70.84704223389392,
              -32.80618517527373
            ],
            [
              -70.8470489913306,
              -32.80618517527373
            ],
            [
              -70.8470489913306,
              -32.80618404673635
            ],
            [
              -70.84705574876729,
              -32.80618404673635
            ],
            [
              -70.84705574876729,
              -32.806182918198964
            ],
            [
              -70.84706385769132,
              -32.806182918198964
            ],
            [
              -70.84706385769132,
              -32.80618178966158
            ],
            [
              -70.847070615128,
              -32.80618178966158
            ],
            [
              -70.847070615128,
              -32.806180661124195
            ],
            [
              -70.8470773725647,
              -32.806180661124195
            ],
            [
              -70.8470773725647,
              -32.80617953258681
            ],
            [
              -70.84708548148873,
              -32.80617953258681
            ],
            [
              -70.84708548148873,
              -32.806178404049426
            ],
            [
              -70.84709223892541,
              -32.806178404049426
            ],
            [
              -70.84709223892541,
              -32.806177275512034
            ],
            [
              -70.8470989963621,
              -32.806177275512034
            ],
            [
              -70.8470989963621,
              -32.80617614697465
            ],
            [
              -70.8471057537988,
              -32.80617614697465
            ],
            [
              -70.8471057537988,
              -32.806175018437266
            ],
            [
              -70.84711386272282,
              -32.806175018437266
            ],
            [
              -70.84711386272282,
              -32.80617388989988
            ],
            [
              -70.84712062015952,
              -32.80617388989988
            ],
            [
              -70.84712062015952,
              -32.8061727613625
            ],
            [
              -70.84712737759621,
              -32.8061727613625
            ],
            [
              -70.84712737759621,
              -32.80617163282511
            ],
            [
              -70.84713548652023,
              -32.80617163282511
            ],
            [
              -70.84713548652023,
              -32.80617050428773
            ],
            [
              -70.84714224395692,
              -32.80617050428773
            ],
            [
              -70.84714224395692,
              -32.806169375750336
            ],
            [
              -70.84714900139362,
              -32.806169375750336
            ],
            [
              -70.84714900139362,
              -32.80616824721295
            ],
            [
              -70.84715575883031,
              -32.80616824721295
            ],
            [
              -70.84715575883031,
              -32.80616711867557
            ],
            [
              -70.84716386775433,
              -32.80616711867557
            ],
            [
              -70.84716386775433,
              -32.80616599013818
            ],
            [
              -70.84717062519103,
              -32.80616599013818
            ],
            [
              -70.84717062519103,
              -32.8061648616008
            ],
            [
              -70.84717738262772,
              -32.8061648616008
            ],
            [
              -70.84717738262772,
              -32.806163733063414
            ],
            [
              -70.84718549155174,
              -32.806163733063414
            ],
            [
              -70.84718549155174,
              -32.80616260452603
            ],
            [
              -70.84719224898843,
              -32.80616260452603
            ],
            [
              -70.84719224898843,
              -32.80616147598864
            ],
            [
              -70.84719900642513,
              -32.80616147598864
            ],
            [
              -70.84719900642513,
              -32.806160347451254
            ],
            [
              -70.84720576386181,
              -32.806160347451254
            ],
            [
              -70.84720576386181,
              -32.80615921891387
            ],
            [
              -70.84721387278584,
              -32.80615921891387
            ],
            [
              -70.84721387278584,
              -32.806158090376485
            ],
            [
              -70.84721792724785,
              -32.806158090376485
            ]
          ]
        ]
      }
    }
  ]
}
